:020000022000DC
:10600000000001205D630200B9630200BB6302006F
:10601000BD630200BF630200C16302000000000014
:10602000000000000000000000000000C363020048
:10603000C563020000000000C7630200C9630200DC
:10604000A1900200CB6302007D9D020075A30200B7
:10605000B5CF0200CB6302009D9A0200CB63020021
:10606000CB630200CB630200CB630200CB63020070
:10607000CB630200CB630200CB630200CB63020060
:10608000CB630200697B0200CB630200CB6302009A
:10609000CB630200CB630200092E0300CB63020036
:1060A000CB630200CB630200CB630200CB63020030
:1060B000CB630200CB630200000000000000000080
:1060C000CB630200CB630200CB630200CB63020010
:1060D000CB630200CB630200CB6302000000000030
:1060E00000000000000000000000000000000000B0
:1060F00000000000000000000000000000000000A0
:10610000000000000000000000000000000000008F
:10611000000000000000000000000000000000007F
:10612000000000000000000000000000000000006F
:10613000000000000000000000000000000000005F
:10614000000000000000000000000000000000004F
:10615000000000000000000000000000000000003F
:10616000000000000000000000000000000000002F
:10617000000000000000000000000000000000001F
:10618000000000000000000000000000000000000F
:1061900000000000000000000000000000000000FF
:1061A00000000000000000000000000000000000EF
:1061B00000000000000000000000000000000000DF
:1061C00000000000000000000000000000000000CF
:1061D00000000000000000000000000000000000BF
:1061E00000000000000000000000000000000000AF
:1061F000000000000000000000000000000000009F
:10620000354936480A1A02D0072291438D4634494F
:1062100034480A1A06D00722914381F309880222E2
:1062200082F3148830483149314A00F044F831484B
:106230003149324A00F03FF831483249324A00F0E1
:106240003AF832483249334A00F035F83248334997
:10625000334A00F030F833483349344A00F02BF821
:1062600033483449344A00F026F83448344900228F
:1062700000F02CF833483449002200F027F8334866
:106280003349091A082902DB002202604160314AC1
:1062900090471F481F49884205D00268043003B464
:1062A000904703BCF7E700208646EC46002000211B
:1062B000294A9047FEE7884207D0521A05D0037852
:1062C00001300B700131013AF9D17047884202D098
:1062D00002700130FAE770470000012000E0002062
:1062E000000001200000012058A30300D82A00204C
:1062F000102C0020D0630200D0630200407A03001B
:1063000058A30300D82A0020D82A0020A47A03002A
:10631000A47A0300A87A0300A47A0300A47A0300F5
:10632000A47A0300A87A0300A87A030058A3030004
:1063300090A40300102C0020102C0020102C002012
:106340005049002050490020584900205849002059
:1063500058690020856302000DF4020000F036B891
:106360000F484FF00701884385460E4880470E4886
:10637000016841F470010160BFF34F8FBFF36F8F6D
:10638000FFF73EBF09480A490A4A884207D0521A15
:1063900005D0037801300B700131013AF9D1704713
:1063A00000000120FD81020088ED00E0A47A0300D6
:1063B000D82A0020D82A0020FEE7FEE7FEE7FEE705
:1063C000FEE7FEE7FEE7FEE7FEE7FEE7FFF7C8BFF2
:1063D000004870474849002086B00390029101921E
:1063E00001238DF817309DF81730214A039B136065
:1063F0001F4A029B53601E4A019B9360039B44F219
:106400000102934213D0039B44F20202934221D132
:10641000019B174AD360164BDB681B881A46144B46
:106420009A61134BDB685B68114AD36112E0019BF0
:106430000F4A13610E4B1B699B680D4A53610C4B4D
:106440001B691B680A4A9361094B1B695B68084A10
:10645000D36100BF72B600BF00BF9DF81730DBB23A
:10646000002BFAD162B600BF00BF06B0704700BF74
:10647000102C002000B583B002900091019244F2EC
:10648000010071466A4600F003F803B000BD00BF8A
:1064900000B587B003900291019272B600BF039BD2
:1064A00044F20202934217D0039B44F20202934249
:1064B00018D8039B44F20102934210D0039B44F28C
:1064C000010293420ED8039B012B0DD0039B41F296
:1064D000010293420AD005E0019B059307E0019B6E
:1064E000049304E000BF02E000BF00E000BF084BDF
:1064F0001B6803F00103002B00D000BE019A029933
:106500000398FFF769FF00BF07B05DF804FB00BF09
:10651000F0ED00E084B00190019B9B680393019B28
:10652000DA68039BD31A184604B0704782B0019012
:106530000B468DF80330019B1A68019BDB680199BB
:1065400089880B4013449DF803201A70019BDB6877
:106550005A1C019BDA6000BF02B0704784B0039000
:106560000B460192ADF80A30039B1A68039B9968A9
:10657000BDF80A300B44039989880B4013441A78FC
:10658000019B1A7000BF04B0704700B583B0019042
:106590000091009A00210198FFF7E0FF019B9B68A2
:1065A0005A1C019B9A6000BF03B05DF804FB84B0E5
:1065B000039002911346ADF80630029B002B01D1E7
:1065C0000E231DE0BDF80630002B07D0BDF80630C5
:1065D0005A1EBDF806301340002B01D009230FE0EE
:1065E000039B029A1A60BDF80630013B9AB2039BE6
:1065F0009A80039B00229A60039B0022DA600023AA
:10660000184604B0704700B583B001900B468DF872
:1066100003300198FFF77EFF0246019B9B889A4258
:1066200007D89DF8033019460198FFF77FFF002334
:1066300000E00423184603B05DF804FB00B583B006
:10664000019000910198FFF765FF0346002B05D0EC
:1066500000990198FFF799FF002300E005231846F1
:1066600003B05DF804FB82B00190019BDA68019BE6
:106670009A600023184602B070470000F0B583B05E
:10668000124801F057FA034618464FF00001104B2C
:10669000D3E90023861841EB0307CDE900670D4BD2
:1066A000D3E90023DDE90001994208BF904207D2F7
:1066B000DDE9002312F1807443F10005CDE90045C6
:1066C000DDE900231046194603B0F0BDD82A0020AA
:1066D000382C0020402C002088B001900091019BB4
:1066E0000793009B0693079BD3E90223CDE904237C
:1066F000069BD3E90223CDE90223DDE90423DDE98A
:106700000201994208BF90422CBF01230023DBB253
:10671000184608B07047000030B585B00190019B65
:106720005B69002B03D12B49A22006F0D5FF002383
:106730008DF80F30284B1B78002B45D0019B002B88
:1067400042D0019B1B7FDBB2002B3DD0FFF796FFB1
:10675000019BD3E90223994208BF90422CD3019BAD
:106760001B69002B02D1019B00221A77019B5B69F8
:10677000019A926910469847019B1B69002B23D010
:10678000019B1B7FDBB2002B1ED0019BD3E90201D2
:10679000019B1B691A464FF00003841841EB030567
:1067A000019BC3E90245019B19460C4801F060FCBE
:1067B00001238DF80F3007E0019B1946074801F0CF
:1067C00057FC01238DF80F309DF80F30184605B0A7
:1067D00030BD00BFB47A0300342C0020A87A030037
:1067E000F0B589B0019000910D230793009B002222
:1067F0001A70019BD3E90245FFF740FF02460B46A2
:10680000A61A65EB0307CDE90467DDE90423012A35
:1068100073F100031BDB049BB3F5350F05D300F0C8
:10682000B7FA0246154B134403E0019BD3E9022358
:10683000134603934FF49603039A0021104801F086
:106840007BF80790079B002B05D1012313E0002163
:106850000B4801F049F9079B0D2B07D10198FFF771
:106860005BFF03461A46009B1A7003E00549F520BA
:1068700006F032FF0023184609B0F0BDFFFFB40058
:10688000D82A0020B47A030000B583B0044801F090
:1068900029FC0190019B184603B05DF804FB00BF82
:1068A000A87A030000B583B0044801F03DFC0190D4
:1068B000019B184603B05DF804FB00BFA87A0300F3
:1068C00000B583B0FFF7E0FF0190019B002B02D0E1
:1068D000019B00221A77019B002BF3D100BF00BF60
:1068E00003B05DF804FB0000054BD3E9002312F16F
:1068F000807043F10001024BC3E9000100BF704703
:10690000382C002000B583B00190134B1B68002B7E
:106910001DD0019801F00EF90F4B1B68D3E902233B
:10692000134623F07F43194600F026FA0346B3F5D9
:10693000960F04D309494FF4957006F0CDFE064B2F
:106940001B681846FFF7E8FE034B00221A6000BFE1
:1069500003B05DF804FB00BF302C0020B47A0300C4
:1069600000B583B00190FFF789FE02460B4603494C
:10697000C1E9002300BF03B05DF804FB402C0020F8
:1069800000B587B00190FFF78DFF049000238DF8CC
:106990001730049B002B48D02B4B1B68002B03D1D6
:1069A00001238DF8173019E0049BD3E90201264B2F
:1069B0001B68D3E90223994208BF90420ED20123FB
:1069C0008DF81730204B1B681B7FDBB2002B05D0E6
:1069D0001D4B1B6819461D4801F04AFB9DF81730F6
:1069E000002B2AD0FFF750FF04900DF10F0319463A
:1069F0000498FFF7F5FE0346002B12D0124B1B68DC
:106A0000002B02D1019800F0A3FE0F4A049B1360F3
:106A10009DF80F3083F00103DBB2002BB3D000BF31
:106A20000EE0094B00221A60ADE7074B1B68002BF4
:106A300005D1019800F0A2FE01E000BF00E000BF18
:106A400000BF07B05DF804FB302C0020A87A0300DB
:106A500000B587B001902C4A03AB1946104601F0EF
:106A600066F9059048E0059B1B78022B2ED0022B7F
:106A700032DC002B02D0012B14D02DE0059B5B688B
:106A80001B7FDBB283F00103DBB2002B26D0059B1A
:106A90005B6801221A77059B5B6819461B4801F069
:106AA000E7FA1BE0059B5A68194B1B689A4203D111
:106AB000174B00221A6012E0059B5B6819461348C9
:106AC00001F046FB03468DF8133008E0FFF7F8FEAF
:106AD000104B01221A7002E000BF00E000BF0A4A1A
:106AE00003AB1946104601F03BF9074A03AB1946C0
:106AF000104601F01CF90590059B002BB3D100BF97
:106B000000BF07B05DF804FBA02C0020A87A0300AA
:106B1000302C0020342C002000B583B00190019867
:106B200000F0D5FF0346002B01D0FFF7DDFE00216A
:106B3000019800F0EAFF0346002B02D00198FFF70E
:106B4000E1FE0121019800F0E0FF0346002B02D096
:106B50000198FFF705FF0198FFF77AFF0198FFF70B
:106B60000FFF00BF03B05DF804FB000008B502484A
:106B700000F0EDFF00BF08BDD82A002000B585B0A9
:106B8000034600918DF80730114A02AB19461046B2
:106B900001F0A0F80390039B002B13D0039B9DF8FA
:106BA00007201A70039B009A5A60094A02AB1946E3
:106BB000104601F0A8F80346002B01D0FFF7D6FFDE
:106BC000002300E00423184605B05DF804FB00BF75
:106BD000A02C002000B583B0164B1B68009316480C
:106BE00008235822154901F042F80190019B002B1F
:106BF00001D0019B19E06B46114A1946114800F07B
:106C000047FD0190019B002B01D0019B0DE001216C
:106C10000C4800F04BFF01230B4A0121094800F00A
:106C2000C3FD0A4B01221A70019B184603B05DF8A0
:106C300004FB00BF207B0300A02C0020482C002078
:106C4000196B0200D82A0020FFFF7F00342C00209F
:106C500000B587B003900B4601928DF80B30039B73
:106C6000002B04D1134940F22E2006F035FD019B84
:106C7000002B04D10F4940F22F2006F02DFD019B7F
:106C8000002B01D1072310E0039B1B680593059B94
:106C9000019A5A619DF80B30012B0CBF0123002390
:106CA000DBB21A46059B1A610023184607B05DF84F
:106CB00004FB00BFB47A030030B587B003900291A3
:106CC0000192039B002B04D1154940F23E2006F0AF
:106CD00003FD039B0593059B1B7FDBB2002B01D0BB
:106CE00000231AE0059B019A9A61FFF7C7FC029BFB
:106CF0001A464FF00003841841EB0305059BC3E9D6
:106D00000245059B1B69002B02D0059B029A1A6164
:106D100005990020FFF732FF0346184607B030BD43
:106D2000B47A030000B585B00190019B002B04D11B
:106D300009494FF4157006F0CFFC019B0393039BA8
:106D400000221A7703990120FFF718FF034618461F
:106D500005B05DF804FB00BFB47A030008B5054B2D
:106D600000221A7000210220FFF708FF0346184690
:106D700008BD00BF342C002082B001900091019A20
:106D8000009BD31A23F07F43184602B070470000DF
:106D900008B5034800F0CEFE0346184608BD00BF04
:106DA000D82A002000B583B00190019B1B781A46B9
:106DB0000C4B9B5C002B05D0019B0433184604F060
:106DC00011FE0BE0019B1B781A46064B9B5C002BC7
:106DD00004D1019B0C33184603F082FE00BF03B0C0
:106DE0005DF804FB242D002000B587B003900291CC
:106DF00013468DF8073000230593039B1B781A4632
:106E0000114B9B5C002B09D0039B04339DF807209A
:106E10000299184604F03CFE05900FE0039B1B7896
:106E20001A46094B9B5C002B08D1039B0C339DF841
:106E300007200299184603F0CBFE0590059B1846E3
:106E400007B05DF804FB00BF242D002000B585B01D
:106E5000019000238DF80F30019B1B781A46114BCF
:106E60009B5C002B08D0019B0433184604F0CEFE37
:106E700003468DF80F300EE0019B1B781A46094B34
:106E80009B5C002B07D1019B0C33184603F028FFB5
:106E900003468DF80F309DF80F30184605B05DF8A9
:106EA00004FB00BF242D002000B587B003900291A1
:106EB00013468DF8073000230593039B1B781A4671
:106EC000114B9B5C002B09D0039B04339DF80720DA
:106ED0000299184604F0B2FE05900FE0039B1B7860
:106EE0001A46094B9B5C002B08D1039B0C339DF881
:106EF00007200299184603F04BFF0590059B1846A2
:106F000007B05DF804FB00BF242D002084B0019081
:106F1000019B9B680393019BDA68039BD31A184675
:106F200004B0704700B587B001900091019B1B78B9
:106F3000022B45D0022B6ADC002B52D0012B66D1EC
:106F4000019B1B7A002B05D1012233493348FFF7FF
:106F5000ABFF5DE0019B5B681B7819463048FFF78B
:106F600052FB0590059B002B0AD001238DF80C30B5
:106F7000059B04932B4B1B6803AA104698470DE012
:106F80002748FFF7C3FF0346002B07D000238DF8E7
:106F90000C30244B1B6803AA104698472048FFF783
:106FA000B5FF03461E4A9288934205D801221A492A
:106FB0001A48FFF779FF2BE01B4B01221A7027E0DC
:106FC00002238DF80C30019BDB68049301221249E7
:106FD0001248FFF769FF134B1B6803AA1046984736
:106FE00016E012491248FFF729FB0346002B05D192
:106FF00001220E490948FFF7F7FE09E003238DF847
:107000000C30084B1B6803AA1046984700E000BFED
:1070100000BF07B05DF804FBBC2C0020E02A002074
:10702000C02C0020B42C0020BD2C0020B82C002047
:10703000D02C002030B591B00390029101928DF8D0
:1070400003303C4A019B1360029B002B01D10723B4
:107050006DE0029B1968029B5B689BB21A4636483A
:10706000FFF7A5FA0F900F9B0E930E9B002B01D0FC
:107070000E9B5CE0029B9968029BDB689BB21A4600
:107080002E48FFF794FA0F900F9B0D930D9B002B4A
:1070900001D00D9B4BE02A4B04AC1D460FCD0FC415
:1070A00095E80F0084E80F00039B5B690A93039B3C
:1070B0001B7C002B14BF01230023DBB28DF824308E
:1070C0009DF803308DF82C30039B5B7C002B01D0A6
:1070D0000E2300E000238DF82530039BDB68069328
:1070E000039B9B680793039B1B680593039B5B684B
:1070F000049304AB134A1946134801F0A7FD0F90FF
:107100000F9B0C930C9B002B01D00C9B0FE00F4BA3
:1071100000221A70039B1B68B3F1FF3F06D00122C7
:107120000B490948FFF7C0FE034600E0002318465C
:1071300011B030BDB42C0020C02C0020D02C002079
:10714000247B0300256F0200E02A0020BD2C0020D4
:10715000BC2C002000B585B00D48FFF784FA0390E1
:10716000039B0293029B002B01D0029B0BE009487A
:10717000FFF779FA0390039B0193019B002B01D049
:10718000019B00E00023184605B05DF804FB00BF3A
:10719000C02C0020D02C002000B587B00190019BAE
:1071A000002B03D11449CA2006F096FA134B1B7822
:1071B0008DF8173001991248FFF740FA04909DF8B6
:1071C0001730002B12D00D4B00221A7001220D49EE
:1071D0000D48FFF769FE0390039B0293029B002B6F
:1071E00004D0054AD6210298FFF744F9049B1846BB
:1071F00007B05DF804FB00BF447B0300BD2C0020FA
:10720000C02C0020BC2C0020E02A002000B585B056
:1072100003468DF807309DF8073019461048FFF7F0
:10722000F2F90390039B002B15D10E48FFF70EFED9
:10723000034683F00103DBB2002B0CD00A49084857
:10724000FFF7FCF90346002B05D10122064905484A
:10725000FFF7CAFD0390039B184605B05DF804FBD9
:10726000D02C0020E02A0020B82C002008B50348CC
:10727000FFF74CFE0346184608BD00BFC02C002097
:1072800008B50348FFF78EFD0023184608BD00BF70
:10729000E02A002082B0EFF310830093009B01935B
:1072A00072B600BF019B184602B0704762B600BFBD
:1072B00000BF704700B585B00190FFF7EBFF03906A
:1072C000164B9B68002B1BD1144B01229A60144B68
:1072D000D3F88020134B1340104A1360104B114A0F
:1072E000C3F880200E4BD3F884300C4A53600C4B0B
:1072F0004FF0FF32C3F88420019B00221A7002E095
:10730000019B01221A70039B002B01D1FFF7CEFFD6
:107310000023184605B05DF804FB00BFE02C0020F8
:1073200000E100E0FC06FFBD00B585B003468DF826
:107330000730104B9B68002B16D09DF80730002BB0
:1073400012D1FFF7A7FF03900B4A0A4B1B6813608B
:10735000094A084B5B685360064B00229A60039B06
:10736000002B01D1FFF7A2FF0023184605B05DF8FE
:1073700004FB00BFE02C002000E100E000B583B07A
:10738000019000F02BF80346012B03D00549432060
:1073900006F0A2F90198FFF78DFF00BF03B05DF87A
:1073A00004FB00BFB47B030000B583B003468DF837
:1073B000073000F013F80346012B03D00649512093
:1073C00006F08AF99DF807301846FFF7ADFF00BFB9
:1073D00003B05DF804FB00BFB47B030084B0EFF39F
:1073E00005830193019BC3F308030393039B002BC5
:1073F0000DD1EFF314830093009B0293029B03F0E3
:107400000103002B0CBF01230023DBB200E00123AA
:10741000184604B07047000082B003468DF807306C
:107420009DF8073003F01F0205499DF907305B09FD
:10743000012000FA02F241F8232000BF02B0704799
:1074400000E100E082B003468DF807309DF8073078
:1074500003F01F0206499DF907305B09012000FA7D
:1074600002F2403341F8232000BF02B0704700BF52
:1074700000E100E082B0034600918DF807309DF9ED
:107480000730002B0CDA009BDAB20C499DF807306C
:1074900003F00F03043B5201D2B20B441A7609E009
:1074A000009BDAB206499DF907305201D2B20B4473
:1074B00083F8002300BF02B0704700BF00ED00E07A
:1074C00000E100E000B583B003460A468DF80730BE
:1074D00013468DF806309DF80630012B03D99DF830
:1074E0000630032B0BD99DF80630042B03D99DF8E9
:1074F0000630072B03D908496B2006F0EDF89DF8FC
:1075000006209DF9073011461846FFF7B3FF00BF6C
:1075100003B05DF804FB00BF287C030000B583B016
:1075200003468DF807309DF907301846FFF774FFC2
:1075300000BF03B05DF804FB00B585B00190019B6E
:10754000002B0AD0074B43F001030393019B9B01DF
:107550000293039B0298984700E000BF05B05DF8D6
:1075600004FB00BF007D030084B0039002910192F0
:10757000039B029A02F5A872019943F8221000BFFA
:1075800004B0704782B001900091019B009A02F50F
:10759000A87253F82230184602B0704782B00190AA
:1075A0000091019B009AC3F8042300BF02B070470A
:1075B00082B001900091019B009AC3F8082300BF9C
:1075C00002B0704782B001900B46ADF80230BDF8B2
:1075D0000230019A13441B68184602B0704784B009
:1075E00001900B46ADF80230BDF80230019A134409
:1075F00000221A60BDF80230019A13441B680393FD
:10760000039B00BF04B0704782B00190019BD3F888
:107610000435184602B0704700B583B00190009160
:10762000009BB3F5805F04D306494FF4BE7006F0AB
:1076300053F8019B009AC3F8082500BF03B05DF81A
:1076400004FB00BF607C030082B001900B468DF804
:1076500003309DF80320019B13441A460123136055
:1076600000BF02B0704782B001900091019B009A68
:10767000C3F8442300BF02B0704782B0019000916C
:10768000019B009AC3F8482300BF02B07047000076
:1076900000B587B0039002910192039B002B03D1A8
:1076A0002849552006F018F8029B002B03D12549E4
:1076B000562006F011F8019B002B03D121495720D9
:1076C00006F00AF8039B5B7919461F4A019B42F8B2
:1076D0002130039B5B791D4ADB0013441B79002B8F
:1076E00003D008230593059B27E0039B1A68029BA0
:1076F0001B8819461046FFF78FFF039B93F9042060
:10770000029B9B7819461046FFF7DCFE039B93F91A
:1077100004301846FFF702FF039B5B790B4ADB003E
:10772000134401221A71039B5B791946074A039B94
:1077300042F8313000230593059B184607B05DF8E9
:1077400004FB00BF947C0300EC2C0020F02C0020F4
:1077500000B583B00190019B002B03D1064987201F
:1077600005F0BAFF019B1B6800211846FFF76CFF6C
:1077700000BF03B05DF804FB947C030000B583B048
:107780000190019B002B03D106498D2005F0A4FF39
:10779000019B1B6804211846FFF756FF00BF03B08A
:1077A0005DF804FB947C030000B587B00390029160
:1077B00001928DF80330039B002B03D121499620C1
:1077C00005F08AFF4FF48032029B02FA03F305931F
:1077D000029B50339BB29B00ADF81230019B23F00B
:1077E0007F430193039B1B6805991846FFF7E0FE52
:1077F000039B1B6805991846FFF73FFF039B1B6817
:10780000BDF8122011461846FFF7E9FE039B1B68DE
:10781000019A02991846FFF7A7FE039B1B6805997A
:107820001846FFF720FF9DF80330002B05D0039B7F
:107830001B6805991846FFF7B1FE00BF07B05DF859
:1078400004FB00BF947C030000B585B00390029157
:1078500013468DF80730039B002B03D10B49A92059
:1078600005F03AFF039B1B6802991846FFF7FBFEE1
:107870009DF80730002B05D0039B1B680299184622
:10788000FFF78CFE00BF05B05DF804FB947C03009D
:1078900000B583B001900091019B002B03D10A49F0
:1078A000B32005F019FF019B1B6800991846FFF7EC
:1078B000E4FE019B1B6800991846FFF779FE00BFA4
:1078C00003B05DF804FB00BF947C030000B583B0F7
:1078D00001900B46ADF80230019B002B03D10F49FC
:1078E000BA2005F0F9FE019B1B68BDF80220114685
:1078F0001846FFF767FE0346002B09D0019B1B6863
:10790000BDF8022011461846FFF769FE012300E08A
:107910000023184603B05DF804FB00BF947C03000D
:1079200082B001900091019A009BD31A23F07F430B
:10793000184602B07047000000B58BB0039002916A
:1079400001920093039B002B03D15749CD2005F0F2
:10795000C3FE4FF48032029B02FA03F30993029BA9
:1079600050339BB29B00ADF82230019B23F07F4344
:10797000019309990398FFF78BFF039B1B68184637
:10798000FFF742FE0790039B1B6802991846FFF71A
:10799000F9FD0690039B1B68079A02991846FFF7AA
:1079A000E3FD039B1B68BDF8222011461846FFF734
:1079B00016FE07990698FFF7B3FF0346012B0AD17D
:1079C0001020FFF7B9FD039B1B68BDF8222011466C
:1079D0001846FFF704FE039B1B681846FFF714FECA
:1079E000079007990198FFF79BFF0590039B1B6881
:1079F00009991846FFF737FE059B012B15D1039B0C
:107A00001868019B01331A460299FFF7ADFD10205B
:107A1000FFF792FD039B1B681846FFF7F5FD024632
:107A2000079B934235D00D2339E0039B1B68019AD5
:107A300002991846FFF798FD039B1B681846FFF74D
:107A4000E3FD0790019B013B07991846FFF768FF8C
:107A50000590009BC3F1FF1303F57F43059A9A42FB
:107A600001D90D231BE0059B002B12D1039B186845
:107A7000019B01331A460299FFF776FD039B1B68B1
:107A80001846FFF7C1FD0246079B934201D00D2324
:107A900005E0012209990398FFF7D6FE0023184656
:107AA0000BB05DF804FB00BF947C030000B583B00D
:107AB00001900B468DF803309DF803301A460221E1
:107AC0000198FFF7C1FE00BF03B05DF804FB00B5ED
:107AD00083B001904FF482710198FFF7F7FE0346DF
:107AE000184603B05DF804FB00B583B00190009127
:107AF0004FF48032009B02FA03F319460198FFF716
:107B0000C7FE00BF03B05DF804FB00B585B001906F
:107B10000091009B50339BB29B00ADF80E30BDF836
:107B20000E3019460198FFF7D1FE0346184605B0FE
:107B30005DF804FB00B583B00190019B1B681846FB
:107B4000FFF762FD0346184603B05DF804FB00B57D
:107B500083B00190019B93F904301846FFF772FC43
:107B600000BF03B05DF804FB08B5044B1B68044A72
:107B700012681046984700BF08BD00BFEC2C0020DB
:107B8000F02C002086B001900091019B53E8011F6A
:107B90008AB2D88902449889824228BF121A188969
:107BA000824202BFBFF32F8F002307E0C2EA010227
:107BB00043E801200028E9D14FF001038DF80F3090
:107BC000059002910492029A009B1A609DF80F3072
:107BD000DBB2184606B0704784B00190019951E8B5
:107BE000013FC3EA034341E80132002AF7D103927F
:107BF000029300BF04B0704786B001900091019BD2
:107C000053E8021F1FFAA1F2D888824202BFBFF3D5
:107C10002F8F00230DE0D88902449889824228BF23
:107C2000121AC1EA024243E802200028E8D14FF0CC
:107C300001038DF80F30059002910492029A009B87
:107C40001A609DF80F30DBB2184606B0704784B05A
:107C50000190019951E8023FC3EA234341E802320F
:107C6000002AF7D10392029300BF04B0704784B09A
:107C70000390029111461A460B46ADF806301346A2
:107C8000ADF80430029B002B01D10E231FE0BDF89C
:107C90000630BDF80420B3FBF2F102FB01F29B1A9F
:107CA0009BB2002B01D0092311E0039B029A1A60BA
:107CB000039B00225A60039B00229A60039BBDF83D
:107CC00006209A81039BBDF80420DA810023184620
:107CD00004B0704700B585B001900091009B194633
:107CE0000198FFF74FFF0346002B07D0019B1B684D
:107CF000009A128813440393039B00E00023184664
:107D000005B05DF804FB00B583B001900091009BC5
:107D10001A88009B5B889A4204D10198FFF75CFFA8
:107D2000012300E00023184603B05DF804FB00B512
:107D300085B001900091009B19460198FFF75CFF08
:107D40000346002B07D0019B1B68009A52881344FE
:107D50000393039B00E00023184605B05DF804FB85
:107D600000B583B001900091009B1A88009B5B884E
:107D70009A4204D10198FFF76AFF012300E0002333
:107D8000184603B05DF804FB00B585B00190009182
:107D9000009B5B099B00019A1A44009B03F01F03A0
:107DA000012101FA03F31946104600F036F803905A
:107DB00000BF05B05DF804FB00B585B001900091EF
:107DC000009B5B099B00019A1A44009B03F01F0370
:107DD000012101FA03F3DB431946104600F035F8A0
:107DE000039000BF05B05DF804FB82B001900091E4
:107DF000009B5B099B00019A13441A68009B03F0E7
:107E00001F0322FA03F303F00103002B14BF012325
:107E10000023DBB2184602B0704710B487B001905F
:107E20000091019B009A53E8004F44EA020043E8A6
:107E3000000191F0000FF6D1059404900391049B8A
:107E4000184607B05DF8044B704710B487B0019036
:107E50000091019B009A53E8004F04EA020043E8B6
:107E6000000191F0000FF6D1059404900391049B5A
:107E7000184607B05DF8044B7047000082B0034617
:107E80008DF807309DF8073003F01F0206499DF971
:107E900007305B09012000FA02F2603341F8232029
:107EA00000BF02B0704700BF00E100E000B583B042
:107EB0000190019B002B03D10649722005F00CFCB8
:107EC000019B00221A60BFF35F8F00BF00BF03B0A9
:107ED0005DF804FB647D030041DF704700BF184676
:107EE00000B585B000238DF803300DF1030318466B
:107EF000FFF744FAF1EE103A0193019B0393039BC1
:107F000023F09F030293029BE1EE103A00BFBFF300
:107F10005F8F00BF2620FFF7B1FF9DF803301846A2
:107F2000FFF742FA039B03F00703002B03D0044939
:107F30007D2005F0D1FB00BF05B05DF804FB00BF5C
:107F4000A47D030008B5064B00221A700548FFF710
:107F5000ADFF0549054800F02FF80023184608BD7D
:107F6000FC2C0020F82C0020187E0300002D00209F
:107F700000B583B0FFF7B4FF0AF018FF0346002BEB
:107F80000ED0FFF7A9FF0190019B002B0ED0019BA3
:107F9000022B0BD007494FF4B07005F09DFB05E0B4
:107FA00020BF00BF40BF00BF20BF00BF00BF03B065
:107FB0005DF804FBA47D030000B583B0019000913F
:107FC000019B002B03D11049502005F085FB009B3D
:107FD000002B03D10C49512005F07EFB019B009A38
:107FE0001A60019B1B681A68019B5A60019B5A68C2
:107FF000019B1B685B689A4202D1019B00225A6078
:1080000000BF03B05DF804FB247E030000B583B01D
:108010000190019B002B03D11449632005F05CFB08
:10802000019B1B68002B03D11049642005F054FB11
:10803000019B5B68002B14D0019B5B681A46019B77
:108040001B689B6813441A46019B5A60019B5A683F
:10805000019B1B685B689A4204D1019B00225A6015
:1080600000E000BF03B05DF804FB00BF247E030006
:1080700000B585B001900091019B002B03D11849F8
:108080003A2005F029FB009B002B03D114493B202B
:1080900005F022FB019B5B6803930FE0019B9B684B
:1080A000039A1268009910469847034683F001032B
:1080B000DBB2002B07D1039B1B680393039B1B6858
:1080C000002BEBD100E000BF039B1A68009B1A60F5
:1080D000039B009A1A6000BF05B05DF804FB00BF67
:1080E000AC7E030000B585B00190019B002B03D14D
:1080F0000C49512005F0F0FA019B5B681B68039363
:10810000019B5B681B68002B06D0019B5B681A68AB
:10811000019B5B6812681A60039B184605B05DF806
:1081200004FB00BFAC7E030000B583B00190019B4F
:10813000002B03D105495D2005F0CEFA019B5B6859
:108140001B68184603B05DF804FB00BFAC7E03005B
:1081500000B585B001900091019B002B03D1164919
:10816000692005F0B9FA009B002B03D112496A205F
:1081700005F0B2FA00238DF80F30019B5B68029383
:108180000FE0029B1B68009A9A4207D1009B1A6875
:10819000029B1A6001238DF80F3006E0029B1B68DA
:1081A0000293029B1B68002BEBD19DF80F30184601
:1081B00005B05DF804FB00BFAC7E0300BFF34F8F3A
:1081C00000BF074BDB6803F4E0620549054B13432E
:1081D000CB60BFF34F8F00BF00BF00BFFCE700BF05
:1081E00000ED00E00400FA05024B034A1A6000BFEC
:1081F000704700BFF42A00200090D00308B500F0BB
:1082000097F90346002B06D0B74B1B681B0AB74AE9
:1082100003F01F03136000F0B7F90346002B02D0F0
:10822000B34BB44A1A6000F0CBF90346002B06D0DA
:10823000B14B1B685B0BB14A03F00703136000F0FE
:10824000EBF90346002B05D0AD4BDB68AC4A23F0BD
:108250008073D36000F0FCF90346002B0ED04FF082
:1082600080430022C3F80C214FF080430022C3F862
:1082700010214FF080430022C3F8382500F014FA93
:108280000346002B02D09F4B03221A6000F028FA0D
:108290000346002B0BD09C4B05221A609B4B0122FE
:1082A0001A609B4B00221A609A4B3F221A6000F022
:1082B00033FA0346002B76D04FF08053964AD3F81A
:1082C0000434C2F820354FF08053934AD3F8083471
:1082D000C2F824354FF080538F4AD3F80C34C2F8DB
:1082E00028354FF080538C4AD3F81034C2F82C351F
:1082F0004FF08053884AD3F81434C2F830354FF029
:108300008053854AD3F81834C2F834354FF080537F
:10831000814AD3F81C34C2F840354FF080537E4A6E
:10832000D3F82034C2F844354FF080537A4AD3F85A
:108330002434C2F848354FF08053774AD3F82834B4
:10834000C2F84C354FF08053734AD3F82C34C2F83E
:1083500050354FF08053704AD3F83034C2F854355A
:108360004FF080536C4AD3F83434C2F860354FF084
:108370008053694AD3F83834C2F864354FF08053DB
:10838000654AD3F83C34C2F868354FF08053624AEE
:10839000D3F84034C2F86C354FF080535E4AD3F8BE
:1083A0004434C2F8703500F0D3F90346002B05D0F1
:1083B0005A4B1B685A4A03F04F03136000F0F4F95C
:1083C0000346002B0DD04FF08043D3F8003403F068
:1083D0000103002B05D04FF080436FF00102C3F87A
:1083E000002400F00DFA0346002B05D04D4B1B680E
:1083F0004C4A43F4806313604B4BD3F888304A4AAD
:1084000043F47003C2F88830BFF34F8F00BFBFF34F
:108410006F8F00BF4FF01023D3F80C3203F001032D
:10842000012B25D1414B0122C3F8042500BF3F4B4E
:10843000D3F80034002BFAD04FF01023D3F80C32CD
:108440004FF0102223F00103C2F80C3200BF374B6B
:10845000D3F80034002BFAD0344B0022C3F80425A3
:1084600000BF324BD3F80034002BFAD0FFF7A6FE42
:108470004FF01023D3F80032002B05DB4FF0102310
:10848000D3F80432002B2BDA284B0122C3F8042541
:1084900000BF264BD3F80034002BFAD04FF0102346
:1084A0001522C3F8002200BF204BD3F80034002B64
:1084B000FAD04FF010231522C3F8042200BF1B4B43
:1084C000D3F80034002BFAD0184B0022C3F804254F
:1084D00000BF164BD3F80034002BFAD0FFF76EFE26
:1084E000FFF782FE00BF08BD2403001040350140A5
:1084F00074C007400DF0ADBA440200103C050040C6
:10850000F0ED00E0A0050040105600408856004005
:10851000185600401456004000C000405802001099
:10852000E40E00403C17004000ED00E000E0014098
:10853000124B1B68DBB2062B1DD1114B1B6803F0DD
:108540000F03002B17D10F4B1B6803F0F003302BE8
:1085500001D1012310E00B4B1B6803F0F003402B0B
:1085600001D1012308E0074B1B6803F0F003502BF7
:1085700001D1012300E0002318467047E00F00F00E
:10858000E40F00F0E80F00F00A4B1B68DBB2062B8B
:108590000DD1094B1B6803F00F03002B07D1074BCC
:1085A0001B6803F0F003302B01D1012300E000230E
:1085B00018467047E00F00F0E40F00F0E80F00F0FD
:1085C000124B1B68DBB2062B1DD1114B1B6803F04D
:1085D0000F03002B17D10F4B1B6803F0F003302B58
:1085E00001D1012310E00B4B1B6803F0F003402B7B
:1085F00001D1012308E0074B1B6803F0F003502B67
:1086000001D1012300E0002318467047E00F00F07D
:10861000E40F00F0E80F00F00A4B1B68DBB2062BFA
:108620000DD1094B1B6803F00F03002B07D1074B3B
:108630001B6803F0F003302B01D1012300E000237D
:1086400018467047E00F00F0E40F00F0E80F00F06C
:10865000124B1B68DBB2062B1DD1114B1B6803F0BC
:108660000F03002B17D10F4B1B6803F0F003302BC7
:1086700001D1012310E00B4B1B6803F0F003402BEA
:1086800001D1012308E0074B1B6803F0F003502BD6
:1086900001D1012300E0002318467047E00F00F0ED
:1086A000E40F00F0E80F00F00A4B1B68DBB2062B6A
:1086B0000DD1094B1B6803F00F03002B07D1074BAB
:1086C0001B6803F0F003302B01D1012300E00023ED
:1086D00018467047E00F00F0E40F00F0E80F00F0DC
:1086E0000A4B1B68DBB2062B0DD1094B1B6803F04C
:1086F0000F03002B07D1074B1B6803F0F003302B4F
:1087000001D1012300E0002318467047E00F00F07C
:10871000E40F00F0E80F00F00A4B1B68DBB2062BF9
:108720000DD1094B1B6803F00F03002B07D1074B3A
:108730001B6803F0F003502B01D1012300E000235C
:1087400018467047E00F00F0E40F00F0E80F00F06B
:10875000124B1B68DBB2062B1DD1114B1B6803F0BB
:108760000F03002B17D10F4B1B6803F0F003302BC6
:1087700001D1012310E00B4B1B6803F0F003402BE9
:1087800001D1012308E0074B1B6803F0F003502BD5
:1087900001D1012300E0002318467047E00F00F0EC
:1087A000E40F00F0E80F00F0124B1B68DBB2062B61
:1087B0001DD1114B1B6803F00F03002B17D10F4B7A
:1087C0001B6803F0F003302B01D1012310E00B4BA9
:1087D0001B6803F0F003402B01D1012308E0074B95
:1087E0001B6803F0F003502B01D1012300E00023AC
:1087F00018467047E00F00F0E40F00F0E80F00F0BB
:10880000064B1B68062B05D1054B1B68062B01D1B7
:10881000012300E000231846704700BF300100101C
:108820003401001082B003468DF807309DF8073000
:1088300003F01F0206499DF907305B09012000FA89
:1088400002F2203341F8232000BF02B0704700BF7E
:1088500000E100E008B50AF0A9FA034683F001033D
:10886000DBB2002B03D10549792004F035FF00F07D
:10887000FDFB034B00229A7000BF08BD207F030060
:10888000082D002000B583B000230193144B1B7802
:10889000002B02D0852301931CE0114B00229A602B
:1088A0000F4B00225A600E4B00221A610C4B002223
:1088B000DA600C4800F084FB01900AF077FA034676
:1088C00083F00103DBB2002B01D000F09FFB044BCF
:1088D00001221A70019B184603B05DF804FB00BF2B
:1088E000082D0020AD8A020084B001900091019B08
:1088F0001B68039306E0039A009B9A420DD0039BEA
:108900001B680393039B002BF5D1019B1A68009B06
:108910001A60019B009A1A6000E000BF04B0704723
:1089200084B00190019B1B680393039B002B03D031
:10893000039B1A68019B1A60039B184604B070479A
:1089400000B585B00190294B1B78002B03D1284935
:10895000E92004F0C1FE254B9B78DBB2002B19D037
:10896000019B002B03D0019B5B68012098470023EB
:108970008DF80F300DF10F031846FEF7FFFC1B4B6F
:10898000DB680133194AD3609DF80F301846FEF7B3
:108990000BFD1EE000238DF80E300DF10E0318467E
:1089A000FEF7ECFC019B002B03D001991148FFF767
:1089B0009BFF0E4BDB68002B01D100F03BFB0B4B08
:1089C000DB680133094AD3609DF80E301846FEF784
:1089D000EBFC064BDB68002B04D1054940F2051087
:1089E00004F07AFE00BF05B05DF804FB082D0020FE
:1089F000207F0300182D002000B583B0164B1B7894
:108A0000002B04D115494FF4857004F065FE124B1C
:108A1000DB68002B04D1114940F20B1004F05CFE1E
:108A200000238DF807300DF107031846FEF7A6FC6A
:108A3000094BDB68013B084AD360074BDB68002B1E
:108A400001D1FFF707FF9DF807301846FEF7ACFC91
:108A500000BF03B05DF804FB082D0020207F030059
:108A600000B585B003468DF807309DF80730002B20
:108A700002D10C4B039301E00B4B03930398FFF7D8
:108A80004FFF0290029B002B06D0029B5B689DF873
:108A9000072010469847F1E700BF00BF05B05DF81A
:108AA00004FB00BF102D0020182D002000B583B05E
:108AB00003468DF807309DF80730002B05D10A4B8F
:108AC00001225A700020FFF7CBFF9DF80730012BE1
:108AD00005D1054B01229A700120FFF7C1FF00BFAD
:108AE00003B05DF804FB00BF082D002000B583B083
:108AF00001900091019B002B05D1054B01225A707A
:108B00000020FFF7ADFF00BF03B05DF804FB00BF1E
:108B1000082D002000B585B0034600918DF8073080
:108B20009DF80730032B29D0032B35DC002B02D016
:108B3000012B04D030E00020FFF774FE2DE000236D
:108B40008DF80F300DF10F031846FEF717FC154B8B
:108B50001B7883F00103DBB2002B01D0FFF792FEFC
:108B6000104BDB6801330F4AD3600E4B01229A7021
:108B70009DF80F301846FEF717FC0EE0094B1B78E6
:108B8000002B04D1084940F2452004F0A5FD00F077
:108B90003DFAFFF731FF00E000BF00BF05B05DF810
:108BA00004FB00BF082D0020207F030000B589B022
:108BB00001900091009B0793019B1B788DF80C306E
:108BC000019B5B680493019B9B68DBB28DF81430BA
:108BD000019BDB680693074A079B52F8233006493E
:108BE000079A51F8221003AA1046984700BF09B00F
:108BF0005DF804FB1C2D0020202D002000B589B05D
:108C000001900091009B0793019B1B788DF80C301D
:108C1000019B5B680493019B9B68DBB28DF8143069
:108C2000019BDB680693074A079B52F823300649ED
:108C3000079A51F8221003AA1046984700BF09B0BE
:108C40005DF804FB1C2D0020202D002030B58FB0D6
:108C5000039002910192039B1B780C9326490C9B75
:108C6000019A41F82320029B1A6924490C9B41F880
:108C70002320029B5B7F1946214A0C9B13440A4622
:108C80001A70029B04AC1D460FCD0FC495E80F006F
:108C900084E80F000C9B089300230D93039B1B7823
:108CA0001A46174B9B5C002B0DD0039B181D019B94
:108CB000002B01D0134A00E0002204AB194602F059
:108CC0002BFE0D9014E0039B1B781A460C4B9B5C0B
:108CD000002B0DD1039B03F10C00019B002B01D055
:108CE000094A00E0002204AB194601F08FFE0D9006
:108CF0000D9B18460FB030BD1C2D0020202D0020EC
:108D0000242D0020AD8B0200FD8B020082B00346B3
:108D10008DF807309DF8073003F01F0205499DF9D3
:108D200007305B09012000FA02F241F8232000BF5E
:108D300002B0704700E100E082B0034600918DF878
:108D400007309DF90730002B0CDA009BDAB20C4992
:108D50009DF8073003F00F03043B5201D2B20B44DD
:108D60001A7609E0009BDAB206499DF907305201F4
:108D7000D2B20B4483F8002300BF02B0704700BF9B
:108D800000ED00E000E100E082B00190019B1B0BD0
:108D90005BB2184602B0704700B583B003460A467E
:108DA0008DF8073013468DF806309DF80630012BFC
:108DB00003D99DF80630032B0BD99DF80630042B00
:108DC00003D99DF80630072B03D908496B2004F01E
:108DD00083FC9DF806209DF9073011461846FFF7E1
:108DE000ABFF00BF03B05DF804FB00BF8C7F030046
:108DF00000B583B003468DF807309DF9073018465B
:108E0000FFF784FF00BF03B05DF804FB82B00346A8
:108E10008DF807300F4A9DF90730002B00DA1F3319
:108E20005B115BB252F823209DF90730594203F0E1
:108E30001F0301F01F0158BF4B425BB222FA03F33C
:108E400003F00103002B14BF01230023DBB21846FB
:108E500002B0704700E100E082B001904FF0804224
:108E6000019BC2F8043300BF02B0704782B001908A
:108E70004FF08042019BC2F8083300BF02B0704738
:108E800082B003468DF807309DF8073003F1804328
:108E900001221A6000BF02B0704784B00346ADF8EB
:108EA0000630BDF8063003F1804300221A60BDF899
:108EB000063003F180431B680393039B00BF04B09B
:108EC000704782B00346ADF80630BDF8063003F1B6
:108ED00080431B68002B14BF01230023DBB218461C
:108EE00002B0704782B001904FF08042019BC2F8FF
:108EF000183500BF02B070474FF08043D3F81834E4
:108F00001B0C03F00103002B14BF01230023DBB271
:108F10001846704700B583B006238DF807304FF030
:108F20008040FFF731FF03461846FFF76FFF034607
:108F300083F00103DBB2002B13D04FF08040FFF72A
:108F400023FF03461A469DF8073019461046FFF7DF
:108F500023FF4FF08040FFF717FF03461846FFF747
:108F600047FF00BF03B05DF804FB000084B0124B64
:108F7000DB680393104A039B43F08073D3600F4B6D
:108F80001B6802930D4A029B43F0010313600B4BD5
:108F90005B68019300BF094B5A68019BD31AB3F574
:108FA0000A5FF8D3054A029B1360034A039BD36010
:108FB00000BF04B0704700BFF0ED00E0001000E01B
:108FC00000B585B00190019B002B03D10D49A42071
:108FD00004F082FB002303930B4B1B79002B02D080
:108FE0008523039308E0084A019B1360064B012286
:108FF0001A71054B00225A71039B184605B05DF8A3
:1090000004FB00BFC47F0300282D002008B5074BD8
:109010001B79002B03D10649BD2004F05DFBFFF74F
:1090200079FF0120FFF75EFF00BF08BD282D00205B
:10903000C47F030008B50B4B1B79002B03D10A49F1
:10904000EA2004F049FB4FF48270FFF726FF02206C
:10905000FFF702FFFFF78AFF0820FFF711FF00BFAD
:1090600008BD00BF282D0020C47F030008B50A4BAF
:109070001B79002B03D10949F72004F02DFB0C20AC
:10908000FFF7FEFE00BFFFF737FF0346002BFAD1C4
:1090900000BF00BF08BD00BF282D0020C47F030013
:1090A00008B54FF48070FFF70CFF0346002B14D077
:1090B0004FF48070FFF7F1FE0120FFF7D7FE114B50
:1090C0005B7983F00103DBB2002B06D00D4B01224C
:1090D0005A710C4B1B68002098474FF48270FFF7C1
:1090E000F0FE0346002B0AD04FF48270FFF7D5FE46
:1090F0000220FFF7BBFE034B1B680120984700BF0F
:1091000008BD00BF282D002082B003468DF807302F
:109110009DF8073003F01F0205499DF907305B09F0
:10912000012000FA02F241F8232000BF02B070478C
:1091300000E100E082B0034600918DF807309DF910
:109140000730002B0CDA009BDAB20C499DF807308F
:1091500003F00F03043B5201D2B20B441A7609E02C
:10916000009BDAB206499DF907305201D2B20B4496
:1091700083F8002300BF02B0704700BF00ED00E09D
:1091800000E100E000B583B003460A468DF80730E1
:1091900013468DF806309DF80630012B03D99DF853
:1091A0000630032B0BD99DF80630042B03D99DF80C
:1091B0000630072B03D908496B2004F08DFA9DF87F
:1091C00006209DF9073011461846FFF7B3FF00BF90
:1091D00003B05DF804FB00BF3080030000B583B02E
:1091E00003468DF807309DF907301846FFF78CFFCE
:1091F00000BF03B05DF804FB00B583B00346ADF8D3
:109200000630BDF80630184600F026F803461B6805
:10921000012B0CBF01230023DBB2184603B05DF81D
:1092200004FB00B585B00346ADF80630BDF8063046
:10923000184600F011F803461A4600231360BDF8E3
:109240000630184600F008F803461B680393039B9A
:1092500000BF05B05DF804FB82B00346ADF80630F0
:10926000BDF8063003F1804303F5C043184602B051
:109270007047000082B00190034A019BC2F804339A
:1092800000BF02B0704700BF0060004082B0019094
:10929000034BD3F80423019B1340184602B07047D8
:1092A0000060004082B00190084A019B03F5A27360
:1092B00052F82330054943F00102019B03F5A273E4
:1092C00041F8232000BF02B0704700BF006000409B
:1092D00084B00390029113468DF80730144A039B23
:1092E00003F5A27352F82330114923F4473323F4D2
:1092F0004073039A02F5A27241F822300C4A039B94
:1093000003F5A27352F82320029B1B0203F4F851C9
:109310009DF807301B0403F440330B4304491A4300
:10932000039B03F5A27341F8232000BF04B07047EC
:109330000060004082B00190054A019B03F5A273D2
:1093400052F823301B0A03F01F03184602B070477F
:109350000060004082B00190064A019B03F5A273B1
:1093600052F823301B0C03F00303DBB2184602B0A3
:10937000704700BF0060004000B583B00190019BC2
:109380001B681F2B04D9054940F2CD1004F0A4F945
:109390004FF0A043184603B05DF804FB688003005B
:1093A00000B585B00190084611461A4603468DF86F
:1093B00003300B468DF8023013468DF8013001ABB7
:1093C0001846FFF7D9FF03909DF803209DF802305F
:1093D0005B001A439DF801309B001A439DF818303A
:1093E0001B0242EA03019DF81C301B04019A194339
:1093F000039B02F5E07243F8221000BF05B05DF850
:1094000004FB00B585B003900B468DF80B309DF83A
:109410000B300022019200220092002200210398CA
:10942000FFF7BEFF00BF05B05DF804FB00B585B0D7
:10943000019001AB1846FFF79FFF0390019A039B31
:1094400002F5E07253F8223023F002030293019AEE
:10945000039B02F5E072029943F8221000BF05B0A9
:109460005DF804FB00B585B001900B468DF8033024
:1094700001AB1846FFF780FF0390019A039B02F5AA
:10948000E07253F82230019A23F44031039B02F535
:10949000E07243F82210019A039B02F5E07253F840
:1094A00022309DF8032012041146019A1943039BB0
:1094B00002F5E07243F8221000BF05B05DF804FB2E
:1094C00000B585B0019001AB1846FFF755FF03903A
:1094D000039800F020F80246019B22FA03F303F000
:1094E0000103184605B05DF804FB00B585B0019096
:1094F00001AB1846FFF740FF0390019A039B02F56A
:10950000E07253F822301B0C03F00303DBB2184661
:1095100005B05DF804FB82B00190019BD3F81035D3
:10952000184602B07047000000B587B00390029162
:1095300001924FF0A0430493039A029B1344012B22
:1095400004D9124940F2FD2004F0C6F8039B0593AC
:1095500011E0059B9B0006AA134453F8083C1846EB
:10956000FFF7D9FF0246019B1A60019B0433019368
:10957000059B01330593039A029B1344059A9A4273
:10958000E7D300BF00BF07B05DF804FB68800300AD
:1095900084B001900091009B0393019BDB08029330
:1095A000019B03F0070301930122019B02FA03F3DD
:1095B0000399029A0A4412781340184604B070477F
:1095C00084B001900091009B0393019BDB08029300
:1095D000019B03F007030193039A029B13441B783A
:1095E0005AB20121019B01FA03F35BB2134359B252
:1095F000039A029B1344CAB21A7000BF04B07047AA
:1096000082B001900C4A019B1344303393F900302F
:10961000002B09DB084A019B1344303393F90030D7
:10962000072B01DC012300E0002303F00103DBB280
:10963000184602B0704700BF302D002082B0019064
:10964000064A019B1344303393F90030072BCCBFFB
:1096500001230023DBB2184602B07047302D0020F2
:1096600082B00190064A019B1344303393F90030D5
:10967000DB43DBB2DB09DBB2184602B0704700BF48
:10968000302D002084B00390029101928DF80330B8
:10969000029B59B20E4A039B134430330A461A7098
:1096A0000B49029B019A41F823209DF8033083F077
:1096B0000103DBB2002B08D0029B083B039A51B296
:1096C000034A13440A4683F8502000BF04B0704791
:1096D000302D002082B00190044A019B13443033A6
:1096E000FF221A7000BF02B0704700BF302D00206B
:1096F00000B583B0019004490198FFF761FF00BFF6
:1097000003B05DF804FB00BF842D002082B00190FF
:10971000044A019B1344303393F90030184602B0D9
:10972000704700BF302D002082B00190034A019B9A
:1097300052F82330184602B0704700BF302D002089
:1097400000B589B00390029113468DF80730FF23CE
:109750008DF81F309DF80730002B01D0002300E06A
:10976000082305939DF80730002B01D0082300E063
:109770000C230493059B069314E00F4A069B52F8B2
:109780002330B3F1FF3F0AD19DF80730029A0699C2
:109790000398FFF777FF069B8DF81F3006E0069BC6
:1097A00001330693069A049B9A42E6D39DF91F3033
:1097B000184609B05DF804FB302D002082B0034646
:1097C0008DF807309DF80730094A4FF0FF3142F815
:1097D00023109DF80730072B07D99DF80730083B69
:1097E000034A1344FF2283F8502000BF02B07047A1
:1097F000302D002000B583B0254B93F85830002B56
:1098000003D008230093009B3EE000238DF807302F
:1098100009E09DF807301846FFF75CFF9DF8073018
:1098200001338DF807309DF807301F2BF1D9002345
:109830008DF8073009E09DF807301846FFF7BEFFA6
:109840009DF8073001338DF807309DF807300B2B5A
:10985000F1D9042200210F480DF04BF90621062012
:10986000FFF790FC0620FFF7B9FC4FF4BE70FFF73E
:10987000D8FC4FF00040FFF7FDFC054B012283F8B8
:10988000582000230093009B184603B05DF804FBAA
:10989000302D0020842D002000B587B00390029168
:1098A0000192039B1F2B04D9364940F2072003F095
:1098B00013FF002305930398FFF7D2FE0346002B06
:1098C00002D00823059357E0029B9B78C3F3400323
:1098D000DBB21A4601990398FFF732FF03468DF871
:1098E00013309DF91330B3F1FF3F43D0029B9B78B7
:1098F000C3F38003DBB283F00103DBB2002B13D090
:10990000029B9B7803F00103DBB2002B03D003988A
:10991000FFF78CFD05E0029B5B7819460398FFF783
:1099200070FD0398FFF7E4FE029B9B7803F00203AF
:10993000DBB2002B08D09DF91300029B1B781A465E
:109940000399FFF7C5FC17E09DF91330083B0E4A59
:10995000134493F95010029B1B789B015AB29DF956
:109960001330083B0A4351B2074A13440A4683F8AE
:10997000502001E004230593059B184607B05DF8CD
:1099800004FB00BFA0800300302D002000B589B08B
:1099900001900B468DF80330019B1F2B04D93D49E4
:1099A00040F2372003F098FE0198FFF759FE034676
:1099B000002B04D137494FF40E7003F08DFE01984F
:1099C000FFF73CFE0346002B2FD00198FFF79EFEC9
:1099D0000346083B304A134493F950308DF80F305A
:1099E0009DF80F309B098DF80E309DF80E30032B3B
:1099F0000BD10198FFF764FD0346002B01D0032330
:109A000000E002238DF81F3008E09DF80E30012B96
:109A100001D1022300E003238DF81F309DF81F3091
:109A200019460198FFF71EFD30E00198FFF7E8FDA9
:109A30000346002B2AD00198FFF768FE03460693E1
:109A4000069B9BB240339BB29B00ADF81630069B41
:109A50001846FFF727FCBDF816301846FFF7E1FB64
:109A60009DF80330002B11D00198FFF74FFE0346FD
:109A70001846FFF759FE0490049B002B06D00122E4
:109A8000069B02FA03F31846FFF7F4FB00BF09B088
:109A90005DF804FBA0800300302D002000B595B0D8
:109AA00000231393002303934FF48073ADF84630E3
:109AB000012310930023129321E0BDF8463018468D
:109AC000FFF79AFB0346002B0ED01098FFF7DEFB42
:109AD0000346002B08D0BDF846301846FFF7A1FB1F
:109AE000139A109B13431393109B5B001093BDF8C4
:109AF00046300433ADF84630129B01331293129B6B
:109B0000072BDAD94FF4BE70FFF776FB0346002B24
:109B10000DD04FF4BE70FFF784FB139B43F000435E
:109B2000139303AB1A4601210020FFF7FDFC139BA2
:109B3000DBB2002B29D0012310930023129321E0E4
:109B4000109A139B1340002B16D01298FFF7F2FBCC
:109B50000D901298FFF7FEFB03468DF833301298F4
:109B6000FFF7E2FD0B900B9B002B05D09DF83320F7
:109B70000B9B11460D989847109B5B001093129B0E
:109B800001331293129B072BDAD9139B002B80F21F
:109B9000EE8000238DF83B300023029300230F93C7
:109BA0000AE00F9B9B0014AA13444FF0FF3243F8C6
:109BB0004C2C0F9B01330F930F9B002BF1D00023F4
:109BC0008DF83B300023129378E06B4A129B1344CC
:109BD000503393F900308DF82B309DF82B3023F063
:109BE000C0030993644A129B1344503393F9003025
:109BF000B3F1FF3F5FD001AB19460998FFF7C8FCEE
:109C00000346002B57D09DF82B309B098DF823304D
:109C10000998FFF77BFD03461846FFF785FD07907F
:109C2000079B002B03D19DF82330032B43D19DF8D4
:109C30002330032B04D102AB19460998FFF7C0FC6F
:109C40000998FFF752FC03468DF81B3003AB194609
:109C50000998FFF79DFC0590059B002B03D09DF80C
:109C60001B30022B06D0059B002B24D19DF81B3006
:109C7000032B20D19DF82330032B13D19DF81B30EB
:109C8000022B01D1032300E002238DF813309DF84D
:109C9000133019460998FFF7E5FB9DF83B30013377
:109CA0008DF83B30079B002B05D09DF82320079BA8
:109CB000114609989847129B01331293129B032B6C
:109CC00083D99DF83B30002B4CD001238DF83A30DE
:109CD0006B461A4601210020FFF726FC00230F9354
:109CE00014E00F9B9B0014AA134453F8502C0F9BB5
:109CF0009B0014A90B4453F8443C9A4203D0002320
:109D00008DF83A3005E00F9B01330F930F9B002B2A
:109D1000E7D09DF83A30002B03D000238DF83B307C
:109D200020E000230F931AE00F9B9B0014AA13441A
:109D300053F8502C0F9B9B0014A90B4443F8442C60
:109D40000F9B9B0014AA134453F8482C0F9B9B00B5
:109D500014A90B4443F84C2C0F9B01330F930F9B1A
:109D6000002BE1D09DF83B30002B7FF428AF00BFE3
:109D700015B05DF804FB00BF302D002008B5064B80
:109D80001B68002B03D10549512003F0A5FC024BB1
:109D90001B68984700BF08BD8C2D00200C81030074
:109DA00082B00190019B044A934201D1034B00E031
:109DB0000023184602B07047002000408C2D002080
:109DC00000B587B001900091019B002B03D11C4985
:109DD000772003F081FC0198FFF7E2FF0490049BD9
:109DE000002B25D000238DF8173000238DF80B3081
:109DF0000DF10B031846FDF7C1FA049B1B79002BEC
:109E000003D001238DF8173005E0049B009A1A60F7
:109E1000049B01221A719DF80B301846FDF7C4FA15
:109E20009DF81730002B03D011230393039B02E00E
:109E300000230393039B184607B05DF804FB00BFA3
:109E40000C81030000B585B00190019B002B03D16C
:109E50000A499B2003F040FC0198FFF7A1FF039003
:109E6000039B002B05D0039B00221A60039B00225A
:109E70001A7100BF05B05DF804FB00BF0C81030040
:109E800082B00190019B03F06043B3F1005F0CBF0F
:109E900001230023DBB2184602B0704782B0019064
:109EA0000B468DF803309DF80330019A13440122CC
:109EB0001A6000BF02B0704784B001900B46ADF845
:109EC0000230BDF80230019A134400221A60BDF836
:109ED0000230019A13441B680393039B00BF04B034
:109EE000704782B001900B46ADF80230BDF80230E9
:109EF000019A13441B68002B14BF01230023DBB21B
:109F0000184602B0704782B001900091019B009A00
:109F1000C3F8042300BF02B0704782B001900091E3
:109F2000019B009AC3F8082300BF02B0704784B0B9
:109F3000039002910192029A039BC3F84425039B6C
:109F4000019AC3F8482500BF04B0704784B003905D
:109F500002910192029A039BC3F83425039B019A54
:109F6000C3F8382500BF04B0704782B00190019B50
:109F70000122C3F8502500BF02B0704782B00190A3
:109F8000019B0022C3F8502500BF02B0704782B089
:109F90000190019B0122C3F8402500BF02B0704729
:109FA00082B00190019B0022C3F8402500BF02B09F
:109FB0007047000000B583B00190019B1B681F2B08
:109FC00004D9054940F2CD1003F086FB4FF0A043C1
:109FD000184603B05DF804FBB081030000B585B0FE
:109FE000019001AB1846FFF7E5FF0390019B0122AA
:109FF00002FA03F31946039800F018F800BF05B001
:10A000005DF804FB00B585B0019001AB1846FFF781
:10A01000D1FF0390019B012202FA03F31946039832
:10A0200000F00EF800BF05B05DF804FB82B00190AF
:10A030000091019B009AC3F8082500BF02B0704749
:10A0400082B001900091019B009AC3F80C2500BFDB
:10A0500002B0704700B583B00190019BDB7FFF2BFE
:10A060000ED0019B9B7F002B05D0019BDB7F184608
:10A07000FFF7C8FF04E0019BDB7F1846FFF7AEFF48
:10A08000019B00225A77019B00221A72019B1B68D8
:10A09000019A02F10800019A52681146984700BFE0
:10A0A00003B05DF804FB00B583B001900B468DF85A
:10A0B00003309DF8033083F00103DBB2002B04D0A2
:10A0C00040210198FFF729FF03E040210198FFF7A5
:10A0D0001AFF00BF03B05DF804FB00B583B0019028
:10A0E0000091009B03F00103002B03D00198FFF7C0
:10A0F0003CFF02E00198FFF741FF009B03F00203E1
:10A10000002B03D00198FFF742FF02E00198FFF710
:10A1100047FF00BF03B05DF804FB00B587B00390B4
:10A12000029101920093019B1B68002B0AD0019BB6
:10A130001B681846FFF7A4FE034683F00103DBB259
:10A14000002B0ED1019B9B68002B11D0019B9B68BB
:10A150001846FFF795FE034683F00103DBB2002BA0
:10A1600006D0029B00225A7710230593059B54E0EA
:10A17000019B1968019B5B681A460398FFF7D7FE9D
:10A18000019B9968019BDB681A460398FFF7DEFE86
:10A190004FF48C710398FFF78FFE00990398FFF737
:10A1A0009CFF009B03F00803002B03D110210398B0
:10A1B000FFF774FE029B1B68002B1FD100BF4FF4FA
:10A1C0008C710398FFF78DFE034683F00103DBB229
:10A1D000002BF4D1029BDB7FFF2B1BD0029B9B7FCC
:10A1E000002B05D0029BDB7F1846FFF70BFF11E029
:10A1F000029BDB7F1846FFF7F1FE0BE0009B03F0AC
:10A200000403002B0CBF01230023DBB21946039883
:10A21000FFF749FF00230593059B184607B05DF83B
:10A2200004FB000010B586B0039002910192039BDD
:10A230001B791A461346DB0013449B00394A13442A
:10A240000593059B1B7F002B04D1374940F2322038
:10A2500003F042FA029B1B68002B08D1029B5B684B
:10A26000002B04D0304940F2332003F035FA029B32
:10A270009B68002B08D1029BDB68002B04D02A4985
:10A280004FF40D7003F028FA039B1B79002B07D1C4
:10A29000029BDB68FF2B03D8029B5B68FF2B04D972
:10A2A000214940F2352003F017FA00230493059B5F
:10A2B0005B7FDBB2002B03D011230493049B2EE0C1
:10A2C000059B1B68002B07D0019B03F01403002B98
:10A2D00002D1059B01225A77059B029A03F10C04D7
:10A2E00013460FCB84E80F00059BDB7FFF2B0ED0BE
:10A2F000059B9B7F002B05D0059BDB7F1846FFF756
:10A300006DFE04E0059BDB7F1846FFF77BFE039B99
:10A310001868019B029A0599FFF7FFFE034618464D
:10A3200006B010BD942D0020E881030000B583B075
:10A33000019000914FF48C710198FFF7D2FD034614
:10A34000002B10D04FF48C710198FFF7B5FD009BE6
:10A350001B68002B04D106494FF4277003F0BCF9A9
:10A360000098FFF777FE00BF03B05DF804FB00BF65
:10A37000E881030008B503490348FFF7D7FF00BF92
:10A3800008BD00BF942D00200030004082B003467D
:10A390008DF807309DF8073003F01F0205499DF93D
:10A3A00007305B09012000FA02F241F8232000BFC8
:10A3B00002B0704700E100E082B003468DF807303C
:10A3C0009DF8073003F01F0206499DF907305B092D
:10A3D000012000FA02F2203341F8232000BF02B02E
:10A3E000704700BF00E100E082B0034600918DF8A5
:10A3F00007309DF90730002B0CDA009BDAB20C49CC
:10A400009DF8073003F00F03043B5201D2B20B4416
:10A410001A7609E0009BDAB206499DF9073052012D
:10A42000D2B20B4483F8002300BF02B0704700BFD4
:10A4300000ED00E000E100E082B00190019B1B0B09
:10A440005BB2184602B0704700B583B003460A46B7
:10A450008DF8073013468DF806309DF80630012B35
:10A4600003D99DF80630032B0BD99DF80630042B39
:10A4700003D99DF80630072B03D908496B2003F058
:10A480002BF99DF806209DF9073011461846FFF775
:10A49000ABFF00BF03B05DF804FB00BF54820300B4
:10A4A00000B583B003468DF807309DF90730184694
:10A4B000FFF76CFF00BF03B05DF804FB00B583B08D
:10A4C00003468DF807309DF907301846FFF774FFF3
:10A4D00000BF03B05DF804FB84B001900B46ADF8FB
:10A4E0000230BDF80230019A134400221A60BDF810
:10A4F0000230019A13441B680393039B00BF04B00E
:10A50000704782B001900B46ADF80230BDF80230C2
:10A51000019A13441B68002B14BF01230023DBB2F4
:10A52000184602B0704782B001900091019B009ADA
:10A53000C3F8042300BF02B0704782B001900091BD
:10A54000019BD3F80423009B1340002B14BF01236D
:10A550000023DBB2184602B0704782B00190009130
:10A56000019B009AC3F8082300BF02B0704784B073
:10A570000190019BD3F880340393019B039AC3F8A5
:10A580008024039B184604B0704782B00190019B61
:10A590000422C3F8002500BF02B0704782B00190CA
:10A5A000019B0022C3F8002500BF02B0704784B0B1
:10A5B000039002910192039B019AC3F81425039B17
:10A5C000029AC3F80C2500BF04B0704700B583B0F1
:10A5D00001904FF0FF324FF0FF310198FFF7E7FF96
:10A5E00000BF03B05DF804FB82B00190019BD3F87B
:10A5F0000C35184602B0704782B00190019BD3F829
:10A600001435184602B0704782B00190019BD3F810
:10A610000835184602B0704782B00190019BD3F80C
:10A620001035184602B0704784B003900291019231
:10A63000039B029AC3F80825039B019AC3F81025CF
:10A6400000BF04B0704700B583B001904FF0FF32F7
:10A650004FF0FF310198FFF7E7FF00BF03B05DF84F
:10A6600004FB82B00190019BD3F81835DBB2184689
:10A6700002B0704782B001900B468DF803309DF810
:10A680000320019BC3F81C2500BF02B0704782B0B5
:10A6900001900B468DF803309DF80330019A134466
:10A6A00001221A6000BF02B0704782B001900B46D1
:10A6B0008DF8033013468DF802309DF803209DF885
:10A6C00002301343DBB21A46019BC3F86C2500BF6E
:10A6D00002B0704782B001900091019B009AC3F8CC
:10A6E000242500BF02B0704700B583B00190019BE4
:10A6F0001B681F2B04D9054940F2CD1002F0ECFF76
:10A700004FF0A043184603B05DF804FB8C820300B1
:10A7100000B585B00190084611461A4603468DF8EB
:10A7200003300B468DF8023013468DF8013001AB33
:10A730001846FFF7D9FF03909DF803209DF80230DB
:10A740005B001A439DF801309B001A439DF81830B6
:10A750001B0242EA03019DF81C301B04019A1943B5
:10A76000039B02F5E07243F8221000BF05B05DF8CC
:10A7700004FB00B585B003900023019300230093F0
:10A780000023012201210398FFF7C2FF00BF05B09B
:10A790005DF804FB00B585B003900B468DF80B30D7
:10A7A0009DF80B300022019200220092002200212D
:10A7B0000398FFF7ADFF00BF05B05DF804FB00B5DF
:10A7C00085B003900023019300230093002301220E
:10A7D00000210398FFF79CFF00BF05B05DF804FB64
:10A7E00000B585B0019001AB1846FFF77DFF0390DF
:10A7F000019B012202FA03F31946039800F004F8C2
:10A8000000BF05B05DF804FB82B001900091019B90
:10A81000009AC3F8082500BF02B0704700B583B0A6
:10A8200001900091009B1B68B3F1FF3F09D0009B92
:10A830001B681846FFF7D4FF009B1B681846FFF7FC
:10A8400098FF009B5B68B3F1FF3F05D0009B5B68FE
:10A8500000211846FFF79EFF019B1A68009B9B6929
:10A8600019461046FFF736FF019B1868009B597D7B
:10A87000009B1B7D1A46FFF718FF019B1868009B81
:10A880001968009B5B681A46FFF791FE009B1B7DD1
:10A89000012B22D1009B9B68B3F1FF3F05D0009BA9
:10A8A0009B6800211846FFF775FF009BDB68B3F13A
:10A8B000FF3F09D0009BDB681846FFF791FF009B24
:10A8C000DB681846FFF755FF019B1868009BD968A5
:10A8D000009B9B681A46FFF7A7FE00BF03B05DF818
:10A8E00004FB000000B583B001900B468DF80330E7
:10A8F000019B1B684FF48E711846FFF7EDFD019B1D
:10A900001B684FF4A2711846FFF7E6FD019B1B6818
:10A910000E491846FFF707FE019B1B681846FFF714
:10A920008BFD03461A469DF8033019461046FFF783
:10A930008BFD019B1B681846FFF77EFD03461846FA
:10A94000FFF7AEFD00BF03B05DF804FB800002001E
:10A9500000B583B00190019B1B6808491846FFF7BA
:10A96000FCFD019B1B681846FFF766FD0346184671
:10A97000FFF7A4FD00BF03B05DF804FB84020200F2
:10A9800000B587B00190019B1B681846FFF72CFEAD
:10A990000590019B1B681846FFF72EFE0490019B53
:10A9A0001B681846FFF730FE0390019B1B68184692
:10A9B000FFF732FE0290019B1B681846FFF706FE68
:10A9C000019B1B681846FFF73EFE059BB3F1FF3F56
:10A9D00002D00598FFF7F3FE049BB3F1FF3F02D0CE
:10A9E0000498FFF7ECFE029BB3F1FF3F02D0029800
:10A9F000FFF7E5FE039BB3F1FF3F02D00398FFF79B
:10AA0000DEFE00BF07B05DF804FB000000B587B0B4
:10AA1000039002910192029B002B03D12D49AA20A1
:10AA200002F05AFE039B1B791A462C2303FB02F308
:10AA3000294A1344059300230493059B93F82A3075
:10AA4000002B03D008230493049B3EE0039B1A6869
:10AA5000039B1B791946214B53F8213019461046A8
:10AA6000FFF7AEF90346002B03D011230493049B98
:10AA70002BE002990398FFF7D1FE059B019A5A60DB
:10AA8000029B1A69059B1A60059B5B68002B05D029
:10AA9000029B1B7F19460398FFF724FF039B1B684B
:10AAA0001846FFF772FD059B00229A61059B002264
:10AAB000DA61059B002283F82920059B00225A6158
:10AAC000059B012283F82A20049B184607B05DF8F5
:10AAD00004FB00BFC4820300B82D002030830300B4
:10AAE00000B585B00190019B1B791A462C2303FB0E
:10AAF00002F3114A13440393019B1B681846FFF7A6
:10AB00004DFD039B5B68002B02D00198FFF720FFEF
:10AB10000198FFF735FF019B1B681846FFF792F974
:10AB2000039B002283F82A20039B00225A6000BF67
:10AB300005B05DF804FB00BFB82D002000B585B05E
:10AB4000019000914FF48E710198FFF7C5FC009BB6
:10AB50009A68009B1B6A13441B788DF80F30009B8A
:10AB60001B6A5A1C009B1A629DF80F301946019807
:10AB7000FFF780FD00BF05B05DF804FB00B585B0B0
:10AB800001900091009B5B69039316E0009B93F892
:10AB90002830DBB2002B01D0002314E04FF48E717B
:10ABA0000198FFF7AEFC034683F00103DBB2002BF4
:10ABB000ECD100990198FFF7C1FF009B1B6A039A33
:10ABC0009A42EBD80123184605B05DF804FB00005B
:10ABD00000B587B0039002910192039B1B791A463E
:10ABE0002C2303FB02F33C4A13440493049B93F885
:10ABF0002A30012B04D039494FF48C7002F06CFDDF
:10AC0000029B002B04D1354940F2191002F064FD7B
:10AC1000019B002B04D131494FF48D7002F05CFD93
:10AC2000039800F05DF80346002B03D01123059331
:10AC3000059B4CE0049B019A5A61049B029A9A601E
:10AC4000049B00221A62049B002283F82820002320
:10AC50000593039B1B684FF48E711846FFF73CFC6D
:10AC6000039B1B6808211846FFF711FD039B1B6817
:10AC700004991846FFF762FF049B5B68002B25D1FF
:10AC8000039B1B6804991846FFF778FF034683F07F
:10AC90000103DBB2002B02D00F23059313E000BFAA
:10ACA000039B1B684FF48E711846FFF72AFC03467E
:10ACB00083F00103DBB2002BF2D1039B1B680C2154
:10ACC0001846FFF7E4FC049B00225A61059B1846D6
:10ACD00007B05DF804FB00BFB82D0020C48203005C
:10ACE00082B00190019B1B791946074A2C2303FB74
:10ACF00001F3134414331B68002B14BF01230023FA
:10AD0000DBB2184602B07047B82D002000B583B002
:10AD10000190019B1B684FF492711846FFF7DCFB12
:10AD2000019B1B684FF484711846FFF7D5FB019B0C
:10AD30001B6800211846FFF7AAFC00BF03B05DF8AE
:10AD400004FB10B582B001900091009B9B69002B21
:10AD500008D14FF484710198FFF7BEFB0198FFF70B
:10AD600080FC13E04FF484710198FFF7B5FB009B62
:10AD7000DA68009B5B6AD4180198FFF772FC0346FF
:10AD80002370009B5B6A5A1C009B5A6202B010BD84
:10AD900000B589B0039002910192039B1B791A467A
:10ADA0002C2303FB02F37F4A13440693039B1B7976
:10ADB00019467C4A2C2303FB01F313442A331B78E6
:10ADC000012B04D078494FF4B67002F085FC029B49
:10ADD000002B04D1744940F26D1002F07DFC019B00
:10ADE000002B04D170494FF4B77002F075FC0023BA
:10ADF0008DF81F30069B5B68002B06D0039B1B68F9
:10AE00004FF401711846FFF7A8FB069B9B69002BC6
:10AE100015D0069BDB69002B0ED0069B5B68002BD0
:10AE200006D0039B1B684FF401711846FFF77BFBAC
:10AE300011230593059BB0E001238DF81F309DF889
:10AE40001F3083F00103DBB2002B0CD0069B019A6C
:10AE50009A61069B029ADA60069B00225A62069B60
:10AE60000022DA6105E0069B029A1A61069B019AAC
:10AE7000DA61069B93F8293083F00103DBB2002BE3
:10AE800009D09DF81F3083F00103DBB2002B02D004
:10AE90000398FFF73BFF069B5B68002B73D1039B76
:10AEA0001B684FF4A2711846FFF716FB039B1B6843
:10AEB0004FF492711846FFF724FB03468DF81330C8
:10AEC000039B1B684FF484711846FFF71AFB034677
:10AED0008DF81230039B1B684FF4A2711846FFF7E0
:10AEE00010FB03468DF811309DF8123083F00103FA
:10AEF000DBB2002B0DD09DF8113083F00103DBB2E3
:10AF0000002B06D09DF8133083F00103DBB2002B39
:10AF1000CCD19DF81330002B0FD19DF81130002BB0
:10AF20000BD1039B1B6806991846FFF70AFF069B87
:10AF30009A69069B5B6A9A42B8D8069B00229A617E
:10AF40009DF81330002B03D003230593059B24E0C9
:10AF50009DF81130002B03D00F230593059B1CE0B7
:10AF6000069B93F82930002B06D0039B1B68002119
:10AF70001846FFF78CFB0DE0039B1B680421184665
:10AF8000FFF785FB06E0039B1B684FF40171184631
:10AF9000FFF7C9FA00230593059B184609B05DF831
:10AFA00004FB00BFB82D0020C482030000B589B0A7
:10AFB00003900291019201238DF81030029B0693B9
:10AFC000019B0593039B5B68039A116804AA1046D2
:10AFD000984700BF09B05DF804FB00B587B0019049
:10AFE000009100238DF80830009B0493019B9B681F
:10AFF0000393019B00225A61019B5B68019A1168CF
:10B0000002AA1046984700BF07B05DF804FB00B5E0
:10B010008BB0019000914FF400710198FFF78DFA09
:10B020000346002B39D04FF492710198FFF769FA6B
:10B030000346002B31D04FF492710198FFF74CFA80
:10B040004FF401710198FFF788FA009B93F82930BB
:10B0500083F00103DBB2002B03D004210198FFF73A
:10B0600016FB02238DF80C300198FFF780FA034697
:10B070000693009B9B690593009BDB680493009BF0
:10B0800000229A61009B0022DA61009B5B68009AB3
:10B09000116803AA1046984752E004210198FFF76F
:10B0A0004CFA0346002B4BD04FF484710198FFF704
:10B0B00028FA0346002B43D000990198FFF741FE80
:10B0C000009B9A69009B5B6A9A4239D1009BDB69BD
:10B0D000002B19D0009BDB680993009B5B6A0893E7
:10B0E000009BDA69009B9A61009B1A69009BDA60F9
:10B0F000009B0022DA61009B00225A62099A08999B
:10B100000098FFF753FF1BE0009B93F8293083F072
:10B110000103DBB2002B03D004210198FFF7B7FA3B
:10B120004FF401710198FFF718FA009B00229A6111
:10B13000009B596A009BDB681A460098FFF736FFB0
:10B140004FF48E710198FFF7DCF90346002B24D0F1
:10B15000009B5B690793009B1B6A079A9A420DD973
:10B16000009B93F82830DBB283F00103DBB2002BA5
:10B1700004D000990198FFF7E1FC0EE04FF48E71C6
:10B180000198FFF7A9F9009B5B69002B05D0009B94
:10B190005B6919460098FFF720FF4FF4A2710198F0
:10B1A000FFF7AFF90346002B1CD04FF4A2710198B2
:10B1B000FFF792F9009B93F82930002B03D0002170
:10B1C0000198FFF764FA009B9B69002B0AD0009B53
:10B1D00000229A61009B596A009BDB681A4600981E
:10B1E000FFF7E4FE00BF0BB05DF804FB08B50349B0
:10B1F0000348FFF70CFF00BF08BD00BFB82D0020BB
:10B200000020004082B003468DF807309DF80730DB
:10B2100003F01F0205499DF907305B09012000FA80
:10B2200002F241F8232000BF02B0704700E100E0C5
:10B2300082B003468DF807309DF8073003F01F02F7
:10B2400006499DF907305B09012000FA02F220331C
:10B2500041F8232000BF02B0704700BF00E100E0CA
:10B2600082B0034600918DF807309DF90730002B1E
:10B270000CDA009BDAB20C499DF8073003F00F039B
:10B28000043B5201D2B20B441A7609E0009BDAB2B9
:10B2900006499DF907305201D2B20B4483F80023CE
:10B2A00000BF02B0704700BF00ED00E000E100E029
:10B2B00082B00190019B03F06043B3F1005F0CBFCB
:10B2C00001230023DBB2184602B0704782B0019020
:10B2D000019B1B0B5BB2184602B0704700B583B0F0
:10B2E00003460A468DF8073013468DF806309DF860
:10B2F0000630012B03D99DF80630032B0BD99DF89E
:10B300000630042B03D99DF80630072B03D90849D2
:10B310006B2002F0E1F99DF806209DF907301146F7
:10B320001846FFF79DFF00BF03B05DF804FB00BFA8
:10B330003483030000B583B003468DF807309DF9D0
:10B3400007301846FFF75EFF00BF03B05DF804FB4F
:10B3500000B583B003468DF807309DF907301846D5
:10B36000FFF766FF00BF03B05DF804FB84B00190F7
:10B370000B46ADF80230BDF80230019A13440022AA
:10B380001A60BDF80230019A13441B680393039BB3
:10B3900000BF04B0704782B001900B46ADF8023098
:10B3A000BDF80230019A13441B68002B14BF01231F
:10B3B0000023DBB2184602B0704782B001900091C2
:10B3C000019BD3F80022009B1A43019BC3F8002283
:10B3D00000BF02B0704782B001900091019BD3F88A
:10B3E0000022009BDB431A40019BC3F8002200BFF0
:10B3F00002B0704782B001900091019B009AC3F89F
:10B40000042300BF02B0704782B001900091019BFD
:10B41000009AC3F8082300BF02B0704784B00190BF
:10B42000019BD3F880340393019B039AC3F88024D3
:10B43000039B184604B0704782B00190019B08221C
:10B44000C3F8002500BF02B0704782B00190019B95
:10B450000022C3F8002500BF02B0704784B00390FB
:10B4600002910192039B029AC3F80C25039B019A57
:10B47000C3F8142500BF04B0704700B583B0019035
:10B480004FF0FF324FF0FF310198FFF7E7FF00BFA9
:10B4900003B05DF804FB82B00190019BD3F80C353A
:10B4A000184602B0704782B00190019BD3F8143562
:10B4B000184602B0704782B00190019BD3F808355E
:10B4C000184602B0704782B00190019BD3F8103546
:10B4D000184602B0704784B0039002910192039B1A
:10B4E000029AC3F80825039B019AC3F8102500BFF0
:10B4F00004B0704700B583B001904FF0FF324FF0B9
:10B50000FF310198FFF7E7FF00BF03B05DF804FBD0
:10B5100082B001900B468DF803309DF80330019AFC
:10B52000134401221A6000BF02B0704782B001903C
:10B530000B468DF8033013468DF802309DF803203A
:10B540009DF802301343DBB21A46019BC3F86C2509
:10B5500000BF02B0704782B001900091019B009A39
:10B56000C3F8242500BF02B0704784B00390029155
:10B570000192029A039BC3F84425039B019AC3F8E6
:10B58000482500BF04B0704782B00190019BD3F8FA
:10B590004C35184602B0704784B003900291019276
:10B5A000029A039BC3F83425039B019AC3F83825FC
:10B5B00000BF04B0704782B00190019BD3F83C35C6
:10B5C000184602B07047000000B583B00190019B9F
:10B5D0001B681F2B04D9054940F2CD1002F07CF8FE
:10B5E0004FF0A043184603B05DF804FB6C830300E2
:10B5F00000B585B00190084611461A4603468DF8FD
:10B6000003300B468DF8023013468DF8013001AB44
:10B610001846FFF7D9FF03909DF803209DF80230EC
:10B620005B001A439DF801309B001A439DF81830C7
:10B630001B0242EA03019DF81C301B04019A1943C6
:10B64000039B02F5E07243F8221000BF05B05DF8DD
:10B6500004FB00B585B00390002301930023009301
:10B660000023012201210398FFF7C2FF00BF05B0AC
:10B670005DF804FB00B585B003900B468DF80B30E8
:10B680009DF80B300022019200220092002200213E
:10B690000398FFF7ADFF00BF05B05DF804FB00B5F0
:10B6A00085B003900023019300230093002301221F
:10B6B00000210398FFF79CFF00BF05B05DF804FB75
:10B6C00000B585B0019001AB1846FFF77DFF0390F0
:10B6D000019B012202FA03F31946039800F004F8D3
:10B6E00000BF05B05DF804FB82B001900091019BA2
:10B6F000009AC3F8082500BF02B0704700B583B0B8
:10B7000001900091009B1B68B3F1FF3F09D0009BA3
:10B710001B681846FFF7D4FF009B1B681846FFF70D
:10B7200098FF009B5B68B3F1FF3F05D0009B5B680F
:10B7300000211846FFF79EFF019B1A68009B9B693A
:10B7400019461046FFF707FF019B1868009B597DBB
:10B75000009B1B7D1A46FFF7E9FE019B1868009BC2
:10B760001968009B5B681A46FFF778FE009B1B7DFB
:10B77000012B22D1009B9B68B3F1FF3F05D0009BBA
:10B780009B6800211846FFF775FF009BDB68B3F14B
:10B79000FF3F09D0009BDB681846FFF791FF009B35
:10B7A000DB681846FFF755FF019B1868009BD968B6
:10B7B000009B9B681A46FFF78EFE00BF03B05DF842
:10B7C00004FB000000B583B001900B468DF80330F8
:10B7D000019B1B684FF488711846FFF7C7FD019B5A
:10B7E0001B684FF490711846FFF7C0FD019B1B6862
:10B7F0004FF492711846FFF7B9FD019B1B684FF497
:10B80000A2711846FFF7B2FD019B1B684FF4AC71A3
:10B810001846FFF7ABFD019B1B680F491846FFF761
:10B82000E9FD019B1B681846FFF750FD03461A46C9
:10B830009DF8033019461046FFF750FD019B1B6829
:10B840001846FFF743FD03461846FFF773FD00BF98
:10B8500003B05DF804FB00BF1003420000B583B0E5
:10B860000190019B1B6808491846FFF7CDFD019B1D
:10B870001B681846FFF72AFD03461846FFF768FDC8
:10B8800000BF03B05DF804FB1003420000B587B0B1
:10B890000190019B1B681846FFF7FDFD0590019B79
:10B8A0001B681846FFF7FFFD0490019B1B681846B4
:10B8B000FFF701FE0390019B1B681846FFF703FE8C
:10B8C0000290019B1B681846FFF7D7FD019B1B6880
:10B8D0001846FFF70FFE059BB3F1FF3F02D0059816
:10B8E000FFF7DDFE049BB3F1FF3F02D00498FFF7A2
:10B8F000D6FE029BB3F1FF3F02D00298FFF7CFFEC6
:10B90000039BB3F1FF3F02D00398FFF7C8FE00BFCF
:10B9100007B05DF804FB000000B587B0039002910A
:10B920000192029B002B03D12B49CF2001F0D4FEC2
:10B93000039B1B791A461346DB0013449B00274ADE
:10B940001344059300230493059B93F82030002BA8
:10B9500003D008230493049B3AE0039B1A68039BDB
:10B960001B7919461E4B53F8213019461046FEF735
:10B9700027FA0346002B03D011230493049B27E0EE
:10B9800002990398FFF7BAFE059B019A5A60029B41
:10B990001A69059B1A60059B5B68002B05D0029B0A
:10B9A0001B7F19460398FFF70DFF039B1B68184682
:10B9B000FFF742FD059B00229A61059B0022DA6198
:10B9C000059B00225A61059B012283F82020049BDD
:10B9D000184607B05DF804FBA4830300E42D0020A3
:10B9E0001084030000B585B00190019B1B791A46B5
:10B9F0001346DB0013449B00244A13440393039B28
:10BA00005B68002B02D00198FFF728FF019B1B68A1
:10BA100020211846FFF7DFFC019B1B680421184614
:10BA2000FFF776FD019B1B684FF4AC711846FFF7DA
:10BA30009DFC019B1B680C211846FFF769FD00BFA8
:10BA4000019B1B684FF4AC711846FFF7A4FC03463A
:10BA500083F00103DBB2002BF2D1019B1B68184677
:10BA6000FFF7F3FC0198FFF711FF019B1B681846D5
:10BA7000FEF7E8F9039B002283F82020039B0022B5
:10BA80005A6000BF05B05DF804FB00BFE42D002044
:10BA900000B589B0039002910192039B1B791A466D
:10BAA0001346DB0013449B00564A13440693069B3F
:10BAB00093F82030012B04D0534940F22D1001F0AF
:10BAC0000BFE029B002B04D14F494FF4977001F0FD
:10BAD00003FE019B002B04D14B4940F22F1001F0D3
:10BAE000FBFD039B1B79002B02D1019BFF2B04D98B
:10BAF00045494FF4987001F0EFFD0298FFF7D8FB2D
:10BB0000034683F00103DBB2002B03D0102307931D
:10BB1000079B73E0039800F079F80346002B03D0ED
:10BB200011230793079B69E0069B019A5A61069BC4
:10BB3000029A9A6000230793039B1B684FF490714D
:10BB40001846FFF713FC039B1B684FF4AC711846B3
:10BB5000FFF70CFC039B1868069B9968069B5B69C2
:10BB60001A46FFF702FD039B1B6808211846FFF7E2
:10BB7000CFFC069B5B68002B3FD1039B1B684FF4F7
:10BB800090711846FFF707FC03468DF81730039BAA
:10BB90001B684FF4AC711846FFF7FDFB03468DF8A8
:10BBA00016309DF8173083F00103DBB2002B06D06E
:10BBB0009DF8163083F00103DBB2002BDDD19DF838
:10BBC0001630002B02D00F23079313E0039B1B6852
:10BBD0000C211846FFF79CFC00BF039B1B684FF429
:10BBE000AC711846FFF7D7FB034683F00103DBB2C5
:10BBF000002BF2D1069B00225A61079B184609B020
:10BC00005DF804FBE42D0020A483030082B00190C2
:10BC1000019B1B791946084A0B46DB000B449B002D
:10BC2000134414331B68002B14BF01230023DBB221
:10BC3000184602B0704700BFE42D002000B589B05F
:10BC4000039002910192039B1B791A461346DB0075
:10BC500013449B00864A13440593039B1B791946A2
:10BC6000834A0B46DB000B449B00134420331B78B4
:10BC7000012B04D07F494FF4C07001F02DFD029BD1
:10BC8000002B04D17B4940F2811001F025FD019B7E
:10BC9000002B04D177494FF4C17001F01DFD039BC7
:10BCA0001B79002B02D1019BFF2B04D9714940F273
:10BCB000831001F011FD0298FFF7FAFA034683F0B2
:10BCC0000103DBB2002B03D010230793079BCAE0CC
:10BCD00000238DF81B30059B5B68002B06D0039B6F
:10BCE0001B684FF404711846FFF78EFB059B9B6998
:10BCF000002B15D0059BDB69002B0ED0059B5B68E4
:10BD0000002B06D0039B1B684FF404711846FFF705
:10BD100071FB11230793079BA5E001238DF81B30CE
:10BD20009DF81B3083F00103DBB2002B09D0059B8B
:10BD3000019A9A61059B029ADA60059B0022DA61FA
:10BD400005E0059B029A1A61059B019ADA610023BE
:10BD50000793039B1B684FF488711846FFF706FB97
:10BD6000039B1B684FF4A2711846FFF7FFFA039B71
:10BD70001B68019A02991846FFF70EFC9DF81B30CC
:10BD800083F00103DBB2002B06D0039B1B6800216C
:10BD90001846FFF7BDFB05E0039B1B6820211846F2
:10BDA000FFF70BFB039B1B791946314A0B46DB005F
:10BDB0000B449B00134404331B68002B4BD1039BA3
:10BDC0001B684FF488711846FFF7E5FA03468DF8B3
:10BDD0001330039B1B684FF4A2711846FFF7DBFA80
:10BDE00003468DF81230039B1B684FF4927118467E
:10BDF000FFF7D1FA03468DF811309DF8133083F028
:10BE00000103DBB2002B0DD09DF8123083F001034B
:10BE1000DBB2002B06D09DF8113083F00103DBB2BA
:10BE2000002BCCD1039B1B791946114A0B46DB0032
:10BE30000B449B001344183300221A609DF8113004
:10BE4000002B01D0032307939DF81230002B09D05B
:10BE50000F23079306E0039B1B684FF404711846F9
:10BE6000FFF7C8FA079B184609B05DF804FB00BF4E
:10BE7000E42D0020A483030000B589B00390029153
:10BE8000019201238DF81030029B0693019B0593CC
:10BE9000039B5B68039A116804AA1046984700BF89
:10BEA00009B05DF804FB00B587B001900091002354
:10BEB0008DF80830009B0493019B9B680393019BC2
:10BEC00000225A61019B5B68019A116802AA104620
:10BED000984700BF07B05DF804FB00B589B001903A
:10BEE00000914FF492710198FFF755FA0346002B29
:10BEF00022D04FF492710198FFF738FA02238DF89F
:10BF000008300198FFF78AFA034605930198FFF776
:10BF100052FB03460493009BDB680393009B0022C3
:10BF20009A61009B0022DA61009B5B68009A1168AD
:10BF300002AA104698473BE04FF488710198FFF73A
:10BF40002AFA0346002B33D04FF488710198FFF78B
:10BF50000DFA0198FFF72FFB0790009B9B69079A4A
:10BF60009A4225D1009BDB69002B17D0009BDB6830
:10BF7000069320210198FFF72EFA009BDA69009BB7
:10BF80009A61009B1A69009BDA60009B0022DA61CB
:10BF9000069A07990098FFF76FFF09E0009B0022BF
:10BFA0009A61009BDB681A4607990098FFF764FFC7
:10BFB0004FF4A2710198FFF7EEF90346002B18D059
:10BFC0004FF4A2710198FFF7D1F9009B9B69002BF8
:10BFD0000FD0009B00229A61009B0022DA61019839
:10BFE000FFF7E9FA0146009BDB681A460098FFF765
:10BFF00043FF4FF490710198FFF7CDF90346002BF2
:10C0000014D04FF490710198FFF7B0F90C2101980A
:10C01000FFF77EFA009B5B69002B07D00198FFF7C2
:10C02000B3FA034619460098FFF73DFF4FF4AC7191
:10C030000198FFF7B0F90346002B10D04FF4AC7114
:10C040000198FFF793F9009B5B69002B07D00198DB
:10C05000FFF79AFA034619460098FFF724FF00BF3E
:10C0600009B05DF804FB000008B503490348FFF779
:10C0700034FF00BF08BD00BFE42D002000200040B9
:10C0800082B003468DF807309DF8073003F01F0299
:10C0900005499DF907305B09012000FA02F241F8D9
:10C0A000232000BF02B0704700E100E082B00346E9
:10C0B0008DF807309DF8073003F01F0206499DF9FF
:10C0C00007305B09012000FA02F2203341F82320F7
:10C0D00000BF02B0704700BF00E100E082B003463D
:10C0E00000918DF807309DF90730002B0CDA009B8A
:10C0F000DAB20C499DF8073003F00F03043B5201FC
:10C10000D2B20B441A7609E0009BDAB206499DF9D7
:10C1100007305201D2B20B4483F8002300BF02B0B3
:10C12000704700BF00ED00E000E100E082B0019048
:10C13000019B03F06043B3F1005F0CBF01230023B8
:10C14000DBB2184602B0704782B00190019B1B0B16
:10C150005BB2184602B0704700B583B003460A468A
:10C160008DF8073013468DF806309DF80630012B08
:10C1700003D99DF80630032B0BD99DF80630042B0C
:10C1800003D99DF80630072B03D908496B2001F02D
:10C19000A3FA9DF806209DF9073011461846FFF7CF
:10C1A0009DFF00BF03B05DF804FB00BF14840300D3
:10C1B00000B583B003468DF807309DF90730184667
:10C1C000FFF75EFF00BF03B05DF804FB00B583B06E
:10C1D00003468DF807309DF907301846FFF766FFD4
:10C1E00000BF03B05DF804FB82B001900B468DF8F0
:10C1F00003309DF80330019A134401221A6000BFF6
:10C2000002B0704784B001900B46ADF80230BDF823
:10C210000230019A134400221A60BDF80230019ADC
:10C2200013441B680393039B00BF04B0704782B0A4
:10C2300001900B46ADF80230BDF80230019A13446C
:10C240001B68002B14BF01230023DBB2184602B089
:10C25000704782B001900091019BD3F80022009BAF
:10C26000DB431A40019BC3F8002200BF02B07047B5
:10C2700082B001900091019B009AC3F8042300BF93
:10C2800002B0704782B001900091019B009AC3F800
:10C29000082300BF02B0704782B00190019B0622C4
:10C2A000C3F8002500BF02B0704782B00190019B27
:10C2B0000022C3F8002500BF02B0704784B003908D
:10C2C00002910192039B029AC3F80825039B019AED
:10C2D000C3F80C2500BF04B0704782B001900091F4
:10C2E000019B009AC3F8242500BF02B0704784B0B8
:10C2F0000190019BD3F8C4340393019B039AC3F8C4
:10C30000C424039B184604B0704782B001900B46CA
:10C310008DF803309DF80320019BC3F8882500BFEA
:10C3200002B0704784B0039002910192029A039B7D
:10C33000C3F84425039B019AC3F8482500BF04B005
:10C34000704784B0039002910192029A039BC3F854
:10C350003425039B019AC3F8382500BF04B0704709
:10C3600082B001900091019B009AC3F8002200BFA7
:10C3700002B0704782B00190019BD3F84C3518464B
:10C3800002B0704782B00190019BD3F83C3518464B
:10C3900002B0704782B00190019B0122C3F8502582
:10C3A00000BF02B0704782B00190019B0022C3F829
:10C3B000502500BF02B0704782B00190019B01225E
:10C3C000C3F8402500BF02B0704782B00190019BC6
:10C3D0000022C3F8402500BF02B0704700B583B00B
:10C3E0000190019B1B681F2B04D9054940F2CD1019
:10C3F00001F072F94FF0A043184603B05DF804FB5A
:10C400004C84030000B585B00190084611461A46D9
:10C4100003468DF803300B468DF8023013468DF835
:10C42000013001AB1846FFF7D9FF03909DF80320B8
:10C430009DF802305B001A439DF801309B001A43BF
:10C440009DF818301B0242EA03019DF81C301B04C2
:10C45000019A1943039B02F5E07243F8221000BFD2
:10C4600005B05DF804FB00B585B00390002301938F
:10C47000002300930023012200210398FFF7C2FF4D
:10C4800000BF05B05DF804FB84B001900323039363
:10C49000019B03F00103002B02D04FF402430393EE
:10C4A000019B03F00203002B02D048F20123039307
:10C4B000019B03F00403002B02D048F202230393F4
:10C4C000039B184604B0704700B585B001900091F9
:10C4D00001238DF80F30009B1B7B032B55D801A245
:10C4E00052F823F05BC5020073C5020033C5020099
:10C4F000F5C40200009B9B68324A934207D1019821
:10C50000FFF738FF0246009B1B699A420DD1009B42
:10C510009B6840F20222934239D10198FFF72AFF2B
:10C520000246009B5B699A4231D000238DF80F30A0
:10C530002DE00198FFF71EFF0246009B1B699A42FF
:10C5400007D10198FFF71EFF0246009B5B699A42E4
:10C550001FD000238DF80F301BE00198FFF70AFF72
:10C560000246009B1B699A4215D000238DF80F30BC
:10C5700011E00198FFF706FF0246009B1B699A42F3
:10C580000BD000238DF80F3007E000BF06E000BF9E
:10C5900004E000BF02E000BF00E000BF9DF80F30E4
:10C5A00083F00103DBB2002B05D00198FFF77DFE7D
:10C5B0000198FFF771FE9DF80F30184605B05DF841
:10C5C00004FB00BF0002040000B58BB0059004918D
:10C5D00003920293049B002B03D14A49E22001F00D
:10C5E0007BF8049B1A68049B5B689A4203D1454917
:10C5F000E32001F071F8059B1B791A46342303FBF5
:10C6000002F3414A13440993099B93F82D30002B00
:10C6100003D008230793079B70E0059B1A68059BCE
:10C620001B791946394B53F8213019461046FDF74E
:10C63000C7FB0346002B03D011230793079B5DE044
:10C64000099B039A1A60099B029A5A60099B00226F
:10C650009A60099B002283F83020099B002283F80E
:10C660002F20049B5A7B099B83F83220049B186877
:10C670000023019306230093032300220021FFF7E8
:10C68000C1FE049B586800230193062300930323F3
:10C6900000220021FFF7B6FE059B1B680893049B50
:10C6A0001968049B5B681A460898FFF707FE049B0D
:10C6B0009B6819460898FFF710FE099B1B68002B22
:10C6C00015D0059B1B681846FFF73EFD03461A462A
:10C6D000049B1B7B19461046FFF73EFD059B1B681C
:10C6E0001846FFF731FD03461846FFF761FD099B29
:10C6F000012283F82D2000230793079B18460BB0D7
:10C700005DF804FB84840300082E0020F0840300FD
:10C7100000B585B00190019B1B791A46342303FBB9
:10C7200002F3204A13440393039B93F82D30002B0C
:10C7300004D11D4940F2311000F0CEFF039B1B686D
:10C74000002B08D0019B1B681846FFF7FDFC034631
:10C750001846FFF73BFD019800F050F8019B1B685D
:10C760001846FDF76FFB039B93F8323083F001030B
:10C77000DBB2002B0DD0019B1B68D3F8083518469F
:10C78000FFF771FE019B1B68D3F80C351846FFF7C5
:10C790006AFE039B002283F82D2000BF05B05DF8E0
:10C7A00004FB00BF082E00208484030000B585B080
:10C7B0000190019B1B791A46342303FB02F30D4AB7
:10C7C00013440393039B93F82D30012B04D00A49A3
:10C7D0004FF4A57000F080FF019B1B681846FFF71F
:10C7E0005BFD039B022283F82D2000BF05B05DF89E
:10C7F00004FB00BF082E00208484030000B585B030
:10C800000190019B1B791A46342303FB02F3134A60
:10C8100013440393039B93F82D30002B04D110494C
:10C8200040F2551000F058FF019B1B680293039BD8
:10C8300000229A600B490298FFF724FD4FF4BC5187
:10C840000298FFF706FD0298FFF72FFD039B0122D8
:10C8500083F82D2000BF05B05DF804FB082E0020F2
:10C860008484030002029C0100B583B00190009112
:10C87000009B03F00103002B03D00198FFF78AFD12
:10C8800002E00198FFF78FFD009B03F00203002BED
:10C8900003D00198FFF790FD02E00198FFF795FDA6
:10C8A00000BF03B05DF804FB30B589B0039002917E
:10C8B000019200930023079308238DF81B304FF457
:10C8C0008273ADF81830039B002283F82E20019B61
:10C8D000DB681846FFF72AFC034683F00103DBB24E
:10C8E000002B03D010230793079BAFE1A0490298C8
:10C8F000FFF7C8FC039B93F82F30DBB2002B09D065
:10C90000039B9B6819460298FFF7B2FC112307931B
:10C91000079B9BE1009B03F00403002B06D1009BC7
:10C9200003F01003002B01D1012300E0002303F0EA
:10C930000103DAB2039B83F82F20039B019A03F1D2
:10C940000C0415460FCD0FC42B682360009B1B09F8
:10C9500003F00103002B14BF01230023DAB2039B71
:10C9600083F83020019B5B7819460298FFF7CDFCD5
:10C970004FF482710298FFF745FC4FF492710298D0
:10C98000FFF740FC00990298FFF76EFF019B1B78B0
:10C99000032B00F2F38001A252F823F0E3CA020055
:10C9A0003DCB020089CA0200ADC90200009B03F022
:10C9B0001003002B04D06F4940F2AB1000F08CFE46
:10C9C000009B03F00803002B04D06A494FF4D67093
:10C9D00000F082FE009B03F00403002B04D06549A5
:10C9E00040F2AD1000F078FE019B1B691846FFF77E
:10C9F0009DFB034683F00103DBB2002B03D0102321
:10CA00000793079B22E14FF480710298FFF7A8FC7F
:10CA1000019BD968019B5B681A460298FFF782FC6C
:10CA20004FF4A8710298FFF7EDFB4FF4B071029834
:10CA3000FFF7E8FB4FF4A4710298FFF7E3FB202116
:10CA40000298FFF7D1FB08210298FFF7CDFB00BF4A
:10CA50004FF4A8710298FFF7EAFB034683F0010345
:10CA6000DBB2002BF4D14FF4A8710298FFF7CAFB98
:10CA7000019B1969019B9B681A460298FFF752FCBB
:10CA8000039B3D4A9A607CE0019BD968019B5B68EF
:10CA90001A460298FFF746FC019B1B691846FFF7F0
:10CAA00045FB034683F00103DBB2002B03D01023C8
:10CAB0000793079BCAE0019B1969019B9B681A4673
:10CAC0000298FFF73EFC4FF484510298FFF748FCB0
:10CAD000039B40F202229A6020210298FFF784FB18
:10CAE0004FE0019BD968019B5B681A460298FFF7EB
:10CAF00019FC009B03F02003002B11D04FF4807130
:10CB00000298FFF72DFC039B1B4A9A604FF4A47117
:10CB10000298FFF777FB4FF4A473ADF8183008E0E4
:10CB20004FF400710298FFF71BFC039B40F20222B6
:10CB30009A6020210298FFF757FB22E0019BD968F9
:10CB4000019B5B681A460298FFF7FBFB4FF480518C
:10CB50000298FFF705FC039B40F202229A60002333
:10CB60008DF81B3020210298FFF73EFB09E000BF43
:10CB700002029C018484030000020400072307933F
:10CB800000BF009B03F00803002B09D1019B1B7819
:10CB9000032B05D09DF81B3019460298FFF724FBA4
:10CBA000039B1B68002B28D0009B03F00403002B81
:10CBB00003D0039B4FF400729A60039B9B68194655
:10CBC0000298FFF755FB40E04FF492710298FFF78F
:10CBD0002EFB0346002B10D04FF492710298FFF702
:10CBE00011FB20210298FFF7FFFA14210298FFF7AA
:10CBF000FBFA4FF48273ADF81830BDF818301946BF
:10CC00000298FFF714FB034683F00103DBB2002B0D
:10CC1000DAD10298FFF76BFB0590039B002283F8A3
:10CC20002F20059B002B04D00598FFF72DFC0790C3
:10CC30000BE003990298FFF747FC034683F00103DA
:10CC4000DBB2002B01D003230793079B184609B0E2
:10CC500030BD00BF00B587B0039002910192039BE5
:10CC60001B79002B07D1029B5B68FF2B03D8029B2B
:10CC70009B68FF2B04D91B4940F22F2000F02CFDAC
:10CC800000230593039B1B791A46342303FB02F30D
:10CC9000154A13440493049B1B68002B08D1029B84
:10CCA0001B78022B04D10F4940F2372000F014FD0D
:10CCB000049B1B68002B08D1029B1B78032B04D11B
:10CCC00008494FF40E7000F007FD039B1968019BA3
:10CCD000029A0498FFF7E8FD0590059B184607B0F7
:10CCE0005DF804FB84840300082E002000B58BB09F
:10CCF0000390019200930B468DF80B3000238DF8C2
:10CD000014309DF80B308DF81530009B06930023EE
:10CD10000793019B0893002309939DF83030002B63
:10CD200001D0202200E0002205AB19460398FFF74E
:10CD300091FF034618460BB05DF804FB00B58BB0BD
:10CD40000390019200930B468DF80B3001238DF870
:10CD500014309DF80B308DF81530009B069300239E
:10CD60000793019B08930023099305AB0022194602
:10CD70000398FFF76FFF034618460BB05DF804FBFE
:10CD800030B58BB001900091009B1B68002B04D143
:10CD9000864940F2862000F09FFC4FF49271019882
:10CDA000FFF745FA0346002B2BD04FF49271019800
:10CDB000FFF728FA4FF482710198FFF738FA03461B
:10CDC00083F00103DBB2002B1BD0009B9B6819464C
:10CDD0000198FFF757FA009B02229A60009B9B681C
:10CDE00019460198FFF744FA20210198FFF7FCF952
:10CDF00014210198FFF7F8F9009B012283F82E20F7
:10CE0000D1E04FF482710198FFF711FA0346002B2D
:10CE10004AD04FF482710198FFF7F4F9009B04ACFB
:10CE200003F10C050FCD0FC42B682360009B93F812
:10CE30002E3083F00103DBB2002B12D00099019851
:10CE4000FFF742FB0346002B14BF01230023DBB294
:10CE500083F00103DBB203F00103DAB2009B83F835
:10CE60002E204FF4B0710198FFF7CCF94FF4AE715A
:10CE70000198FFF7C7F9009B93F8303083F0010366
:10CE8000DBB2002B04D1009B93F82E30002B4CD04A
:10CE900000210198FFF764FA009B00229A60444940
:10CEA0000198FFF7EFF940E04FF4A4710198FFF704
:10CEB000A9F9009B1B7B002B1BD1009B04AC03F149
:10CEC0000C050FCD0FC42B682360009B93F8303006
:10CED00083F00103DBB2002B27D000210198FFF77C
:10CEE0003FFA009B00229A6031490198FFF7CAF986
:10CEF0001BE04FF400710198FFF732FA009B40F2FB
:10CF000002229A602A490198FFF7BCF9009B9B68AE
:10CF100019460198FFF7ACF908210198FFF764F969
:10CF200020210198FFF760F93DE00198FFF7DFF954
:10CF30000990099B03F00203002B03D001238DF815
:10CF40000C301DE0099B03F00403002B03D00223E7
:10CF50008DF80C3014E0099B03F00103002B03D083
:10CF600002238DF80C300BE0009B93F82E30002B41
:10CF700003D004238DF80C3002E000238DF80C3030
:10CF8000009B93F8303083F00103DBB2002B03D019
:10CF9000009B002283F82F20009B1B68009A516899
:10CFA00003AA104698470BB030BD00BF848403002D
:10CFB00002029C0108B503494FF04020FFF7E0FE54
:10CFC00000BF08BD082E002082B003468DF8073050
:10CFD0009DF8073003F01F0206499DF907305B09F1
:10CFE000012000FA02F2603341F8232000BF02B0B2
:10CFF000704700BF00E100E0BFF34F8F00BF074B59
:10D00000DB6803F4E0620549054B1343CB60BFF3D3
:10D010004F8F00BF00BF00BFFCE700BF00ED00E086
:10D020000400FA053FDF704700BF184600B585B021
:10D030000190019B002B0CD0084B43F0010303939C
:10D04000019B9B010293054B43F001030298984713
:10D0500000E000BF05B05DF804FB00BF00850300E1
:10D0600000B583B00190019B1B681F2B04D90549B3
:10D0700040F2CD1000F030FB4FF0A043184603B053
:10D080005DF804FB0885030000B585B001900846F3
:10D0900011461A4603468DF803300B468DF80230D0
:10D0A00013468DF8013001AB1846FFF7D9FF039006
:10D0B0009DF803209DF802305B001A439DF8013073
:10D0C0009B001A439DF818301B0242EA03019DF8A9
:10D0D0001C301B04019A1943039B02F5E07243F8CC
:10D0E000221000BF05B05DF804FB00B585B00390C9
:10D0F00000230193002300930023012201210398C0
:10D10000FFF7C2FF00BF05B05DF804FB00B585B0B6
:10D1100003900B468DF80B309DF80B3000220192E6
:10D1200000220092002200210398FFF7ADFF00BF0C
:10D1300005B05DF804FB00B585B0039000230193B2
:10D14000002300930023012200210398FFF79CFF96
:10D1500000BF05B05DF804FB00B585B0019001ABE0
:10D160001846FFF77DFF0390019B012202FA03F3AB
:10D170001946039800F02FF800BF05B05DF804FBD6
:10D1800000B585B0019001AB1846FFF769FF039029
:10D19000019B012202FA03F31946039800F025F8D7
:10D1A00000BF05B05DF804FB00B585B0019001AB90
:10D1B0001846FFF755FF0390019A039B02F5E072B2
:10D1C00053F822305B08DBB203F00103DBB21846F0
:10D1D00005B05DF804FB82B001900091019B009ABC
:10D1E000C3F8082500BF02B0704782B001900091DB
:10D1F000019B009AC3F80C2500BF02B0704772DF94
:10D20000704700BF184673DF704700BF184674DFD1
:10D21000704700BF184676DF704700BF184677DFBB
:10D22000704700BF18467ADF704700BF18467CDFA2
:10D23000704700BF18468ADF704700BF18468BDF73
:10D24000704700BF18468FDF704700BF184600B513
:10D2500083B00190019B002B0FD04FF47A70FFF741
:10D26000E5FE019B013B0193019B002B14BF0123B1
:10D270000023DBB2002B01D0EFE700BF03B05DF865
:10D2800004FB0000014B1B68184670470035002066
:10D2900082B00190034B1B680133024A136000BF48
:10D2A00002B070470035002000B585B003468DF808
:10D2B00007309DF80730032B1AD801A252F823F04B
:10D2C000D9D20200D1D20200E1D20200E9D202009A
:10D2D000114802F043FC0BE0104802F03FFC07E06D
:10D2E0000F4802F03BFC03E00E4802F037FC00BFA1
:10D2F000F9F734FD0390039B0293029B002B05D0AA
:10D30000094A40F2DB210298F9F7B4F801231846E4
:10D3100005B05DF804FB00BF408503006085030095
:10D3200080850300AC850300CC85030000B587B081
:10D33000019000230493019B03332A4A1360019B4D
:10D340009B69294A1360019B9A8B284B1A80254BB5
:10D350001B681B78AB2B3ED1224B1B6801331B781B
:10D36000D02B38D1224B1B7819461F4B1B680D332D
:10D370001B781A461F4802F0F1FB1B4B1B680D334C
:10D380001A781B4B1B789A4225D007230593059BDF
:10D390000D2B0DDC144B1A68059B13441B781A46A1
:10D3A0000599154802F0DAFB059B01330593EEE77A
:10D3B0000D4B1B685A7B0E4B1A700D4B1B78194690
:10D3C000094B1B680D331B781A460C4802F0C6FB4C
:10D3D0000B4802F0C3FB00F043FB00BF07B05DF851
:10D3E00004FB00BF143C0020183C00201C3C002023
:10D3F000C52E0020148603004C86030060860300BF
:10D400009886030000B585B001900091019B04331C
:10D410000393019B1B881D2B04D1039B04331846E7
:10D42000FFF784FF00BF05B05DF804FB00B583B0D3
:10D430000023009305F024FC01906B46194601205F
:10D4400005F018FD01906B46184605F0A1FD01900E
:10D4500000BF03B05DF804FB00B583B00190184B2A
:10D4600001221A60174B1B68012B24D1164B1B6835
:10D47000002B09DC154B01221A60124B00221A60A6
:10D48000134B01221A7016E0124B1B684FF47A728C
:10D4900002FB03F3184600F021F80B4B1B68013B1D
:10D4A000094A1360084B1B6819460B4802F056FBEB
:10D4B000074B00221A7000BF03B05DF804FB00BFE9
:10D4C000303C0020383C00203C3C0020343C002014
:10D4D000403C0020E82B00209C86030030B583B040
:10D4E0000190154A00211548F9F7B2FB019B184637
:10D4F0004FEAE0714FF000024FF00003CB0343EA24
:10D500005043C20312F57A7443F100054FF4FA62F6
:10D510004FF000032046294609F0DCF802460B468E
:10D520001346002219460648F9F7C6FB054B0022B0
:10D530001A6000BF03B030BD59D402000893030045
:10D54000A0340020303C002008B5064A01210648DE
:10D55000F9F77EFB002210210448F9F7ADFB00BF6C
:10D5600008BD00BF91D202000C930300C03400201C
:10D5700000B595B004238DF84F305923ADF8043031
:10D58000214B03931823ADF8083004AB3C22002153
:10D59000184609F0AEFA00238DF810309DF84F3090
:10D5A0008DF8133001AB0D9318220021174809F0B4
:10D5B000A0FA164B05221A70144B00225A60134B26
:10D5C00000221A75124B1B684FF47A7202FB03F3A8
:10D5D000104A82FB03121212DB17D31A1A460B4BA6
:10D5E0009A600A4B00229A810B4B196804AB0B4AD4
:10D5F000184602F053FF054A07490948FFF7FFFDA7
:10D6000000BF15B05DF804FBD02B0020DC3B0020F0
:10D61000382B0020AD8BDB68C02B0020C42B0020F2
:10D62000BC2B002008B5044B1B7801211846FFF7DE
:10D63000EAFD00BF08BD00BFBC2B002008B5034BAE
:10D640001B781846FFF7E3FD00BF08BDBC2B002088
:10D6500000B583B00023009305F012FB01906B46E8
:10D660001946012005F006FC6B46184605F090FCB3
:10D67000019000BF03B05DF804FB08B5FFF7D6FECC
:10D6800000F0EEF900BF08BD08B5F42200210D48F6
:10D6900009F02FFA0B4B41221A700A4B43225A70A1
:10D6A000084B4B229A70074B3122DA70064B1B88CD
:10D6B000064A0449064805F0DDF8064802F04EFA2D
:10D6C00000BF08BDC03A0020882B0020902B00200E
:10D6D0006C2B0020B086030000B583B00346009198
:10D6E000ADF80630064802F039FABDF80630009A67
:10D6F00019460448F8F7BEFE00BF03B05DF804FB0E
:10D70000C4860300EFBEADDE00B589B00190019B79
:10D710001B78002B40F09280019B9B8A1946494858
:10D7200002F01CFA00230793019B9B8A1A46079B71
:10D7300093420CD2019B1A69079B13441B7819462C
:10D74000414802F00BFA079B01330793ECE73F488F
:10D7500002F004FA019B1B6902331B78012B0CD1E8
:10D760003B4B01221A704FF08043B122C3F81C25B5
:10D770006420FFF76CFDFFF73FFC019B1B6904333E
:10D780001A78344B1A70019B1B6905331A78324B97
:10D790001A70019B1B6906331B781A464FF47A7383
:10D7A00003FB02F32D4A1360019B1B6907331B78AF
:10D7B0005AB22B4B1A70019B1B6908331B781A460F
:10D7C0004FF47A7303FB02F3264A1360019B1B6933
:10D7D00009331B781A464FF47A7303FB02F3224A8B
:10D7E0001360019B1B690A331A78204B1A700023BF
:10D7F00006930B230593059B0E2B0FDC019B1A69E7
:10D80000059B1A44069B591C0691127808A90B44E3
:10D8100003F8102C059B01330593ECE704A903AB37
:10D820000422184609F03CF9DDED037AFDEEE77AB3
:10D8300017EE902A0E4B1A60FFF726FF00BF09B0C3
:10D840005DF804FBDC86030008870300988603006C
:10D85000413C00200535002006350020982B002093
:10D860003C2B0020A02B00209C2B0020423C0020C1
:10D87000F02B002000B585B09DF80430012262F342
:10D8800003038DF804309DF80430012262F307137E
:10D890008DF80430124809F0A8F903469AB201AB9A
:10D8A0000F491846FFF7C3FC02AB082200211846B7
:10D8B00009F01FF91023ADF808303C23ADF80A3009
:10D8C0000023ADF80C304FF4C873ADF80E3002AB46
:10D8D0001846FFF7A8FC00BF05B05DF804FB00BFC9
:10D8E0001087030000B583B000230093002300934A
:10D8F0006B461946094804F0D5FC01AB042200210F
:10D90000184609F0F6F8064B019301AB1946054895
:10D9100004F00AFF00BF03B05DF804FB803600206E
:10D9200009D702006C2B002000B583B00190019B49
:10D930001B78002B05D1054B1B883B211846FFF7B0
:10D940006AFC00BF03B05DF804FB00BF882B002019
:10D9500000B589B001AB1C220021184609F0C9F8B6
:10D96000002301934FF4A03302934FF4F023039369
:10D9700003238DF810300023ADF8123000238DF80A
:10D980001430064B06930023079301AB184603F0AF
:10D99000B1FC00BF09B05DF804FB00BF29D902004B
:10D9A00000B585B001900091019B1B88562B42D099
:10D9B000562B47DC3B2B37D03B2B43DC212B25D090
:10D9C000212B3FDC102B02D0112B0ED03AE0019B13
:10D9D0009A881F4B1A801E4B1B8819461D4804F05D
:10D9E00083FC1D4B01221A702DE0194B4FF6FF727C
:10D9F0001A80174B1B883B211846FFF70CFC164B6F
:10DA000000221A70154B01221A601CE000238DF8C9
:10DA10000D3000238DF80C30019B9B8803AA114622
:10DA20001846FFF710FC0EE0019B9B881321184657
:10DA3000FFF7F1FB07E0019B9B8813211846FFF7D6
:10DA4000EAFB00E000BF00BF05B05DF804FB00BFCB
:10DA5000882B00208036002065360020303C0020D6
:10DA600008B5FFF7ECFB03490348FFF7E4FB00BFF1
:10DA700008BD00BFB42B0020A42B002000B585B04A
:10DA80000023039305F0FCF8039003991D4802F06E
:10DA900065F8039B0293029B002B05D01A4A40F2C3
:10DAA00089410298F8F7E6FC0023019301AB184680
:10DAB00005F0CEF903900399144802F04FF8019B4A
:10DAC0001946134802F04AF801AB1946012005F047
:10DAD000D1F90346002B14BF01230023DBB2002B36
:10DAE00002D00C4802F03AF801AB184605F050FAA3
:10DAF00003900399034802F031F800BF05B05DF8C8
:10DB000004FB00BF1C870300CC8503002C870300A7
:10DB1000408703005487030000B5ADB001ABAC22D1
:10DB20000021184608F0E5FF02238DF80430002399
:10DB30008DF8063005238DF807300123ADF85030FD
:10DB40000C4B159301238DF880304023239344F22E
:10DB50005063249300232A9301AB1946064803F02F
:10DB600067F80121044803F056F800BF2DB05DF8B6
:10DB700004FB00BF8C2B00208C36002000B583B046
:10DB800001900091009B5A88124B1B889A4214D135
:10DB9000009B1B8840F6772293420ED1009B9B8806
:10DBA000033B9AB20C4B1A800B4B1B8819460A4B4D
:10DBB0001B881A46094801F0D1FF019B5B88194672
:10DBC000019B1B881A46064801F0C8FF00BF03B03E
:10DBD0005DF804FB882B00208A2B0020608703005F
:10DBE0008087030008B50549054804F074FAF72159
:10DBF000034804F09BFA00BF08BD00BF7DDB0200B4
:10DC00006C36002008B50321024803F0E9F800BF94
:10DC100008BD00BF8C36002008B5FFF72FFFFFF7C7
:10DC200029FEFFF7DFFFFFF75DFEFFF775FFFFF748
:10DC30008FFEFFF7E7FF044B00221A70034801F044
:10DC40008DFF00BF08BD00BF65360020BC87030004
:10DC500082B00190019B082B38D801A252F823F022
:10DC600085DC02008DDC020095DC02009DDC0200F8
:10DC7000A5DC0200ADDC0200B5DC0200BDDC020068
:10DC8000C5DC0200154BD8221A7023E0134BFF228B
:10DC90001A701FE0114BEC221A701BE00F4BF022A0
:10DCA0001A7017E00D4BF4221A7013E00B4BF82298
:10DCB0001A700FE0094BFC221A700BE0074B002290
:10DCC0001A7007E0054B04221A7003E0034B002290
:10DCD0001A7000BF00BF02B0704700BF4C3D00206B
:10DCE000124B0022C3F80022104B0022C3F810216F
:10DCF0000E4B00221A600D4B0122DA600B4B012201
:10DD00001A610A4B0122C3F80C21084BD3F81031D9
:10DD1000002B0CBF01230023DBB2002B00D0F4E763
:10DD2000024B0022C3F8102100BF704700100040D2
:10DD300008B5114B0122C3F8FC2F0F4B0122C3F889
:10DD400000220E4B93F900301846FFF781FF0C4B71
:10DD50001A78094BC3F80C250A4B1A78064BC3F8FE
:10DD60001025054A084B1B68C2F80835024B0122F2
:10DD70001A6000BF08BD00BF001000403C2B00200F
:10DD80004C3D0020EC2B0020F02B002000B583B090
:10DD9000384B04221A70384BD3F85036364A23F0E9
:10DDA0000103C2F85036344B344AC3F81825324BBD
:10DDB0000022C3F83425304B0022C3F82C252E4B0B
:10DDC0000122C3F830252C4BCC22C3F824252A4B42
:10DDD0004FF0CC32C3F81C25274B294AC3F8142531
:10DDE000284BFF221A7000238DF807309DF807306A
:10DDF000FF2B0BD09DF807300133224ACC21D154A0
:10DE00009DF8073001338DF80730EFE71A4B1D4AB4
:10DE1000C3F80425184B2122C3F800221A4B93F9AA
:10DE200000301846FFF714FF184B1A78124BC3F84E
:10DE30000C25104B1A78104BC3F810250E4A144BC2
:10DE40001B68C2F808350C4B0022C3F80C210A4BA2
:10DE500001221A60084BD3F80C31002B0CBF0123B0
:10DE60000023DBB2002B00D0F4E700BF03B05DF865
:10DE700004FB00BFEC2B002000100040FF00040357
:10DE8000080000014C3C00203C2B00204C3D0020B1
:10DE9000F02B002010B584B00390FFF7F3F9034690
:10DEA000744A1360734B1B681946734801F056FEA1
:10DEB000FFF7B2FE0398FFF711FB704801F04EFE2A
:10DEC0006F4B1B68002B03D06E4B1B78002B01D0CF
:10DED000012300E00023002B02D0FAF749F8EFE716
:10DEE000694801F03BFE694B93F854301846FFF740
:10DEF0008EF94FF47A70FFF7AAF904F015FF4FF48A
:10DF00007A70FFF7A4F901F0EFFB614B93F9003051
:10DF1000082B02DD5E4B07221A705E4B1B68642BD8
:10DF200006D95D4B1B78002B02D15A4B11221A6087
:10DF3000574B93F900301C46584B1968584B1A68D8
:10DF4000584B1868584B1B6800930346204600F056
:10DF5000E5FA03465AB2554B1A704E4B1B6803F54F
:10DF6000617307EE903AF8EE677A514BC3ED007A91
:10DF7000474B93F900301C464E4B19684E4B1A68BC
:10DF80004E4B18684E4B1B6800930346204600F02A
:10DF9000C5FA03465AB24B4B1A703D4B93F9003009
:10DFA0001C46494B1968494B1A68494B1868494B3C
:10DFB0001B6800930346204600F0B0FA03465AB2AD
:10DFC000454B1A70454B1B781946454801F0C6FD74
:10DFD000444B1B681946444801F0C0FD2C4B93F993
:10DFE00000301946414801F0B9FD414B1B68194604
:10DFF000404801F0B3FD404B1B6819463F4801F013
:10E00000ADFD3F4B1B7819463E4801F0A7FD214B63
:10E010001B6819463C4801F0A1FD1F4B1B781946AF
:10E020003A4801F09BFD1B4B1B681946384801F02C
:10E0300095FD244B93F900301946364801F08EFDCA
:10E04000254B93F900301946334801F087FD234BE7
:10E050001B78002B09D04FF08043B122C3F81C2558
:10E060006420FFF7F4F8FEF7C7FFFFF7F1FA00BFEF
:10E0700004B010BD443C0020A8890300B48903000B
:10E08000303C002065360020CC8903008C3600200F
:10E090003C2B0020F02B0020063500208834002087
:10E0A000102B0020142B0020182B00208C34002073
:10E0B0001C2B002090340020202B0020242B00203B
:10E0C000282B00208D340020983400202C2B002099
:10E0D000302B0020342B002094340020413C0020C1
:10E0E000E4890300982B0020F0890300008A0300D4
:10E0F0009C2B0020148A0300A02B0020248A0300FC
:10E10000423C0020388A0300448A03005C8A0300F2
:10E11000808A0300988A0300B88A030008B5FAF7DA
:10E12000B1FB0020FAF70CFCF9F70CFF00BF08BDAB
:10E1300030B587B04FF08053D3F8A8301B0ADBB25C
:10E1400063F03F03DBB28DF810304FF08053D3F80B
:10E15000A830DBB28DF811304FF08053D3F8A430E3
:10E160001B0EDBB28DF812304FF08053D3F8A43081
:10E170001B0CDBB28DF813304FF08053D3F8A43072
:10E180001B0ADBB28DF814304FF08053D3F8A43063
:10E19000DBB28DF815309DF810301C469DF811301B
:10E1A0001D469DF812309DF813209DF814109DF81F
:10E1B000150003900291019200932B4622460549D7
:10E1C000054808F0B8FB0449044801F0C7FC00BF4B
:10E1D00007B030BDD88A0300203C0020FC8A030031
:10E1E00010B584B04FF08053D3F80431029302ABE2
:10E1F00003934FF08053D3F80011039B03331B7834
:10E200001846039B02331B781C46039B01331B7883
:10E210001A46039B1B7801930092234602460C4842
:10E2200001F09CFC4FF08053D3F80831194609489F
:10E2300001F094FC4FF080531B6E4FF08052526EF1
:10E240001946054801F08AFC00BF04B010BD00BFAC
:10E250001C8B0300388B0300488B03000000000078
:10E2600000B585B04FF0FF3303934FF0FF330293B7
:10E270004FF0FF3301932C4801F070FC76222B49BC
:10E280002B4805F087FC2B49294805F06FFD034614
:10E290000393284B1B68184607F05EFD4FF0000201
:10E2A000254B07F0C3FB02460B4610461946234B8D
:10E2B000D3E9002307F0BAFB02460B4643EC172BC9
:10E2C0009FED151BB0EE470AF0EE670A08F0E4F880
:10E2D00053EC102B4FF00000194907F007FB0246E2
:10E2E0000B46104619460EA3D3E9002307F002FBA4
:10E2F00002460B461349C1E900230E4B1968114B26
:10E30000D3E90023104801F029FC4FF4FA70FEF71E
:10E310009EFFB8E7AFF30080245174CC955BC83FF3
:10E320000000000040A5E540CC8C0300E02E00205A
:10E33000402E0020982E002000005940082B00207D
:10E340000000F03F902E0020F08C03000000000041
:10E3500000B583B076225A495A4805F01BFC5A4949
:10E36000584805F003FD584B1B68184607F0F4FCAD
:10E370004FF00002554B07F059FB02460B46104682
:10E380001946534BD3E9002307F050FB02460B46D6
:10E3900043EC172B9FED461BB0EE470AF0EE670AE1
:10E3A00008F07AF853EC102B4FF00000494907F0C1
:10E3B0009DFA02460B46104619463FA3D3E90023B7
:10E3C00007F098FA02460B464349C1E900233E4B49
:10E3D0001868414BD3E90023404909680091014680
:10E3E0003F4801F0BBFB3F4B1B68184607F0B4FCED
:10E3F000394BD3E9002307F0FFFB0346002B12D073
:10E40000394B1B68184607F0A7FC334BD3E90023B0
:10E4100007F02AFC0346002B05D0304B1B68013364
:10E420002E4A136002E02D4B00221A602F4B1B680E
:10E43000184607F091FC284BD3E9002307F0DCFBDA
:10E440000346002B12D02A4B1B68184607F084FCA9
:10E45000214BD3E9002307F007FC0346002B05D02E
:10E46000244B1B680133234A136002E0214B002236
:10E470001A601A4B1B68052B02D11F4B01221A7020
:10E480001C4B1B68052B02D11B4B00221A701A4B28
:10E490001B78002B03D01920FEF772FE02E0192032
:10E4A000FEF75AFE4EF66020FEF7D1FE57E700BF9A
:10E4B000245174CC955BC83F0000000040A5E540A6
:10E4C000E02E0020402E0020982E00200000594011
:10E4D000082B00200000F03F902E0020882E002006
:10E4E000308D0300F82A0020FC2A0020002B002099
:10E4F000042B00208C2E00209C2E002000B583B021
:10E5000001900B468DF80330034801F027FB00BF54
:10E5100003B05DF804FB00BF848D030084B003905A
:10E52000029101920093039A029BD31A0499009AD4
:10E530008A1A02FB03F20199029BCB1A92FBF3F2B7
:10E54000009B1344184604B07047000082B001904D
:10E55000024B01221A6000BF02B070473C3300201A
:10E5600008B50248F8F7DEFB00BF08BDE034002024
:10E5700030B585B0019000230393FFF7F1FF164AF1
:10E5800000211648F8F764FB019B18464FF0000184
:10E590004FF000024FF00003CB0343EA5043C203A5
:10E5A00012F57A7443F100054FF4FA624FF000035C
:10E5B0002046294608F08EF802460B4613460022F4
:10E5C00019460748F8F778FB0390064B00221A60BB
:10E5D00000BF05B030BD00BF4DE502001093030041
:10E5E000E03400203C33002000B583B00A4801F03D
:10E5F000B5FA0A4B00930A4B06220721094804F09A
:10E60000E9FE4FF4FA60FEF722FE064804F05CFFD4
:10E6100000BF03B05DF804FBAC8D03003C33002069
:10E6200071E50200342F002008B50220FEF794FDAA
:10E630004FF4FA60FEF70BFEFFF7D6FF0321074801
:10E6400004F0FAFF054804F03FFF044804F084FF9B
:10E650004FF47A70FEF7FBFDF7E700BF342F002080
:10E6600008B5FFF75BFDFFF763FDFFF7B9FD01F0AC
:10E6700036F8FEF769FF0120FEF7D4FCFBF7BAF885
:10E680000346002B14BF01230023DBB2002B02D072
:10E69000044801F063FA6420FEF7D9FD012318460F
:10E6A00008BD00BF1C8F030000B583B00220FEF739
:10E6B0001CFD0220FEF764FD4FF47A70FEF7C7FDE3
:10E6C0001920FEF712FD00230193019B042B0FDCA0
:10E6D0001920FEF755FDC820FEF7B9FD1920FEF7F9
:10E6E0003BFDC820FEF7B3FD019B01330193ECE72E
:10E6F0000320FEF7FAFC4FF4FA70FEF7A8FD0320A2
:10E70000FEF72AFD054806F0BDFD4FF47A70FEF7CE
:10E710009EFD1223184603B05DF804FBC82E0020AE
:10E7200008B504F001FB1F4B01221A604FF0804333
:10E730000022C3F800214FF0804301221A604FF0FD
:10E740008043D3F80031002B0CBF01230023DBB240
:10E75000002B00D0F3E7144B0022C3F80022124B29
:10E760000022C3F81021104B00221A600E4B012228
:10E77000DA600D4B01221A610B4B0122C3F80C2108
:10E78000094BD3F81031002B0CBF01230023DBB25F
:10E79000002B00D0F4E7044B0022C3F8102100BF87
:10E7A00008BD00BF00D000400010004008B58C48F4
:10E7B000FFF770FB8B4B1B78002B08D00220FEF775
:10E7C000CBFC4FF4FA60FEF742FDFFF70DFF864BDE
:10E7D0001B78022B11D1834B1B78002B0DD1834B5F
:10E7E0001B68002B09D1824B1B68002B05D1814B84
:10E7F0001B68002B01D1042341E17B4B1B78002BCC
:10E8000011D1784B1B78002B0DD1784B1B68002B56
:10E8100009D1774B1B68002B05D1764B1B68002B69
:10E8200001D103232BE1704B1B78032B11D16D4BCE
:10E830001B78002B0DD16D4B1B68002B09D16C4B45
:10E840001B68002B05D16B4B1B68002B01D10523E6
:10E8500015E1654B1B78022B11D1624B1B78002B05
:10E860000DD1624B1B68002B09D1614B1B68002B3B
:10E8700005DD604B1B68002B01D10623FFE05A4BDE
:10E880001B78022B11D1574B1B78002B0DD1574B06
:10E890001B68002B09DD564B1B68002B05D1554B1F
:10E8A0001B68002B01DD0723E9E04F4B1B78032B8E
:10E8B00011D14C4B1B78002B0DD14C4B1B68002BFE
:10E8C00009DD4B4B1B68002B05D14A4B1B68002B05
:10E8D00001DD0823D3E0444B1B78022B11D1414BBF
:10E8E0001B78002B0DD1414B1B68002B09D1404BED
:10E8F0001B68002B05DD3F4B1B68002B01DD092346
:10E90000BDE0394B1B78022B11D1364B1B78002B05
:10E910000DD1364B1B68002B09DD354B1B68002BD6
:10E9200005DD344B1B68002B01DD0A23A7E02E4BCD
:10E930001B78032B11D12B4B1B78002B0DD12B4BAC
:10E940001B68002B09DD2A4B1B68002B05DD294BBA
:10E950001B68002B01DD0B2391E0234B1B78022B5E
:10E9600011D1204B1B78012B0DD1204B1B68002BA4
:10E9700009D11F4B1B68002B05D11E4B1B68002BB8
:10E9800001D10C237BE0184B1B78032B11D1154BC5
:10E990001B78012B0DD1154B1B68002B09D1144B93
:10E9A0001B68002B05D1134B1B68002B01D10D23D5
:10E9B00065E00D4B1B78022B1ED10A4B1B78022BF6
:10E9C0001AD10A4B1B68002B16D1094B1B68002B70
:10E9D00012D1084B1B68002B0ED10E234FE000BF55
:10E9E000C0D4010006350020423C0020982B0020B6
:10E9F000A02B00209C2B0020224B1B78022B11D136
:10EA0000214B1B78012B0DD1204B1B68002B09DDFE
:10EA10001F4B1B68002B05D11E4B1B68002B01DD13
:10EA20000F232CE0174B1B78032B11D1164B1B78AF
:10EA3000012B0DD1154B1B68002B09DD144B1B68F6
:10EA4000002B05D1134B1B68002B01DD102316E0B2
:10EA50000C4B1B78022B11D10B4B1B78022B0DD1C9
:10EA60000A4B1B68002B09D1094B1B68002B05DDE5
:10EA7000084B1B68002B01DD112300E0032318461F
:10EA800008BD00BF423C002006350020982B002026
:10EA9000A02B00209C2B002008B5FFF741FEFFF7BC
:10EAA00047F90323184608BD08B5FFF739FEFFF7FD
:10EAB0006DF90323184608BD08B5044B1B681846BA
:10EAC00000F020FE0623184608BD00BFA02B002042
:10EAD00008B5FFF725FEFFF72BF9144B1B68184606
:10EAE000FEF7FCFC124B1B68002B0CBF012300231C
:10EAF000DBB2002B02D0F9F73BFAF3E700F0F4FDAC
:10EB0000FFF7EEF80B4B1B681846FEF7E7FC084BC7
:10EB10001B68002B0CBF01230023DBB2002B02D0AB
:10EB2000F9F726FAF3E700F0DFFDD4E7982B002091
:10EB3000303C00209C2B002008B5FFF7F1FDFFF7CB
:10EB400025F9144B1B681846FEF7C8FC124B1B68CE
:10EB5000002B0CBF01230023DBB2002B02D0F9F7FE
:10EB600007FAF3E700F0C0FDFFF7BAF80B4B1B689C
:10EB70001846FEF7B3FC084B1B68002B0CBF0123A3
:10EB80000023DBB2002B02D0F9F7F2F9F3E700F033
:10EB9000ABFDD4E7982B0020303C00209C2B0020BC
:10EBA00008B5FFF7BDFD0C4B1B68184600F0AAFD29
:10EBB0000A4B1B681846FEF791FC094B1B68002B9B
:10EBC0000CBF01230023DBB2002B02D0F9F7D0F9F0
:10EBD000F3E700F089FDE6E7A02B00209C2B002046
:10EBE000303C002008B5FFF79BFDFFF7A1F8174B5D
:10EBF0001B681846FEF772FC154B1B68002B0CBFF8
:10EC000001230023DBB2002B02D0F9F7B1F9F3E7BF
:10EC100000F06AFDFFF764F80E4B1B681846FEF71C
:10EC20005DFC0B4B1B68002B0CBF01230023DBB2E8
:10EC3000002B02D0F9F79CF9F3E700F055FD064BE5
:10EC40001B68184600F05EFDCFE700BF982B002040
:10EC5000303C00209C2B0020A02B002008B5FFF7A3
:10EC60005FFDFFF793F8174B1B681846FEF736FC5D
:10EC7000154B1B68002B0CBF01230023DBB2002BBC
:10EC800002D0F9F775F9F3E700F02EFDFFF728F849
:10EC90000E4B1B681846FEF721FC0B4B1B68002B24
:10ECA0000CBF01230023DBB2002B02D0F9F760F97F
:10ECB000F3E700F019FD064B1B68184600F022FD33
:10ECC000CFE700BF982B0020303C00209C2B002079
:10ECD000A02B002000B583B0094B1B681946094BD7
:10ECE00093F900301A460023019300920B4601224B
:10ECF0000121054804F02AFEF9F73AF9FCE700BFC4
:10ED0000F02B00208D340020342F002000B583B07C
:10ED1000094B1B681946094B93F900301A46012329
:10ED2000019300920B4601220121054804F00EFEDA
:10ED3000F9F71EF9FCE700BFF02B00208D3400200E
:10ED4000342F002000B583B0094B1B681946094BCE
:10ED500093F900301A460023019300920B460122DA
:10ED60000021054804F0F2FDF9F702F9FCE700BFC5
:10ED7000F02B002094340020342F002000B583B005
:10ED8000234B1B681946234B93F900301A46002386
:10ED9000019300920B46012201211F4804F0D6FD89
:10EDA0001E4B1B681846FEF799FB1D4B1B68002B7A
:10EDB0000CBF01230023DBB2002B02D0F9F7D8F8F7
:10EDC000F3E700F091FC124B1B681946114B93F9C5
:10EDD00000301A460023019300920B4600220121C5
:10EDE0000D4804F0B3FD0F4B1B681846FEF776FB89
:10EDF0000B4B1B68002B0CBF01230023DBB2002B45
:10EE000002D0F9F7B5F8F3E700F06EFCB8E700BF01
:10EE1000F02B00208D340020342F0020982B002070
:10EE2000303C00209C2B002000B583B0234B1B6896
:10EE30001946234B93F900301A460123019300929F
:10EE40000B46012201211F4804F080FD1E4B1B6868
:10EE50001846FEF743FB1D4B1B68002B0CBF01231C
:10EE60000023DBB2002B02D0F9F782F8F3E700F0C1
:10EE70003BFC124B1B681946114B93F900301A46A4
:10EE80000123019300920B46002201210D4804F05A
:10EE90005DFD0F4B1B681846FEF720FB0B4B1B68F4
:10EEA000002B0CBF01230023DBB2002B02D0F9F7AB
:10EEB0005FF8F3E700F018FCB8E700BFF02B002084
:10EEC0008D340020342F0020982B0020303C00206F
:10EED0009C2B002000B583B0234B1B681946234BA5
:10EEE00093F900301A460023019300920B46012249
:10EEF00000211F4804F02AFD1E4B1B681846FEF730
:10EF0000EDFA1D4B1B68002B0CBF01230023DBB265
:10EF1000002B02D0F9F72CF8F3E700F0E5FB124BD9
:10EF20001B681946114B93F900301A4600230193D0
:10EF300000920B46002200210D4804F007FD0F4B04
:10EF40001B681846FEF7CAFA0B4B1B68002B0CBF58
:10EF500001230023DBB2002B02D0F9F709F8F3E715
:10EF600000F0C2FBB8E700BFF02B00208D3400207A
:10EF7000342F0020982B0020303C00209C2B0020B8
:10EF800000B587B033221921794805F075FF034693
:10EF9000002B03D0774800F0E1FD02E0764800F056
:10EFA000DDFD0521724806F06CF89DF80E306FF318
:10EFB00000038DF80E309DF80E306FF341038DF88D
:10EFC0000E309DF80E306FF382038DF80E30002363
:10EFD0008DF80D3001238DF80C3000211820FEF73C
:10EFE00095F803AB654A19461820FAF755FC034615
:10EFF000002B14BF01230023DBB2002B03D0604899
:10F0000000F0ACFD03E001215E4800F0A7FD012106
:10F010001820FAF7BBFC564806F0D6F840F6B8338D
:10F0200005931820FEF7C0F80346002B04D0059B7B
:10F03000002B01DD012300E00023002B06D00A2075
:10F04000FEF705F9059B013B0593EAE7059B002BBD
:10F0500005D14D4800F082FD202006F013FB444806
:10F0600005F03EFF424BD3ED027AF5EEC07AF1EEA9
:10F0700010FA03DD3E4B93ED027A04E03C4BD3EDF6
:10F08000027AB1EE677A3A4BD3ED037AF5EEC07AA5
:10F09000F1EE10FA03DD364BD3ED037A04E0344B86
:10F0A000D3ED037AF1EE677A37EE277A304BD3ED62
:10F0B000047AF5EEC07AF1EE10FA03DD2C4BD3EDB5
:10F0C000047A04E02A4BD3ED047AF1EE677A77EE06
:10F0D000877ACDED047A049806F052FE02460B467C
:10F0E0002A49096800912A4800F038FD4FF4FA7067
:10F0F000FEF7ADF8049806F043FE19A3D3E9002308
:10F1000006F07AFD0346002B10D0049806F038FE76
:10F1100015A3D3E9002306F0A7FD0346002B05D075
:10F120001A4B1B680133194A136002E0174B002287
:10F130001A60164B1B68052BCCBF01230023DBB2E2
:10F14000002B05D0134B01221A70134800F006FD66
:10F15000104B1B78002B82D01920FEF711F87EE7A8
:10F160009A9999999999FD3F666666666666FA3F2F
:10F17000A42E0020488F0300608F0300FDE40200EE
:10F18000788F0300988F0300BC8F0300C02E0020EF
:10F19000E08F0300BC2E00200490030008B508484F
:10F1A00006F070F800F0A4F84FF4FA70FEF74FF88C
:10F1B000FFF756F8024806F0A1F80323184608BDE9
:10F1C000C82E002008B5454B1B78002B06D0C82060
:10F1D000FEF73DF8424804F057F903E0F7F7BAFFAD
:10F1E000F8F74EF82620FDF7EFFE0720FDF7ECFEBE
:10F1F0000C20FDF7E9FE2320FDF7E6FE0420FDF7D5
:10F20000E3FE0120FDF7E0FE0220FDF7DDFE082011
:10F21000FDF7DAFE0920FDF7D7FE0A20FDF7D4FE40
:10F22000304B02221A600620FDF7CEFEC820FEF702
:10F230000EF80220FDF7A4FF0320FDF7A1FF1E201A
:10F24000FDF79EFF1420FDF776FF1320FDF773FFF7
:10F250000920FDF770FF0620FDF76DFF0220FDF786
:10F260006AFF0520FDF767FF0320FDF764FF042018
:10F27000FDF761FF1D20FDF75EFF0620FDF75BFF38
:10F280000620FDF758FF1520FDF755FF1220FDF76A
:10F2900052FF1020FDF74FFF0F20FDF74CFF0E200F
:10F2A000FDF749FF0A20FDF746FF1420FDF743FF55
:10F2B0000D20FDF740FF0C4B00221A600A4B1B6823
:10F2C000094B01221A60094B00221A60074B1B6888
:10F2D000064B01221A60F8F74BFEFCE706350020CA
:10F2E000342F002084AC0740FC3F0040FC4F00401E
:10F2F00000B583B000220C21194805F0DBFC002288
:10F300000321174805F046FD00220C21144805F0A2
:10F3100041FD00230193019B092B1DDC00220321E9
:10F320000F4805F037FD00220C210D4805F032FD95
:10F33000C820FDF78CFF01220321094805F02AFDB2
:10F3400001220C21064805F025FDC820FDF77FFFAE
:10F35000019B01330193DEE700BF03B05DF804FBBE
:10F360004033002008B5FEF769F91822002118483B
:10F3700007F0BFFB164B49221A70154B54225A70E6
:10F38000134B12229A70124B3422DA70104B562211
:10F390001A710F4B78225A710E4B1A780C4B9A71D6
:10F3A000FEF7E6F80C4B1B6A5BB21A4600210120FF
:10F3B000FDF735FFFEF736F94FF47A70FDF747FF9A
:10F3C000044B1B780133DAB2024B1A7000BF08BD40
:10F3D000D02B0020C42E0020402B002008B504486C
:10F3E00000F0BCFBFEF734F9FFF7BCFFFCE700BF01
:10F3F0004C90030008B5044800F0B0FB4EF66020C6
:10F4000000F080F9FAE700BF6090030008B5974B61
:10F4100000221A70954B1B78172B00F21F8101A256
:10F4200052F823F085F4020099F40200ADF40200D2
:10F43000C1F40200CDF40200E1F40200F5F4020090
:10F4400009F502001DF5020031F5020045F5020044
:10F4500059F502006DF5020081F5020095F50200F4
:10F46000A9F50200BDF50200D1F50200F9F5020090
:10F470000DF6020021F6020035F6020049F6020000
:10F48000E5F502007A4800F069FBFFF7E9F803466A
:10F490001A46764B1A70E7E0764800F05FFBFFF7FC
:10F4A00003F903461A46714B1A70DDE0724800F00A
:10F4B00055FBFFF77BF903461A466C4B1A70D3E0F5
:10F4C0006E4800F04BFBFFF77DFECDE06C4800F08E
:10F4D00045FBFFF7E1FA03461A46644B1A70C3E096
:10F4E000684800F03BFBFFF7DFFA03461A465F4B24
:10F4F0001A70B9E0644800F031FBFFF7DDFA03460B
:10F500001A465A4B1A70AFE0604800F027FBFFF72D
:10F51000DFFA03461A46554B1A70A5E05C4800F026
:10F520001DFBFFF709FB03461A46504B1A709BE080
:10F53000584800F013FBFFF733FB03461A464B4BCA
:10F540001A7091E0544800F009FBFFF74BFB0346AB
:10F550001A46464B1A7087E0504800F0FFFAFFF752
:10F560007DFB03461A46414B1A707DE04C4800F083
:10F57000F5FAFFF7AFFB03461A463C4B1A7073E0EF
:10F58000484800F0EBFAFFF7C1FB03461A46374B39
:10F590001A7069E0444800F0E1FAFFF7D3FB034634
:10F5A0001A46324B1A705FE0404800F0D7FAFFF776
:10F5B000E5FB03461A462D4B1A7055E03C4800F017
:10F5C000CDFAFFF731FC03461A46284B1A704BE080
:10F5D000384800F0C3FAFFF77DFC03461A46234B78
:10F5E0001A7041E0344800F0B9FAFFF7D7FD03463E
:10F5F0001A461E4B1A7037E0304800F0AFFAFFF79A
:10F60000BFFC03461A46194B1A702DE02C4800F037
:10F61000A5FAFEF79DFE03461A46144B1A7023E026
:10F62000284800F09BFAFEF7FFFF03461A460F4BEF
:10F630001A7019E0244800F091FAFFF7CFFE034654
:10F640001A460A4B1A700FE0204800F087FAFFF7BD
:10F65000D1FE03461A46054B1A7005E01C4800F01F
:10F660007DFAFFF7AFFD00BFD4E600BF3C2E0020BF
:10F67000709003008090030094900300A890030012
:10F68000B8900300D0900300E8900300FC900300C2
:10F69000149103002C910300409103005891030042
:10F6A000749103008C910300A4910300B8910300AE
:10F6B000D0910300E8910300FC9103000C92030039
:10F6C00030920300509203006C9203007C9203007E
:10F6D0008892030008B5FDF7B2FD00BF08BD08B56C
:10F6E000F7F778FA00BF08BD08B50448F7F71AFB2A
:10F6F000034B00221A6000BF08BD00BFA0340020E9
:10F70000303C002000B583B00190184B00221A70E5
:10F71000174B00221A70174B00221A70154B00224B
:10F720001A70154B00221A70144B00221A70144BD9
:10F7300000221A70FDF7A1FF0198FDF7CFFE114BD3
:10F740001B68002B0CBF01230023DBB2002B02D06F
:10F75000F8F70EFCF3E7FFF7BDFFFFF7C5FF03F077
:10F76000E3FA00BF03B05DF804FB00BF6036002081
:10F7700061360020623600206336002064360020A7
:10F78000483C0020303C002000B585B00390029139
:10F79000039B012B40D1029B4FF6FF7293423BD15A
:10F7A0001F4804F0E3F91F4A1F491D4807F092F86B
:10F7B0001E4804F0A1F91E4805F058FB4FF0CC7329
:10F7C00000930223142213211A4805F03DFD194825
:10F7D00005F0AEFD03461946174805F0E5FD17484C
:10F7E00005F0E0F9164803F0BDFC164803F092FC62
:10F7F000154B1B686433154A1360144B1B689AB28F
:10F80000134B5A80104B1B689AB2114B9A80114BC4
:10F810001B689AB20E4BDA8000BF05B05DF804FB9E
:10F82000402E0020444900207F3B0300A02E0020F2
:10F83000A42E0020C82E0020E02E002040330020FF
:10F840005433002008350020942B0020B43B0020C6
:10F85000A42B0020B83B002008B54FF6FF71012013
:10F86000FFF792FF08BD000000B583B01F4B019366
:10F87000019B02221A61019B02225A61019B1C4AD0
:10F880009A61019B1B4ADA61019B4FF400721A6274
:10F89000019B00229A62019B00225A62019B002276
:10F8A000DA62019B124A9A64019B134ADA64019B53
:10F8B00010221A65019B00229A65019B00225A655D
:10F8C000019B0022DA65019B07330C49184607F0BB
:10F8D00043F9019B0A49184607F03EF9019B202293
:10F8E0009A7100BF03B05DF804FB00BF503D0020DB
:10F8F00014930300C83D0020C83F0020209303005C
:10F900002493030000B589B0039002910192002373
:10F910000693039BDB680593039B1B690493049A7E
:10F92000059B9A4205D9049A059BD31A013B07937C
:10F9300007E0039B9A680499059BCB1A1344013B8B
:10F940000793039B9A68059BD31A079A934228BF93
:10F9500013460793079A019B934228BF13460793C8
:10F96000039B5A68059B1344079A0299184607F0AF
:10F9700097F8069A079B13440693029A079B134431
:10F980000293019A079BD31A0193059A079B13448C
:10F990000593039B9B68059A9A4201D10023059326
:10F9A000039B059ADA60019B002BB5D1069B184694
:10F9B00009B05DF804FB00B589B003900291019293
:10F9C000039BDB680793039B9A68079BD31A0693F4
:10F9D000069A019B9A420ED9039B5A68079B1344CF
:10F9E000019A0299184607F05BF8079A019B1A449E
:10F9F000039BDA601AE0069B0593039B5A68079BFA
:10FA00001344059A0299184607F04AF8019A069B92
:10FA1000D31A0593039B5868029A069B1344059AD0
:10FA2000194607F03DF8039B059ADA6000BF09B05C
:10FA30005DF804FB86B00190019B1B690493019B58
:10FA4000DB680393049A039B9A4208D8019B9A6847
:10FA5000039BD21A049B1344013B059304E0049AD0
:10FA6000039BD31A013B0593059B184606B07047CC
:10FA700000B589B0039002910192029B0693039B0B
:10FA80005A1C13465B001344DB00204A13440593C1
:10FA9000059B5B69022B29D0022B2ED8002B02D0AC
:10FAA000012B13D029E00598FFF7C4FF0490049AB6
:10FAB000019B9A4202D20023079321E0019B079306
:10FAC000019A06990598FFF776FF19E00598FFF768
:10FAD000B1FF0490019A049B934228BF13460793F9
:10FAE000079A06990598FFF766FF09E0019A0699BB
:10FAF0000598FFF707FF079002E00023079300BF78
:10FB0000079B184609B05DF804FB00BF503D00207C
:10FB100000B587B00390029101920F4B1B78002B28
:10FB200001D1FFF7A1FE00238DF813300DF113036F
:10FB30001846F7F723FC019A02990398FFF798FFFC
:10FB400005909DF813301846F7F72EFC059B1846D4
:10FB500007B05DF804FB00BF503D00200FB400B5B6
:10FB6000A3B025AB009301A8009B249A802106F046
:10FB700089FF2190219B802B06DD01AB8022194655
:10FB80000020FFF7C5FF08E0219B002B05DD219A2F
:10FB900001AB19460020FFF7BBFF219B184623B09D
:10FBA0005DF804EB04B070476DDF704700BF184686
:10FBB00079DF704700BF18467DDF704700BF1846E9
:10FBC00064DF704700BF184682B003460091ADF86D
:10FBD0000630BDF80630DAB2009B1A70BDF8063068
:10FBE0001B0A9AB2009B0133D2B21A700223184644
:10FBF00002B0704700B589B0039002911346ADF88A
:10FC00000630029B1B8803F10902BDF806309A42B8
:10FC100001D90C2353E004AB1846FFF7C5FF07904A
:10FC2000079B0693069B002B01D0069B47E0029B97
:10FC30001B881A46039B134408221A70029B1B88D8
:10FC400001339AB2029B1A80029B1B881A46039BBF
:10FC500013441B221A70029B1B8801339AB2029B29
:10FC60001A80029B1B881A46039B981804AB013329
:10FC70000622194606F014FF029B1B8806339AB22F
:10FC8000029B1A809DF8103023F00103DBB2002B99
:10FC900007D1029B1B881A46039B134400221A704B
:10FCA00006E0029B1B881A46039B134401221A702C
:10FCB000029B1B8801339AB2029B1A8000231846CC
:10FCC00009B05DF804FB00B589B003900291019280
:10FCD000ADF80230039B1B78012B05D1039B5B78A9
:10FCE000002B01D1072392E0019B1B889A1CBDF8D1
:10FCF00002309A420ED8039B1B78012B0CD1019B3A
:10FD00001B881A46039B5B7813449A1CBDF802308B
:10FD10009A4201D90C237AE0019B1B88BDF802208E
:10FD2000D31A9BB2023BADF81C30BDF81C30ADF8C5
:10FD30001230019B1B880233029A13440DF1120208
:10FD400011461846FFF738FF0690069B0593059B62
:10FD5000002B01D0059B5AE0039B1B78022B06D099
:10FD6000039B5B789AB2BDF812309A4209D3BDF872
:10FD70001230BDF81C209A4203D309238DF81F309E
:10FD800017E008238DF81F30039B1B78012B0CD143
:10FD9000039B5B789BB2BDF81C209A4205D3039B62
:10FDA0005B789BB2ADF8123003E0BDF81C30ADF8C3
:10FDB0001230BDF81230FE2B01D90C2327E0BDF81C
:10FDC0001230DAB2019B1B881946029B0B440132A8
:10FDD000D2B21A70019B1B8801339AB2019B1A8020
:10FDE000019B1B881A46029B13449DF81F201A7022
:10FDF000019B1B8801339AB2019B1A80019B1A88D0
:10FE0000BDF8123013449AB2019B1A8000231846A1
:10FE100009B05DF804FB00B589B003900291134668
:10FE2000ADF80630029B1B881A1DBDF806309A42B9
:10FE300001D90C233BE00DF116031846FFF7B8FE7D
:10FE40000790079B0693069B002B01D0069B2EE094
:10FE5000029B1B881A46039B134403221A70029BC1
:10FE60001B8801339AB2029B1A80029B1B881A4698
:10FE7000039B134419221A70029B1B8801339AB208
:10FE8000029B1A80BDF81620029B1B881946039B13
:10FE90000B4419461046FFF797FE03461946029B8E
:10FEA0001A888BB213449AB2029B1A800023184618
:10FEB00009B05DF804FB84B0029101921A46034632
:10FEC0008DF80F301346ADF80C30019B1B88DA1CFF
:10FED000BDF80C309A4201D90C2328E0019B1B8805
:10FEE0001A46029B134402221A70019B1B8801339D
:10FEF0009AB2019B1A80019B1B881A46029B1344ED
:10FF000001221A70019B1B8801339AB2019B1A804F
:10FF1000019B1B881A46029B13449DF80F201A7000
:10FF2000019B1B8801339AB2019B1A80002318465B
:10FF300004B0704784B0029101921A4603468DF8CE
:10FF40000F301346ADF80C30019B1B88DA1CBDF84E
:10FF50000C309A4201D90C2328E0019B1B881A46D9
:10FF6000029B134402221A70019B1B8801339AB230
:10FF7000019B1A80019B1B881A46029B13440A228C
:10FF80001A70019B1B8801339AB2019B1A80019B56
:10FF90001B881A46029B13449DF80F201A70019B80
:10FFA0001B8801339AB2019B1A800023184604B0C3
:10FFB000704700B58FB0039001930B468DF80B305E
:10FFC00013468DF80A3000238DF83330109B1B88C0
:10FFD000ADF8303000230D9371E0039B5A680D9B00
:10FFE0009B001A4405AB106818600DF11B0105ABAE
:10FFF00000221846FFF7E4FD0A900A9B0993099B2B
:020000023000CC
:10000000002B01D0099B7CE09DF81B309DF80A2055
:100010009A4251D19DF83330002B01D0002300E0EB
:1000200002238DF82330109B1B881A469DF81B3045
:100030001A449DF823301A44BDF844309A4201DD39
:100040000C235EE09DF8333083F00103DBB2002B1C
:1000500016D0109B1B8801339AB2109B1A80109BFC
:100060001B881A46019B13449DF80B201A70109BA5
:100070001B8801339AB2109B1A8001238DF833300C
:10008000109B1B881A46019B1A440DF11B0105ABFE
:100090001846FFF795FD0A900A9B0793079B002BD4
:1000A00001D0079B2DE0109B1A889DF81B309BB256
:1000B00013449AB2109B1A800D9B01330D93039B3E
:1000C0001B881A460D9B934287DB9DF83330002B2B
:1000D00016D0109B1A88BDF83030D31A9BB2013B62
:1000E000ADF82E30BDF82E30FF2B01D90C2308E0DF
:1000F000BDF83030019A1344BDF82E20D2B21A70E8
:10010000002318460FB05DF804FB00B58BB00590D6
:1001100003930B468DF8133013468DF812309DF87B
:100120001310BDF8343001930C9B0093039B022203
:100130000598FFF73EFF0990099B0893089B002B49
:1001400001D0089B14E09DF81210BDF834300193E3
:100150000C9B0093039B10220598FFF72AFF099040
:10016000099B0793079B002B01D0079B00E000230E
:1001700018460BB05DF804FB82B00190019B1B8810
:10018000052B0AD9019B1B88B3F5486F07D9019B42
:100190001B884FF6FF72934201D0072325E0019B95
:1001A0005B88052B0AD9019B5B88B3F5486F07D99B
:1001B000019B5B884FF6FF72934201D0072314E046
:1001C000019B1B884FF6FF7293420DD0019B5B8809
:1001D0004FF6FF72934207D0019B1A88019B5B8800
:1001E0009A4201D9072300E00023184602B0704765
:1001F00000B587B0039002910192ADF80230019BE7
:100200001B889A1DBDF802309A4201D90C234DE09B
:100210000398FFF7B1FF0590059B0493049B002B07
:1002200001D0049B42E0019B1B881A46029B1344A9
:1002300005221A70019B1B8801339AB2019B1A8018
:10024000019B1B881A46029B134412221A70019BC1
:100250001B8801339AB2019B1A80039B1A88019B69
:100260001B881946029B0B4419461046FFF7ACFC4D
:1002700003461946019B1A888BB213449AB2019B1C
:100280001A80039B5A88019B1B881946029B0B44CA
:1002900019461046FFF798FC03461946019B1A8839
:1002A0008BB213449AB2019B1A800023184607B000
:1002B0005DF804FB00B587B0039002910192ADF8A0
:1002C0000230039B9B8802330593019B1B881A46CF
:1002D000059B13449A1CBDF802309A4201D90C23A5
:1002E00054E0059BFE2B01D90C234FE0059BDAB2AD
:1002F000019B1B881946029B0B440132D2B21A7033
:10030000019B1B8801339AB2019B1A80019B1B88B9
:100310001A46029B1344FF221A70019B1B8801336B
:100320009AB2019B1A80039B1A88019B1B8819466D
:10033000029B0B4419461046FFF746FC034619463C
:10034000019B1A888BB213449AB2019B1A80039BBB
:100350009B88002B19D0039B9B68002B01D107239E
:1003600014E0019B1B881A46029B9818039B99680E
:10037000039B9B881A4606F093FB019B1A88039BFC
:100380009B8813449AB2019B1A800023184607B039
:100390005DF804FB00B589B0039002910192ADF8BD
:1003A0000230039B9B6A002B01D1072372E00023DC
:1003B0008DF81F3066E0039B996A9DF81F20134655
:1003C0005B0013449B000B440693069B9B880233FF
:1003D0000593059BFE2B01D90C235BE0059BDAB24C
:1003E000019B1B881946029B0B440132D2B21A7042
:1003F000019B1B8801339AB2019B1A80019B1B88C9
:100400001A46029B134416221A70019B1B88013363
:100410009AB2019B1A80069B1A88019B1B88194679
:10042000029B0B4419461046FFF7CEFB03461946C4
:10043000019B1A888BB213449AB2019B1A80069BC7
:100440009B88002B19D0069B9B68002B01D10723AA
:1004500020E0019B1B881A46029B9818069B99680E
:10046000069B9B881A4606F01BFB019B1A88069B7D
:100470009B8813449AB2019B1A809DF81F30013368
:100480008DF81F30039B93F82C309DF81F209A4263
:1004900091D30023184609B05DF804FB00B595B070
:1004A00005900491039200231393039B1B88ADF8DE
:1004B0004A30039B00221A80059B93F82D30002BB5
:1004C0000ED0BDF84A301A4603990498FFF792FB04
:1004D0001390139B1193119B002B01D0119BD8E01B
:1004E000059B9B78002B0ED0BDF84A301A46039925
:1004F0000498FFF790FC1390139B1093109B002B14
:1005000001D0109BC5E0059BDB78002B10D0059B2C
:10051000DB7858B2BDF84A30039A0499FFF7CBFC58
:100520001390139B0F930F9B002B01D00F9BB0E0F8
:10053000059B5B68002B11D0059B5B6893F900005D
:10054000BDF84A30039A0499FFF7F4FC1390139B0B
:100550000E930E9B002B01D00E9B9AE0059B1B89EE
:10056000002B14D0059B03F10800BDF84A3001931D
:10057000039B0093049B06220221FFF7C6FD139004
:10058000139B0D930D9B002B01D00D9B81E0059BD0
:100590001B8A002B14D0059B03F11000BDF84A30D4
:1005A0000193039B0093049B07220321FFF7ADFDFA
:1005B0001390139B0C930C9B002B01D00C9B68E0B9
:1005C000059B1B8B002B14D0059B03F11800BDF875
:1005D0004A300193039B0093049B15221421FFF7DB
:1005E00094FD1390139B0B930B9B002B01D00B9B43
:1005F0004FE0059B1B6A002B0FD0059B186ABDF8C6
:100600004A30039A0499FFF7F3FD1390139B0A9362
:100610000A9B002B01D00A9B3BE0059B5B6A002BE9
:100620000FD0059B586ABDF84A30039A0499FFF72A
:1006300041FE1390139B0993099B002B01D0099B4A
:1006400027E0059B93F82C30002B0ED0BDF84A30E4
:10065000039A04990598FFF79DFE1390139B089346
:10066000089B002B01D0089B13E0059B1B78002BF7
:100670000ED0BDF84A30039A04990598FFF723FB82
:100680001390139B0793079B002B01D0079B00E05F
:10069000139B184615B05DF804FB86B003900192D9
:1006A0001A460B46ADF80A3013468DF80930039B05
:1006B000002B02D0019B002B01D100234DE0002331
:1006C000ADF816300CE0BDF81630039A13441B78D1
:1006D0009AB2BDF8163013449BB20133ADF8163010
:1006E000019B1B88BDF816209A4209D3BDF816302D
:1006F0000133039A13441B789DF809209A4205D0D0
:10070000BDF81620BDF80A309A42DCD3BDF8162099
:10071000BDF80A309A4201D300231EE0BDF816301E
:100720000233ADF81430BDF81630039A13441B7829
:100730009BB2013BADF81230BDF81420BDF8123069
:100740001A44BDF80A309A4201DD002305E0019BFE
:10075000BDF814201A80BDF81230184606B0704754
:1007600000B585B001900B46ADF8023013468DF808
:1007700001300023ADF80C309DF8013003AABDF81C
:1007800002100198FFF789FF0346ADF80E30BDF85F
:100790000E30002B01D1002304E0BDF80C301A46C6
:1007A000019B1344184605B05DF804FB72DF7047E7
:1007B00000BF184673DF704700BF184682B0019033
:1007C000019B93F83034184602B0704784B0019012
:1007D000002303930AE0019A039B13441B78002B28
:1007E00001D0012306E0039B01330393039B052BF8
:1007F000F1D90023184604B07047000082B00346C8
:100800008DF807309DF807305A1C074B83FB021305
:100810005910D317C91A0B469B000B44D11ACBB2FF
:10082000184602B0704700BF6766666682B00190E6
:100830000091009BDB7B012B04D1009B9A88019BDC
:10084000A3F8242400BF02B0704700B585B0019022
:100850000091019B002283F82E24009B9A88019B23
:10086000B3F824349A4216D1019B1B7983F001031B
:10087000DBB2002B0FD00121019800F0B1FA0390F8
:10088000039B002B07D0019B9B6B002B03D0019B8C
:100890009B6B0398984700BF05B05DF804FB00B55B
:1008A00085B001900091009B1B88262B1ED1009BD8
:1008B0001B7A012B03D0009B1B7A022B17D1019BC3
:1008C0009B781846FFF79AFF03461946019800F0F7
:1008D00087FA0390039B002B09D0019B9B6B002B95
:1008E00005D0019B9B6B0398984700E000BF05B0C3
:1008F0005DF804FB00B585B001900B468DF8033020
:10090000019B03F227431846FFF760FF03468DF86B
:100910000F309DF80330013B032B33D801A252F86E
:1009200023F000BF35090300590903006D090300D6
:1009300079090300019B9B79002B0DD0019B93F853
:10094000243083F00103DBB2002B05D09DF80F307B
:10095000002B01D0012316E0019BDB79002B05D091
:100960009DF80F30002B01D002230CE0019B1B7A75
:10097000002B01D0032306E0019B5B7A002B01D002
:10098000042300E00023184605B05DF804FB00BF17
:1009900082B001900091019B012283F83120019BDC
:1009A0000022C3F82024019B03F22642009B5A60D8
:1009B000009B00229A60009B02221A70009B8022FA
:1009C0009A810023184602B0704782B001900091CE
:1009D000019B022283F83120019B93F82430002BE5
:1009E00003D0009B07221A7002E0009B03221A70BA
:1009F000019B1B699AB2009B9A81019B0022C3F85C
:100A00002024019B03F22642009B5A60019BDA6876
:100A1000009B9A600023184602B0704700B583B06F
:100A20000190019B5B79002B0FD0019B93F82E3432
:100A300083F00103DBB2002B07D00198FFF7BEFE65
:100A40000346002B01D0012300E0002303F0010343
:100A5000DBB2184603B05DF804FB00B585B0019029
:100A60000B468DF80330019BD3F81004019BB3F8BB
:100A7000143401221946FFF773FE0390039B002BE9
:100A800003D0039B9DF803201A70019B03F15400CF
:100A9000019B03F58261019B3C331A46FFF786FEFA
:100AA0000346184605B05DF804FB00B585B001901B
:100AB0000091019B5A69009B9A60019B9B699AB2C5
:100AC000009B9A81019B93F82430002B04D0019B5A
:100AD000062283F83C2003E0019B012283F83C209E
:100AE0000198FFF79BFF0346002B13D0009B0222C7
:100AF0001A7504210198FFF7B0FF0390039B02933E
:100B0000029B002B01D0029B0FE0019B052283F882
:100B1000312003E0019B032283F83120019B03F580
:100B20008262019BC3F820240023184605B05DF8BB
:100B300004FB00B585B001900091019BDA69009B30
:100B40009A60019B1B6A9AB2009B9A81019B93F861
:100B50002430002B04D0019B062283F83C2003E0C4
:100B6000019B012283F83C200198FFF757FF0346C1
:100B7000002B13D0009B02221A7504210198FFF765
:100B80006CFF0390039B0293029B002B01D0029BFE
:100B90000FE0019B062283F8312003E0019B042231
:100BA00083F83120019B03F58262019BC3F8202466
:100BB0000023184605B05DF804FB82B00190019B4C
:100BC0009B78002B06D0019B93F82030002B01D09E
:100BD00000230AE0019B9B6A042B03D0019B5B6A04
:100BE000042B01D1002300E00123184602B0704716
:100BF00084B00190019B93F82430002B03D0EE23A6
:100C0000ADF80E3002E01F23ADF80E30BDF80E3007
:100C1000184604B0704782B001900B468DF803303F
:100C2000019B9DF8032083F8302000BF02B070477D
:100C300030B587B001900091009B002B02D0019B42
:100C4000002B01D10E23B8E0009B78331846FFF744
:100C5000B4FF034683F00103DBB2002B01D007236E
:100C6000ABE0019B00229A70019A009B141D03F1D6
:100C700078050FCD0FC40FCD0FC495E8070084E8A9
:100C80000700019B002283F83020009BD3F8A420AA
:100C9000019B5A63009BD3F8A820019B9A63019B98
:100CA0004FF6FF72A3F82424019B03F58262019B97
:100CB000C3F82024019B03F2264307220021184693
:100CC00005F017FF019B1B7883F00103DBB2002BBB
:100CD00003D0019BFF2283F85420019B03F15502AE
:100CE000019BC3F810240198FFF782FF03461A46C0
:100CF000019BA3F814240098019B03F15501019B6B
:100D000003F214431A46FFF7C9FB0590059B0493B1
:100D1000049B002B01D0049B4FE0019B03F2312286
:100D2000019BC3F818240198FFF762FF03461A4697
:100D3000019BA3F81C24009B03F13C00019BD3F80A
:100D40001814019B03F21C431A46FFF7A7FB0590FA
:100D5000059B0393039B002B01D0039B2DE0019B7C
:100D6000012283F85120019B9B699AB2019BA3F851
:100D70004820019B012283F83C20019B00221A6439
:100D8000019B002283F85020019B5A69019B5A6401
:100D9000019B03F15400019B3C331A460021FFF7ED
:100DA00005FD0590059B0293029B002B01D0029B41
:100DB00003E0019B01221A70059B184607B030BD65
:100DC00082B00190019B1B68012B03D0019B1B6823
:100DD000022B01D1012300E00023184602B0704726
:100DE00000B585B001900B468DF80330019B1B7850
:100DF00083F00103DBB2002B01D0082309E1019B42
:100E00009DF803209A70019B03F2264307220021DC
:100E1000184605F06EFE019B9B79002B03D0019BC9
:100E20009B78012B0FD0019BDB79002B03D0019B1A
:100E30009B78012B07D0019BDB79002B14D0019B01
:100E40009B78022B10D1019B5B6B002B08D0019B80
:100E5000012283F82D24019B5B6B0820984703E057
:100E6000019B002283F82D249DF803301946019838
:100E7000FFF740FD03461A46019B9A70019B5B6B8E
:100E8000002B20D0019B9B78032B03D0019B9B78E8
:100E9000042B18D1019B5B79002B14D0019B93F894
:100EA0002E3483F00103DBB2002B0CD0019B002217
:100EB00083F83024019B012283F82F24019B5B6B74
:100EC0000720984703E0019B002283F82F24019B11
:100ED0003C3318220021184605F00BFE019B01222D
:100EE00083F83C20019B2C331846FFF769FF03462B
:100EF000002B06D0019BDB6ADAB2019B83F85120FC
:100F000003E0019B012283F85120019B93F82430D8
:100F1000002B12D0019B28331846FFF751FF0346E0
:100F2000002B06D0019B9B6ADAB2019B83F852200A
:100F300003E0019B012283F85220019B002283F8E9
:100F40005020019B9B78042B31D801A252F823F04A
:100F5000A50F0300650F0300750F0300850F030045
:100F6000950F0300019B3C3319460198FFF710FDD4
:100F700003901DE0019B3C3319460198FFF725FDC6
:100F8000039015E0019B3C3319460198FFF78DFD56
:100F900003900DE0019B3C3319460198FFF7C9FD12
:100FA000039005E0019B002283F8312000E000BFA0
:100FB000019B9B78002B20D0019B03F15400019BE7
:100FC000D3F82014019B3C331A46FFF7EFFB039044
:100FD000039B002B01D0039B1BE0019B93F8542043
:100FE000019B93F8303019461046FFF7E3FB03905E
:100FF000039B002B01D0039B0BE0019B5B6B002B41
:1010000006D0019B5B6B019A92F8312010469847FD
:101010000023184605B05DF804FB00BF00B585B09D
:1010200001900091009B0393019B1B88262B10D0FD
:10103000262B13DC102B02D0112B05D00EE00199CA
:101040000398FFF7F3FB0AE001990398FFF7FDFB14
:1010500005E001990398FFF722FC00E000BF00BF04
:1010600005B05DF804FB75DF704700BF184676DFFA
:10107000704700BF18467ADF704700BF18467BDF15
:10108000704700BF1846000084B00346ADF8063034
:101090000023039316E00F49039A13469B00134461
:1010A0009B000B441B88BDF806209A4207D1039A87
:1010B00013469B0013449B00064A134406E0039B1F
:1010C00001330393039B002BE5D00023184604B0A3
:1010D000704700BFF83F002082B001900B46ADF88A
:1010E0000230019BBDF802201A80019B00221A7277
:1010F000019B054903F10A020B4603CB10605160C6
:1011000000BF02B0704700BF2840002082B00190AD
:10111000019B4FF6FF721A8000BF02B0704788B083
:101120000390029111461A460B46ADF8063013465D
:10113000ADF80430039B9B881A46BDF80630134473
:101140000793039B9B881946039B9B88BDF8062049
:10115000934228BF13469BB2CB1A0693039BDB88AE
:101160001A46BDF8043013440593039BDB881946E7
:10117000039BDB88BDF80420934228BF13469BB233
:10118000CB1A0493029B5A88039B1B889A4205D36F
:10119000029B5A88039B5B889A4201D900231CE07A
:1011A000029B9B881A46069B934205D8029B9B880C
:1011B0001A46079B934201D200230EE0029BDB8874
:1011C0001A46049B934205D8029BDB881A46059B6E
:1011D000934201D2002300E00123184608B0704773
:1011E00000B583B00190064B9B69002B03D0044BE4
:1011F0009B690198984700BF03B05DF804FB00BFEE
:101200000C40002000B585B003460091ADF80630D3
:10121000BDF8063000991846FFF725FF0390039BA1
:10122000002B05D0039B112B02D00398FFF7D8FFAA
:10123000039B002B0CBF01230023DBB2184605B033
:101240005DF804FB00B589B00190019B0793079BF3
:101250009BB21846FFF718FF0690069B002B42D062
:10126000069B1A7A224B1B7B9A4215D2079B9AB295
:10127000069B0A3319461046FFF7C4FF03468DF854
:1012800013309DF81330002B2DD0069B1B7A0133B1
:10129000DAB2069B1A7226E0069B00221A72144BE1
:1012A0001B7C002B0FD0079B9BB23B211846FFF7FE
:1012B000DEFE0590059B002B05D0059B082B02D078
:1012C0000598FFF78DFF0A4B5B69002B0BD00023BD
:1012D0008DF80C30079B9BB2ADF80E30044B5B6968
:1012E00003AA1046984700BF09B05DF804FB00BF91
:1012F0000C40002030B587B00190019B002B01D13C
:101300000E2353E02B4A019B14461D460FCD0FC4FC
:1013100095E8070084E80700264B274A1A60019BDE
:101320001B68002B11D0019B1B681846FFF7A3FE1A
:101330000490049B002B01D0049B37E0019B1A68AA
:101340001D4B1068516803C308E01B48FFF797FE68
:101350000490049B002B01D0049B27E000230593FD
:1013600020E0059A13469B0013449B00134A134444
:1013700003930398FFF7CAFE059B5B01104A1A44CA
:10138000039B5A60039B04330E4A00211846F5F76D
:101390005FFC0490049B002B01D0032306E0059B17
:1013A00001330593059B002BDBD00023184607B0C3
:1013B00030BD00BF0C40002028400020F83F002036
:1013C000D83F00204512030000B587B003460091C6
:1013D000ADF80630009B5B7A002B1AD1009B1B7A7C
:1013E000002B03D1164B5B68059302E0144B9B68FE
:1013F0000593009B5B68BDF8062005991846F5F734
:101400005BFC0490049B002B16D00498FFF7E8FEC9
:1014100012E0009B00221A72094B5B69002B0BD073
:1014200001238DF80C30BDF80630ADF80E30044BBA
:101430005B6903AA1046984700BF07B05DF804FB3C
:101440000C40002000B585B00190019BDB7B8DF83E
:101450000F30019B9B88ADF80C309DF80F30012BAD
:101460002CD14FF6FF70FFF70FFE0290029B002B6E
:1014700003D10420FFF7B4FE21E0BDF80C3019467B
:101480000298FFF729FE029B03F10A00019B03F17A
:1014900010014FF6FF7340F2F312FFF740FE0346D0
:1014A0001A46029B5A72074BDB89002B07D1BDF805
:1014B0000C3002991846FFF787FF00E000BF05B027
:1014C0005DF804FB0C40002000B587B00190019B43
:1014D0009B88ADF81630BDF816301846FFF7D4FDDE
:1014E0000490049B002B0ED0049B5B681846F5F714
:1014F00019FC0390039B002B02D00398FFF770FEAA
:101500000498FFF703FE00BF07B05DF804FB00007E
:1015100000B587B00190019B06330593059B1A889F
:10152000194BDB899A422BD1059B5B89022B27D172
:10153000019B9B88ADF81230BDF812301846FFF7BA
:10154000A3FD0390039B002B1AD0059B0C33184678
:1015500000F074FA0346002B06D0BDF81230039950
:101560001846FFF731FF0BE0039B5B681846F5F761
:10157000D9FB0290029B002B02D00298FFF730FEAD
:1015800000BF07B05DF804FB0C40002000B585B03B
:101590000190019B9B88ADF80E30BDF80E301846C7
:1015A000FFF772FD0290029B002B15D0029B03F106
:1015B0000A00019B03F108014FF6FF7340F2F3129A
:1015C000FFF7ADFD03461A46029B5A72BDF80E3076
:1015D00002991846FFF7F8FE00BF05B05DF804FB5E
:1015E00000B583B001900091019B1B88502B12D055
:1015F000502B18DC122B12D0122B14DC102B02D023
:10160000112B04D00FE00198FFF71CFF0CE00198AC
:10161000FFF75AFF08E00198FFF77AFF04E001980E
:10162000FFF7B4FF00E000BF00BF03B05DF804FBAC
:1016300030B58FB00190009100230293009B002BE6
:101640001AD000230D9314E06B460D991846F6F757
:10165000CCFB0346002B09D0029B5A1C02920D9A28
:1016600092B25B000EA90B4423F82C2C0D9B013386
:101670000D930D9B132BE7D9019B1D4602AC0FCC9C
:101680000FC50FCC0FC594E8070085E80700019847
:101690000FB030BD00B583B00346ADF80630BDF8DD
:1016A0000630132B01D900230CE0BDF80630194693
:1016B0000648F6F769FBBDF8063019460448F6F708
:1016C00063FB0123184603B05DF804FB384000209B
:1016D0003440002000B585B00346ADF80630002345
:1016E00003930DE0039B9B00094A13440433BDF8A8
:1016F000062011461846F6F75FFB039B0133039360
:10170000039B1D2BEED900BF00BF05B05DF804FBA5
:101710003040002000B583B00346ADF80630BDF878
:10172000063019460348F6F747FB00BF03B05DF8E3
:1017300004FB00BF3840002030B59BB0184B9B68BD
:10174000DB431893164B5A6818AB11461846F6F748
:101750007CFB189A6B4611461846FFF769FF0DACE3
:101760006D460FCD0FC40FCD0FC495E8070084E878
:101770000700002319930BE0199B5B001AAA13447E
:1017800033F8303C1846FFF7A5FF199B0133199336
:101790000D9B199A9A42EFD300BF00BF1BB030BD1A
:1017A0003040002000B583B001900B46ADF8023008
:1017B00013468DF801309DF80130002B06D0BDF89E
:1017C000023019460198F6F7DFFA05E0BDF802305D
:1017D00019460198F6F7F0FA00BF03B05DF804FB74
:1017E00000B585B001900091019B9B88ADF80E304B
:1017F000019B1B88103B0A2B00F2888001A252F843
:1018000023F000BF311803006D1803000D19030009
:101810000D1903000D1903000D1903000D19030024
:101820000D1903000D190300D718030079180300E0
:10183000FFF782FFBDF80E301846FFF72BFF034677
:1018400083F00103DBB2002B05D0324AF0210420E3
:10185000F4F710FE57E0019BDB7B012B53D0BDF862
:101860000E3019462C48F6F78FFA4CE0BDF80E30D2
:101870001846FFF74FFF49E0019B1B7AC3F30313A0
:10188000DBB28DF80D309DF80D30032B8CBF01239A
:101890000023DAB2BDF80E3019462048FFF782FF68
:1018A0009DF80D30022B8CBF01230023DAB2BDF866
:1018B0000E3019461A48FFF775FF9DF80D30012BC1
:1018C0008CBF01230023DAB2BDF80E30194615484B
:1018D000FFF768FF1AE0019B1B7A002B15D1019BD3
:1018E0005B7AC3F3C003DBB2002B14BF01230023D8
:1018F0008DF80C309DF80C20BDF80E3019460748C5
:10190000FFF750FF01E000BF00E000BF00BF05B0DF
:101910005DF804FB2C9303003C400020484000206D
:10192000444000204040002000B583B00346ADF89D
:101930000630BDF80630132B01D9002306E0BDF8B0
:10194000063019460348F6F750FA0346184603B026
:101950005DF804FB3440002000B583B00346ADF8C9
:101960000630BDF806301846FFF7DEFF0346002BB1
:1019700002D0BDF8063000E01423184603B05DF82D
:1019800004FB00B587B003900B460192ADF80A3016
:10199000019B002B01D10E2338E0019B00221A602D
:1019A000039B002B01D10E2330E0039B1B68002B0F
:1019B00001D10E232AE0039BDB8803F003039BB2D3
:1019C000002B01D0072321E0BDF80A301846FFF7AD
:1019D000C3FF03468DF817309DF81730142B01D143
:1019E000052313E0039B1B799DF817209A4201D32E
:1019F00004230BE0039B1B689DF817200399C988FB
:101A000001FB02F21A44019B1A600023184607B03A
:101A10005DF804FB82B00190019B1B781AB2019B18
:101A200001331B781B021BB213431BB29BB2184637
:101A300002B07047AADF704700BF184600B585B0F6
:101A400001900198FFF7E6FF0346ADF80E30BDF8B0
:101A50000E3003F00103002B14BF01230023DBB27F
:101A6000184605B05DF804FB82B0034600918DF87E
:101A70000730009A13786FF303031370009A1378FA
:101A80006FF3071313709DF80730052B5BD801A285
:101A900052F823F0AD1A0300C31A0300DD1A030045
:101AA000F71A0300111B03002B1B0300009A137885
:101AB0006FF303031370009A13786FF30713137017
:101AC00040E0009A1378012161F303031370009A38
:101AD0001378012161F30713137033E0009A137830
:101AE000012161F303031370009A1378022161F35B
:101AF0000713137026E0009A1378012161F30303A2
:101B00001370009A1378032161F30713137019E01F
:101B1000009A1378022161F303031370009A13787B
:101B2000012161F3071313700CE0009A137802216E
:101B300061F303031370009A1378022161F3071312
:101B4000137000BF00BF00BF02B0704700B595B072
:101B5000034602910192ADF80E30029B9B78002B58
:101B600003D101238DF81E3003E0029B9B788DF892
:101B70001E30029B1B88ADF81C3006AB03220021EF
:101B8000184604F0B6FF029B5B7C06AA1146184675
:101B9000FFF76AFF029B9A7C06AB01331946104699
:101BA000FFF762FF029BDA7B9DF81A3062F3C303F2
:101BB0008DF81A30029B1A7C9DF81A3062F30413D8
:101BC0008DF81A30029B1A7B9DF81A3062F30003DD
:101BD0008DF81A30029B1B7D002B01D0022200E001
:101BE00001229DF81A3062F342038DF81A300DABD2
:101BF0001C220021184604F07CFF029B5B7B03F053
:101C00001003DBB2002B06D1029B5B7B03F02003A9
:101C1000DBB2002B24D004AB03220021184604F0D1
:101C200068FF029BDA7C04AB013319461046FFF7CC
:101C30001BFF9DF81030012262F303038DF8103072
:101C40009DF81030012262F307138DF810309DF8D3
:101C50001230012262F342038DF8123004AB12936A
:101C6000029B5B7B8DF83430029B9B7B8DF835307B
:101C700008AB14220021184604F03BFF07AB089381
:101C800006AB0993029B9B88ADF82C30029B9B68A6
:101C9000002B06D0029BDB88ADF82830029B9B68A6
:101CA0000C93029B9B69002B4FD005AB03220021B4
:101CB000184604F01EFF029B9B691B88ADF83C3060
:101CC000029B9B695B88ADF83E30029B9B695B6819
:101CD0000E9305AB1193029B9B691B7B05AA1146D2
:101CE0001846FFF7C1FE029B9B695A7B05AB013387
:101CF00019461046FFF7B8FE029B9B699A7A9DF839
:101D0000163062F3C3038DF81630029B9B69DA7AB2
:101D10009DF8163062F304138DF81630029B9B6910
:101D20001A7A9DF8163062F300038DF81630029B84
:101D30009B699B7B002B01D0022200E001229DF8D1
:101D4000163062F342038DF81630029BDB69002BDC
:101D500002D0029BDB69109308AA0DA9BDF80E0002
:101D6000019BFFF767FE0346184615B05DF804FBBC
:101D700090DF704700BF1846A5DF704700BF1846C8
:101D8000B5DF704700BF184682B00190019BF72273
:101D90001A80019B17225A80019B00221A71019B15
:101DA00000225A71019BFB229A71019B1B22DA715E
:101DB00000BF02B0704700B589B003460A46ADF8CF
:101DC00006301346ADF80430BDF80430ADF81430D9
:101DD000BDF80430ADF816300023ADF818300023FC
:101DE000ADF81A3003AB00221A609A8003AA05A945
:101DF000BDF806301846FFF7BBFF0790079B002B86
:101E000002D0BDF80C30002B079B184609B05DF8D6
:101E100004FB00B587B001900091009B9B88ADF852
:101E20001630BDF81630DB00019A134406330493D4
:101E3000019B1A79049B9A71009BDB7B012B02D0DA
:101E4000022B05D009E0019B1A88049B1A8004E04C
:101E5000019B5A88049B1A8000BF049B1A88049B2C
:101E60005B889A4215D9049B1A88BDF81630114632
:101E70001846FFF781FF0390039B002B03D1049BBF
:101E800001225A7105E0039B112B02D1049B012210
:101E90001A71049B9A79049BDB799A4208D9049BB6
:101EA0009B799AB2BDF8163011461846FFF783FFAA
:101EB00000BF07B05DF804FB00B583B0019000914E
:101EC000009B9B88DB00019A134406331846FFF7FA
:101ED0005BFF00BF03B05DF804FB00B587B0019065
:101EE0000091009B9B88ADF81630009B5B89ADF894
:101EF0001430BDF81630DB00019A13440633049306
:101F0000049B1B88BDF81420934228BF13469AB245
:101F1000049B5A80049B5B88172B38BF17239AB207
:101F2000049B5A80019B1B69002B15D0049B5B7995
:101F3000002B11D040F67723ADF80830BDF81630ED
:101F4000ADF80A30049B5B88ADF80C30019B1B692F
:101F500002AA114601989847049B00225A71049BDB
:101F600000221A7100BF07B05DF804FB00B589B00C
:101F700001900091009B9B88ADF81E30009BDB8890
:101F8000ADF81C30BDF81E30DB00019A1344063357
:101F90000693BDF81C30172B38BF1723ADF81C3043
:101FA000069B1B88BDF81C20934228BF13469AB29B
:101FB000069B5A80069B00221A71069B1A88BDF860
:101FC0001E3011461846FFF7DBFE0590069B5B7935
:101FD000002B16D1019B1B69002B13D040F67723F1
:101FE000ADF80C30BDF81E30ADF80E30069B5B88A6
:101FF000ADF81030019B1B6903AA11460198984760
:1020000000E000BF09B05DF804FB30B591B001906D
:102010000091009B04AC1D1D0FCD0FC40FCD0FC44C
:1020200095E8070084E80700BDF81030ADF83E30B1
:10203000BDF81420BDF83E30D1B2019ADB00134444
:102040000A465A73019B1B69002B19D002AB002270
:102050001A609A804DF67A23ADF80830BDF83E300C
:10206000ADF80A30BDF83E30019ADB0013445B7BCB
:102070008DF80C30019B1B6902AA11460198984704
:1020800000BF11B030BD00B587B001900091009B3A
:1020900004330593059B1B88DB00019A1344063328
:1020A0000493059B9B888DF80F30049B9B799DF8CA
:1020B0000F20934228BF13468DF80E30059B1B88D6
:1020C0009DF80E2092B211461846FFF774FE00BF2D
:1020D00007B05DF804FB00B585B001900091019B4D
:1020E000002B01D10E231DE0019B009A1A61019B78
:1020F000F7221A80019BF7225A80019BFB221A715A
:10210000002303930AE0039BDB00019A1344063388
:102110001846FFF739FE039B01330393039B002B03
:10212000F1D00023184605B05DF804FB82B00190A1
:102130000B46ADF80230019B002B01D10E230EE0BF
:10214000BDF80230162B03D9BDF80230F72B01D9A8
:10215000072304E0019BBDF802201A8000231846E3
:1021600002B0704700B587B001900091009B0593C5
:10217000019B9B88ADF81230BDF81230002B40F067
:102180008480019B1B88552B48D0552B55DC242B74
:1021900032DC102B51DB103B142B4ED801A252F82D
:1021A00023F000BFFF210300092203003B220300AC
:1021B0003B2203003B2203003B2203003B2203009F
:1021C0003B2203003B2203003B2203003B2203008F
:1021D0003B2203003B2203003B2203003B2203007F
:1021E0003B2203003B2203003B2203003B2203006F
:1021F00031220300272203003A2B0AD01DE0019967
:102200000598FFF706FE19E001990598FFF754FEBF
:1022100014E001990598FFF760FE0FE00199059819
:10222000FFF7A4FE0AE001990598FFF7EEFE05E02E
:1022300001990598FFF727FF00E000BFBDF81230B5
:10224000059ADB0013449B7A002B1FD0BDF8123097
:10225000059ADB001344DA88BDF81230114618469F
:10226000FFF78AFD0390039B002B0FD1BDF81230BE
:10227000059ADB00134400229A72BDF81230059AC9
:10228000DB0013440122DA7200E000BF07B05DF802
:1022900004FB00BFB0DF704700BF184666DF704721
:1022A00000BF184682B001900091019B002B01D124
:1022B0000E2316E0009B002B01D10E2311E0019BA1
:1022C0001B78DE2B01D108230BE0009B1A68019BD1
:1022D0005A60019BDE221A70019B4FF6FF725A80F2
:1022E0000023184602B0704782B001900B46ADF84B
:1022F0000230019B002B01D10E230AE0019B1B78C9
:10230000DE2B01D0082304E0019BBDF802205A8097
:102310000023184602B0704700B585B00190019BBC
:102320001B7A002B18D0019B5B8800211846FFF711
:10233000B5FF0390039B002B03D1019B00221A726F
:102340000AE0039B112B03D1019B01221A7203E0C7
:10235000019B5B680398984700BF05B05DF804FBDC
:1023600000B583B001900091009B1B79012B0BD12C
:10237000009B1A88019B5B889A4205D1019B012230
:102380001A720198FFF7C8FF00BF03B05DF804FBA5
:1023900082B00190009100BF02B0704700B589B0D3
:1023A00001900091009B1A88019B5B889A4236D16C
:1023B000009B02330793079B1B78022B31D1079BAD
:1023C0001B7A042B07D0079B1B7A062B03D0079B95
:1023D0001B7A052B27D102AB00221A605A609A6043
:1023E000DA6002238DF808304FF4C073ADF80C307A
:1023F000079B1B7A052B02D10023ADF80C30009B04
:102400001B8802AA11461846FFF744FF0690069B58
:10241000002B09D0019B5B680698984704E000BF39
:1024200002E000BF00E000BF09B05DF804FB00B5AA
:1024300085B001900091009B002B40D0019B002BA8
:102440003FD0009B0393039B1B78DE2B3BD1019B6A
:102450009A88039B5B889A4202D10398FFF75CFF3E
:10246000019B1B88512B18D0512B2EDC112B1BD01C
:10247000112B2ADC012B02D0022B07D025E0019B77
:10248000043319460398FFF76BFF21E0019B0433E7
:1024900019460398FFF77CFF1AE0019B04331946A5
:1024A0000398FFF77BFF13E0019B9A88039B5B88EF
:1024B0009A420CD1039B4FF6FF725A8007E000BF8F
:1024C00006E000BF04E000BF02E000BF00E000BF84
:1024D00005B05DF804FBA8DF704700BF1846ADDF0C
:1024E000704700BF1846AEDF704700BF184662DF76
:1024F000704700BF184600B58FB0019000910023CF
:102500000393019B5869009B9B8803AA1946FFF718
:1025100038FA0D9005AB08220021184604F0E9FABC
:1025200004AB06930223ADF814300023ADF8163047
:10253000009B9888019B1B8905AA1946FFF7CFFFCE
:102540000D900D9B002B26D1019B9B69002B22D067
:10255000069B1846FFF772FA0346002B1BD0039B1D
:10256000002B02D0039B01221A7007AB1822002116
:10257000184604F0BEFA02238DF81C30019B089324
:10258000009B9B88ADF82430039B0A93019B9B69B9
:1025900007AA1046984700BF0FB05DF804FB00B5CE
:1025A0008DB001900091009B06330B93019B5869FD
:1025B000009B9B8803AA1946FFF7E3F90A9004AB36
:1025C00018220021184604F094FA019B0593009B01
:1025D0009B88ADF81830039B07930B9B1A88019BCF
:1025E0001B899A4225D10B9B5B89022B21D1039B2E
:1025F000002B38D00B9B0C331846FFF71FFA03460D
:10260000002B06D0039B01221A7002238DF8103094
:1026100005E0039B00221A7003238DF81030019B04
:102620009B69002B1FD0019B9B6904AA1046984709
:1026300019E00B9B1A88019B9B899A4214D1019B3C
:102640009B69002B10D000238DF810300B9B0C33AE
:1026500008930B9B5B89ADF82430019B9B6904AA0E
:102660001046984700E000BF00BF0DB05DF804FBC6
:1026700000B58BB001900091019B5869009B9B882D
:1026800002AA1946FFF77DF90990099B002B1AD180
:10269000029B1B78002B17D003AB18220021184691
:1026A00004F027FA01238DF80C30019B0493009B62
:1026B0009B88ADF81430029B0693019B9B6903AA8B
:1026C0001046984700E000BF0BB05DF804FB00B572
:1026D00085B001900091009B002B1ED0019B002B28
:1026E0001BD0009B0393019B1B88572B10D0572BAB
:1026F00015DC102B02D0502B05D010E00199039867
:10270000FFF7F9FE0CE001990398FFF748FF07E097
:1027100001990398FFF7ACFF02E000BF00E000BFA3
:1027200005B05DF804FB000010B592B00190009177
:102730004F4B0AAC0FCB84E80F00019B002B01D15B
:102740000E2391E0009B002B01D10E238CE0009B17
:102750001A68019B9A61019A0AAB11461846FFF765
:10276000C6FE1190119B1093109B002B01D0109B63
:102770007AE0019B1B788DF83A300123ADF83830B0
:10278000019B9A1C0EAB19460120FFF7A4FE119085
:10279000119B0F930F9B002B01D00F9B64E002ABAA
:1027A00020220021184604F0A4F90223ADF80830D5
:1027B000019B1B788DF80A30F423ADF80C3001230F
:1027C000ADF80E3001238DF814309DF8153043F02C
:1027D00008038DF815309DF8153043F004038DF88B
:1027E000153001238DF8193001238DF81A30019B23
:1027F0005888019B03F10C0202AB1946FFF7A6F9BA
:102800001190119B002B01D0119B2DE002AB2022D7
:102810000021184604F06DF90323ADF80830019B40
:102820001B788DF80A30F423ADF80C300123ADF895
:102830000E3001238DF814309DF8153043F010034D
:102840008DF8153001238DF8193001238DF81A30D9
:1028500001238DF81B30019B5888019B1A1D02AB88
:102860001946FFF773F90346184612B010BD00BFB2
:102870009893030000B58DB0039002910192ADF8DA
:102880000230039B002B01D10E2342E0039B5B69C6
:1028900005AABDF802101846FFF773F80B900B9BC2
:1028A0000A930A9B002B01D00A9B32E0BDF802304C
:1028B0004FF6FF72934202D0059B002B01D10523F6
:1028C00027E0059B1B7883F00103DBB2002B01D0CE
:1028D00008231EE0019B1B88F42B01D9072318E075
:1028E00006AB10220021184604F003F9039B9B88D5
:1028F000ADF81830029B0993019B089301238DF8D2
:102900001A3006AABDF8023011461846FFF7EBFD53
:10291000034618460DB05DF804FB000082B0034684
:102920008DF807309DF8073003F01F0205499DF927
:1029300007305B09012000FA02F241F8232000BFB2
:1029400002B0704700E100E082B003468DF8073026
:102950009DF8073003F01F0206499DF907305B0917
:10296000012000FA02F2203341F8232000BF02B018
:10297000704700BF00E100E082B003468DF80730E9
:102980009DF90730002B0BDA0B4A9DF8073003F056
:102990000F03043B13441B7EDBB25B09DBB208E090
:1029A000064A9DF90730134493F80033DBB25B0904
:1029B000DBB2184602B0704700ED00E000E100E035
:1029C00000B583B00190019B002B03D10449C420C2
:1029D000FAF782FE019B5B68184603B05DF804FBC2
:1029E000A893030010DF704700BF184611DF70473F
:1029F00000BF184682B003468DF807309DF90730B6
:102A00001F2B0CDC9DF907300F4A22FA03F303F069
:102A10000103002B14BF01230023DBB210E09DF95A
:102A200007303F2B0BDC9DF90730203B012202FAD7
:102A300003F3002B14BF01230023DBB200E00123CA
:102A4000184602B0704700BFFC06FFBD82B001907F
:102A5000019B072B07D8EC22019B42FA03F303F0FA
:102A60000103002B01D1002300E00123184602B02E
:102A70007047000000B583B003468DF807309DF91C
:102A800007301846FFF7B6FF0346002B02D142F28B
:102A900001032EE09DF907301846FFF76DFF03464E
:102AA0001846FFF7D3FF0346002B02D142F2020380
:102AB0001FE0124B9B68002B15D09DF907305B0976
:102AC0000E4A52F823209DF8073003F01F0301211E
:102AD00001FA03F319469DF907305B090A430749D8
:102AE00041F8232004E09DF907301846FFF716FF50
:102AF0000023184603B05DF804FB00BFE02C002063
:102B000000B583B003468DF807309DF907301846AD
:102B1000FFF770FF0346002B02D142F201031FE0D2
:102B2000114B9B68002B15D09DF907305B090E4AAD
:102B300052F823109DF8073003F01F03012202FA18
:102B400003F3DA439DF907305B090A40064941F86F
:102B5000232004E09DF907301846FFF7F5FE002317
:102B6000184603B05DF804FBE02C002000B587B0E8
:102B700003468DF8073002AB14491846F5F71CFAE6
:102B800017E002AB1846FFF71BFF0590059B1B687B
:102B90000493059B59689DF80720049B10469847AD
:102BA0000346002B01D111230BE002AB1846F5F7C9
:102BB0002DFA02AB1846FFF703FF0346002BE0D1C6
:102BC0000023184607B05DF804FB00BF74940300AF
:102BD00000B587B003468DF8073002AB114918469F
:102BE000F5F7EAF912E002AB1846FFF7E9FE0590A7
:102BF000059B1B680493059B59689DF80720049B5F
:102C00001046984702AB1846F5F700FA02AB184693
:102C1000FFF7D6FE0346002BE5D100BF00BF07B08B
:102C20005DF804FB8094030000B583B01620FFF725
:102C300021FF0190019B0093009B002B04D0044ACC
:102C4000A1210098F3F716FC00BF03B05DF804FB68
:102C50000494030000B583B01620FFF751FF0190E4
:102C6000019B0093009B002B04D0044AAD210098E7
:102C7000F3F700FC00BF03B05DF804FB049403000D
:102C800000B585B0234B1B78002B01D008233CE016
:102C9000214B01221A700020FFF768FF0346112B19
:102CA00001D1002331E00020FFF792FF1B4B1B688E
:102CB000029300238DF807300DF107031846F4F74F
:102CC0005DFB02AB16491846FFF78CFE0390039B91
:102CD000002B0CBF01230023DAB20E4B1A709DF8B3
:102CE00007301846F4F760FB039B002B01D0039BD1
:102CF0000BE0094B00221A700A4B00221A70FFF7F2
:102D000093FF0120FFF764FF0023184605B05DF82C
:102D100004FB00BFAC400020AE40002070940300D4
:102D200091640200AD40002000B583B01D4B1B78BC
:102D300083F00103DBB2002B01D008232EE01A4BF5
:102D400001221A700120FFF711FF0346112B01D158
:102D5000002323E00220FFF73BFF00238DF8033020
:102D60000DF103031846F4F709FBFFF73FFE01904E
:102D70000C4B00221A709DF803301846F4F714FB30
:102D8000019B002B01D0019B08E0074B00221A7029
:102D9000FFF760FF0320FFF71BFF0023184603B077
:102DA0005DF804FBAC400020AE400020014B1B78D6
:102DB00018467047AC40002000B585B06B461149FD
:102DC0001846F5F7F9F810E06B461846FFF7F8FDDE
:102DD0000390039B1B680293039B5A68029B104657
:102DE00098476B461846F5F711F96B461846FFF7FA
:102DF000E7FD0346002BE7D100BF00BF05B05DF83B
:102E000004FB00BF8C94030008B5FFF7D5FF00BF9B
:102E100008BD60DF704700BF184669DF704700BF1C
:102E2000184661DF704700BF1846000000B583B048
:102E30000190019B002B03D10449C420FAF74CFCFC
:102E4000019B5B68184603B05DF804FB989403008F
:102E500082B00190019B002B01D10E2304E0044BB2
:102E60001A46019B1A600023184602B0704700BF43
:102E7000D82A002000B587B0034600918DF80730AE
:102E80000098FFF7E5FF0590059B002B01D0059BFF
:102E90007AE002AB0C220021184603F02AFE9DF8CE
:102EA00007308DF8083001238DF80A300623ADF87D
:102EB0000C30009B1A6802AB19462020FFF7ADFFCB
:102EC000059002AB0C220021184603F012FE0123EC
:102ED0008DF8093000238DF80A3000238DF80B306F
:102EE000009B1A6802AB19464020FFF796FF059039
:102EF00002AB0C220021184603F0FBFD9DF80730C1
:102F00008DF80830F723ADF80A30009B1A6802AB41
:102F100019462320FFF781FF059002AB0C22002108
:102F2000184603F0E6FD01238DF80830009B1A686F
:102F300002AB19460120FFF770FF059002AB0C228F
:102F40000021184603F0D5FD4FF4B0630293009BB7
:102F50001A6802AB1946A120FFF75FFF059002AB8C
:102F60000C220021184603F0C4FD9DF808306FF3D1
:102F700000038DF80830009B1A6802AB1946A020A8
:102F8000FFF74BFF05900023184607B05DF804FBE0
:102F900000B585B00190019B1B6803930198FFF772
:102FA00038FF0290019B1B68039A9A42029B002BF8
:102FB00002D1044B01221A70029B184605B05DF83D
:102FC00004FB00BFAF40002000B5ADF5077D01ABAD
:102FD0001860244B1B7883F00103DBB2002B3BD13C
:102FE0004FF4FA73ADF806320DF2062202AB114629
:102FF0001846FFF716FF8590859B002B03D0859B15
:10300000052B22D129E002AB84937FAB16491846E9
:10301000F4F7D2FF11E07FAB1846FFF707FF83906C
:10302000839B1B688293839B5A68829B114684987A
:1030300098477FAB1846F4F7E9FF7FAB1846FFF7D8
:10304000F5FE0346002BE6D1CAE7084A40F23911E3
:103050008598F3F70FFA00E000BF0DF5077D5DF8E6
:1030600004FB00BFAF40002064950300F49403000C
:1030700000B583B00190019B002B03D10449C4200B
:10308000FAF72AFB019B5B68184603B05DF804FB66
:10309000709503004BDF704700BF184600B589B03C
:1030A000019004AB1846FFF7F5FF0790079B002B34
:1030B00003D0079B052B20D124E002AB134918460F
:1030C000F4F77AFF11E002AB1846FFF7D1FF069044
:1030D000069B1B680593049A069B5968059B10463E
:1030E000984702AB1846F4F791FF02AB1846FFF77A
:1030F000BFFF0346002BE6D1D3E7054A6B210798B3
:10310000F3F7B8F900BF09B05DF804FB3C96030083
:10311000CC95030082B00190019B184602B0704725
:1031200000B58FB003900291009313468DF80730DD
:1031300000230D93029B09939DF807300A93009B8F
:103140000B939DF840300C93039B043309A9002294
:103150001846F7F767F80D900D9B18460FB05DF80D
:1031600004FB000082B00190034A019B1A60019B9E
:10317000184602B0704700BF5096030082B001901D
:10318000FB23184602B0704700B583B00190019B45
:1031900093F82030DBB2012B14BF01230023DBB2F4
:1031A000002B08D000220121019800F039F8019B82
:1031B000012283F820200123184603B05DF804FBA8
:1031C00000B583B00190019B93F82030DBB2052B52
:1031D00014BF01230023DBB2002B0DD007220121F5
:1031E000019800F01DF880224021019800F018F8A5
:1031F000019B052283F82020019B93F82030DBB24D
:10320000052B0CBF01230023DBB2002B00D0F3E71A
:10321000019B9B7EDBB2184603B05DF804FB000007
:1032200000B589B003900B468DF80B3013468DF82E
:103230000A309DF80B3063F07F03DBB28DF8183055
:103240009DF80A308DF81930104B00221A70039B3C
:10325000186905AB06A9022200920222FFF760FF5F
:103260000790079B002B01D0079B0BE0074B1B78B7
:10327000DBB2002B0CBF01230023DBB2002B00D0FC
:10328000F4E7079B184609B05DF804FB04350020FD
:1032900000B585B00190019B002B0CD0084B43F08A
:1032A00001030393019B9B010293054B43F0010330
:1032B0000298984700E000BF05B05DF804FB00BF2E
:1032C0006096030000B583B00190019B002B0FD0E6
:1032D0004FF47A70FFF7DCFF019B013B0193019BE8
:1032E000002B14BF01230023DBB2002B01D0EFE73A
:1032F00000BF03B05DF804FB00B583B00190F3F7A5
:10330000B5FF0346002B14BF01230023DBB2002BC3
:1033100001D0012300E00023184603B05DF804FB50
:1033200000B585B001900091009803F05EFC02901A
:1033300000230393039B029A9A4213D9039B009A9A
:1033400013441B781846F3F761FF0346002B14BFA4
:1033500001230023DBB2002B00D0EFE7039B0133F6
:103360000393E7E76420FFF7ADFF00BF05B05DF80A
:1033700004FB00B585B001900DF10F031846F3F77B
:103380000BFF0346002B14BF01230023DBB2002BED
:1033900000D0F1E79DF80F30184605B05DF804FB4A
:1033A00000B583B00190019B1B78022B03D1074825
:1033B000FCF7D4FB06E0019B1B78012B02D10448EB
:1033C000FCF7CCFB00BF03B05DF804FB34980300AE
:1033D0005098030000B585B00390029101920093CC
:1033E000019A0299039800F011F8F3F7B3FE054A29
:1033F000009B1360044A069B136000BF05B05DF894
:1034000004FB00BFB4400020B840002000B58FB0DE
:1034100003900291019208AB00221A605A609A60F0
:10342000DA601A615A610A230A930B230B93104B3B
:103430000D93029B0893019B09930E4B04934FF449
:10344000806305930C4B06934FF48063079304A9A4
:1034500008A80223094AF3F7EDFD0346DAB2084B48
:103460001A700848FCF77AFB00BF0FB05DF804FB48
:1034700000E0D701BC400020BC440020A133030081
:10348000B04000206C98030000B583B001900B4859
:10349000FCF764FB002344F620620949019800F020
:1034A00093F9019B19460748FCF758FBF3F752FEC6
:1034B000F3F7E6FE00BF03B05DF804FB909803004D
:1034C000A4980300B098030000B583B001901A4897
:1034D000FCF744FB002344F620621849019800F0F1
:1034E00073F9019B19461648FCF738FB0A20FFF7D1
:1034F000E9FE1448FCF732FB002344F6206212492F
:10350000019800F061F9019B19461048FCF726FB71
:103510000A20FFF7D7FE002344F620620C490198E9
:1035200000F052F9019B19460A48FCF717FB00BF4F
:1035300003B05DF804FB00BFBC980300D098030003
:10354000B0980300DC980300F4980300049903008A
:10355000209903003499030000B589B001904FF021
:10356000FF33069300238DF817302D48FCF7F6FA49
:10357000002344F620622B49019800F025F9034608
:103580008DF81730019B19462748FCF7E7FA9DF89C
:103590001730012B08D1019B184603F026FB034688
:1035A000002B01D0012300E00023002B32D0019B2F
:1035B0001E49184603F030FA04901C49002003F01D
:1035C0002BFA04901949002003F026FA0490049B7A
:1035D000002B1FD004991648FCF7C0FA07238DF87A
:1035E0000F30002307939DF80F30079A9A4211DAA3
:1035F000104A079B52F823301946049803F0CEFA7C
:103600000690069B002B01D1069B05E0079B01332A
:103610000793E8E74FF0FF33184609B05DF804FB65
:10362000B8990300D0990300B0980300E099030013
:10363000E4990300F42B002000B583B001900B4601
:103640008DF803309DF80330012B0FD14A48FCF769
:1036500085FA002344F620624849019800F0B4F846
:10366000019B19464648FCF779FA2CE09DF8033097
:10367000022B12D14348FCF771FA4348FCF76EFA6B
:10368000002344F620624149019800F09DF8019B17
:1036900019463B48FCF762FA15E09DF80330032B0E
:1036A00011D13B48FCF75AFA3748FCF757FA002388
:1036B00044F620623749019800F086F8019B1946CC
:1036C0002F48FCF74BFA0A20FFF7FCFD3248FCF7C5
:1036D00045FA002344F620623049019800F074F85E
:1036E000019B19462648FCF739FA0A20FFF7EAFD44
:1036F0002B48FCF733FA002344F62062294901984D
:1037000000F062F8019B19462748FCF727FA0A20C7
:10371000FFF7D8FD2548FCF721FA002344F6206284
:103720002349019800F050F8019B19462148FCF705
:1037300015FA0A20FFF7C6FD002344F620621E4951
:10374000019800F041F8019B19461C48FCF706FA65
:103750000A20FFF7B7FD002344F6206218490198BC
:1037600000F032F8019B19461648FCF7F7F900BF44
:1037700003B05DF804FB00BF609B0300809B030067
:10378000B09803009C9B0300BC9B0300C89B0300F4
:10379000E49B0300049C0300049A0300189A0300AE
:1037A000209C0300349C0300509C0300609C030099
:1037B000749C0300809C030020990300349903004B
:1037C000949C0300A89C030000B587B0039002916D
:1037D00001920093029B002B05D0F3F7BBFC0299EA
:1037E0000398FFF79DFD039B4FF48062002118466C
:1037F00003F07FF9274B1B6800221A60264B1B68D9
:103800000198984700230593224B1B681B68002BE7
:103810000CBF01230023DBB2002B35D00398FFF748
:103820006BFD0346002BEFD00398FFF7A2FD034684
:103830008DF81330059B40F2FD32934208DD1748A6
:10384000FCF78CF9039B002283F8FF2300231CE084
:10385000059B5A1C0592039A9DF81310D154039AA4
:10386000009B002B01D0009B00E00D4B1946104639
:1038700003F0B1F80346002B14BF01230023DBB291
:10388000002BC1D0012300E00023184607B05DF8EB
:1038900004FB00BFB8400020B44000201C9F030080
:1038A000489F030088B001900091114B0693104B84
:1038B0000793104B0593079A059B9A4212D0079ADB
:1038C00002AB07CA83E80700029B009A9A4205DD13
:1038D000039B009A9A4201DC049B05E0079B0C3392
:1038E0000793E8E74FF0FF33184608B0704700BF72
:1038F000689603001C97030088B001900091114B5B
:103900000693104B0793104B0593079A059B9A4219
:1039100012D0079A02AB07CA83E80700029B009AFD
:103920009A4205DD039B009A9A4201DC049B05E064
:10393000079B0C330793E8E74FF0FF33184608B0B6
:10394000704700BF1C970300D097030010B5ADF57A
:10395000046D07AC206006A8016005A90A6004AAEE
:1039600013600DF63C0106AB0A22186802F0C2FF94
:103970000DF6380105AB0A22186802F0BBFF04AB54
:103980001A6813469B0013445B00043B0DF62C01A0
:103990000A22184602F0AEFF0DF624030A22194649
:1039A000DDF8480802F0A6FF06AB1B68012B0CD11E
:1039B00004AA07AB11681868FFF774FF0DF634030B
:1039C0000A22194602F096FF1AE006AB1B68002B8C
:1039D00016D104AA07AB11681868FFF78DFF0346DC
:1039E00019463F48FCF7BAF804AA07AB11681868F3
:1039F000FFF782FF0DF634030A22194602F07AFF20
:103A00000DF224434FF480620021184603F071F850
:103A100009AB4FF480620021184603F06AF8314880
:103A200003F0E3F802460DF224432E49184603F052
:103A300037F89DF84C38002B15D10DF63C0209A83B
:103A40000DF6240303930DF62C0302930DF63403B5
:103A500001930DF6380300931346234A4FF4806117
:103A600002F055FF18E09DF84C38012B14D10DF6EB
:103A70003C0209A80DF6240303930DF62C030293D0
:103A80000DF6340301930DF6380300931346174ADD
:103A90004FF4806102F03BFF09A90DF224434FF47B
:103AA0008062184602F06BFF0DF22443194610485D
:103AB000FCF754F8C820FFF705FC0DF2244107A8D5
:103AC000002344F620620068FFF77EFE07AB1B6808
:103AD00019460848FCF742F800BF0DF5046D10BD0B
:103AE000689F0300789F0300849F0300A89F030042
:103AF000CC9F0300B098030082B00190019B184650
:103B000002B0704700B585B00190019B002B0CD02E
:103B1000084B43F001030393019B9B010293054B68
:103B200043F001030298984700E000BF05B05DF83C
:103B300004FB00BFF09F030000B583B00190019B20
:103B4000002B0FD04FF47A70FFF7DCFF019B013B95
:103B50000193019B002B14BF01230023DBB2002B38
:103B600001D0EFE700BF03B05DF804FB82B0019025
:103B7000019B01225A70019B184602B0704700B5A4
:103B800083B00190019800F022F8019B184603B021
:103B90005DF804FB00B585B00390029113468DF8E3
:103BA0000730039B00225A70039B012283F83820C0
:103BB000039B029ADA63039B9DF8072083F8402059
:103BC000039800F0E6F900BF05B05DF804FB00B50E
:103BD00083B00190019800F004F800BF03B05DF8D5
:103BE00004FB00B587B00390039B5B78002B02D0E9
:103BF0006FF001032CE00021039800F071FB0346F5
:103C0000ADF81630BDF91630002B02D0BDF91630D4
:103C10001EE001230093022309220121039800F0F2
:103C20002BFF0346ADF81630BDF91630002B02DA33
:103C3000BDF916300CE00123009302230922002174
:103C4000039800F019FF0346ADF81630BDF91630A1
:103C5000184607B05DF804FB00B583B001900091F1
:103C6000019B5B791A460099019800F005F803461C
:103C7000184603B05DF804FB00B587B003900291CD
:103C800013468DF807309DF807301946039800F069
:103C900035F80346ADF81630BDF91630002B02D0CA
:103CA000BDF9163024E0039B5B799BB21A460021D4
:103CB000039800F038FC03461A460F4BA3FB02237F
:103CC000DB089BB21846FFF737FF0A20FFF734FFE7
:103CD0000299039800F0D4F80346ADF81630BDF908
:103CE0001630002B02D00398FFF77BFFBDF916308A
:103CF000184607B05DF804FBCDCCCCCC00B583B042
:103D000001900B468DF80330019B5B78002B02D0AD
:103D10006FF0010326E0019B1B78002B02D06FF0AF
:103D200002031FE0019B5B799DF803209A4211D0AA
:103D30009DF803301A460021019800F003FB03466A
:103D4000002B14BF01230023DBB2002B02D04FF065
:103D5000FF3307E0002301220021019800F08EFAD2
:103D6000034600BF184603B05DF804FB00B583B0FE
:103D700001900091019BDB791A460099019800F0AF
:103D800005F80346184603B05DF804FB00B587B09C
:103D90000390029113468DF807309DF807301946BD
:103DA000039800F035F80346ADF81630BDF916302B
:103DB000002B02D0BDF9163024E0039BDB799BB2C7
:103DC0001A460021039800F0AEFB03461A460F4B3B
:103DD000A3FB0223DB089BB21846FFF7ADFE0A20C7
:103DE000FFF7AAFE0299039800F04AF80346ADF8DF
:103DF0001630BDF91630002B02D00398FFF7F1FE04
:103E0000BDF91630184607B05DF804FBCDCCCCCC1C
:103E100000B583B001900B468DF80330019B5B78B1
:103E2000002B02D06FF0010326E0019B1B78002BD2
:103E300002D06FF002031FE0019BDB799DF80320A5
:103E40009A4211D09DF803301A460021019800F0E3
:103E5000F6FA0346002B14BF01230023DBB2002B2C
:103E600002D04FF0FF3307E0012300220021019828
:103E700000F004FA034600BF184603B05DF804FBE7
:103E800000B585B001900091019B5B78002B02D0BA
:103E90006FF001034CE0019B1B78012B0BD0022B30
:103EA00013D1052320220821019800F04BFE034680
:103EB000ADF80E300CE0042310220821019800F028
:103EC00041FE0346ADF80E3002E06FF002032FE032
:103ED000BDF90E30012B0DD0012B27DCB3F1FF3FD4
:103EE00002D0002B03D021E04FF0FF3320E06FF031
:103EF00003031DE0019B1B788DF80D30019B002210
:103F00001A709DF80D30012B07D0022B0BD10099B0
:103F1000019800F031FB03460AE00099019800F097
:103F200069FB034604E04FF0FF3301E04FF0FF333D
:103F3000184605B05DF804FB00B585B00190019B03
:103F40005B78002B02D06FF001031EE0A5220E214A
:103F5000019800F01BFD96220F21019800F016FD3C
:103F600002226221019800F011FD00220E21019829
:103F700000F00CFD00220F21019800F007FD03ABBB
:103F800019460198FFF768FE0023184605B05DF852
:103F900004FB00B589B0039000230F220D21039884
:103FA00000F0D0FD0346ADF81E30BDF91E30002BE9
:103FB00003D0039B01225A7069E0BDF81E30DAB2CB
:103FC000039B9A700423F0220D21039800F0BAFDA0
:103FD0000346ADF81C30BDF91C30002B03DA039BFF
:103FE00001225A7053E0BDF81C30DAB2039BDA703C
:103FF000072380222821039800F0A4FD0346ADF892
:104000001A30BDF91A30002B03DA039B01225A70D3
:104010003DE0BDF81A30DAB2039B1A72BDF81A30CF
:10402000D9B20723009380230722039800F024FDD0
:1040300003469BB2DB0BDBB2002B03D0039B0122B8
:104040005A7024E0039800F025F803469BB2DB0B7E
:10405000DBB2002B03D0039B01225A7017E00398B8
:10406000FFF7BFFD03220221039800F06BF9032242
:104070000221039800F0E3F905AB19460398FFF716
:10408000EBFD0398FFF7ADFD0398FFF755FF09B06F
:104090005DF804FB00B589B0019003AB122210213A
:1040A000019800F01DFC0346ADF81E30BDF91E302E
:1040B000112B02DC4FF0FF33DCE09DF80C301B01CC
:1040C0009DF80D201209D2B213431A46019BDA6003
:1040D000019BDB6803F40063002B06D0019BDB68C7
:1040E000A3F580531A46019BDA60019BDB685B08ED
:1040F0001A46019BDA609DF80D301B0203F47063D1
:104100009DF80E2013431A46019B1A61019B1B69FF
:1041100003F40063002B06D0019B1B69A3F58053B9
:104120001A46019B1A619DF80F301A039DF8103052
:104130001B0113439DF811201209D2B213431A46F2
:10414000019B5A61019B5B6903F40023002B06D09D
:10415000019B5B69A3F580131A46019B5A619DF888
:1041600011301B0403F470229DF812301B0213431C
:104170009DF8132013431A46019B9A61019B9B698A
:1041800003F40023002B06D0019B9B69A3F5801349
:104190001A46019B9A619DF814301B029DF8152068
:1041A00013431A46019BDA61019BDB6903F4004368
:1041B000002B06D0019BDB69A3F580331A46019BD7
:1041C000DA619DF816301B029DF8172013431A463A
:1041D000019B1A62019B1B6A03F40043002B06D06B
:1041E000019B1B6AA3F580331A46019B1A629DF856
:1041F00018301B029DF8192013431A46019B5A627E
:10420000019B5B6A03F40043002B06D0019B5B6AB1
:10421000A3F580331A46019B5A629DF81A301B029F
:104220009DF81B2013431A46019B9A62019B9B6ACF
:1042300003F40043002B06D0019B9B6AA3F5803357
:104240001A46019B9A629DF81C301B029DF81D20A6
:1042500013431A46019BDA62019BDB6A03F40043B5
:10426000002B06D0019BDB6AA3F580331A46019B25
:10427000DA620023184609B05DF804FB00B585B08A
:104280000190084611461A4603468DF803300B4646
:104290008DF8023013468DF801309DF803309B00F5
:1042A000DBB203F00403DAB29DF802305B00DBB24C
:1042B00003F00203DBB21343DAB29DF8013003F0DE
:1042C0000103DBB213438DF80F309DF80F30194610
:1042D000019800F005F80346184605B05DF804FBA8
:1042E00000B583B001900B468DF803309DF8033084
:1042F00003F007038DF803309DF80330032B03D040
:104300009DF80330042B02D14FF0FF3316E09DF8E7
:1043100003301A460821019800F038FB0346002BB1
:1043200014BF01230023DBB2002B02D04FF0FF3378
:1043300004E0019B9DF803201A700023184603B087
:104340005DF804FB00B587B003900B468DF80B3089
:1043500013468DF80A309DF80B3003F007038DF8F3
:104360000B309DF80A3003F007038DF80A309DF8F2
:104370000B301B018DF815309DF815209DF80A3083
:1043800013438DF81530039B1B7ADB01DAB29DF8DD
:10439000153013438DF815309DF815301A46072156
:1043A000039800F0F3FA0346ADF81630BDF9163065
:1043B000002B02D04FF0FF333DE09DF80A30032B75
:1043C0000BD903230093082309220121039800F04D
:1043D00053FB0346ADF816300AE00323009308238D
:1043E00009220021039800F047FB0346ADF8163080
:1043F000BDF91630002B08D1039B9DF80B201A71D4
:10440000039B9DF80A205A7113E0039B1B799DF8CA
:104410000B209A4205D1039B5B799DF80A209A42B2
:1044200007D0039B1979039B5B791A460398FFF722
:1044300089FFBDF91630184607B05DF804FB00B5DA
:1044400087B003900B468DF80B3013468DF80A3079
:104450009DF80B3003F007038DF80B309DF80A3000
:1044600003F007038DF80A309DF80B301B018DF81F
:1044700015309DF815209DF80A3013438DF815303E
:104480009DF815301A460621039800F07FFA03467E
:10449000ADF81630BDF91630002B02D04FF0FF33C7
:1044A0003DE09DF80A30032B0BD90223009304232F
:1044B00009220121039800F0DFFA0346ADF8163017
:1044C0000AE002230093042309220021039800F04C
:1044D000D3FA0346ADF81630BDF91630002B08D1DB
:1044E000039B9DF80B209A71039B9DF80A20DA71BB
:1044F00013E0039B9B799DF80B209A4205D1039B07
:10450000DB799DF80A209A4207D0039B9979039B97
:10451000DB791A460398FFF792FFBDF9163018466B
:1045200007B05DF804FB82B001900B46ADF8023095
:104530001346ADF80030BDF8023003F00703ADF8C4
:104540000230BDF8003003F00703ADF80030BDF8CD
:104550000230142202FA03F39AB2BDF80010BDF83B
:1045600002300B44102101FA03F39BB213449BB2B7
:10457000184602B07047000000B587B00190009166
:104580001B4B1B788DF80C300DF10D0300221A80A7
:1045900003AB03220321019800F0A2F90346ADF812
:1045A0001230BDF91230032B02D04FF0FF331BE065
:1045B0009DF80C301A049DF80D301B0213439DF832
:1045C0000E2013430593059B03F40003002B03D037
:1045D000059B03F17F4305930599019800F048F886
:1045E0000246009B1A600023184607B05DF804FBE2
:1045F00018A0030000B587B0019000911B4B1B78F9
:104600008DF80C300DF10D0300221A8003AB03224C
:104610000021019800F064F90346ADF81230BDF9AD
:104620001230032B02D04FF0FF331BE09DF80C300B
:104630001A049DF80D301B0213439DF80E201343FE
:104640000593059B03F40003002B03D0059B03F1A6
:104650007F4305930599019800F052F80246009BAC
:104660001A600023184607B05DF804FB18A0030089
:1046700030B585B001900091009801F06DFB0246C5
:104680000B46CDE90223019B5B791A461B4B53F87D
:104690002230184601F060FB02460B46DDE90201BC
:1046A00001F0C4F902460B46CDE902230199DDE988
:1046B0000223C1E90C23019BDB68184601F04CFB87
:1046C00004460D46019B1B69184601F045FBDDE9D8
:1046D000022301F00FF902460B462046294600F05E
:1046E000E3FF02460B46CDE90223DDE9020101F0BA
:1046F00011FB0346184605B030BD00BFF89F03000C
:104700002DE9F04F85B001900091009801F024FB55
:1047100002460B46CDE90223019BDB791A464D4B3D
:1047200053F82230184601F017FB02460B46DDE92C
:10473000020101F07BF902460B46CDE90223019B01
:104740005B69184601F008FB04460D46019B9B6916
:10475000184601F001FB06460F46019B5B6A1846AE
:1047600001F0FAFA80468946019BDB6A184601F09F
:10477000F3FADDE9022301F0BDF802460B4640469C
:10478000494600F091FF02460B4610461946DDE906
:10479000022301F0AFF802460B463046394600F0DE
:1047A00083FF02460B4610461946DDE9022301F05D
:1047B000A1F802460B462046294600F075FF024646
:1047C0000B4692469B46019BD3E90C45019BDB6956
:1047D000184601F0C1FA06460F46019B1B6A1846AF
:1047E00001F0BAFA80468946019B9B6A184601F09F
:1047F000B3FADDE9022301F07DF802460B4640469C
:10480000494600F051FF02460B4610461946DDE9C5
:10481000022301F06FF802460B463046394600F09D
:1048200043FF02460B462046294601F063F8024644
:104830000B465046594600F037FF02460B46CDE97D
:104840000223DDE9020101F065FA0346184605B0CE
:10485000BDE8F08FF89F030000B583B001900B46D0
:104860008DF80330019BDA6B019B93F840301946B9
:10487000104600F035FE019BDB6B9DF803201146CE
:10488000184600F0C3FE019BDB6B0021184600F0C8
:104890004DFE019BD86B019B93F840100123012230
:1048A00000F096FD0346002B14BF01230023DBB26A
:1048B000002B07D0019BDB6B184600F0CBFE0346B4
:1048C0001BB207E00548FBF749F9402000F0DAFE8B
:1048D0004FF0FF33184603B05DF804FB1CA0030043
:1048E00000B587B0039001930B468DF80B3013464B
:1048F0008DF80A30019B002B01D1002342E0039B7D
:10490000DA6B039B93F840301946104600F0E8FD3F
:10491000039BDB6B9DF80B201146184600F076FEDA
:10492000039BDB6B0021184600F000FE039BD86B55
:10493000039B93F840109DF80A20012300F048FDE6
:104940000346ADF814300023ADF81630BDF916203B
:10495000BDF914309A4213DA039BDB6B184600F062
:1049600079FE0146BDF91630019A1344CAB21A7095
:10497000BDF916309BB201339BB2ADF81630E5E7B6
:10498000BDF91430184607B05DF804FB00B583B0DC
:1049900001900B468DF8033013468DF802309DF8D8
:1049A00002209DF803100023019800F005F803464B
:1049B000184603B05DF804FB00B583B001900846CB
:1049C00011461A4603468DF803300B468DF8023027
:1049D00013468DF80130019BDA6B019B93F8403050
:1049E0001946104600F07CFD019BDB6B9DF803200F
:1049F0001146184600F00AFE019BDB6B9DF8022071
:104A00001146184600F002FE019BDB6B184600F0D1
:104A1000F1FD0346002B0CBF01230023DBB2002B6A
:104A200008D01448FBF79AF8402000F02BFE4FF016
:104A3000FF331AE09DF80130002B01D1002314E070
:104A40009DF8033019460198FFF706FF03461A4602
:104A50009DF802309A420CBF01230023DBB2002BE9
:104A600001D0002301E04FF0FF33184603B05DF89A
:104A700004FB00BF1CA0030000B585B003900846EE
:104A800011461A4603468DF80B300B468DF80A3056
:104A900013468DF809309DF809009DF80A209DF80D
:104AA0000B10002301939DF81830009303460398E0
:104AB00000F005F80346184605B05DF804FB00B5A4
:104AC00085B00190084611461A4603468DF803301A
:104AD0000B468DF8023013468DF801309DF80230F8
:104AE00019460198FFF7B8FE0346ADF80E30BDF940
:104AF0000E30002B02DABDF90E301FE0BDF80E308B
:104B00005AB29DF90130DB435BB213405AB29DF8B3
:104B100003109DF8183001FA03F359B29DF90130E2
:104B20000B405BB213435BB2DAB29DF81C309DF8C8
:104B300002100198FFF740FF034600BF184605B07A
:104B40005DF804FB00B585B00190084611461A4691
:104B500003468DF803300B468DF8023013468DF86E
:104B600001309DF8033019460198FFF775FE0346A2
:104B7000ADF80E30BDF90E30002B02DABDF90E3063
:104B80000CE0BDF80E30DAB29DF802301340DBB213
:104B90001A469DF8013042FA03F31BB2184605B0DD
:104BA0005DF804FB82B00190019B184602B070478B
:104BB00000B585B001900B468DF8033013468DF893
:104BC0000230019B1A68019B1B791946104600F0C0
:104BD00087FC019B1B689DF803201146184600F0D6
:104BE00015FD019B1B689DF802201146184600F038
:104BF0000DFD019B1B68184600F0FCFC0346039367
:104C0000039B002B05D10548FAF7A8FF012000F00F
:104C100039FD00BF05B05DF804FB00BF38A00300FC
:104C200000B585B001900B468DF80330019B1A68E2
:104C3000019B1B791946104600F052FC019B1B6832
:104C40009DF803201146184600F0E0FC019B1B680C
:104C5000184600F0CFFC03460393039B002B05D1BD
:104C60001348FAF77BFF012000F00CFD019B186848
:104C7000019B1B790122194600F01CFC034603939B
:104C8000039B002B05D10A48FAF768FF012000F0CA
:104C9000F9FC019B1B68184600F0DCFC03468DF80C
:104CA0000B309DF80B30184605B05DF804FB00BFD3
:104CB00038A0030000B585B001900B468DF8033095
:104CC00013468DF802309DF80330072B2ED80621AD
:104CD0000198FFF7A5FF03468DF80F309DF80230CD
:104CE000002B12D19DF80330012202FA03F35BB2CC
:104CF000DB435AB29DF90F3013405BB2DBB21A4668
:104D000006210198FFF754FF40E09DF8033001228F
:104D100002FA03F35AB29DF90F3013435BB2DBB2D0
:104D20001A4606210198FFF743FF2FE0072101985B
:104D3000FFF776FF03468DF80F309DF80230002B09
:104D400013D19DF80330083B012202FA03F35BB252
:104D5000DB435AB29DF90F3013405BB2DBB21A4607
:104D600007210198FFF724FF10E09DF80330083B6E
:104D7000012202FA03F35AB29DF90F3013435BB2DA
:104D8000DBB21A4607210198FFF712FF00BF05B0FA
:104D90005DF804FB00B585B001900B468DF803303B
:104DA00013468DF802309DF80330072B2CD80221D2
:104DB0000198FFF735FF03468DF80F309DF802305C
:104DC000012B11D19DF80330012202FA03F3DBB26B
:104DD000DB43DAB29DF80F301340DBB21A460221F2
:104DE0000198FFF7E5FE3DE09DF80330012202FA4D
:104DF00003F3DAB29DF80F301343DBB21A460221F7
:104E00000198FFF7D5FE2DE003210198FFF708FF79
:104E100003468DF80F309DF80230012B12D19DF81A
:104E20000330083B012202FA03F3DBB2DB43DAB2C0
:104E30009DF80F301340DBB21A4603210198FFF7AB
:104E4000B7FE0FE09DF80330083B012202FA03F39E
:104E5000DAB29DF80F301343DBB21A4603210198F2
:104E6000FFF7A6FE00BF05B05DF804FB82B001901D
:104E7000019B184602B0704700B585B001900B4603
:104E80008DF8033013468DF802309DF90320019B05
:104E90001A750F21019800F051F903468DF80F3073
:104EA0009DF80F209DF802309A4207D09DF80F30F0
:104EB0009DF8022019460948FAF750FE2F222021BA
:104EC000019800F007F900222321019800F002F96F
:104ED0000123184605B05DF804FB00BF54A0030091
:104EE00000B585B00190019B93F91430DBB21946EF
:104EF0005A4800F0F5FAA821584800F087FB5748B7
:104F000000F078FB019B93F91430DBB206221946BE
:104F1000524800F0CFFA514800F09CFB03461AB209
:104F2000019B1A804D4800F095FB03469BB2190285
:104F3000019BB3F900200BB213431AB2019B1A80F4
:104F4000464800F087FB03461AB2019B5A8043484B
:104F500000F080FB03469BB21902019BB3F90220CB
:104F60000BB213431AB2019B5A803C4800F072FB0B
:104F700003461AB2019B9A80384800F06BFB034647
:104F80009BB21902019BB3F904200BB213431AB26E
:104F9000019B9A80019800F063F803468DF80D306C
:104FA0000123ADF80E309DF80D30032B03D140F2F4
:104FB0005553ADF80E309DF80D30022B03D14FF450
:104FC0008053ADF80E309DF80D30012B03D141F622
:104FD000FE73ADF80E309DF80D30002B03D143F673
:104FE000FC73ADF80E30019BB3F9003007EE903A38
:104FF000F8EEE76ABDF80E3007EE903AB8EEE77AC1
:10500000C6EE877A019BC3ED027A019BB3F90230A9
:1050100007EE903AF8EEE76ABDF80E3007EE903AE8
:10502000B8EEE77AC6EE877A019BC3ED037A019B5F
:10503000B3F9043007EE903AF8EEE76ABDF80E30A7
:1050400007EE903AB8EEE77AC6EE877A019BC3ED99
:10505000047A00BF05B05DF804FB00BFE02E00201D
:1050600000B583B001902321019800F067F8034652
:105070001B11DBB203F00303DBB2184603B05DF88B
:1050800004FB00B585B001900B468DF8033020215C
:10509000019800F053F803468DF80F309DF80F305B
:1050A00003F00F038DF80F309DF803301B015AB247
:1050B0009DF90F3013435BB28DF80F309DF80F3020
:1050C0001A462021019800F005F800BF05B05DF8F0
:1050D00004FB000000B585B001900B468DF803304D
:1050E00013468DF80230019B93F91430DBB2194658
:1050F000104800F0F5F99DF8033019460D4800F00E
:1051000085FA9DF8023019460A4800F07FFA0948EE
:1051100000F070FA03460393039B002B05D1064869
:10512000FAF71CFD202000F0ADFA00BF05B05DF8D5
:1051300004FB00BFE02E00208CA0030000B585B06A
:1051400001900B468DF80330019B93F91430DBB2CC
:1051500019461B4800F0C4F99DF803301946184859
:1051600000F054FA164800F045FA03460393039BF7
:10517000002B05D11348FAF7F1FC202000F082FA49
:10518000019B93F91430DBB2012219460C4800F060
:1051900091F903460393039B002B05D10948FAF7C5
:1051A000DDFC202000F06EFA054800F053FA0346BB
:1051B0008DF80B309DF80B30184605B05DF804FBF8
:1051C000E02E00208CA0030000B585B001902621C0
:1051D0000198FFF7B3FF03468DF80F303121019896
:1051E000FFF7ACFF0346184605B05DF804FB00006E
:1051F00000B583B001900091019B1B78022B0CD06D
:10520000022B12DC002B0FD0012B0ED10A48FAF72B
:10521000A5FC0A4B01221A7007E00948FAF79EFC28
:10522000064B01221A7000E000BF064B01221A70E3
:1052300000BF03B05DF804FBCCA00300BD48002014
:10524000F0A00300BC48002084B0039002910192BA
:105250008DF80330039B029A1A60039B019A5A60EF
:10526000039B9DF803201A72039B049ADA60039B48
:105270004FF040221A61039B00221A75039B1846C7
:1052800004B0704700B589B00190194B1B78002B12
:1052900029D1019B5B680393019B1B680493019BCD
:1052A0001B7A8DF8183000238DF81930019BDB68CC
:1052B0000593019B03F1100003A900230D4AF7F7A2
:1052C00083F90790079B002B04D00B4A29210798EC
:1052D000F1F7D0F8019B10331846F7F767FA044B43
:1052E00001221A7000E000BF09B05DF804FB00BFA6
:1052F000BE480020F151030014A1030000B583B0A3
:1053000001900A4B1B7883F00103DBB2002B08D11C
:10531000019B10331846F7F7FBF9044B00221A7073
:1053200000E000BF03B05DF804FB00BFBE480020F2
:1053300082B00190019B1033184602B07047000004
:1053400000B585B00190019B002B0CD0084B43F0B9
:1053500001030393019B9B010293054B43F001035F
:105360000298984700E000BF05B05DF804FB00BF5D
:10537000A0A1030000B583B00190019B002B0FD0CA
:105380004FF47A70FFF7DCFF019B013B0193019B17
:10539000002B14BF01230023DBB2002B01D0EFE769
:1053A00000BF03B05DF804FB82B001900091019B47
:1053B000009A1A60019B00225A72019B0022DA7245
:1053C000019B00229A71019B184602B070470000B1
:1053D00000B585B00190084611461A4603468DF87F
:1053E00003300B468DF8023013468DF80130019BD7
:1053F00000229A72019B00225A7247F230530393A3
:105400009DF80230002B01D1002346E0254B0022FD
:105410001A70254B00221A70019B1868019B03F13A
:105420000C029DF802309DF80310F7F787FC0290FC
:10543000029B002B2BD11B4B1B78DBB2002B04D122
:10544000039B002B01DD012300E00023002B06D08D
:105450000120FFF78FFF039B013B0393EBE7114B09
:105460001B78DBB2012B06D10F4B1B78DBB2002B74
:1054700001D1012300E00023002B04D0019B9DF803
:1054800002209A7207E00948FAF768FB03E00299E4
:105490000748FAF763FB019B9B7A184605B05DF855
:1054A00004FB00BFBC480020BD480020A8A10300A9
:1054B000D0A1030000B583B001900B468DF80330F6
:1054C00013468DF802309DF802209DF80310012349
:1054D0000198FFF77DFF0346184603B05DF804FB13
:1054E00000B583B001900B468DF80330019B9DF809
:1054F00003201A72019B0022DA72019B00225A7269
:10550000019B2C3320220021184601F0F2FA019B66
:105510000C3320220021184601F0EBFA019B0122F6
:105520009A7100BF03B05DF804FB000010B586B0AF
:1055300003900B468DF80B30039B00229A7147F2C3
:1055400030530593274B00221A70274B00221A7004
:10555000039B1868039B197A039B03F12C02039B9E
:10556000DB7A1C46002300932346F7F7BFFB049029
:10557000049B002B07D004991C48FAF7EFFA039B11
:105580000022DA7228E0184B1B78DBB2002B04D122
:10559000059B002B01DD012300E00023002B06D03A
:1055A0000120FFF7E7FE059B013B0593EBE70E4B60
:1055B0001B78DBB2002B04D00A4B1B78DBB2012B2B
:1055C00001D1012300E00023002B05D0039B002222
:1055D000DA720748FAF7C2FA039BDB7A184606B07C
:1055E00010BD00BFBD480020BC480020F8A103004A
:1055F0001CA2030000B583B0019000210198FFF7C1
:1056000095FF0346184603B05DF804FB82B0019095
:105610000B468DF80330019B9B7983F00103DBB2CD
:10562000002B03D1019BDB7A1F2B01D900230EE055
:10563000019BDB7A5A1CD1B2019AD1721A46019BA6
:1056400013449DF8032083F82C20019BDB7A184635
:1056500002B0704782B00190019B5A7A019B9B7AFD
:105660009A4201D1002309E0019B5B7A5A1CD1B216
:10567000019A51721A46019B13441B7B184602B0D3
:105680007047000082B00346ADF80630054B1B881A
:105690009AB2BDF8063013439AB2024B1A8000BF8B
:1056A00002B07047C048002030B591EA030F00F106
:1056B0008480841A71EB030C05D2121953EB0C038E
:1056C000001B71EB0C0140F2000CCFF6E07C1CEAF1
:1056D000430F54D0BCEB410F61D90C0DA4EB135E0A
:1056E00031EA0C0141F4801133EA0C0343F48013D6
:1056F000DEF1200C2AD303FA0CF5401941F1000128
:1057000022FA0EF5401923FA0EF5694112FA0CF24D
:10571000CD0208D349085FEA30005FEA320228BFB1
:1057200042F001020134013C5FEA500C72F1004288
:1057300050F1000051EB04514FF4001313EB410FF3
:1057400038BF30BD090D0905002030BDBEF1200E67
:10575000BEF1200F1ED223FA0EF5401941F10001CF
:10576000CEF1200C124218BF012203FA0CF52A4395
:10577000CEE711EA5C0F04BF0020002130BD1CEA17
:10578000410F04BF01F00041002030BD01F0004195
:10579000002030BD21F4801101EB045130BD0042E6
:1057A00018BF41F00101BCEB410F08BF30BD4FF005
:1057B000FE4141F47801002030BD83F00043841A9B
:1057C00071EB030E07D28EF0004E001B71EB0E0141
:1057D000121953EB0E0340F2000CCFF6E07C1CEAEA
:1057E000430FC6D0BCEB410F72D90C0DA4EB135E76
:1057F000C90241EA5051C00241F00041DB0243EAD4
:105800005253D20243F00043DEF1200C41D312FA8E
:105810000CF522FA0EF203FA0CF542EA050218BF63
:1058200042F0010223FA0EF3801A9941E30AC4F30D
:105830000A0411F0404F03D418D0013C4000494104
:10584000013C23D44205C00A40EA4150C90A51EA4A
:10585000C3715FEA500C72F1004250F1000051EB4D
:10586000045130BD01002FD00020203C0029F9D088
:10587000B1FA81FCDCF1200E11FA0CF130FA0EF5D0
:1058800010FA0CF02943A4EB0C04D9E70020D90747
:1058900030BDAEF1200EBEF1200F0DD2CEF1200CA6
:1058A00003FA0CF533FA0EF32A4318BF43F0010351
:1058B000C01A61F10001B9E721F00041C00A40EAD5
:1058C0004150C90A01EB045130BD0020002130BD18
:1058D000004218BF41F00101BCEB410F7FF467AFFC
:1058E000BCEB430F3FF463AF30BD00BF83F0004318
:1058F000FFF7DABEF0B540F2FF7681EA030C16EA54
:10590000115E1EBFB64516EA1355B5425AD021EABC
:10591000465141F48011A1FB024723EA465343F468
:105920008013AE44A0FB03650CF0004C36197D419A
:10593000A1FB034747F10003A0FB0217F6196541DD
:1059400053F10003094218BF46F0010640F2FE740D
:10595000B3F5007F13D2AEF5806EA6452BD24CEA8C
:105960000331280341EA155140EA16503203450835
:1059700072F1004250F1000051EB0E51F0BDAEF259
:10598000FF3EA64517D24CEAC321E80241EA555131
:1059900040EA5650F202450872F1004250F1000010
:1059A00051EB0E51F0BD0CF0004141F0FE4141F4CD
:1059B00070010020F0BD1EEA0E0FF4D50CF000417E
:1059C0000020F0BD16EA115F04BF01F00041002085
:1059D000004218BF41F0010116EA135F04BF03F053
:1059E00000430022124218BF43F0010306EA135499
:1059F000B44218BF9EEA060F03D00CF0004100200D
:105A0000F0BD21F0004123F00043B1EB065F06D862
:105A1000B3EB065F03D8002918BF002BC3D140F2B7
:105A20000001C7F6F8710020F0BD00BF2DE9F0437A
:105A300091EA030E0EF0004E40F20007CFF6E07739
:105A400017EA41051EBF95EA070F17EA430595EAD5
:105A5000070F00F0A1807F0D17EA135623EA475382
:105A600043F4801317EA115521EA475141F480119C
:105A7000AD1B05F2FD354FEAD31C1CF1010C4FF0B4
:105A80000047B7FBFCF77F01A2FB079C0024E3FB68
:105A900007C4DCF1000CD9F100097CF1000CA0FB7B
:105AA00007620020E1FB072000275FEAC628E0FB31
:105AB0000987760D46EAC226520DF61900277A416B
:105AC000E0FB0C625FEAC823E2FB09375FEA585843
:105AD00048EAC628760D18EB070800214E41E2FB84
:105AE0000C8602EBC020DA02E6FB09215B0D43EADB
:105AF000C8235FEA58585B18002758EB0708E6FBF5
:105B00000C38D102E8FB0917520D42EAC3225B0DA3
:105B1000D21900277B41E8FB0C2308EBC6265FEA7D
:105B2000C128E3FB0987490D41EAC221520DC91979
:105B300042F10002E3FB0C12470019EB08095CEB91
:105B4000010C72EB040453EBC62047EB56530026BE
:105B5000B3F5000F7641AD190236D6F1200910FADF
:105B600009F4F04013FA09F21043F340E40F00196E
:105B700043F10003B3F5001F24BF5B08013540F279
:105B8000FE77BD4204D24EEA05511944BDE8F083C8
:105B90002D4224D5714626E0004218BF41F0010194
:105BA000124218BF43F00103B7EB410F2CBFB7EB14
:105BB000430F1BE0B7EB410F04BFB7EB430F15E0FA
:105BC00017EA410F04BF17EA430F0FE017EA410F2E
:105BD000E0D017EA430F02D0B7EB430FDAD04EF014
:105BE000FE4141F470010020BDE8F08340F2000165
:105BF000C7F6F871F7E700BF4FF4001C1CEB410F2C
:105C000098BF1CEB430F11D851EA030C50EA4C0C1F
:105C10005CEA020C0CD004D282428B4180410130FC
:105C20007047904299418041013070470020704791
:105C3000012070474FF4001C1CEB410F98BF1CEB78
:105C4000430F0CD850EA410C08BF52EA430C08D06D
:105C5000904208BF99420CBF0120002070470020ED
:105C600070470120704700BF4FF4001C1CEB410F30
:105C700098BF1CEB430F11D851EA030C50EA4C0CAF
:105C80005CEA020C0CD004D2904299418041013070
:105C9000704782428B41804101307047002070473D
:105CA000012070474FF4001C1CEB410F98BF1CEB08
:105CB000430F11D851EA030C50EA4C0C5CEA020C79
:105CC0000AD004D282428B418041404270479042C8
:105CD0009941804140427047002070474FF4001CBA
:105CE0001CEB410F98BF1CEB430F11D851EA030C7A
:105CF00050EA4C0C5CEA020C0AD004D29042994162
:105D000080414042704782428B418041404270470F
:105D100000207047C1F30A5340F21E42D21A0BDD35
:105D2000CB0243EA505040F0004030FA02F090EAD3
:105D3000E170B0EBE17070474B00004218BF43F0D8
:105D4000010313F5001F88BF21F0004111F000404E
:105D500058BF6FF00040704780B110F0004248BF5C
:105D6000D0F10000120D02F21D42B0FA80F188401D
:105D7000521AC30A400503EB0251704701007047F5
:105D8000C0F3C75191B142004FEA40704FEAD201CF
:105D90004FEA310101F16051B2F17F4F38BF7047D6
:105DA00001F1605118BF41F40021704710F000412B
:105DB0000020704701F000428B1AA3F16051B1F549
:105DC000801F0ADBB1F17F6F09D242EAC102C10034
:105DD00071F1004142EB5070704710467047012846
:105DE0005B4113F5001F04D842F0FE4040F4000070
:105DF0007047C90041EA507040EA020040F4800058
:105E000040F08040704700BF10EE100A4FEA40009B
:105E1000B0F17F4F0CBF01200020704710EE100A38
:105E200041000020B1F17F4F18BF50EB00007047D8
:105E300051EC100B0128494111F5001F8CBF0120C6
:105E40000020704710EE100A00F00040704700BFBD
:105E500051EC100B21F0004141EC100B704700BFDA
:105E6000B0EEC00A704700BF00B510EE100A00F097
:105E700003F800EE100A00BD4FF07F43B3EB400F74
:105E800022D9410008BF704703EA4002120E7F3A50
:105E900014DB172AA8BF70474FF6FF73C0F27F03C9
:105EA000D340184220EA030018BF10F0004F08BF8B
:105EB00070474FF40001D1404018704710F0004F78
:105EC0000CBF00200248704718BF0248704700000E
:105ED000000080BF0000C07F00B5014610EE100A30
:105EE00000F003F800EE100A00BD4FF07F43B3EB63
:105EF000400F98BF704713EA400207D0120E7E3A57
:105F00000A6020EA530040F07C5070470A6000F0BD
:105F10000040704700B5014610EE100A00F003F88B
:105F200000EE100A00BD4FF07F43B3EB400F98BF67
:105F3000704713EA400204BF00F00040704711EBC5
:105F40001262DCBF00F000407047FF2A3CBF00EB4C
:105F5000C150704740004FEA3300704770B555ECB0
:105F6000104B0646002210EE100A00232946FFF7C8
:105F700061FE20B1002345EC104B336070BD25F06D
:105F8000FF4121F4E00141F07F53C5F30A5122465D
:105F900043F40013A1F2FE3143EC102B316070BDCD
:105FA0002DE9704355EC104B0646002210EE100A06
:105FB00000232946FFF73EFEB8B9C5F30A53334420
:105FC00040F2FE72934214DC002EA04601DB002B4F
:105FD0000FDB002B09DD25F0FF4222F4E00242EA4C
:105FE000035949EC108BBDE870839FED070BBDE8AA
:105FF000708300F075FC084B1B6803609FED040B79
:10600000BDE87083AFF300800000000000000000D6
:10601000000000000000F07F6CA203000000000000
:106020002DE9F84355EC104BFFF702FF002840F034
:10603000A58073A3D3E9002320462946FFF732FE4B
:10604000002840F0A28070A3D3E90023204629460F
:10605000FFF744FE18B19FED520BBDE8F88345EC05
:10606000104BFFF7F5FE6AA3D3E9002351EC100BA8
:10607000FFF734FE002840F08580002200232046F0
:106080002946FFF7F1FD0026002800F08780584FD1
:1060900045A3D3E9002320462946FFF72BFC3246CF
:1060A0003B46FFF701FBFFF735FE0646FFF754FEC0
:1060B0003FA3D3E9002380468946FFF71BFC024635
:1060C0000B4620462946FFF711FC3BA3D3E90023EA
:1060D00004460D4640464946FFF70CFC02460B4677
:1060E00020462946FFF7E0FA02460B4680468946DD
:1060F000FFF700FC32A3D3E9002304460D46FFF767
:10610000F9FB31A3D3E90023FFF7CEFA22462B4651
:10611000FFF7F0FB374B0022FFF7C6FA42464B462B
:10612000FFF7E8FB2AA3D3E90023804689462046EF
:106130002946FFF7DFFB28A3D3E90023FFF7B4FAD2
:1061400022462B46FFF7D6FB294B0022FFF7ACFA7D
:1061500042464B46FFF7CAFB02460B4640464946BD
:10616000FFF764FC224B0022FFF79EFA013641EC58
:10617000100B3046FFF714FFBDE8F88345EC104BD9
:10618000BDE8F8839FED160B67E700F0A9FB1A4BFB
:106190001B6803609FED140BBDE8F883174F77E78A
:1061A00000000000000000003CF92F9E2C15F73F76
:1061B000000000000030E63FA80C615C10D02B3FCF
:1061C0001CDC586FA452F13EE0F6B36FE4707C3FE4
:1061D0000938DE6F993F403FB35142718E71AC3F39
:1061E000000000000000F03F000000000000F07F11
:1061F0000000E03F0000D03F6CA203000000E0BFC1
:10620000EF39FAFE422E8640D2BC7ADD2B2386C0BF
:106210002342920CA19CC73B2DE9F04F85B055EC71
:10622000104BFFF705FE002840F0C180002200233C
:1062300020462946FFF7FEFC002840F0BD800022E2
:10624000002320462946FFF749FD002840F0AF8093
:1062500045EC104B03A8FFF781FE55EC104B76A3DD
:10626000D3E9002310EE100A2946FFF71BFD002892
:1062700040F0A780039B204629465C1E00226C4B01
:106280000394FFF733FB04460D4645EC104B4FF0EB
:10629000FF30FFF785FE664B51EC100B0022FFF735
:1062A00003FA02460B4620462946FFF7BFFB02468B
:1062B0000B4606460F46FFF71DFB49A3D3E9002313
:1062C00004460D46FFF716FB47A3D3E90023FFF76B
:1062D000EBF947A3D3E900238046894620462946A7
:1062E000FFF704FB22462B46FFF704FB42A3D3E94A
:1062F0000023FFF7D9F9424682468B464B4620469B
:106300002946FFF7F7FA3EA3D3E90023FFF7EEFA99
:106310005246804689465B4620462946FFF7EAFA00
:1063200039A3D3E90023FFF7E1FA02460B464046C2
:106330004946FFF77BFB02460B4620462946FFF7FE
:10634000D9FA32463B46FFF7D5FA02460B46039888
:10635000CDE90023FFF700FDDDE9002304460D46EB
:1063600030463946FFF7A0F929A3D3E900230646B2
:106370000F4620462946FFF7BDFA02460B46304637
:106380003946FFF791F924A3D3E9002306460F46C7
:1063900020462946FFF7AEFA02460B4630463946FC
:1063A000FFF782F941EC100B05B0BDE8F08F9FEDCF
:1063B0001C0B05B0BDE8F08F9FED1B0B05B0BDE8D1
:1063C000F08F0022204629461A4BFFF78FFA02462B
:1063D00045EC104B4FF0FF3014460D4659E700BF17
:1063E00029BD56B31544E9BFEDAF16204A623040CF
:1063F0000FCE674B80D541407E2615FA83807340CF
:106400009AB5B312FF07504077900D9CFE0B884061
:10641000A80C615C10D02BBF000000000030E63FEC
:10642000000000000000F87F000000000000F0FF06
:106430000000E03F0000F03FCD3B7F669EA0E63FBE
:10644000DFED137AB4EE670AF1EE10FA12D010EE17
:10645000102AC2F3C7537F3B11D4162B12DC0D490F
:1064600021FA03F322EA030207EE902A026030EEDB
:10647000670A7047C0ED007AB0EE670A7047C0ED5A
:10648000007A704780ED000AB0EE670A704700BFDF
:1064900000000000FFFF7F002DE9F04157EC116B79
:1064A00082B011EE100A4A4B3946002255EC104BCF
:1064B000FFF7C0FBC0BB0022002320462946FFF7A0
:1064C000B9FB58B13046394600220023FFF794FB50
:1064D00078BB9FED390B02B0BDE8F08139463046FC
:1064E000FFF718FC8046FFF737FC32463B46FFF7C4
:1064F000A1FB40BB0022002320462946FFF7EEFB0C
:10650000B8B945EC104BFFF7A3FCFFF785FE30460A
:1065100053EC102B3946FFF7EDF941EC100BFFF768
:106520007FFD02B0BDE8F08145EC104B02B0BDE844
:10653000F08100F0D5F9274B9FED210B1B6803601C
:1065400002B0BDE8F081B8F1000F24DB2ED09FED42
:106550001E0B18F0010F51EC100B22462B4603D0F6
:10656000FFF7C8F941EC100B5FEA680822462B469A
:1065700020462946AFD08DED000BFFF7BBF99DED0E
:10658000000B04460D4618F0010F51EC100B22468B
:106590002B46E9D0E4E722462B460D490020FFF7C1
:1065A00045FAC8F1000804460D46D0E79FED060BFA
:1065B00091E700BFAFF30080000000000000000082
:1065C000000000000000F0FF000000000000F03FAD
:1065D0000000F03F68A2030000B52DED028BF5EE40
:1065E000400AF1EE10FA83B04BD0B0EE608AF0EEC4
:1065F000408AFFF713FC30B1B0EE680A03B0BDEC7F
:10660000028B5DF804FBB0EE480AFFF707FC002898
:1066100043D1F5EE408AF1EE10FAEDD0B0EE680A03
:10662000FFF7F2FB00283FD1B0EE480AFFF7ECFB82
:106630000028E1D1B0EE480AFFF712FCB0EE408A24
:1066400088EE880A01A8FFF7FBFEDDED017AF5EE82
:10665000C08AB0EE680AF1EE10FAA8EE670AB1EE51
:10666000487A24DDB4EEC08AF1EE10FA98BF30EE1D
:10667000480AB5EEC00AF1EE10FABFD530EE080AAE
:10668000BCE700F02DF9114B9FED110A1B68036068
:1066900003B0BDEC028B5DF804FBB0EE480A03B01A
:1066A000BDEC028B5DF804FB9FED090AA6E7B4EE92
:1066B000C70AF1EE10FA98BF30EE080AB5EEC00A2C
:1066C000F1EE10FA9ADD30EE480A97E768A203006F
:1066D0000000C07F53EA020C61D02DE9F04BB3FA01
:1066E00083F51E0007BFB2FA82F502FA05F403FA39
:1066F00005F41646C5F120051EBF22FA05F73C43F6
:10670000203556EA044C4FEA144418BF0134A3461E
:106710004FF00009C846904271EB030C39D309428F
:1067200007BFB0FA80F700FA07F6B1FA81F701FA6D
:1067300007F6C7F120071EBF20FA07FC46EA0C0641
:106740002037B6FBFBFC7F1B103F07F01F04C4F192
:1067500020060CFA04F42CFA06F644BF3446002650
:10676000202FA4BF2646002454EA060C08BF0124AB
:1067700018EB040849EB0609A4FB027CC01B06FBCE
:1067800002CC04FB03CC71EB0C01904271EB030CC7
:10679000C5D20B46024649464046BDE8F08BB2FBE7
:1067A000F3F20000002816DB002817DD0022B7EE08
:1067B000000A0C4B10F0010F1CBFD3ED007A20EE45
:1067C000270A401004330028F4DC4AB1F7EE007ABF
:1067D00087EE800A704740420122E8E7B7EE000AE0
:1067E000704700BF70A2030038B504460846A2688F
:1067F00042B1236861685D1C8D4208BF00208B4256
:1068000008D2D054E3682BB121686268914201D26A
:106810002146984723680133236038BD70B54C1E6C
:1068200009D41646C5B229463046FFF7DDFF013CC4
:10683000B4F1FF3FF7D170BD10F0100F08D108B5CB
:1068400010F4007F14BF30202020FFF7E7FF08BDC1
:106850007047F0B40546084633B10E462D2306F8BE
:10686000013B6D42344602E00E46FBE73C46B5FB79
:10687000F2F702FB175329463D46092B8CBF5733CD
:106880003033DBB2274607F8013B9142EED20023BA
:106890003B702378327804F8012906F8013BB442B2
:1068A000F7D8F0BC70470028B8BF404270470000DE
:1068B000064B1B681F2B01D901207047044A42F880
:1068C00023000133014A1360002070474C49002027
:1068D000C448002008B50846FFF7EAFF08BD0000DD
:1068E00000B5EFF775FD024B18445DF804FB00BFDF
:1068F0000C00000008B50A2A01D1002803DB0023A0
:10690000FFF7A7FF08BD0123FFF7A3FFFAE70CB4C9
:1069100000B587B008AA52F8043B05920390002006
:1069200004900291194601A800F090F907B05DF8B3
:1069300004EB02B070470EB400B586B007AA52F857
:10694000041B05920390002304936FF0004302930D
:1069500001A800F07BF906B05DF804EB03B07047C6
:10696000037833B1CAB29A4208D010F8013F002B25
:10697000F9D111F0FF0F18BF00207047704710B415
:10698000037883B1044614F8013F002BFBD1234662
:1069900014441A46A34208D011F8012B03F8012B26
:1069A000002AF6D103E00446F1E7002313705DF8F6
:1069B000044B7047037853B159B10144034613F8AF
:1069C000012F12B18B42FAD10B46181A70470346B9
:1069D000FBE70346F9E770B40E78C6B1037833B924
:1069E000002014E0237893B110F8013F8BB10378B5
:1069F000002BF9D04C1C054632469A42F4D115F8CA
:106A0000013F002BEED014F8012B002AF5D170BC09
:106A100070470020FBE7000070B50D46044660B1EA
:106A2000217841B12846FFF79BFF034650B114F887
:106A3000011F0029F6D1002320E0EFF7C9FC104B1D
:106A40001C58EDE72178C9B126462846FFF788FF94
:106A500048B916F8011F0029F7D1EFF7B9FC084B28
:106A60001E5023460AE03378002BF6D0002306F8A8
:106A7000013BEFF7ADFC024B1E502346184670BD9C
:106A80000800000010B584B00C46114602900022A8
:106A9000039201941A46684600F0D8F804B010BD7D
:106AA000844640EA010313F0030F18D18446202ADC
:106AB0000BD32DE9F007B1E8F807A0E8F807A2F139
:106AC0002002202AF7D2BDE8F007042A07D351F8A4
:106AD000043B40F8043BA2F10402042AF7D2002A46
:106AE00005D011F8013B00F8013B013AF9D16046AD
:106AF00070478446002A2DD010F0030F04D000F810
:106B0000011B013A26D0F7E7C9B241EA012141EA67
:106B10000141202A12D3A2F120022DE9F0030B46F5
:106B20000C460D460E460F4688468946A0E8FA03F5
:106B3000203AFBD2BDE8F00320320BD0042A05D363
:106B400040F8041B043A05D0042AF9D200F8011BCE
:106B5000013AFBD160467047024610F0030F16D190
:106B600011F0030F13D12DE9F0004FF001374FF072
:106B7000803351F8044BA4EB070525EA04051D40BA
:106B800002D142F8044BF4E7A1F10401F0BC11F882
:106B9000013B02F8013B002BF9D1704710F0030FC5
:106BA00019D111F0030F16D12DE970004FF0013605
:106BB0004FF0803350F8044B51F8045BAC4205D1E0
:106BC000A4EB060525EA04051D40F3D0A0F104005E
:106BD000A1F1040170BC10F8012B11F8013BD21A8D
:106BE00001D1002BF7D11046704700F1010110F0E0
:106BF000030F11D010F8012B002A23D010F0030F3F
:106C00000AD010F8012B002A1CD010F0030F03D07B
:106C100010F8012B002A15D02DE970004FF0013239
:106C20004FF0803350F8044BA4EB020525EA04052D
:106C30001D4000D1F6E7A0F1040070BC10F8012B54
:106C4000002AFBD1A0EB0100704700002DE9F04FB6
:106C50002DED048B89B083460392002303600D461B
:106C600015F8011B002900F0BF86DFEDA48A00F0B3
:106C7000ABBE002607E05E2866D146F4805601E0F0
:106C800046F0400615462A4612F8010B3028F2D885
:106C90001F2838D9A0F12003102B34D801A151F8B6
:106CA00023F000BF816C0300076D0300076D030034
:106CB000E96C0300076D0300076D0300076D030017
:106CC000EF6C0300076D0300076D0300076D030001
:106CD000F56C0300076D0300FB6C0300076D0300F8
:106CE000076D0300016D030046F08006CAE746F415
:106CF0000046C7E746F02006C4E746F01006C1E7A5
:106D000046F40076BEE72A281ED1039B191D039185
:106D10001F68002FBCBF7F4246F010061078AA1CE7
:106D200027EAE7752E2824D00027742845D07A2832
:106D300043D06C2800F0C2804C2800F0C580682841
:106D400000F0D38091463BE0A0F13003DBB2092B89
:106D500088BF0027E4D8002707EB8707303800EB0F
:106D6000470712F8010BA0F13003DBB2092BF3D96E
:106D7000D6E710782A280AD1039B191D03911F68B2
:106D800050780232002FD0DB46F48076CDE7013216
:106D9000A0F13003DBB2092B88BF0027F4D800270D
:106DA00007EB8707303800EB470712F8010BA0F11B
:106DB0003003DBB2092BF3D9E4E7914619F8010B54
:106DC000782800F28480DFE810F02106820082003B
:106DD00082008200820082008200820082008200A3
:106DE0008200820082008200820082008200820093
:106DF0008200820082008200820082008200820083
:106E00008200820082008200820082008200820072
:106E100082008200A3008200820082008200820041
:106E20008200820082008200820082008200820052
:106E30008200820082008200820082008200820042
:106E40008200820082008200820082008200820032
:106E500082008200C401E101E6018200820082001A
:106E60008200820082008200820082008200820012
:106E7000820082008200820082001E018200820065
:106E800082008200820082008200820082008200F2
:106E9000A9005301C601E301E80182005301820009
:106EA000820082008200B900410104018200820058
:106EB000CE0082004C01820082002001914619F828
:106EC000010B46F001067BE746F0010691460C4BAC
:106ED0001C68002C00F0748503AB019300972B46CF
:106EE00032465946A04700F06BBD1078682809D09B
:106EF00002F1010946F0040662E700BF0000C84243
:106F00004849002046F0080602F10209507857E788
:106F100025215846FFF768FC00F052BD039B1A1D5F
:106F200003921C78013D5A4629463046FFF784FCFF
:106F300021465846FFF758FCB0463AE016F0080FD5
:106F400008D0DBF80020039B191D03911B681A7001
:106F500000F036BD039B1A1D03921B68DBF800206E
:106F60001A6000F02DBD039B1A1D03921C688C4B08
:106F7000002C08BF1C4626F4007816F4807F23D02E
:106F800039462046FFF716FD0646AD1B5A462946F0
:106F90004046FFF751FC06F1FF3A56B1274634440C
:106FA00017F8011B5846FFF71FFCBC42F8D14FF001
:106FB000FF3A18F0100F00F003855A4629462020AA
:106FC000FFF72CFC00F0FCBC2046FFF70EFE064647
:106FD000DBE7039B1A1D03921B6816F0800F0CBFA2
:106FE0000024232446F4807608271A46002B00F05C
:106FF000B58404AB4FF0000806F40050DFF8A4C1DC
:10700000A64600F068BC46F4005616F0800F1BD070
:1070100043F2780443F25803782818BF1C4616F44C
:10702000807F01D026F4007616F4804F32D0039B87
:107030001A1D03921B6816F0040F1FD01BB2002B01
:1070400020DA5B422D242DE00024E8E716F0800FC3
:107050000CBF0024302416F4807FE5D026F400769F
:10706000E2E716F4807F07D026F400760024DBE701
:1070700046F480460024D7E70024D5E716F0080F31
:10708000DDD0DBB216F0200F61D116F0400F18BF33
:10709000202407E0039B1A1D03921B6816F0040FBF
:1070A00050D09BB216F4807F00F0E48326F4007683
:1070B0005838202800F2398401A252F820F000BF8D
:1070C000EB6F03002B7903002B7903002B7903006E
:1070D0002B7903002B7903002B7903002B79030014
:1070E0002B7903002B7903002B7903002B79030004
:1070F000A17803002B7903002B7903002B7903007F
:107100002B790300A17803002B7903002B7903006E
:107110002B7903002B7903002B7903007978030086
:10712000EB6F03002B7903002B7903002B7903000D
:107130002B790300A17803002B7903002B7903003E
:10714000EB6F030016F0080FACD0DBB2AAE72B24DC
:10715000A8E746F4005646F48066039B073323F005
:10716000070303F108020392D3E90001FEF722FEB0
:1071700008EE100A16F4807F16D0B7B906F44067FF
:10718000B7F5406F14BF002701270EE046F4005604
:1071900046F40066E1E746F4005646F44066DCE754
:1071A00088A2030058A203000627B0EE480AFEF7A3
:1071B0002BFE002840F0B980B0EE480AFEF72EFE04
:1071C0008046002840F0CA80B0EE480AFEF73AFE3A
:1071D000002840F0CC8018EE103A08EE103A07A8CC
:1071E00000EE103AFEF778FE079B03EB4303C94A13
:1071F00082FB0312DB17C3EBA2030793B5EE408AB1
:10720000F1EE10FA40F0BD8006F44064B4F5806FF2
:107210000AD0B4F5406F40F06C81079BBB4203DAA3
:1072200013F1040F80F2658107984042FFF7BAFA24
:1072300028EE008A8DED028AB5EE408AF1EE10FA52
:1072400034D0B0EE480AFEF7DFFD002840F0AF80F2
:10725000F2EE047AB4EEE78AF1EE10FA0DDB079B4A
:10726000F2EE047A013388EE278AB4EEE78AF1EE73
:1072700010FAF7DA8DED028A0793DDED027AB7EEA8
:10728000007AF4EEC77AF1EE10FA0FD5079B013BB6
:10729000F2EE046A1A4667EEA67A013BF4EEC77A6C
:1072A000F1EE10FAF6D4CDED027A079227B1B4F5DB
:1072B000406F08BF07F1FF377842FFF773FAF6EE29
:1072C000007A60EE277A9DED027A77EE877AB2EE49
:1072D000047AF4EEC77AF1EE10FA80F28180B0EE13
:1072E000678A002F00F0918006F40863B3F5006F01
:1072F0007ED026F4006302937B1DED1A013D16F447
:10730000805F00F0F380079A834B83FB0213A3EBAB
:10731000E27303EB4303D31A0233042B00F2E4803D
:10732000DFE803F099DA9699DA00B5EEC08AF1EE5B
:1073300010FA0CD416F4005F784C794B08BF1C4649
:1073400016F0200F08BF013426F4807613E616F4F9
:10735000005F744C744B08BF1C46F5E716F4005FE1
:10736000724C734B08BF1C4626F4807603E646F049
:107370006006F1EE487A17EE903A2EE7079B01334C
:10738000079307980130FFF70DFAB4EEC08AF1EECB
:1073900010FAF3DC02E0079B013B07930798FFF725
:1073A00001FAB4EEC08AF1EE10FAF4D42CE7B5EE8F
:1073B000C08AF1EE10FA0CD416F4005F574C584B0B
:1073C00008BF1C4616F0200F08BF013426F4807653
:1073D000D1E516F4005F534C534B08BF1C46F5E74C
:1073E000079B01330793B2EE047A87EE878A78E72A
:1073F000092FA8BF09273846FFF7D4F960EE087AAD
:10740000FCEEE77A17EE903A4BB926F4006302934C
:10741000053D16F080073FF472AF47466EE7454AD8
:10742000A2FB0312D20802EB8202B3EB420F7FF4FD
:1074300060AF4049A1FB0323DB08013FE5D0A1FB7E
:107440000302D20802EB8202B3EB420FF2D050E704
:107450004FF0010808E0F2EE047A27EE888A013A3C
:107460000792013D4FF0020827EAE77716F0600F18
:1074700018BF05F1FF350798FFF715FA6328C8BF55
:1074800005F1FF35F0EE487ABCEEC87A17EE104AE7
:10749000B8EE478A37EEC88A25EAE57A029B13F4EC
:1074A000047F00F0D580029B13F0200F00F0DE80F7
:1074B00013F0400F14BF2D212B215846FFF794F9EC
:1074C000029B13F0100F00F0DB801B4E08F10055FB
:1074D000013D06EBC505EAE028EE888A023A0792EC
:1074E000023D4FF00308BFE7D046BDE74FF001086B
:1074F000BCE716F4806F3ED0079B0E2B3ADC0133BD
:10750000FC1A092CA8BF092416F0800F16D02746B4
:1075100031E000BF6766666656555555A0A2030068
:10752000A8A2030090A2030098A20300B0A2030047
:10753000B4A20300CDCCCCCCB8A20300BB426BD02C
:10754000F6EE009AB2EE049A2046FFF72BF928EEE9
:10755000000A30EE290AFEF787FCF0EE490AFFF731
:107560003BF8B5EE400AF1EE10FA57D1013CEBD1F1
:10757000274600E0474626F480630293079B784243
:10758000A3F108028242C8BFA3F10900FFF70AF97C
:107590004FF0FF30FEF7BEFC38EE008AB0EE489A9E
:1075A00007980130FFF7FEF8B4EEC08AF1EE10FA4A
:1075B00002DD079B013307930798002840DB092869
:1075C0002EDCFCEEC97A17EE904AB8EE678A39EEE7
:1075D000488A0023079320460021092C35D9DFF87B
:1075E00058C44FF0010808F10108FCE90223994250
:1075F00008BF9042F7D207EB0803079A1344ED1A2D
:1076000006F080033B4318BF05F1FF3516F0600F0D
:1076100018BF05F1FF353FE72746ACE72746AAE745
:10762000A0F109030793C0F10900FFF7BBF829EEA9
:10763000009AFCEEC97A17EE904A08EE108ACAE763
:10764000002407944FF00108D5E74FF00108D2E776
:10765000002D7FF728AF20255646013E2946584683
:10766000FFF7C2F8002EF8D1B2461CE7029B13F0D8
:10767000400F3FF425AF20215846FFF7B5F81FE72C
:10768000BAF1000F3FF421AF30255646013E29469E
:107690005846FFF7A9F8002EF8D1B24615E74FF08B
:1076A000300C61465846FFF79FF8B04515D0D5E934
:1076B0000023A846083D0021994208BF9442EED31A
:1076C0004FF0300C0CF1010C5FFA8CFCA41A002175
:1076D000994208BF9442F5D2E3E7029B13F4006499
:1076E00049D1002F55D1029B13F0800F40F09181BA
:1076F000029B13F4806F2FD013F4005F14BF452159
:1077000065215846FFF770F8079B002BC0F2948064
:107710002B215846FFF768F80799632900F39480F6
:107720000799C14C84FB0132C917C1EBA20130316A
:10773000C9B25846FFF758F8079B84FB0324D917B2
:10774000C1EBA40101EB8101A3EB410303F1300183
:10775000C9B25846FFF748F8BAF1000F00F030817F
:1077600020245546013D21465846FFF73DF8002D9F
:10777000F8D1AA4624E1079B002BB2DD3025013B5E
:10778000079329465846FFF72FF8079B002BF6DC96
:10779000A7E72E215846FFF727F83D46092FA8BF37
:1077A000092525EAE5757F1B8CB10798281AFEF795
:1077B000F9FF20EE088AFCEEC87A17EE904A7DB3F6
:1077C00005F10055013D994B03EBC50519E028462D
:1077D000FEF7E8FF20EE088AFCEEC87A17EE904A22
:1077E000EDE70CF1010C5FFA8CFCA41A0021994220
:1077F00008BF9442F5D261465846FEF7F5FFB04502
:107800000ED0D5E90023A846083D0021994208BFC3
:10781000944202D34FF0300CE3E74FF0300CEAE72C
:10782000002F3FF465AF3024013F21465846FEF754
:10783000DBFF002FF8D15BE72D215846FEF7D4FF80
:10784000079B5B42079367E7794C84FB0132C917BA
:10785000C1EB62113031C9B25846FEF7C5FF079A35
:1078600084FB0231D317C3EB6113642101FB1323A3
:10787000079355E701271BE41A464FF00008002B39
:1078800055D004A94FF0000803F00703303301F886
:10789000013B08F10108D2081346002AF4D146E062
:1078A00019464FF00008002B41D04FF0000806F4B5
:1078B000004E4FF02C0ADFF884C17346A6461C46E2
:1078C00024E002F00F015B4C615C03F8011B08F13E
:1078D0000108120906D00028F3D002F00F011CF8AD
:1078E0000110F2E7744622E008AB03EB0800ACFBA2
:1078F0000132D20802EB8203A1EB4303303300F8DC
:10790000103C08F1010809290DD91146002CEBD0D3
:1079100008F00303032BE7D108AB434403F810AC92
:1079200008F10108E0E7744601E04FF00008A7EB1A
:10793000080727EAE777ED1BA5EB0805FF2C10D910
:10794000023D16F4007F11D0C4F307215846FEF71C
:107950004BFFE1B25846FEF747FF12E04FF0000838
:10796000E5E7002C5BD116F4007F0AD15A46294680
:107970003046FEF761FFFF2C98BF00252CD8002C65
:10798000E7D15A4629463046FEF756FF5A46394651
:107990003020FEF743FFB8F1010A0ED404AB544681
:1079A0001C449846217827465846FEF71DFF44455B
:1079B00004F1FF34F6D14FF0FF3A16F0100F0DD15D
:1079C0004D4615F8011B79B125293FF452A95846B7
:1079D000FEF70AFFA946F3E70025B5E75A46294610
:1079E0002020FEF71BFFEBE7DBF808303BB1DBF8AC
:1079F0000020DBF804108A423CBF00219954DBF8D8
:107A0000000009B0BDEC048BBDE8F08F4FF0FF30F3
:107A1000F7E72E215846FEF7E7FE3D46C3E6013D57
:107A200016F4007FABD1A1E767666666B8A20300D3
:107A30001F85EB5148A20300C0A20300CDCCCCCCE3
:087A4000ED8A020000000000C5
:107A4800E117030000000000652103006C360020E8
:107A58001D1003008C360020E11503000000000013
:107A6800CF2603006C2B00202F2403008036002033
:107A780005D4020000000000A1D9020000000000A7
:047A8800A9D202007D
:087A8C00158B02000000000050
:107A9400C92F0300000000009D3003000000000017
:047AA40059F802008B
:107AA80000000000B02C0020D9660200433A5C5563
:107AB800736572735C507572766573685C446F6346
:107AC800756D656E74735C4769744875625C547251
:107AD80061636B46575F4643435C3372645F706112
:107AE8007274795C6E5246355F53444B5F31365C35
:107AF800636F6D706F6E656E74735C6C69627261D2
:107B0800726965735C74696D65725C6170705F74CD
:107B1800696D6572322E630001000600FFFFFFFFEA
:107B2800FFFFFFFFFFFFFFFFFFFFFFFF0000000059
:107B3800000000000000D60106010000433A5C5531
:107B4800736572735C507572766573685C446F63B5
:107B5800756D656E74735C4769744875625C5472C0
:107B680061636B46575F4643435C3372645F706181
:107B78007274795C6E5246355F53444B5F31365CA4
:107B8800636F6D706F6E656E74735C6C6962726141
:107B9800726965735C756172745C6170705F756140
:107BA80072745F6669666F2E63000000433A5C5525
:107BB800736572735C507572766573685C446F6345
:107BC800756D656E74735C4769744875625C547250
:107BD80061636B46575F4643435C3372645F706111
:107BE8007274795C6E5246355F53444B5F31365C34
:107BF800636F6D706F6E656E74735C6C69627261D1
:107C0800726965735C7574696C5C6170705F7574BA
:107C1800696C5F706C6174666F726D2E6300000032
:107C28002E2E2F3372645F70617274792F6E5246F4
:107C3800355F53444B5F31362F696E7465677261E7
:107C480074696F6E2F6E7266782F6E7266785F67D2
:107C58006C75652E680000002E2E2F3372645F70DD
:107C6800617274792F6E5246355F53444B5F3136DB
:107C78002F6D6F64756C65732F6E7266782F6861EF
:107C88006C2F6E72665F7274632E6800433A5C559F
:107C9800736572735C507572766573685C446F6364
:107CA800756D656E74735C4769744875625C54726F
:107CB80061636B46575F4643435C3372645F706130
:107CC8007274795C6E5246355F53444B5F31365C53
:107CD800636F6D706F6E656E74735C6C69627261F0
:107CE800726965735C74696D65725C6472765F72E3
:107CF80074632E63000000000338FDD8704700004D
:107D08002E2E2F3372645F70617274792F6E524613
:107D1800355F53444B5F31362F636F6D706F6E65FF
:107D28006E74732F6C69627261726965732F6578FE
:107D3800706572696D656E74616C5F736563746993
:107D48006F6E5F766172732F6E72665F73656374B0
:107D5800696F6E5F697465722E6800002E2E2F336E
:107D680072645F70617274792F6E5246355F534446
:107D78004B5F31362F636F6D706F6E656E74732F46
:107D88006C69627261726965732F6D757465782F9D
:107D98006E72665F6D74782E68000000433A5C5519
:107DA800736572735C507572766573685C446F6353
:107DB800756D656E74735C4769744875625C54725E
:107DC80061636B46575F4643435C3372645F70611F
:107DD8007274795C6E5246355F53444B5F31365C42
:107DE800636F6D706F6E656E74735C6C69627261DF
:107DF800726965735C7077725F6D676D745C6E72C3
:107E0800665F7077725F6D676D742E6300000000A7
:107E1800887A03008C7A030004000000433A5C551A
:107E2800736572735C507572766573685C446F63D2
:107E3800756D656E74735C4769744875625C5472DD
:107E480061636B46575F4643435C3372645F70619E
:107E58007274795C6E5246355F53444B5F31365CC1
:107E6800636F6D706F6E656E74735C6C696272615E
:107E7800726965735C6578706572696D656E746149
:107E88006C5F73656374696F6E5F766172735C6E45
:107E980072665F73656374696F6E5F697465722E6D
:107EA80063000000433A5C55736572735C507572E9
:107EB800766573685C446F63756D656E74735C4753
:107EC80069744875625C547261636B46575F4643D8
:107ED800435C3372645F70617274795C6E524635CC
:107EE8005F53444B5F31365C636F6D706F6E656EC8
:107EF80074735C6C69627261726965735C736F72CA
:107F0800746C6973745C6E72665F736F72746C699B
:107F180073742E6300000000433A5C5573657273F6
:107F28005C507572766573685C446F63756D656ED9
:107F380074735C4769744875625C547261636B461C
:107F4800575F4643435C3372645F70617274795C57
:107F58006E5246355F53444B5F31365C696E7465CB
:107F680067726174696F6E5C6E7266785C6C656767
:107F78006163795C6E72665F6472765F636C6F636F
:107F88006B2E63002E2E2F3372645F7061727479CA
:107F98002F6E5246355F53444B5F31362F696E74EE
:107FA8006567726174696F6E2F6E7266782F6E7274
:107FB80066785F676C75652E68000000433A5C550B
:107FC800736572735C507572766573685C446F6331
:107FD800756D656E74735C4769744875625C54723C
:107FE80061636B46575F4643435C3372645F7061FD
:107FF8007274795C6E5246355F53444B5F31365C20
:108008006D6F64756C65735C6E7266785C647269BA
:10801800766572735C7372635C6E7266785F636CAC
:108028006F636B2E630000002E2E2F3372645F7017
:10803800617274792F6E5246355F53444B5F313607
:108048002F696E746567726174696F6E2F6E7266E0
:10805800782F6E7266785F676C75652E6800000011
:108068002E2E2F3372645F70617274792F6E5246B0
:10807800355F53444B5F31362F6D6F64756C657394
:108088002F6E7266782F68616C2F6E72665F6770EC
:10809800696F2E6800000000433A5C55736572737F
:1080A8005C507572766573685C446F63756D656E58
:1080B80074735C4769744875625C547261636B469B
:1080C800575F4643435C3372645F70617274795CD6
:1080D8006E5246355F53444B5F31365C6D6F647545
:1080E8006C65735C6E7266785C64726976657273CF
:1080F8005C7372635C6E7266785F6770696F7465D3
:108108002E630000433A5C55736572735C50757258
:10811800766573685C446F63756D656E74735C47F0
:1081280069744875625C547261636B46575F464375
:10813800435C3372645F70617274795C6E52463569
:108148005F53444B5F31365C6D6F64756C65735C6F
:108158006E7266785C647269766572735C7372635A
:108168005C7072735C6E7266785F7072732E6300F7
:108178002E2E2F3372645F70617274792F6E52469F
:10818800355F53444B5F31362F696E746567726192
:1081980074696F6E2F6E7266782F6E7266785F677D
:1081A8006C75652E680000002E2E2F3372645F7088
:1081B800617274792F6E5246355F53444B5F313686
:1081C8002F6D6F64756C65732F6E7266782F68619A
:1081D8006C2F6E72665F6770696F2E680000000012
:1081E800433A5C55736572735C5075727665736853
:1081F8005C446F63756D656E74735C47697448752C
:10820800625C547261636B46575F4643435C3372EA
:10821800645F70617274795C6E5246355F53444B8B
:108228005F31365C6D6F64756C65735C6E72667811
:108238005C647269766572735C7372635C6E726695
:10824800785F7370696D2E63000000002E2E2F3347
:1082580072645F70617274792F6E5246355F534451
:108268004B5F31362F696E746567726174696F6E22
:108278002F6E7266782F6E7266785F676C75652EE2
:10828800680000002E2E2F3372645F70617274795B
:108298002F6E5246355F53444B5F31362F6D6F64F6
:1082A800756C65732F6E7266782F68616C2F6E72AD
:1082B800665F6770696F2E6800000000433A5C557E
:1082C800736572735C507572766573685C446F632E
:1082D800756D656E74735C4769744875625C547239
:1082E80061636B46575F4643435C3372645F7061FA
:1082F8007274795C6E5246355F53444B5F31365C1D
:108308006D6F64756C65735C6E7266785C647269B7
:10831800766572735C7372635C6E7266785F7561A2
:1083280072742E6300000000EDB102002E2E2F3370
:1083380072645F70617274792F6E5246355F534470
:108348004B5F31362F696E746567726174696F6E41
:108358002F6E7266782F6E7266785F676C75652E01
:10836800680000002E2E2F3372645F70617274797A
:108378002F6E5246355F53444B5F31362F6D6F6415
:10838800756C65732F6E7266782F68616C2F6E72CC
:10839800665F6770696F2E6800000000433A5C559D
:1083A800736572735C507572766573685C446F634D
:1083B800756D656E74735C4769744875625C547258
:1083C80061636B46575F4643435C3372645F706119
:1083D8007274795C6E5246355F53444B5F31365C3C
:1083E8006D6F64756C65735C6E7266785C647269D7
:1083F800766572735C7372635C6E7266785F7561C2
:108408007274652E6300000069C002002E2E2F339F
:1084180072645F70617274792F6E5246355F53448F
:108428004B5F31362F696E746567726174696F6E60
:108438002F6E7266782F6E7266785F676C75652E20
:10844800680000002E2E2F3372645F706172747999
:108458002F6E5246355F53444B5F31362F6D6F6434
:10846800756C65732F6E7266782F68616C2F6E72EB
:10847800665F6770696F2E6800000000433A5C55BC
:10848800736572735C507572766573685C446F636C
:10849800756D656E74735C4769744875625C547277
:1084A80061636B46575F4643435C3372645F706138
:1084B8007274795C6E5246355F53444B5F31365C5B
:1084C8006D6F64756C65735C6E7266785C647269F6
:1084D800766572735C7372635C6E7266785F7477CC
:1084E800696D2E6300000000B5CF02000000000097
:1084F80000000000000000000338FDD870470000AD
:108508002E2E2F3372645F70617274792F6E52460B
:10851800355F53444B5F31362F6D6F64756C6573EF
:108528002F6E7266782F68616C2F6E72665F677047
:10853800696F2E68000000004E52465F5057525F28
:108548004D474D545F4556545F5052455041524532
:108558005F5359534F4646004E52465F5057525F3D
:108568004D474D545F4556545F5052455041524512
:108578005F57414B45555000456E746572696E678B
:10858800204446552C20796F75206D6179206861EB
:10859800766520746F206669782074686973206333
:1085A8006F6465004E52465F5057525F4D474D54B9
:1085B8005F4556545F505245504152455F524553AE
:1085C80045540000433A5C55736572735C5075728C
:1085D800766573685C446F63756D656E74735C472C
:1085E80069744875625C547261636B46575F4643B1
:1085F800435C6663635F6F6E79785F325F736D5C4F
:108608006D61696E2E637070000000006265666FB0
:10861800726520657175616C697A696E673A206F59
:108628006C645F627974653A20253032782C206159
:1086380064765F646174615B31335D3A2025303262
:10864800780A00006164765F646174615B25645D2B
:108658003A253032780A00006166746572206571C7
:1086680075616C697A696E673A206F6C645F6279CC
:1086780074653A20253032782C206164765F646115
:1086880074615B31335D3A20253032780A0000008E
:108698000A000000736B69707065642073656E640E
:1086A800696E672025640A004E6F7469666965649F
:1086B80020776974682041434B0A0000536F667441
:1086C8006465766963652061737365727465642196
:1086D8000A0000000A526563656976656420646172
:1086E8007461202825642062797465732920667274
:1086F8006F6D20424C45204E55533A200000000033
:10870800253032583A000000434F4E4649475F44EF
:10871800555400006572726F7220636F64653A2069
:1087280025640A0072616D206572726F7220636F32
:1087380064653A2025640A0072616D5F7374617222
:10874800743A2030782025780A0000007564206685
:1087580061696C0A0000000044617461206C656EF8
:108768002069732073657420746F20307825582829
:108778002564290A00000000415454204D54552016
:1087880065786368616E676520636F6D706C65748A
:1087980065642E2063656E7472616C20307825786C
:1087A800207065726970686572616C203078257810
:1087B8000A00000055445F53746172742E2E2E21F6
:1087C8000A0000001B5B33346D424C452052616443
:1087D800696F2053656C65637465640A1B5B306D53
:1087E800000000001B5B33326D43656C6C205261E6
:1087F80064696F2053656C65637465640A1B5B303C
:108808006D0000001B5B33326D43656C6C20435771
:1088180020526164696F205472616E736D69740AC5
:108828001B5B306D000000001B5B33346D424C4510
:1088380020526164696F205472616E736D69740AA5
:108848001B5B306D000000001B5B33336D43656CB0
:108858006C2F424C4520526164696F20536C6565EA
:10886800700A1B5B306D00001B5B33326D43454C57
:108878004C20496E74657276616C20526164696F30
:1088880020726563656976650A1B5B306D000000C0
:108898001B5B33356D2D2D2D2D2D2D2D7363616EA5
:1088A8004475726174696F6E3A2025640A1B5B30E7
:1088B8006D0000001B5B33346D424C4520526164EF
:1088C800696F205363616E0A1B5B306D0000000006
:1088D800446F206E6F74206D6561737572652074C6
:1088E800656D70657261747572650A001B5B333261
:1088F8006D4C6F526120526164696F205472616ED1
:10890800736D69740A1B5B306D0000001B5B3332AA
:108918006D43656C6C20496E74657276616C20528B
:108928006164696F20726563656976650A1B5B30EF
:108938006D0000001B5B33326D43656C6C204D6F1E
:1089480064756C6174656420526164696F20547247
:10895800616E736D69740A1B5B306D001B5B33328B
:108968006D43656C6C204D6F64756C617465642033
:10897800526164696F20526563656976650A1B5B9D
:10898800306D00005273736954483A253032582CC0
:108998002042617474563A253032580A00000000AB
:1089A8006D696C6C69732025640A0000706F7765C7
:1089B80072206D676D742D3E20656E7472696E67E6
:1089C8000A000000706F776572206D676D742D3E28
:1089D8002065786974696E670A0000004F54413A4F
:1089E8002025640A0000000061647654696D653AC8
:1089F8002025640A00000000626C6574786C657656
:108A0800656C2864293A2025640A0000736C656542
:108A18007054696D653A2025640A00007363616EBD
:108A28004475726174696F6E3A2025640A0000000B
:108A38004D4F44453A2025640A0000001B5B33343F
:108A48006D6368616E6E656C3A2025640A1B5B3045
:108A58006D0000001B5B33356D43656C6C20526103
:108A680064696F205458206F722052583A20256448
:108A78000A1B5B306D0000001B5B33356D6368615A
:108A88006E6E656C3A2025640A1B5B306D00000031
:108A98001B5B33356D63656C6C706F7765726C65E5
:108AA80076656C3A2025640A1B5B306D0000000077
:108AB8001B5B33356D63656C6C7278706F776572AC
:108AC8006C6576656C3A2025640A1B5B306D000086
:108AD8004D4143203D20253032583A253032583A0E
:108AE800253032583A253032583A253032583A250E
:108AF8003032580025730A005363616E3A202564AA
:108B0800094164763A20256409536C6565703A20FA
:108B180025640A006E524625782056617269616E96
:108B2800743A2025632563256325630A0000000045
:108B38007061636B6167653A2025780A0000000060
:108B480044657649443A20257825780A00000000D3
:108B58001B5B33326D4C6F52612035207365636F38
:108B68006E64204357205472616E736D69740A1BDA
:108B78005B306D001B5B33326D4C6F526120436F6D
:108B88006E74696E756F7573204357205472616EE9
:108B9800736D69740A1B5B306D000000FFFFFFFFF7
:108BA80002FF000000000040000000004C6F52610E
:108BB80020726164696F20696E6974206661696CEE
:108BC80065640A00545820706F7765722063686185
:108BD8006E67656420746F3A2025640A00000000FF
:108BE8001B5B33326D4C6F526120436F6E74696E3C
:108BF800756F7573205472616E736D69740A1B5BAF
:108C0800306D000069643D25732D2D2D2D2D68656F
:108C18006C6C6F001B5B33326D4C6F526120496E78
:108C280074657276616C205472616E736D69740A32
:108C38001B5B306D000000001B5B33326D4C6F52C4
:108C48006120496E74657276616C205472616E732E
:108C58006D6974310A1B5B306D0000001B5B333299
:108C68006D4C6F526120436F6E74696E756F7573CA
:108C780020526563656976650A1B5B306D000000EC
:108C88001B5B33326D4C6F526120496E746572768E
:108C9800616C20526563656976650A1B5B306D00FF
:108CA8002D2D2D2D3E2046696E616C20544D50317E
:108CB80031372054656D70203D2025332E326620D3
:108CC80025430A00496E7369646520707265737381
:108CD8007572652073656E736F722066756E637446
:108CE800696F6E0A00000000445350333130207021
:108CF80072657373757265203D202564205061206C
:108D080028313031333235206B5061292C20416CA9
:108D18007469747564653A20252E326620286D655D
:108D280074657273290A000044535033313020703F
:108D380072657373757265203D202564205061202B
:108D480028313031333235206B5061292C20416C69
:108D58007469747564653A20252E326620286D651D
:108D680074657273292C20636F6E736563757469FB
:108D780076655F783A2025640A0000002D2D2D2D98
:108D88002D2D2D2D2D3E204D6F74696F6E20496E4F
:108D9800746572727570742054524947474552453C
:108DA800440A00001B5B34366D496E697469616C56
:108DB800697A696E67206D6F64656D0A1B5B306D3B
:108DC800000000001B5B33356D63656C6C20496ED9
:108DD80074657276616C20526563656976650A1BF5
:108DE8005B306D0053746F7070696E672068616CDA
:108DF8006C206566666563742074696D65720A0027
:108E080048616C6C206566666563742074696D657D
:108E180072206576656E742068616E646C65720A8E
:108E2800000000004E6F7420656E6F7567682073D0
:108E380077697065730A00005374617274696E67AC
:108E48002068616C6C206566666563742074696D62
:108E5800657220666F72202564206D696C6C697379
:108E680065636F6E64730A006170705F74696D6525
:108E7800725F63726561746520666F722068616CE9
:108E88006C206566666563742074696D657220661A
:108E980061696C65643A2025640A00006170705F3E
:108EA80074696D65725F737461727420666F722085
:108EB80068616C6C206566666563742074696D65AD
:108EC80072206661696C65643A2025640A000000B6
:108ED80068616C6C207472696767657265640A0002
:108EE8006E7266785F6770696F74655F696E5F69D7
:108EF8006E6974206661696C656420666F722068AB
:108F0800616C6C206566666563742073656E736F4B
:108F1800720A00002121215741524E3A204E5246F2
:108F2800206770696F7465206661696C6564207478
:108F38006F20696E697469616C697A650A0000005E
:108F48004C495333444820496E6974205375636310
:108F58006573730A000000004C4953334448206E7F
:108F68006F7420496E697469616C697A65640A0076
:108F78004C495333444820414343454C20494E54BF
:108F880020696E6974206661696C6564200A000056
:108F98004C495333444820414343454C20494E549F
:108FA80020696E6974207375636365656465642000
:108FB80025640A002121215741524E3A204C495339
:108FC80033444820496E7465727275707420457216
:108FD800726F720A0000000074656D705F616363F0
:108FE8003A20252E32662C207375737461696E5F82
:108FF800636F756E743A2025640A0000464C414739
:10900800206973207365740A0000000054434120EE
:10901800496E7465727275707420646574656374E2
:1090280065640A006770696F746520696E20696EEF
:109038006974206661696C656420666F72205443A8
:10904800410A0000626561636F6E2066756E637425
:10905800696F6E0A000000005363616E2066756ECA
:109068006374696F6E0A000053544154455F534F4F
:10907800435F494E49540A0053544154455F424F97
:109088004152445F494E49540A0000005354415428
:10909800455F474154545F5345525645520A0000B4
:1090A80053544154455F534C4545500A0000000055
:1090B80053544154455F424C455F434F4E545F43C0
:1090C800575F54580A00000053544154455F424CBE
:1090D800455F434F4E545F4D43575F54580A000055
:1090E80053544154455F424C455F434F4E545F5281
:1090F800580A000053544154455F424C455F494E5D
:10910800545F43575F54580A0000000053544154B9
:10911800455F424C455F494E545F4D43575F545835
:109128000A00000053544154455F424C455F494E84
:10913800545F52580A00000053544154455F424C52
:10914800455F494E545F43575F54585F52580A0071
:1091580053544154455F424C455F494E545F4D431B
:10916800575F54585F52580A000000005354415446
:10917800455F4C54455F434F4E545F43575F5458C7
:109188000A00000053544154455F4C54455F434F17
:109198004E545F4D43575F54580A0000535441548E
:1091A800455F4C54455F434F4E545F52580A000088
:1091B80053544154455F4C54455F494E545F43579F
:1091C8005F54580A0000000053544154455F4C5402
:1091D800455F494E545F4D43575F54580A0000009D
:1091E80053544154455F4C54455F494E545F52585F
:1091F8000A00000053544154455F44454255470A0C
:109208000000000053544154455F414343454C45D9
:10921800524154494F4E5F414952504C414E455F6F
:109228004D4F44450A00000053544154455F505285
:109238004553535552455F414952504C414E455F45
:109248004D4F44450A00000053544154455F4D4F6B
:1092580044454D5F4E4554574F524B5F434F4E4622
:1092680049470A0053544154455F424541434F4ED4
:109278000A00000053544154455F5343414E0000D7
:1092880044454641554C543A2053544154455F5344
:109298004C4545500A0000004C6F526120726164D1
:1092A800696F20696E697420737563636573730AE7
:1092B80000000000667265713A2025640A0000000B
:1092C8007077723A2025640A0000000048656C6CCB
:1092D8006F20576F726C642C20546869732069730F
:1092E800204C6F7261204D6F64756C6174656420E9
:1092F8004361727269657220576176650A0D0000D4
:10930800A0340020C0340020E03400205465726D81
:10931800696E616C00000000525454005345474781
:1093280045520000433A5C55736572735C50757220
:10933800766573685C446F63756D656E74735C47BE
:1093480069744875625C547261636B46575F464343
:10935800435C3372645F70617274795C6E52463537
:109368005F53444B5F31365C636F6D706F6E656E33
:1093780074735C626C655C636F6D6D6F6E5C626C60
:10938800655F636F6E6E5F73746174652E63000052
:109398009ECADC240EE5A9E093F3A3B50000406E55
:1093A8002E2E2F3372645F70617274792F6E52465D
:1093B800355F53444B5F31362F636F6D706F6E6549
:1093C8006E74732F6C69627261726965732F657848
:1093D800706572696D656E74616C5F7365637469DD
:1093E8006F6E5F766172732F6E72665F73656374FA
:1093F800696F6E5F697465722E680000433A5C5548
:10940800736572735C507572766573685C446F63DC
:10941800756D656E74735C4769744875625C5472E7
:1094280061636B46575F4643435C3372645F7061A8
:109438007274795C6E5246355F53444B5F31365CCB
:10944800636F6D706F6E656E74735C736F66746452
:1094580065766963655C636F6D6D6F6E5C6E726671
:109468005F7364682E63000001000007A47A03009C
:10947800A47A0300080000008C7A0300947A0300A1
:1094880008000000947A0300A47A03000800000092
:109498002E2E2F3372645F70617274792F6E52466C
:1094A800355F53444B5F31362F636F6D706F6E6558
:1094B8006E74732F6C69627261726965732F657857
:1094C800706572696D656E74616C5F7365637469EC
:1094D8006F6E5F766172732F6E72665F7365637409
:1094E800696F6E5F697465722E680000433A5C5557
:1094F800736572735C507572766573685C446F63EC
:10950800756D656E74735C4769744875625C5472F6
:1095180061636B46575F4643435C3372645F7061B7
:109528007274795C6E5246355F53444B5F31365CDA
:10953800636F6D706F6E656E74735C736F66746461
:1095480065766963655C636F6D6D6F6E5C6E726680
:109558005F7364685F626C652E630000487A03007D
:10956800887A0300080000002E2E2F3372645F7083
:10957800617274792F6E5246355F53444B5F3136B2
:109588002F636F6D706F6E656E74732F6C69627286
:1095980061726965732F6578706572696D656E743F
:1095A800616C5F73656374696F6E5F766172732F48
:1095B8006E72665F73656374696F6E5F69746572F6
:1095C8002E680000433A5C55736572735C5075727F
:1095D800766573685C446F63756D656E74735C471C
:1095E80069744875625C547261636B46575F4643A1
:1095F800435C3372645F70617274795C6E52463595
:109608005F53444B5F31365C636F6D706F6E656E90
:1096180074735C736F66746465766963655C636FA5
:109628006D6D6F6E5C6E72665F7364685F736F6397
:109638002E630000407A0300487A03000800000007
:1096480000000000000000007D31030089310300A4
:10965800C1310300000000000338FDD87047000046
:1096680080070000BC070000010000003A07000066
:109678007607000002000000AE060000F9060000B0
:1096880003000000AE060000DB0600000400000036
:1096980038030000510300000500000070030000BB
:1096A8009303000008000000BB020000CC02000089
:1096B8000C00000009030000130300000D00000067
:1096C8002F0300003E030000120000003E030000CC
:1096D8004D03000013000000400300005E0300007B
:1096E800140000003A0700007B0700001900000082
:1096F8002E030000510300001A000000BF02000002
:10970800EC0200001C000000AE060000F406000099
:10971800420000003E0800007A0800000100000036
:109728008A070000C6070000020000000D070000BD
:1097380058070000030000003E0800006B08000006
:1097480004000000650300007E030000050000001F
:109758009D030000C003000008000000D9020000BB
:10976800EA0200000C000000EA020000F402000017
:109778000D0000006B0300007A03000012000000D7
:109788003E0300004D030000130000001703000013
:1097980035030000140000008A070000CB07000012
:1097A800190000005B0300007E0300001A0000009F
:1097B800F6020000230300001C0000003E08000021
:1097C800980800004200000022676C6F62616C64B8
:1097D8006174612E696F7422000000002269626161
:1097E8007369732E696F74220000000022686F6C21
:1097F8006F6772616D2200002262726F616462613C
:109808006E642200226D326D2E74656C75732E693C
:109818006F742200227465616C220000226D326D23
:109828002E636F6D2E6174747A220000212121202D
:109838005741524E3A204E42496F5420436F6D6D46
:10984800206572726F720A00212121205741524E01
:109858003A204E42496F54204669666F20657272FD
:109868006F720A004E42496F542053657269616CE9
:10987800206D6F64756C6520696E697469616C69C7
:109888007A65640D0A00000073656E64696E67206E
:1098980041542B4346554E3D300A000041542B435A
:1098A80046554E3D300D0A005265706C79203D20BA
:1098B80025730A0073656E64696E672041542B43F3
:1098C80046554E3F0A00000041542B4346554E3F33
:1098D8000D0A000073656E64696E67202041542587
:1098E800485756455253494F4E0A0000415425489F
:1098F8005756455253494F4E0D0A00004E524639AD
:109908003136302048572056657273696F6E20696A
:1099180073203D2025730A00415425585359535448
:10992800454D4D4F44453F0D0A0000004E52463903
:109938003136302053595354454D204D4F4445201E
:109948006973203D2025730A0000000073656E646A
:10995800696E67204154254E43454C4C4D45415353
:109968000A0000004154254E43454C4C4D45415397
:109978000D0A000073656E64696E672041542358B0
:10998800544350434F4E4E3F0A0000004154235861
:10999800544350434F4E4E3F0D0A00002B5854433A
:1099A80050434F4E4E3A20310D0A4F4B0D000000E8
:1099B80073656E64696E672041542B434744434F77
:1099C8004E543F0A0000000041542B434744434F84
:1099D8004E543F0D0A0000002C0000004E42496F13
:1099E8005420436F6E6E656374656420746F204EF7
:1099F8006574776F726B3A2025730A0073656E641D
:109A0800696E672041542B4346554E3D310A00008C
:109A180041542B4346554E3D310D0A0073656E6423
:109A2800696E6720415423584750533D312C330AFF
:109A380000000000415423584750533D312C330D4A
:109A48000A00000073656E64696E672041542358EC
:109A5800534F434B45543D312C320A00415423584F
:109A6800534F434B45543D312C320D0A0000000042
:109A780073656E64696E672041542358534F434B96
:109A880045543D312C310A0041542358534F434B20
:109A980045543D312C310D0A0000000073656E6499
:109AA800696E672041542358534F434B45543D300A
:109AB8000A000000436C6F73696E6720536F636B15
:109AC80065740A0041542358534F434B45543D3065
:109AD8000D0A00004154235842494E443D25730D58
:109AE8000A00000073656E64696E672025730000C4
:109AF80041542358544350434F4E4E3D2225732220
:109B08002C25730D0A000000436F756C646E277472
:109B180020636F6E6E65637420746F205443502009
:109B2800536572766572205265706C79203D2025E8
:109B3800730A0000436F6E6E656374656420746F0A
:109B48002054435020536572766572205265706CBC
:109B580079203D2025730A0073656E64696E67205D
:109B68004154255853595354454D4D4F44453D3163
:109B78002C312C302C300A00415425585359535459
:109B8800454D4D4F44453D312C312C302C300D0A7C
:109B98000000000073656E64696E672041542558A3
:109BA80053595354454D4D4F44453D302C312C307D
:109BB8002C320A004E424F4954204F4E4C590A004D
:109BC8004154255853595354454D4D4F44453D3004
:109BD8002C312C302C320D0A0000000073656E64A5
:109BE800696E67204154255853595354454D4D4F7C
:109BF80044453D312C302C302C310A004154255835
:109C080053595354454D4D4F44453D312C302C301C
:109C18002C310D0A0000000073656E64696E6720C0
:109C280041542B4352534D0A0000000041542B432A
:109C380052534D3D3137362C31323235382C302C99
:109C4800302C31300D0A00005265706C7920697330
:109C5800203D2025730A000073656E64696E6720D5
:109C68004154255849434349440A00004154255862
:109C780049434349440D0A0053494D204943434948
:109C880044206973203D2025730A0000415425585B
:109C9800444545505345415243483D310D0A000063
:109CA8004E52463931363020584445455053454187
:109CB800524348206973203D2025730A00000000A4
:109CC8004154235855445053454E44544F3D223532
:109CD800302E3131362E392E313939222C32343466
:109CE800322C222573220D0A000000002D2D2D3E56
:109CF800204E42496F542073656E64696E67207503
:109D0800647020646174613A2025730041542358BB
:109D180055445053454E44544F3D222573222C251B
:109D2800732C222573220D0A000000004154235889
:109D380054435053454E443D2225732573220D0A42
:109D4800000000002D2D2D3E204E42496F542073F7
:109D5800656E64696E672074637020646174612045
:109D68003D202573000000004154235854435052AD
:109D78004543563D25732C25730D0A000A00000043
:109D88005265636569766520544350204461746167
:109D9800204C656E206973202564205265706C79AB
:109DA800203D2025730A0A00235854435052454346
:109DB800563A2000526563656976696E6720554496
:109DC8005020646174612066726F6D20436C6F75FA
:109DD800640A00004154235855445052454356469E
:109DE800524F4D3D2235302E3131362E392E3139F4
:109DF80039222C323434332C3130302C31300D0AA6
:109E080000000000526563656976656420526570DC
:109E18006C79203D2025730A000000004154235826
:109E28005544505245435646524F4D3D22257322C4
:109E38002C25732C25732C257300000041542B43CB
:109E48004553510D0A0000005369676E616C20513B
:109E580075616C6974792069732025730A000000A4
:109E68004E43454C4C4D4541532072657475726E96
:109E78006564203D2025730A000000004552524FBA
:109E88005200000041542B43434C4B3F0D0A000045
:109E980043434C4B2072657475726E6564203D2097
:109EA80025730A00220000002F0000003A0000007D
:109EB8002D00000043656C6C2052657475726E65E8
:109EC800642054696D653A2025733A25733A2573E1
:109ED8002C20446174653A2025735C25735C2573D6
:109EE8000A00000041542B43455245473F0D0A00E4
:109EF80041542B434F50533F0D0A0000434F5053DA
:109F08002072657475726E6564203D2025730A00A1
:109F1800257800004E42496F5420436F6D6D616E85
:109F28006420526573706F6E73652042756666654E
:109F380072204F766572666C6F770A0A000000001F
:109F48004F4B0D002D2D2D2D2D2D3E2043455245D7
:109F58004720524553502069730A000025730A00B0
:109F680052582042616E643A2025640A00000000BD
:109F7800415425585246544553543D0025732C25C9
:109F8800732C25732C25732C25732C312C342C30F1
:109F98002C302C302C302C302C300D0A00000000D6
:109FA80025732C25732C25732C25732C25732C31A4
:109FB8002C302C312C312C302C312C302C300D0AFB
:109FC800000000002D2D2D3E204E42496F54207375
:109FD800656E64696E672043572064617461203D33
:109FE80020257300000000000338FDD870470000EA
:109FF8000000080000001800000038000000780089
:10A0080000E0030000E0070000E00F0000E01F0090
:10A01800000000002121215741524E3A204450535C
:10A0280033313020493243204572726F720A000082
:10A038002121215741524E3A20544341204932436D
:10A04800204572726F720A00256400004C49533330
:10A0580044482072657475726E65642077726F6EFD
:10A0680067206465766963652069642C2025303231
:10A07800782073686F756C642062652025303278AB
:10A088000A0000002121215741524E3A204C4953E1
:10A0980033444820493243204572726F720A0000E7
:10A0A800416363205468726573686F6C64207365DC
:10A0B8007474696E67204D61736B2069732025780D
:10A0C8000A0000002121215741524E3A20493243CB
:10A0D80020577261707065722061646472206E61CD
:10A0E800636B210A000000002121215741524E3A9A
:10A0F8002049324320577261707065722064617420
:10A1080061206E61636B210A00000000433A5C55D0
:10A11800736572735C507572766573685C446F63BF
:10A12800756D656E74735C4769744875625C5472CA
:10A1380061636B46575F4643435C49324346696CEB
:10A1480065735C6932635F777261707065722E63E4
:10A158007070000049324320646576696365206445
:10A1680065746563746564206174206164647265F4
:10A17800737320307825782E000000004E6F204938
:10A188003243206465766963652077617320666F62
:10A19800756E642E000000000338FDD8704700007B
:10A1A8002121214552524F523A20493243205265CB
:10A1B80071756573742046726F6D2054696D65649E
:10A1C800206F75740A0000002121214552524F5218
:10A1D8003A2049324320526571756573742046727E
:10A1E8006F6D204572726F722069732025780A009E
:10A1F8002121214552524F523A2049324320456E7F
:10A2080064205472616E736D697373696F6E202573
:10A21800780A00002121214552524F523A204932F2
:10A228004320456E64205472616E736D697373695F
:10A238006F6E2054696D6564206F75740A000000A4
:10A2480030313233343536373839616263646566A4
:10A258003031323334353637383941424344454654
:10A268002100000022000000000020410000C84238
:10A2780000401C4620BCBE4CCA1B0E5AAEC59D747D
:10A28800286E756C6C2900002D494E4600000000B0
:10A298002D696E66000000002B494E460000000044
:10A2A8002B696E66000000004E414E006E616E0024
:10A2B80001000000000000000A000000000000008B
:10A2C8006400000000000000E80300000000000037
:10A2D8001027000000000000A08601000000000018
:10A2E80040420F0000000000809698000000000027
:10A2F80000E1F5050000000000CA9A3B00000000DC
:10A3080000E40B540200000000E876481700000043
:10A318000010A5D4E800000000A0724E1809000043
:10A3280000407A10F35A00000080C6A47E8D030016
:10A338000000C16FF286230000008A5D7845630142
:10A34800000064A7B3B6E00D0000E8890423C78ABB
:10A35800001001401100040000000000002000402F
:10A368000000000000200040000000000090D00322
:10A37800CEFFFFFF204E0000204E00003075000089
:10A388000000000000AA8F4008000000050000003F
:10A398001400000000C0644408000000CEFFFFFF66
:10A3A800170000000800000081FFFFFFE7FFFFFF24
:10A3B800FA00000007000000D8FFFFFFE2FFFFFFE0
:10A3C800ECFFFFFFF0FFFFFFF4FFFFFFF8FFFFFFC9
:10A3D800FCFFFFFF000000000400000068360020BA
:10A3E8000100040000000000000000000000000060
:10A3F8000000000000000000642B002000000000A6
:10A40800FFFF1400010002000400000064000000C7
:10A41800E803000070170000E803000000010000D6
:10A42800000000000000000000000000BC3B00200D
:10A438001F000000FF000000F43B00201F00000088
:10A448000000000000000000495400000000000067
:10A4580000000000000000000000000000000000F4
:10A468003C0000000400000028000000D097030012
:10A47800E4970300F4970300009803000C98030086
:08A488001C9803002498030056
:040000032000635D19
:00000001FF
