:020000022000DC
:10600000000001205D630200B9630200BB6302006F
:10601000BD630200BF630200C16302000000000014
:10602000000000000000000000000000C363020048
:10603000C563020000000000C7630200C9630200DC
:10604000A1900200CB6302007D9D020075A30200B7
:10605000B5CF0200CB6302009D9A0200CB63020021
:10606000CB630200CB630200CB630200CB63020070
:10607000CB630200CB630200CB630200CB63020060
:10608000CB630200697B0200CB630200CB6302009A
:10609000CB630200CB63020055300300CB630200E8
:1060A000CB630200CB630200CB630200CB63020030
:1060B000CB630200CB630200000000000000000080
:1060C000CB630200CB630200CB630200CB63020010
:1060D000CB630200CB630200CB6302000000000030
:1060E00000000000000000000000000000000000B0
:1060F00000000000000000000000000000000000A0
:10610000000000000000000000000000000000008F
:10611000000000000000000000000000000000007F
:10612000000000000000000000000000000000006F
:10613000000000000000000000000000000000005F
:10614000000000000000000000000000000000004F
:10615000000000000000000000000000000000003F
:10616000000000000000000000000000000000002F
:10617000000000000000000000000000000000001F
:10618000000000000000000000000000000000000F
:1061900000000000000000000000000000000000FF
:1061A00000000000000000000000000000000000EF
:1061B00000000000000000000000000000000000DF
:1061C00000000000000000000000000000000000CF
:1061D00000000000000000000000000000000000BF
:1061E00000000000000000000000000000000000AF
:1061F000000000000000000000000000000000009F
:10620000354936480A1A02D0072291438D4634494F
:1062100034480A1A06D00722914381F309880222E2
:1062200082F3148830483149314A00F044F831484B
:106230003149324A00F03FF831483249324A00F0E1
:106240003AF832483249334A00F035F83248334997
:10625000334A00F030F833483349344A00F02BF821
:1062600033483449344A00F026F83448344900228F
:1062700000F02CF833483449002200F027F8334866
:106280003349091A082902DB002202604160314AC1
:1062900090471F481F49884205D00268043003B464
:1062A000904703BCF7E700208646EC46002000211B
:1062B000294A9047FEE7884207D0521A05D0037852
:1062C00001300B700131013AF9D17047884202D098
:1062D00002700130FAE770470000012000E0002062
:1062E000000001200000012098860300D82A002029
:1062F000942B0020D0630200D0630200485F0300AB
:1063000098860300D82A0020D82A0020AC5F03001A
:10631000AC5F0300B05F0300AC5F0300AC5F030041
:10632000AC5F0300B05F0300B05F0300988603001A
:1063300054870300942B0020942B0020942B0020E2
:10634000884A0020884A00208C4A00208C4A00207D
:106350008C6A00208563020075F5020000F036B8F3
:106360000F484FF00701884385460E4880470E4886
:10637000016841F470010160BFF34F8FBFF36F8F6D
:10638000FFF73EBF09480A490A4A884207D0521A15
:1063900005D0037801300B700131013AF9D1704713
:1063A00000000120FD81020088ED00E0AC5F0300E9
:1063B000D82A0020D82A0020FEE7FEE7FEE7FEE705
:1063C000FEE7FEE7FEE7FEE7FEE7FEE7FFF7C8BFF2
:1063D00000487047804A002086B0039002910192E5
:1063E00001238DF817309DF81730214A039B136065
:1063F0001F4A029B53601E4A019B9360039B44F219
:106400000102934213D0039B44F20202934221D132
:10641000019B174AD360164BDB681B881A46144B46
:106420009A61134BDB685B68114AD36112E0019BF0
:106430000F4A13610E4B1B699B680D4A53610C4B4D
:106440001B691B680A4A9361094B1B695B68084A10
:10645000D36100BF72B600BF00BF9DF81730DBB23A
:10646000002BFAD162B600BF00BF06B0704700BF74
:10647000942B002000B583B002900091019244F269
:10648000010071466A4600F003F803B000BD00BF8A
:1064900000B587B003900291019272B600BF039BD2
:1064A00044F20202934217D0039B44F20202934249
:1064B00018D8039B44F20102934210D0039B44F28C
:1064C000010293420ED8039B012B0DD0039B41F296
:1064D000010293420AD005E0019B059307E0019B6E
:1064E000049304E000BF02E000BF00E000BF084BDF
:1064F0001B6803F00103002B00D000BE019A029933
:106500000398FFF769FF00BF07B05DF804FB00BF09
:10651000F0ED00E084B00190019B9B680393019B28
:10652000DA68039BD31A184604B0704782B0019012
:106530000B468DF80330019B1A68019BDB680199BB
:1065400089880B4013449DF803201A70019BDB6877
:106550005A1C019BDA6000BF02B0704784B0039000
:106560000B460192ADF80A30039B1A68039B9968A9
:10657000BDF80A300B44039989880B4013441A78FC
:10658000019B1A7000BF04B0704700B583B0019042
:106590000091009A00210198FFF7E0FF019B9B68A2
:1065A0005A1C019B9A6000BF03B05DF804FB84B0E5
:1065B000039002911346ADF80630029B002B01D1E7
:1065C0000E231DE0BDF80630002B07D0BDF80630C5
:1065D0005A1EBDF806301340002B01D009230FE0EE
:1065E000039B029A1A60BDF80630013B9AB2039BE6
:1065F0009A80039B00229A60039B0022DA600023AA
:10660000184604B0704700B583B001900B468DF872
:1066100003300198FFF77EFF0246019B9B889A4258
:1066200007D89DF8033019460198FFF77FFF002334
:1066300000E00423184603B05DF804FB00B583B006
:10664000019000910198FFF765FF0346002B05D0EC
:1066500000990198FFF799FF002300E005231846F1
:1066600003B05DF804FB82B00190019BDA68019BE6
:106670009A600023184602B070470000F0B583B05E
:10668000124801F057FA034618464FF00001104B2C
:10669000D3E90023861841EB0307CDE900670D4BD2
:1066A000D3E90023DDE90001994208BF904207D2F7
:1066B000DDE9002312F1807443F10005CDE90045C6
:1066C000DDE900231046194603B0F0BDD82A0020AA
:1066D000C02B0020C82B002088B001900091019BA6
:1066E0000793009B0693079BD3E90223CDE904237C
:1066F000069BD3E90223CDE90223DDE90423DDE98A
:106700000201994208BF90422CBF01230023DBB253
:10671000184608B07047000030B585B00190019B65
:106720005B69002B03D12B49A22007F0C1F800239D
:106730008DF80F30284B1B78002B45D0019B002B88
:1067400042D0019B1B7FDBB2002B3DD0FFF796FFB1
:10675000019BD3E90223994208BF90422CD3019BAD
:106760001B69002B02D1019B00221A77019B5B69F8
:10677000019A926910469847019B1B69002B23D010
:10678000019B1B7FDBB2002B1ED0019BD3E90201D2
:10679000019B1B691A464FF00003841841EB030567
:1067A000019BC3E90245019B19460C4801F060FCBE
:1067B00001238DF80F3007E0019B1946074801F0CF
:1067C00057FC01238DF80F309DF80F30184605B0A7
:1067D00030BD00BFBC5F0300B82B0020B05F0300DA
:1067E000F0B589B0019000910D230793009B002222
:1067F0001A70019BD3E90245FFF740FF02460B46A2
:10680000A61A65EB0307CDE90467DDE90423012A35
:1068100073F100031BDB049BB3F5350F05D300F0C8
:10682000B7FA0246154B134403E0019BD3E9022358
:10683000134603934FF49603039A0021104801F086
:106840007BF80790079B002B05D1012313E0002163
:106850000B4801F049F9079B0D2B07D10198FFF771
:106860005BFF03461A46009B1A7003E00549F520BA
:1068700007F01EF80023184609B0F0BDFFFFB40072
:10688000D82A0020BC5F030000B583B0044801F0A3
:1068900029FC0190019B184603B05DF804FB00BF82
:1068A000B05F030000B583B0044801F03DFC0190E7
:1068B000019B184603B05DF804FB00BFB05F030006
:1068C00000B583B0FFF7E0FF0190019B002B02D0E1
:1068D000019B00221A77019B002BF3D100BF00BF60
:1068E00003B05DF804FB0000054BD3E9002312F16F
:1068F000807043F10001024BC3E9000100BF704703
:10690000C02B002000B583B00190134B1B68002BF7
:106910001DD0019801F00EF90F4B1B68D3E902233B
:10692000134623F07F43194600F026FA0346B3F5D9
:10693000960F04D309494FF4957006F0B9FF064B42
:106940001B681846FFF7E8FE034B00221A6000BFE1
:1069500003B05DF804FB00BFB42B0020BC5F030054
:1069600000B583B00190FFF789FE02460B4603494C
:10697000C1E9002300BF03B05DF804FBC82B002071
:1069800000B587B00190FFF78DFF049000238DF8CC
:106990001730049B002B48D02B4B1B68002B03D1D6
:1069A00001238DF8173019E0049BD3E90201264B2F
:1069B0001B68D3E90223994208BF90420ED20123FB
:1069C0008DF81730204B1B681B7FDBB2002B05D0E6
:1069D0001D4B1B6819461D4801F04AFB9DF81730F6
:1069E000002B2AD0FFF750FF04900DF10F0319463A
:1069F0000498FFF7F5FE0346002B12D0124B1B68DC
:106A0000002B02D1019800F0A3FE0F4A049B1360F3
:106A10009DF80F3083F00103DBB2002BB3D000BF31
:106A20000EE0094B00221A60ADE7074B1B68002BF4
:106A300005D1019800F0A2FE01E000BF00E000BF18
:106A400000BF07B05DF804FBB42B0020B05F03006B
:106A500000B587B001902C4A03AB1946104601F0EF
:106A600066F9059048E0059B1B78022B2ED0022B7F
:106A700032DC002B02D0012B14D02DE0059B5B688B
:106A80001B7FDBB283F00103DBB2002B26D0059B1A
:106A90005B6801221A77059B5B6819461B4801F069
:106AA000E7FA1BE0059B5A68194B1B689A4203D111
:106AB000174B00221A6012E0059B5B6819461348C9
:106AC00001F046FB03468DF8133008E0FFF7F8FEAF
:106AD000104B01221A7002E000BF00E000BF0A4A1A
:106AE00003AB1946104601F03BF9074A03AB1946C0
:106AF000104601F01CF90590059B002BB3D100BF97
:106B000000BF07B05DF804FB282C0020B05F030035
:106B1000B42B0020B82B002000B583B00190019861
:106B200000F0D5FF0346002B01D0FFF7DDFE00216A
:106B3000019800F0EAFF0346002B02D00198FFF70E
:106B4000E1FE0121019800F0E0FF0346002B02D096
:106B50000198FFF705FF0198FFF77AFF0198FFF70B
:106B60000FFF00BF03B05DF804FB000008B502484A
:106B700000F0EDFF00BF08BDD82A002000B585B0A9
:106B8000034600918DF80730114A02AB19461046B2
:106B900001F0A0F80390039B002B13D0039B9DF8FA
:106BA00007201A70039B009A5A60094A02AB1946E3
:106BB000104601F0A8F80346002B01D0FFF7D6FFDE
:106BC000002300E00423184605B05DF804FB00BF75
:106BD000282C002000B583B0164B1B680093164884
:106BE00008235822154901F042F80190019B002B1F
:106BF00001D0019B19E06B46114A1946114800F07B
:106C000047FD0190019B002B01D0019B0DE001216C
:106C10000C4800F04BFF01230B4A0121094800F00A
:106C2000C3FD0A4B01221A70019B184603B05DF8A0
:106C300004FB00BF28600300282C0020D02B00207C
:106C4000196B0200D82A0020FFFF7F00B82B00201C
:106C500000B587B003900B4601928DF80B30039B73
:106C6000002B04D1134940F22E2006F021FE019B97
:106C7000002B04D10F4940F22F2006F019FE019B92
:106C8000002B01D1072310E0039B1B680593059B94
:106C9000019A5A619DF80B30012B0CBF0123002390
:106CA000DBB21A46059B1A610023184607B05DF84F
:106CB00004FB00BFBC5F030030B587B003900291B6
:106CC0000192039B002B04D1154940F23E2006F0AF
:106CD000EFFD039B0593059B1B7FDBB2002B01D0CF
:106CE00000231AE0059B019A9A61FFF7C7FC029BFB
:106CF0001A464FF00003841841EB0305059BC3E9D6
:106D00000245059B1B69002B02D0059B029A1A6164
:106D100005990020FFF732FF0346184607B030BD43
:106D2000BC5F030000B585B00190019B002B04D12E
:106D300009494FF4157006F0BBFD019B0393039BBB
:106D400000221A7703990120FFF718FF034618461F
:106D500005B05DF804FB00BFBC5F030008B5054B40
:106D600000221A7000210220FFF708FF0346184690
:106D700008BD00BFB82B002082B001900091019A9D
:106D8000009BD31A23F07F43184602B070470000DF
:106D900008B5034800F0CEFE0346184608BD00BF04
:106DA000D82A002000B583B00190019B1B781A46B9
:106DB0000C4B9B5C002B05D0019B0433184604F060
:106DC00011FE0BE0019B1B781A46064B9B5C002BC7
:106DD00004D1019B0C33184603F082FE00BF03B0C0
:106DE0005DF804FBAC2C002000B587B00390029145
:106DF00013468DF8073000230593039B1B781A4632
:106E0000114B9B5C002B09D0039B04339DF807209A
:106E10000299184604F03CFE05900FE0039B1B7896
:106E20001A46094B9B5C002B08D1039B0C339DF841
:106E300007200299184603F0CBFE0590059B1846E3
:106E400007B05DF804FB00BFAC2C002000B585B096
:106E5000019000238DF80F30019B1B781A46114BCF
:106E60009B5C002B08D0019B0433184604F0CEFE37
:106E700003468DF80F300EE0019B1B781A46094B34
:106E80009B5C002B07D1019B0C33184603F028FFB5
:106E900003468DF80F309DF80F30184605B05DF8A9
:106EA00004FB00BFAC2C002000B587B0039002911A
:106EB00013468DF8073000230593039B1B781A4671
:106EC000114B9B5C002B09D0039B04339DF80720DA
:106ED0000299184604F0B2FE05900FE0039B1B7860
:106EE0001A46094B9B5C002B08D1039B0C339DF881
:106EF00007200299184603F04BFF0590059B1846A2
:106F000007B05DF804FB00BFAC2C002084B00190FA
:106F1000019B9B680393019BDA68039BD31A184675
:106F200004B0704700B587B001900091019B1B78B9
:106F3000022B45D0022B6ADC002B52D0012B66D1EC
:106F4000019B1B7A002B05D1012233493348FFF7FF
:106F5000ABFF5DE0019B5B681B7819463048FFF78B
:106F600052FB0590059B002B0AD001238DF80C30B5
:106F7000059B04932B4B1B6803AA104698470DE012
:106F80002748FFF7C3FF0346002B07D000238DF8E7
:106F90000C30244B1B6803AA104698472048FFF783
:106FA000B5FF03461E4A9288934205D801221A492A
:106FB0001A48FFF779FF2BE01B4B01221A7027E0DC
:106FC00002238DF80C30019BDB68049301221249E7
:106FD0001248FFF769FF134B1B6803AA1046984736
:106FE00016E012491248FFF729FB0346002B05D192
:106FF00001220E490948FFF7F7FE09E003238DF847
:107000000C30084B1B6803AA1046984700E000BFED
:1070100000BF07B05DF804FB442C0020E02A0020EC
:10702000482C00203C2C0020452C0020402C002027
:10703000582C002030B591B00390029101928DF848
:1070400003303C4A019B1360029B002B01D10723B4
:107050006DE0029B1968029B5B689BB21A4636483A
:10706000FFF7A5FA0F900F9B0E930E9B002B01D0FC
:107070000E9B5CE0029B9968029BDB689BB21A4600
:107080002E48FFF794FA0F900F9B0D930D9B002B4A
:1070900001D00D9B4BE02A4B04AC1D460FCD0FC415
:1070A00095E80F0084E80F00039B5B690A93039B3C
:1070B0001B7C002B14BF01230023DBB28DF824308E
:1070C0009DF803308DF82C30039B5B7C002B01D0A6
:1070D0000E2300E000238DF82530039BDB68069328
:1070E000039B9B680793039B1B680593039B5B684B
:1070F000049304AB134A1946134801F0A7FD0F90FF
:107100000F9B0C930C9B002B01D00C9B0FE00F4BA3
:1071100000221A70039B1B68B3F1FF3F06D00122C7
:107120000B490948FFF7C0FE034600E0002318465C
:1071300011B030BD3C2C0020482C0020582C0020E1
:107140002C600300256F0200E02A0020452C00205F
:10715000442C002000B585B00D48FFF784FA039059
:10716000039B0293029B002B01D0029B0BE009487A
:10717000FFF779FA0390039B0193019B002B01D049
:10718000019B00E00023184605B05DF804FB00BF3A
:10719000482C0020582C002000B587B00190019B9E
:1071A000002B03D11449CA2006F082FB134B1B7835
:1071B0008DF8173001991248FFF740FA04909DF8B6
:1071C0001730002B12D00D4B00221A7001220D49EE
:1071D0000D48FFF769FE0390039B0293029B002B6F
:1071E00004D0054AD6210298FFF744F9049B1846BB
:1071F00007B05DF804FB00BF4C600300452C002085
:10720000482C0020442C0020E02A002000B585B046
:1072100003468DF807309DF8073019461048FFF7F0
:10722000F2F90390039B002B15D10E48FFF70EFED9
:10723000034683F00103DBB2002B0CD00A49084857
:10724000FFF7FCF90346002B05D10122064905484A
:10725000FFF7CAFD0390039B184605B05DF804FBD9
:10726000582C0020E02A0020402C002008B50348BC
:10727000FFF74CFE0346184608BD00BF482C00200F
:1072800008B50348FFF78EFD0023184608BD00BF70
:10729000E02A002082B0EFF310830093009B01935B
:1072A00072B600BF019B184602B0704762B600BFBD
:1072B00000BF704700B585B00190FFF7EBFF03906A
:1072C000164B9B68002B1BD1144B01229A60144B68
:1072D000D3F88020134B1340104A1360104B114A0F
:1072E000C3F880200E4BD3F884300C4A53600C4B0B
:1072F0004FF0FF32C3F88420019B00221A7002E095
:10730000019B01221A70039B002B01D1FFF7CEFFD6
:107310000023184605B05DF804FB00BF682C002070
:1073200000E100E0FC06FFBD00B585B003468DF826
:107330000730104B9B68002B16D09DF80730002BB0
:1073400012D1FFF7A7FF03900B4A0A4B1B6813608B
:10735000094A084B5B685360064B00229A60039B06
:10736000002B01D1FFF7A2FF0023184605B05DF8FE
:1073700004FB00BF682C002000E100E000B583B0F2
:10738000019000F02BF80346012B03D00549432060
:1073900006F08EFA0198FFF78DFF00BF03B05DF88D
:1073A00004FB00BFBC60030000B583B003468DF84A
:1073B000073000F013F80346012B03D00649512093
:1073C00006F076FA9DF807301846FFF7ADFF00BFCC
:1073D00003B05DF804FB00BFBC60030084B0EFF3B2
:1073E00005830193019BC3F308030393039B002BC5
:1073F0000DD1EFF314830093009B0293029B03F0E3
:107400000103002B0CBF01230023DBB200E00123AA
:10741000184604B07047000082B003468DF807306C
:107420009DF8073003F01F0205499DF907305B09FD
:10743000012000FA02F241F8232000BF02B0704799
:1074400000E100E082B003468DF807309DF8073078
:1074500003F01F0206499DF907305B09012000FA7D
:1074600002F2403341F8232000BF02B0704700BF52
:1074700000E100E082B0034600918DF807309DF9ED
:107480000730002B0CDA009BDAB20C499DF807306C
:1074900003F00F03043B5201D2B20B441A7609E009
:1074A000009BDAB206499DF907305201D2B20B4473
:1074B00083F8002300BF02B0704700BF00ED00E07A
:1074C00000E100E000B583B003460A468DF80730BE
:1074D00013468DF806309DF80630012B03D99DF830
:1074E0000630032B0BD99DF80630042B03D99DF8E9
:1074F0000630072B03D908496B2006F0D9F99DF80F
:1075000006209DF9073011461846FFF7B3FF00BF6C
:1075100003B05DF804FB00BF3061030000B583B029
:1075200003468DF807309DF907301846FFF774FFC2
:1075300000BF03B05DF804FB00B585B00190019B6E
:10754000002B0AD0074B43F001030393019B9B01DF
:107550000293039B0298984700E000BF05B05DF8D6
:1075600004FB00BF1062030084B0039002910192FB
:10757000039B029A02F5A872019943F8221000BFFA
:1075800004B0704782B001900091019B009A02F50F
:10759000A87253F82230184602B0704782B00190AA
:1075A0000091019B009AC3F8042300BF02B070470A
:1075B00082B001900091019B009AC3F8082300BF9C
:1075C00002B0704782B001900B46ADF80230BDF8B2
:1075D0000230019A13441B68184602B0704784B009
:1075E00001900B46ADF80230BDF80230019A134409
:1075F00000221A60BDF80230019A13441B680393FD
:10760000039B00BF04B0704782B00190019BD3F888
:107610000435184602B0704700B583B00190009160
:10762000009BB3F5805F04D306494FF4BE7006F0AB
:107630003FF9019B009AC3F8082500BF03B05DF82D
:1076400004FB00BF6861030082B001900B468DF817
:1076500003309DF80320019B13441A460123136055
:1076600000BF02B0704782B001900091019B009A68
:10767000C3F8442300BF02B0704782B0019000916C
:10768000019B009AC3F8482300BF02B07047000076
:1076900000B587B0039002910192039B002B03D1A8
:1076A0002849552006F004F9029B002B03D12549F7
:1076B000562006F0FDF8019B002B03D121495720ED
:1076C00006F0F6F8039B5B7919461F4A019B42F8C6
:1076D0002130039B5B791D4ADB0013441B79002B8F
:1076E00003D008230593059B27E0039B1A68029BA0
:1076F0001B8819461046FFF78FFF039B93F9042060
:10770000029B9B7819461046FFF7DCFE039B93F91A
:1077100004301846FFF702FF039B5B790B4ADB003E
:10772000134401221A71039B5B791946074A039B94
:1077300042F8313000230593059B184607B05DF8E9
:1077400004FB00BF9C610300742C0020782C0020F7
:1077500000B583B00190019B002B03D1064987201F
:1077600006F0A6F8019B1B6800211846FFF76CFF86
:1077700000BF03B05DF804FB9C61030000B583B05B
:107780000190019B002B03D106498D2006F090F853
:10779000019B1B6804211846FFF756FF00BF03B08A
:1077A0005DF804FB9C61030000B587B00390029173
:1077B00001928DF80330039B002B03D121499620C1
:1077C00006F076F84FF48032029B02FA03F3059339
:1077D000029B50339BB29B00ADF81230019B23F00B
:1077E0007F430193039B1B6805991846FFF7E0FE52
:1077F000039B1B6805991846FFF73FFF039B1B6817
:10780000BDF8122011461846FFF7E9FE039B1B68DE
:10781000019A02991846FFF7A7FE039B1B6805997A
:107820001846FFF720FF9DF80330002B05D0039B7F
:107830001B6805991846FFF7B1FE00BF07B05DF859
:1078400004FB00BF9C61030000B585B0039002916A
:1078500013468DF80730039B002B03D10B49A92059
:1078600006F026F8039B1B6802991846FFF7FBFEFB
:107870009DF80730002B05D0039B1B680299184622
:10788000FFF78CFE00BF05B05DF804FB9C610300B0
:1078900000B583B001900091019B002B03D10A49F0
:1078A000B32006F005F8019B1B6800991846FFF706
:1078B000E4FE019B1B6800991846FFF779FE00BFA4
:1078C00003B05DF804FB00BF9C61030000B583B00A
:1078D00001900B46ADF80230019B002B03D10F49FC
:1078E000BA2005F0E5FF019B1B68BDF80220114698
:1078F0001846FFF767FE0346002B09D0019B1B6863
:10790000BDF8022011461846FFF769FE012300E08A
:107910000023184603B05DF804FB00BF9C61030020
:1079200082B001900091019A009BD31A23F07F430B
:10793000184602B07047000000B58BB0039002916A
:1079400001920093039B002B03D15749CD2005F0F2
:10795000AFFF4FF48032029B02FA03F30993029BBC
:1079600050339BB29B00ADF82230019B23F07F4344
:10797000019309990398FFF78BFF039B1B68184637
:10798000FFF742FE0790039B1B6802991846FFF71A
:10799000F9FD0690039B1B68079A02991846FFF7AA
:1079A000E3FD039B1B68BDF8222011461846FFF734
:1079B00016FE07990698FFF7B3FF0346012B0AD17D
:1079C0001020FFF7B9FD039B1B68BDF8222011466C
:1079D0001846FFF704FE039B1B681846FFF714FECA
:1079E000079007990198FFF79BFF0590039B1B6881
:1079F00009991846FFF737FE059B012B15D1039B0C
:107A00001868019B01331A460299FFF7ADFD10205B
:107A1000FFF792FD039B1B681846FFF7F5FD024632
:107A2000079B934235D00D2339E0039B1B68019AD5
:107A300002991846FFF798FD039B1B681846FFF74D
:107A4000E3FD0790019B013B07991846FFF768FF8C
:107A50000590009BC3F1FF1303F57F43059A9A42FB
:107A600001D90D231BE0059B002B12D1039B186845
:107A7000019B01331A460299FFF776FD039B1B68B1
:107A80001846FFF7C1FD0246079B934201D00D2324
:107A900005E0012209990398FFF7D6FE0023184656
:107AA0000BB05DF804FB00BF9C61030000B583B020
:107AB00001900B468DF803309DF803301A460221E1
:107AC0000198FFF7C1FE00BF03B05DF804FB00B5ED
:107AD00083B001904FF482710198FFF7F7FE0346DF
:107AE000184603B05DF804FB00B583B00190009127
:107AF0004FF48032009B02FA03F319460198FFF716
:107B0000C7FE00BF03B05DF804FB00B585B001906F
:107B10000091009B50339BB29B00ADF80E30BDF836
:107B20000E3019460198FFF7D1FE0346184605B0FE
:107B30005DF804FB00B583B00190019B1B681846FB
:107B4000FFF762FD0346184603B05DF804FB00B57D
:107B500083B00190019B93F904301846FFF772FC43
:107B600000BF03B05DF804FB08B5044B1B68044A72
:107B700012681046984700BF08BD00BF742C002053
:107B8000782C002086B001900091019B53E8011FE2
:107B90008AB2D88902449889824228BF121A188969
:107BA000824202BFBFF32F8F002307E0C2EA010227
:107BB00043E801200028E9D14FF001038DF80F3090
:107BC000059002910492029A009B1A609DF80F3072
:107BD000DBB2184606B0704784B00190019951E8B5
:107BE000013FC3EA034341E80132002AF7D103927F
:107BF000029300BF04B0704786B001900091019BD2
:107C000053E8021F1FFAA1F2D888824202BFBFF3D5
:107C10002F8F00230DE0D88902449889824228BF23
:107C2000121AC1EA024243E802200028E8D14FF0CC
:107C300001038DF80F30059002910492029A009B87
:107C40001A609DF80F30DBB2184606B0704784B05A
:107C50000190019951E8023FC3EA234341E802320F
:107C6000002AF7D10392029300BF04B0704784B09A
:107C70000390029111461A460B46ADF806301346A2
:107C8000ADF80430029B002B01D10E231FE0BDF89C
:107C90000630BDF80420B3FBF2F102FB01F29B1A9F
:107CA0009BB2002B01D0092311E0039B029A1A60BA
:107CB000039B00225A60039B00229A60039BBDF83D
:107CC00006209A81039BBDF80420DA810023184620
:107CD00004B0704700B585B001900091009B194633
:107CE0000198FFF74FFF0346002B07D0019B1B684D
:107CF000009A128813440393039B00E00023184664
:107D000005B05DF804FB00B583B001900091009BC5
:107D10001A88009B5B889A4204D10198FFF75CFFA8
:107D2000012300E00023184603B05DF804FB00B512
:107D300085B001900091009B19460198FFF75CFF08
:107D40000346002B07D0019B1B68009A52881344FE
:107D50000393039B00E00023184605B05DF804FB85
:107D600000B583B001900091009B1A88009B5B884E
:107D70009A4204D10198FFF76AFF012300E0002333
:107D8000184603B05DF804FB00B585B00190009182
:107D9000009B5B099B00019A1A44009B03F01F03A0
:107DA000012101FA03F31946104600F036F803905A
:107DB00000BF05B05DF804FB00B585B001900091EF
:107DC000009B5B099B00019A1A44009B03F01F0370
:107DD000012101FA03F3DB431946104600F035F8A0
:107DE000039000BF05B05DF804FB82B001900091E4
:107DF000009B5B099B00019A13441A68009B03F0E7
:107E00001F0322FA03F303F00103002B14BF012325
:107E10000023DBB2184602B0704710B487B001905F
:107E20000091019B009A53E8004F44EA020043E8A6
:107E3000000191F0000FF6D1059404900391049B8A
:107E4000184607B05DF8044B704710B487B0019036
:107E50000091019B009A53E8004F04EA020043E8B6
:107E6000000191F0000FF6D1059404900391049B5A
:107E7000184607B05DF8044B7047000082B0034617
:107E80008DF807309DF8073003F01F0206499DF971
:107E900007305B09012000FA02F2603341F8232029
:107EA00000BF02B0704700BF00E100E000B583B042
:107EB0000190019B002B03D10649722005F0F8FCCC
:107EC000019B00221A60BFF35F8F00BF00BF03B0A9
:107ED0005DF804FB7462030041DF704700BF184681
:107EE00000B585B000238DF803300DF1030318466B
:107EF000FFF744FAF1EE103A0193019B0393039BC1
:107F000023F09F030293029BE1EE103A00BFBFF300
:107F10005F8F00BF2620FFF7B1FF9DF803301846A2
:107F2000FFF742FA039B03F00703002B03D0044939
:107F30007D2005F0BDFC00BF05B05DF804FB00BF6F
:107F4000B462030008B5064B00221A700548FFF71B
:107F5000ADFF0549054800F02FF80023184608BD7D
:107F6000842C0020802C002028630300882C002013
:107F700000B583B0FFF7B4FF0BF03EF80346002BCB
:107F80000ED0FFF7A9FF0190019B002B0ED0019BA3
:107F9000022B0BD007494FF4B07005F089FC05E0C7
:107FA00020BF00BF40BF00BF20BF00BF00BF03B065
:107FB0005DF804FBB462030000B583B0019000914A
:107FC000019B002B03D11049502005F071FC009B50
:107FD000002B03D10C49512005F06AFC019B009A4B
:107FE0001A60019B1B681A68019B5A60019B5A68C2
:107FF000019B1B685B689A4202D1019B00225A6078
:1080000000BF03B05DF804FB3463030000B583B028
:108010000190019B002B03D11449632005F048FC1B
:10802000019B1B68002B03D11049642005F040FC24
:10803000019B5B68002B14D0019B5B681A46019B77
:108040001B689B6813441A46019B5A60019B5A683F
:10805000019B1B685B689A4204D1019B00225A6015
:1080600000E000BF03B05DF804FB00BF3463030011
:1080700000B585B001900091019B002B03D11849F8
:108080003A2005F015FC009B002B03D114493B203E
:1080900005F00EFC019B5B6803930FE0019B9B685E
:1080A000039A1268009910469847034683F001032B
:1080B000DBB2002B07D1039B1B680393039B1B6858
:1080C000002BEBD100E000BF039B1A68009B1A60F5
:1080D000039B009A1A6000BF05B05DF804FB00BF67
:1080E000BC63030000B585B00190019B002B03D158
:1080F0000C49512005F0DCFB019B5B681B68039376
:10810000019B5B681B68002B06D0019B5B681A68AB
:10811000019B5B6812681A60039B184605B05DF806
:1081200004FB00BFBC63030000B583B00190019B5A
:10813000002B03D105495D2005F0BAFB019B5B686C
:108140001B68184603B05DF804FB00BFBC63030066
:1081500000B585B001900091019B002B03D1164919
:10816000692005F0A5FB009B002B03D112496A2072
:1081700005F09EFB00238DF80F30019B5B68029396
:108180000FE0029B1B68009A9A4207D1009B1A6875
:10819000029B1A6001238DF80F3006E0029B1B68DA
:1081A0000293029B1B68002BEBD19DF80F30184601
:1081B00005B05DF804FB00BFBC630300BFF34F8F45
:1081C00000BF074BDB6803F4E0620549054B13432E
:1081D000CB60BFF34F8F00BF00BF00BFFCE700BF05
:1081E00000ED00E00400FA05024B034A1A6000BFEC
:1081F000704700BFF42A00200090D00308B500F0BB
:1082000097F90346002B06D0B74B1B681B0AB74AE9
:1082100003F01F03136000F0B7F90346002B02D0F0
:10822000B34BB44A1A6000F0CBF90346002B06D0DA
:10823000B14B1B685B0BB14A03F00703136000F0FE
:10824000EBF90346002B05D0AD4BDB68AC4A23F0BD
:108250008073D36000F0FCF90346002B0ED04FF082
:1082600080430022C3F80C214FF080430022C3F862
:1082700010214FF080430022C3F8382500F014FA93
:108280000346002B02D09F4B03221A6000F028FA0D
:108290000346002B0BD09C4B05221A609B4B0122FE
:1082A0001A609B4B00221A609A4B3F221A6000F022
:1082B00033FA0346002B76D04FF08053964AD3F81A
:1082C0000434C2F820354FF08053934AD3F8083471
:1082D000C2F824354FF080538F4AD3F80C34C2F8DB
:1082E00028354FF080538C4AD3F81034C2F82C351F
:1082F0004FF08053884AD3F81434C2F830354FF029
:108300008053854AD3F81834C2F834354FF080537F
:10831000814AD3F81C34C2F840354FF080537E4A6E
:10832000D3F82034C2F844354FF080537A4AD3F85A
:108330002434C2F848354FF08053774AD3F82834B4
:10834000C2F84C354FF08053734AD3F82C34C2F83E
:1083500050354FF08053704AD3F83034C2F854355A
:108360004FF080536C4AD3F83434C2F860354FF084
:108370008053694AD3F83834C2F864354FF08053DB
:10838000654AD3F83C34C2F868354FF08053624AEE
:10839000D3F84034C2F86C354FF080535E4AD3F8BE
:1083A0004434C2F8703500F0D3F90346002B05D0F1
:1083B0005A4B1B685A4A03F04F03136000F0F4F95C
:1083C0000346002B0DD04FF08043D3F8003403F068
:1083D0000103002B05D04FF080436FF00102C3F87A
:1083E000002400F00DFA0346002B05D04D4B1B680E
:1083F0004C4A43F4806313604B4BD3F888304A4AAD
:1084000043F47003C2F88830BFF34F8F00BFBFF34F
:108410006F8F00BF4FF01023D3F80C3203F001032D
:10842000012B25D1414B0122C3F8042500BF3F4B4E
:10843000D3F80034002BFAD04FF01023D3F80C32CD
:108440004FF0102223F00103C2F80C3200BF374B6B
:10845000D3F80034002BFAD0344B0022C3F80425A3
:1084600000BF324BD3F80034002BFAD0FFF7A6FE42
:108470004FF01023D3F80032002B05DB4FF0102310
:10848000D3F80432002B2BDA284B0122C3F8042541
:1084900000BF264BD3F80034002BFAD04FF0102346
:1084A0001522C3F8002200BF204BD3F80034002B64
:1084B000FAD04FF010231522C3F8042200BF1B4B43
:1084C000D3F80034002BFAD0184B0022C3F804254F
:1084D00000BF164BD3F80034002BFAD0FFF76EFE26
:1084E000FFF782FE00BF08BD2403001040350140A5
:1084F00074C007400DF0ADBA440200103C050040C6
:10850000F0ED00E0A0050040105600408856004005
:10851000185600401456004000C000405802001099
:10852000E40E00403C17004000ED00E000E0014098
:10853000124B1B68DBB2062B1DD1114B1B6803F0DD
:108540000F03002B17D10F4B1B6803F0F003302BE8
:1085500001D1012310E00B4B1B6803F0F003402B0B
:1085600001D1012308E0074B1B6803F0F003502BF7
:1085700001D1012300E0002318467047E00F00F00E
:10858000E40F00F0E80F00F00A4B1B68DBB2062B8B
:108590000DD1094B1B6803F00F03002B07D1074BCC
:1085A0001B6803F0F003302B01D1012300E000230E
:1085B00018467047E00F00F0E40F00F0E80F00F0FD
:1085C000124B1B68DBB2062B1DD1114B1B6803F04D
:1085D0000F03002B17D10F4B1B6803F0F003302B58
:1085E00001D1012310E00B4B1B6803F0F003402B7B
:1085F00001D1012308E0074B1B6803F0F003502B67
:1086000001D1012300E0002318467047E00F00F07D
:10861000E40F00F0E80F00F00A4B1B68DBB2062BFA
:108620000DD1094B1B6803F00F03002B07D1074B3B
:108630001B6803F0F003302B01D1012300E000237D
:1086400018467047E00F00F0E40F00F0E80F00F06C
:10865000124B1B68DBB2062B1DD1114B1B6803F0BC
:108660000F03002B17D10F4B1B6803F0F003302BC7
:1086700001D1012310E00B4B1B6803F0F003402BEA
:1086800001D1012308E0074B1B6803F0F003502BD6
:1086900001D1012300E0002318467047E00F00F0ED
:1086A000E40F00F0E80F00F00A4B1B68DBB2062B6A
:1086B0000DD1094B1B6803F00F03002B07D1074BAB
:1086C0001B6803F0F003302B01D1012300E00023ED
:1086D00018467047E00F00F0E40F00F0E80F00F0DC
:1086E0000A4B1B68DBB2062B0DD1094B1B6803F04C
:1086F0000F03002B07D1074B1B6803F0F003302B4F
:1087000001D1012300E0002318467047E00F00F07C
:10871000E40F00F0E80F00F00A4B1B68DBB2062BF9
:108720000DD1094B1B6803F00F03002B07D1074B3A
:108730001B6803F0F003502B01D1012300E000235C
:1087400018467047E00F00F0E40F00F0E80F00F06B
:10875000124B1B68DBB2062B1DD1114B1B6803F0BB
:108760000F03002B17D10F4B1B6803F0F003302BC6
:1087700001D1012310E00B4B1B6803F0F003402BE9
:1087800001D1012308E0074B1B6803F0F003502BD5
:1087900001D1012300E0002318467047E00F00F0EC
:1087A000E40F00F0E80F00F0124B1B68DBB2062B61
:1087B0001DD1114B1B6803F00F03002B17D10F4B7A
:1087C0001B6803F0F003302B01D1012310E00B4BA9
:1087D0001B6803F0F003402B01D1012308E0074B95
:1087E0001B6803F0F003502B01D1012300E00023AC
:1087F00018467047E00F00F0E40F00F0E80F00F0BB
:10880000064B1B68062B05D1054B1B68062B01D1B7
:10881000012300E000231846704700BF300100101C
:108820003401001082B003468DF807309DF8073000
:1088300003F01F0206499DF907305B09012000FA89
:1088400002F2203341F8232000BF02B0704700BF7E
:1088500000E100E008B50AF0CFFB034683F0010316
:10886000DBB2002B03D10549792005F021F800F097
:10887000FDFB034B00229A7000BF08BD306403006B
:10888000902C002000B583B000230193144B1B787B
:10889000002B02D0852301931CE0114B00229A602B
:1088A0000F4B00225A600E4B00221A610C4B002223
:1088B000DA600C4800F084FB01900AF09DFB03464F
:1088C00083F00103DBB2002B01D000F09FFB044BCF
:1088D00001221A70019B184603B05DF804FB00BF2B
:1088E000902C0020AD8A020084B001900091019B81
:1088F0001B68039306E0039A009B9A420DD0039BEA
:108900001B680393039B002BF5D1019B1A68009B06
:108910001A60019B009A1A6000E000BF04B0704723
:1089200084B00190019B1B680393039B002B03D031
:10893000039B1A68019B1A60039B184604B070479A
:1089400000B585B00190294B1B78002B03D1284935
:10895000E92004F0ADFF254B9B78DBB2002B19D04A
:10896000019B002B03D0019B5B68012098470023EB
:108970008DF80F300DF10F031846FEF7FFFC1B4B6F
:10898000DB680133194AD3609DF80F301846FEF7B3
:108990000BFD1EE000238DF80E300DF10E0318467E
:1089A000FEF7ECFC019B002B03D001991148FFF767
:1089B0009BFF0E4BDB68002B01D100F03BFB0B4B08
:1089C000DB680133094AD3609DF80E301846FEF784
:1089D000EBFC064BDB68002B04D1054940F2051087
:1089E00004F066FF00BF05B05DF804FB902C00208A
:1089F00030640300A02C002000B583B0164B1B7818
:108A0000002B04D115494FF4857004F051FF124B2F
:108A1000DB68002B04D1114940F20B1004F048FF31
:108A200000238DF807300DF107031846FEF7A6FC6A
:108A3000094BDB68013B084AD360074BDB68002B1E
:108A400001D1FFF707FF9DF807301846FEF7ACFC91
:108A500000BF03B05DF804FB902C002030640300DD
:108A600000B585B003468DF807309DF80730002B20
:108A700002D10C4B039301E00B4B03930398FFF7D8
:108A80004FFF0290029B002B06D0029B5B689DF873
:108A9000072010469847F1E700BF00BF05B05DF81A
:108AA00004FB00BF982C0020A02C002000B583B050
:108AB00003468DF807309DF80730002B05D10A4B8F
:108AC00001225A700020FFF7CBFF9DF80730012BE1
:108AD00005D1054B01229A700120FFF7C1FF00BFAD
:108AE00003B05DF804FB00BF902C002000B583B0FC
:108AF00001900091019B002B05D1054B01225A707A
:108B00000020FFF7ADFF00BF03B05DF804FB00BF1E
:108B1000902C002000B585B0034600918DF80730F9
:108B20009DF80730032B29D0032B35DC002B02D016
:108B3000012B04D030E00020FFF774FE2DE000236D
:108B40008DF80F300DF10F031846FEF717FC154B8B
:108B50001B7883F00103DBB2002B01D0FFF792FEFC
:108B6000104BDB6801330F4AD3600E4B01229A7021
:108B70009DF80F301846FEF717FC0EE0094B1B78E6
:108B8000002B04D1084940F2452004F091FE00F08A
:108B90003DFAFFF731FF00E000BF00BF05B05DF810
:108BA00004FB00BF902C00203064030000B589B0A6
:108BB00001900091009B0793019B1B788DF80C306E
:108BC000019B5B680493019B9B68DBB28DF81430BA
:108BD000019BDB680693074A079B52F8233006493E
:108BE000079A51F8221003AA1046984700BF09B00F
:108BF0005DF804FBA42C0020A82C002000B589B04F
:108C000001900091009B0793019B1B788DF80C301D
:108C1000019B5B680493019B9B68DBB28DF8143069
:108C2000019BDB680693074A079B52F823300649ED
:108C3000079A51F8221003AA1046984700BF09B0BE
:108C40005DF804FBA42C0020A82C002030B58FB0C8
:108C5000039002910192039B1B780C9326490C9B75
:108C6000019A41F82320029B1A6924490C9B41F880
:108C70002320029B5B7F1946214A0C9B13440A4622
:108C80001A70029B04AC1D460FCD0FC495E80F006F
:108C900084E80F000C9B089300230D93039B1B7823
:108CA0001A46174B9B5C002B0DD0039B181D019B94
:108CB000002B01D0134A00E0002204AB194602F059
:108CC0002BFE0D9014E0039B1B781A460C4B9B5C0B
:108CD000002B0DD1039B03F10C00019B002B01D055
:108CE000094A00E0002204AB194601F08FFE0D9006
:108CF0000D9B18460FB030BDA42C0020A82C0020DE
:108D0000AC2C0020AD8B0200FD8B020082B003462C
:108D10008DF807309DF8073003F01F0205499DF9D3
:108D200007305B09012000FA02F241F8232000BF5E
:108D300002B0704700E100E082B0034600918DF878
:108D400007309DF90730002B0CDA009BDAB20C4992
:108D50009DF8073003F00F03043B5201D2B20B44DD
:108D60001A7609E0009BDAB206499DF907305201F4
:108D7000D2B20B4483F8002300BF02B0704700BF9B
:108D800000ED00E000E100E082B00190019B1B0BD0
:108D90005BB2184602B0704700B583B003460A467E
:108DA0008DF8073013468DF806309DF80630012BFC
:108DB00003D99DF80630032B0BD99DF80630042B00
:108DC00003D99DF80630072B03D908496B2004F01E
:108DD0006FFD9DF806209DF9073011461846FFF7F4
:108DE000ABFF00BF03B05DF804FB00BF9C64030051
:108DF00000B583B003468DF807309DF9073018465B
:108E0000FFF784FF00BF03B05DF804FB82B00346A8
:108E10008DF807300F4A9DF90730002B00DA1F3319
:108E20005B115BB252F823209DF90730594203F0E1
:108E30001F0301F01F0158BF4B425BB222FA03F33C
:108E400003F00103002B14BF01230023DBB21846FB
:108E500002B0704700E100E082B001904FF0804224
:108E6000019BC2F8043300BF02B0704782B001908A
:108E70004FF08042019BC2F8083300BF02B0704738
:108E800082B003468DF807309DF8073003F1804328
:108E900001221A6000BF02B0704784B00346ADF8EB
:108EA0000630BDF8063003F1804300221A60BDF899
:108EB000063003F180431B680393039B00BF04B09B
:108EC000704782B00346ADF80630BDF8063003F1B6
:108ED00080431B68002B14BF01230023DBB218461C
:108EE00002B0704782B001904FF08042019BC2F8FF
:108EF000183500BF02B070474FF08043D3F81834E4
:108F00001B0C03F00103002B14BF01230023DBB271
:108F10001846704700B583B006238DF807304FF030
:108F20008040FFF731FF03461846FFF76FFF034607
:108F300083F00103DBB2002B13D04FF08040FFF72A
:108F400023FF03461A469DF8073019461046FFF7DF
:108F500023FF4FF08040FFF717FF03461846FFF747
:108F600047FF00BF03B05DF804FB000084B0124B64
:108F7000DB680393104A039B43F08073D3600F4B6D
:108F80001B6802930D4A029B43F0010313600B4BD5
:108F90005B68019300BF094B5A68019BD31AB3F574
:108FA0000A5FF8D3054A029B1360034A039BD36010
:108FB00000BF04B0704700BFF0ED00E0001000E01B
:108FC00000B585B00190019B002B03D10D49A42071
:108FD00004F06EFC002303930B4B1B79002B02D093
:108FE0008523039308E0084A019B1360064B012286
:108FF0001A71054B00225A71039B184605B05DF8A3
:1090000004FB00BFD4640300B02C002008B5074B5C
:109010001B79002B03D10649BD2004F049FCFFF762
:1090200079FF0120FFF75EFF00BF08BDB02C0020D4
:10903000D464030008B50B4B1B79002B03D10A49FC
:10904000EA2004F035FC4FF48270FFF726FF02207F
:10905000FFF702FFFFF78AFF0820FFF711FF00BFAD
:1090600008BD00BFB02C0020D464030008B50A4B33
:109070001B79002B03D10949F72004F019FC0C20BF
:10908000FFF7FEFE00BFFFF737FF0346002BFAD1C4
:1090900000BF00BF08BD00BFB02C0020D464030097
:1090A00008B54FF48070FFF70CFF0346002B14D077
:1090B0004FF48070FFF7F1FE0120FFF7D7FE114B50
:1090C0005B7983F00103DBB2002B06D00D4B01224C
:1090D0005A710C4B1B68002098474FF48270FFF7C1
:1090E000F0FE0346002B0AD04FF48270FFF7D5FE46
:1090F0000220FFF7BBFE034B1B680120984700BF0F
:1091000008BD00BFB02C002082B003468DF80730A8
:109110009DF8073003F01F0205499DF907305B09F0
:10912000012000FA02F241F8232000BF02B070478C
:1091300000E100E082B0034600918DF807309DF910
:109140000730002B0CDA009BDAB20C499DF807308F
:1091500003F00F03043B5201D2B20B441A7609E02C
:10916000009BDAB206499DF907305201D2B20B4496
:1091700083F8002300BF02B0704700BF00ED00E09D
:1091800000E100E000B583B003460A468DF80730E1
:1091900013468DF806309DF80630012B03D99DF853
:1091A0000630032B0BD99DF80630042B03D99DF80C
:1091B0000630072B03D908496B2004F079FB9DF892
:1091C00006209DF9073011461846FFF7B3FF00BF90
:1091D00003B05DF804FB00BF4065030000B583B039
:1091E00003468DF807309DF907301846FFF78CFFCE
:1091F00000BF03B05DF804FB00B583B00346ADF8D3
:109200000630BDF80630184600F026F803461B6805
:10921000012B0CBF01230023DBB2184603B05DF81D
:1092200004FB00B585B00346ADF80630BDF8063046
:10923000184600F011F803461A4600231360BDF8E3
:109240000630184600F008F803461B680393039B9A
:1092500000BF05B05DF804FB82B00346ADF80630F0
:10926000BDF8063003F1804303F5C043184602B051
:109270007047000082B00190034A019BC2F804339A
:1092800000BF02B0704700BF0060004082B0019094
:10929000034BD3F80423019B1340184602B07047D8
:1092A0000060004082B00190084A019B03F5A27360
:1092B00052F82330054943F00102019B03F5A273E4
:1092C00041F8232000BF02B0704700BF006000409B
:1092D00084B00390029113468DF80730144A039B23
:1092E00003F5A27352F82330114923F4473323F4D2
:1092F0004073039A02F5A27241F822300C4A039B94
:1093000003F5A27352F82320029B1B0203F4F851C9
:109310009DF807301B0403F440330B4304491A4300
:10932000039B03F5A27341F8232000BF04B07047EC
:109330000060004082B00190054A019B03F5A273D2
:1093400052F823301B0A03F01F03184602B070477F
:109350000060004082B00190064A019B03F5A273B1
:1093600052F823301B0C03F00303DBB2184602B0A3
:10937000704700BF0060004000B583B00190019BC2
:109380001B681F2B04D9054940F2CD1004F090FA58
:109390004FF0A043184603B05DF804FB7865030066
:1093A00000B585B00190084611461A4603468DF86F
:1093B00003300B468DF8023013468DF8013001ABB7
:1093C0001846FFF7D9FF03909DF803209DF802305F
:1093D0005B001A439DF801309B001A439DF818303A
:1093E0001B0242EA03019DF81C301B04019A194339
:1093F000039B02F5E07243F8221000BF05B05DF850
:1094000004FB00B585B003900B468DF80B309DF83A
:109410000B300022019200220092002200210398CA
:10942000FFF7BEFF00BF05B05DF804FB00B585B0D7
:10943000019001AB1846FFF79FFF0390019A039B31
:1094400002F5E07253F8223023F002030293019AEE
:10945000039B02F5E072029943F8221000BF05B0A9
:109460005DF804FB00B585B001900B468DF8033024
:1094700001AB1846FFF780FF0390019A039B02F5AA
:10948000E07253F82230019A23F44031039B02F535
:10949000E07243F82210019A039B02F5E07253F840
:1094A00022309DF8032012041146019A1943039BB0
:1094B00002F5E07243F8221000BF05B05DF804FB2E
:1094C00000B585B0019001AB1846FFF755FF03903A
:1094D000039800F020F80246019B22FA03F303F000
:1094E0000103184605B05DF804FB00B585B0019096
:1094F00001AB1846FFF740FF0390019A039B02F56A
:10950000E07253F822301B0C03F00303DBB2184661
:1095100005B05DF804FB82B00190019BD3F81035D3
:10952000184602B07047000000B587B00390029162
:1095300001924FF0A0430493039A029B1344012B22
:1095400004D9124940F2FD2004F0B2F9039B0593BF
:1095500011E0059B9B0006AA134453F8083C1846EB
:10956000FFF7D9FF0246019B1A60019B0433019368
:10957000059B01330593039A029B1344059A9A4273
:10958000E7D300BF00BF07B05DF804FB78650300B8
:1095900084B001900091009B0393019BDB08029330
:1095A000019B03F0070301930122019B02FA03F3DD
:1095B0000399029A0A4412781340184604B070477F
:1095C00084B001900091009B0393019BDB08029300
:1095D000019B03F007030193039A029B13441B783A
:1095E0005AB20121019B01FA03F35BB2134359B252
:1095F000039A029B1344CAB21A7000BF04B07047AA
:1096000082B001900C4A019B1344303393F900302F
:10961000002B09DB084A019B1344303393F90030D7
:10962000072B01DC012300E0002303F00103DBB280
:10963000184602B0704700BFB82C002082B00190DD
:10964000064A019B1344303393F90030072BCCBFFB
:1096500001230023DBB2184602B07047B82C00206B
:1096600082B00190064A019B1344303393F90030D5
:10967000DB43DBB2DB09DBB2184602B0704700BF48
:10968000B82C002084B00390029101928DF8033031
:10969000029B59B20E4A039B134430330A461A7098
:1096A0000B49029B019A41F823209DF8033083F077
:1096B0000103DBB2002B08D0029B083B039A51B296
:1096C000034A13440A4683F8502000BF04B0704791
:1096D000B82C002082B00190044A019B134430331F
:1096E000FF221A7000BF02B0704700BFB82C0020E4
:1096F00000B583B0019004490198FFF761FF00BFF6
:1097000003B05DF804FB00BF0C2D002082B0019077
:10971000044A019B1344303393F90030184602B0D9
:10972000704700BFB82C002082B00190034A019B13
:1097300052F82330184602B0704700BFB82C002002
:1097400000B589B00390029113468DF80730FF23CE
:109750008DF81F309DF80730002B01D0002300E06A
:10976000082305939DF80730002B01D0082300E063
:109770000C230493059B069314E00F4A069B52F8B2
:109780002330B3F1FF3F0AD19DF80730029A0699C2
:109790000398FFF777FF069B8DF81F3006E0069BC6
:1097A00001330693069A049B9A42E6D39DF91F3033
:1097B000184609B05DF804FBB82C002082B00346BF
:1097C0008DF807309DF80730094A4FF0FF3142F815
:1097D00023109DF80730072B07D99DF80730083B69
:1097E000034A1344FF2283F8502000BF02B07047A1
:1097F000B82C002000B583B0254B93F85830002BCF
:1098000003D008230093009B3EE000238DF807302F
:1098100009E09DF807301846FFF75CFF9DF8073018
:1098200001338DF807309DF807301F2BF1D9002345
:109830008DF8073009E09DF807301846FFF7BEFFA6
:109840009DF8073001338DF807309DF807300B2B5A
:10985000F1D9042200210F480BF0F7FB0621062066
:10986000FFF790FC0620FFF7B9FC4FF4BE70FFF73E
:10987000D8FC4FF00040FFF7FDFC054B012283F8B8
:10988000582000230093009B184603B05DF804FBAA
:10989000B82C00200C2D002000B587B00390029159
:1098A0000192039B1F2B04D9364940F2072003F095
:1098B000FFFF002305930398FFF7D2FE0346002B1A
:1098C00002D00823059357E0029B9B78C3F3400323
:1098D000DBB21A4601990398FFF732FF03468DF871
:1098E00013309DF91330B3F1FF3F43D0029B9B78B7
:1098F000C3F38003DBB283F00103DBB2002B13D090
:10990000029B9B7803F00103DBB2002B03D003988A
:10991000FFF78CFD05E0029B5B7819460398FFF783
:1099200070FD0398FFF7E4FE029B9B7803F00203AF
:10993000DBB2002B08D09DF91300029B1B781A465E
:109940000399FFF7C5FC17E09DF91330083B0E4A59
:10995000134493F95010029B1B789B015AB29DF956
:109960001330083B0A4351B2074A13440A4683F8AE
:10997000502001E004230593059B184607B05DF8CD
:1099800004FB00BFB0650300B82C002000B589B00F
:1099900001900B468DF80330019B1F2B04D93D49E4
:1099A00040F2372003F084FF0198FFF759FE034689
:1099B000002B04D137494FF40E7003F079FF019862
:1099C000FFF73CFE0346002B2FD00198FFF79EFEC9
:1099D0000346083B304A134493F950308DF80F305A
:1099E0009DF80F309B098DF80E309DF80E30032B3B
:1099F0000BD10198FFF764FD0346002B01D0032330
:109A000000E002238DF81F3008E09DF80E30012B96
:109A100001D1022300E003238DF81F309DF81F3091
:109A200019460198FFF71EFD30E00198FFF7E8FDA9
:109A30000346002B2AD00198FFF768FE03460693E1
:109A4000069B9BB240339BB29B00ADF81630069B41
:109A50001846FFF727FCBDF816301846FFF7E1FB64
:109A60009DF80330002B11D00198FFF74FFE0346FD
:109A70001846FFF759FE0490049B002B06D00122E4
:109A8000069B02FA03F31846FFF7F4FB00BF09B088
:109A90005DF804FBB0650300B82C002000B595B05C
:109AA00000231393002303934FF48073ADF84630E3
:109AB000012310930023129321E0BDF8463018468D
:109AC000FFF79AFB0346002B0ED01098FFF7DEFB42
:109AD0000346002B08D0BDF846301846FFF7A1FB1F
:109AE000139A109B13431393109B5B001093BDF8C4
:109AF00046300433ADF84630129B01331293129B6B
:109B0000072BDAD94FF4BE70FFF776FB0346002B24
:109B10000DD04FF4BE70FFF784FB139B43F000435E
:109B2000139303AB1A4601210020FFF7FDFC139BA2
:109B3000DBB2002B29D0012310930023129321E0E4
:109B4000109A139B1340002B16D01298FFF7F2FBCC
:109B50000D901298FFF7FEFB03468DF833301298F4
:109B6000FFF7E2FD0B900B9B002B05D09DF83320F7
:109B70000B9B11460D989847109B5B001093129B0E
:109B800001331293129B072BDAD9139B002B80F21F
:109B9000EE8000238DF83B300023029300230F93C7
:109BA0000AE00F9B9B0014AA13444FF0FF3243F8C6
:109BB0004C2C0F9B01330F930F9B002BF1D00023F4
:109BC0008DF83B300023129378E06B4A129B1344CC
:109BD000503393F900308DF82B309DF82B3023F063
:109BE000C0030993644A129B1344503393F9003025
:109BF000B3F1FF3F5FD001AB19460998FFF7C8FCEE
:109C00000346002B57D09DF82B309B098DF823304D
:109C10000998FFF77BFD03461846FFF785FD07907F
:109C2000079B002B03D19DF82330032B43D19DF8D4
:109C30002330032B04D102AB19460998FFF7C0FC6F
:109C40000998FFF752FC03468DF81B3003AB194609
:109C50000998FFF79DFC0590059B002B03D09DF80C
:109C60001B30022B06D0059B002B24D19DF81B3006
:109C7000032B20D19DF82330032B13D19DF81B30EB
:109C8000022B01D1032300E002238DF813309DF84D
:109C9000133019460998FFF7E5FB9DF83B30013377
:109CA0008DF83B30079B002B05D09DF82320079BA8
:109CB000114609989847129B01331293129B032B6C
:109CC00083D99DF83B30002B4CD001238DF83A30DE
:109CD0006B461A4601210020FFF726FC00230F9354
:109CE00014E00F9B9B0014AA134453F8502C0F9BB5
:109CF0009B0014A90B4453F8443C9A4203D0002320
:109D00008DF83A3005E00F9B01330F930F9B002B2A
:109D1000E7D09DF83A30002B03D000238DF83B307C
:109D200020E000230F931AE00F9B9B0014AA13441A
:109D300053F8502C0F9B9B0014A90B4443F8442C60
:109D40000F9B9B0014AA134453F8482C0F9B9B00B5
:109D500014A90B4443F84C2C0F9B01330F930F9B1A
:109D6000002BE1D09DF83B30002B7FF428AF00BFE3
:109D700015B05DF804FB00BFB82C002008B5064BF9
:109D80001B68002B03D10549512003F091FD024BC4
:109D90001B68984700BF08BD142D00201C660300F7
:109DA00082B00190019B044A934201D1034B00E031
:109DB0000023184602B0704700200040142D0020F8
:109DC00000B587B001900091019B002B03D11C4985
:109DD000772003F06DFD0198FFF7E2FF0490049BEC
:109DE000002B25D000238DF8173000238DF80B3081
:109DF0000DF10B031846FDF7C1FA049B1B79002BEC
:109E000003D001238DF8173005E0049B009A1A60F7
:109E1000049B01221A719DF80B301846FDF7C4FA15
:109E20009DF81730002B03D011230393039B02E00E
:109E300000230393039B184607B05DF804FB00BFA3
:109E40001C66030000B585B00190019B002B03D177
:109E50000A499B2003F02CFD0198FFF7A1FF039016
:109E6000039B002B05D0039B00221A60039B00225A
:109E70001A7100BF05B05DF804FB00BF1C6603004B
:109E800082B00190019B03F06043B3F1005F0CBF0F
:109E900001230023DBB2184602B0704782B0019064
:109EA0000B468DF803309DF80330019A13440122CC
:109EB0001A6000BF02B0704784B001900B46ADF845
:109EC0000230BDF80230019A134400221A60BDF836
:109ED0000230019A13441B680393039B00BF04B034
:109EE000704782B001900B46ADF80230BDF80230E9
:109EF000019A13441B68002B14BF01230023DBB21B
:109F0000184602B0704782B001900091019B009A00
:109F1000C3F8042300BF02B0704782B001900091E3
:109F2000019B009AC3F8082300BF02B0704784B0B9
:109F3000039002910192029A039BC3F84425039B6C
:109F4000019AC3F8482500BF04B0704784B003905D
:109F500002910192029A039BC3F83425039B019A54
:109F6000C3F8382500BF04B0704782B00190019B50
:109F70000122C3F8502500BF02B0704782B00190A3
:109F8000019B0022C3F8502500BF02B0704782B089
:109F90000190019B0122C3F8402500BF02B0704729
:109FA00082B00190019B0022C3F8402500BF02B09F
:109FB0007047000000B583B00190019B1B681F2B08
:109FC00004D9054940F2CD1003F072FC4FF0A043D4
:109FD000184603B05DF804FBC066030000B585B009
:109FE000019001AB1846FFF7E5FF0390019B0122AA
:109FF00002FA03F31946039800F018F800BF05B001
:10A000005DF804FB00B585B0019001AB1846FFF781
:10A01000D1FF0390019B012202FA03F31946039832
:10A0200000F00EF800BF05B05DF804FB82B00190AF
:10A030000091019B009AC3F8082500BF02B0704749
:10A0400082B001900091019B009AC3F80C2500BFDB
:10A0500002B0704700B583B00190019BDB7FFF2BFE
:10A060000ED0019B9B7F002B05D0019BDB7F184608
:10A07000FFF7C8FF04E0019BDB7F1846FFF7AEFF48
:10A08000019B00225A77019B00221A72019B1B68D8
:10A09000019A02F10800019A52681146984700BFE0
:10A0A00003B05DF804FB00B583B001900B468DF85A
:10A0B00003309DF8033083F00103DBB2002B04D0A2
:10A0C00040210198FFF729FF03E040210198FFF7A5
:10A0D0001AFF00BF03B05DF804FB00B583B0019028
:10A0E0000091009B03F00103002B03D00198FFF7C0
:10A0F0003CFF02E00198FFF741FF009B03F00203E1
:10A10000002B03D00198FFF742FF02E00198FFF710
:10A1100047FF00BF03B05DF804FB00B587B00390B4
:10A12000029101920093019B1B68002B0AD0019BB6
:10A130001B681846FFF7A4FE034683F00103DBB259
:10A14000002B0ED1019B9B68002B11D0019B9B68BB
:10A150001846FFF795FE034683F00103DBB2002BA0
:10A1600006D0029B00225A7710230593059B54E0EA
:10A17000019B1968019B5B681A460398FFF7D7FE9D
:10A18000019B9968019BDB681A460398FFF7DEFE86
:10A190004FF48C710398FFF78FFE00990398FFF737
:10A1A0009CFF009B03F00803002B03D110210398B0
:10A1B000FFF774FE029B1B68002B1FD100BF4FF4FA
:10A1C0008C710398FFF78DFE034683F00103DBB229
:10A1D000002BF4D1029BDB7FFF2B1BD0029B9B7FCC
:10A1E000002B05D0029BDB7F1846FFF70BFF11E029
:10A1F000029BDB7F1846FFF7F1FE0BE0009B03F0AC
:10A200000403002B0CBF01230023DBB21946039883
:10A21000FFF749FF00230593059B184607B05DF83B
:10A2200004FB000010B586B0039002910192039BDD
:10A230001B791A461346DB0013449B00394A13442A
:10A240000593059B1B7F002B04D1374940F2322038
:10A2500003F02EFB029B1B68002B08D1029B5B685E
:10A26000002B04D0304940F2332003F021FB029B45
:10A270009B68002B08D1029BDB68002B04D02A4985
:10A280004FF40D7003F014FB039B1B79002B07D1D7
:10A29000029BDB68FF2B03D8029B5B68FF2B04D972
:10A2A000214940F2352003F003FB00230493059B72
:10A2B0005B7FDBB2002B03D011230493049B2EE0C1
:10A2C000059B1B68002B07D0019B03F01403002B98
:10A2D00002D1059B01225A77059B029A03F10C04D7
:10A2E00013460FCB84E80F00059BDB7FFF2B0ED0BE
:10A2F000059B9B7F002B05D0059BDB7F1846FFF756
:10A300006DFE04E0059BDB7F1846FFF77BFE039B99
:10A310001868019B029A0599FFF7FFFE034618464D
:10A3200006B010BD1C2D0020F866030000B583B0F8
:10A33000019000914FF48C710198FFF7D2FD034614
:10A34000002B10D04FF48C710198FFF7B5FD009BE6
:10A350001B68002B04D106494FF4277003F0A8FABC
:10A360000098FFF777FE00BF03B05DF804FB00BF65
:10A37000F866030008B503490348FFF7D7FF00BF9D
:10A3800008BD00BF1C2D00200030004082B00346F5
:10A390008DF807309DF8073003F01F0205499DF93D
:10A3A00007305B09012000FA02F241F8232000BFC8
:10A3B00002B0704700E100E082B003468DF807303C
:10A3C0009DF8073003F01F0206499DF907305B092D
:10A3D000012000FA02F2203341F8232000BF02B02E
:10A3E000704700BF00E100E082B0034600918DF8A5
:10A3F00007309DF90730002B0CDA009BDAB20C49CC
:10A400009DF8073003F00F03043B5201D2B20B4416
:10A410001A7609E0009BDAB206499DF9073052012D
:10A42000D2B20B4483F8002300BF02B0704700BFD4
:10A4300000ED00E000E100E082B00190019B1B0B09
:10A440005BB2184602B0704700B583B003460A46B7
:10A450008DF8073013468DF806309DF80630012B35
:10A4600003D99DF80630032B0BD99DF80630042B39
:10A4700003D99DF80630072B03D908496B2003F058
:10A4800017FA9DF806209DF9073011461846FFF788
:10A49000ABFF00BF03B05DF804FB00BF64670300BF
:10A4A00000B583B003468DF807309DF90730184694
:10A4B000FFF76CFF00BF03B05DF804FB00B583B08D
:10A4C00003468DF807309DF907301846FFF774FFF3
:10A4D00000BF03B05DF804FB84B001900B46ADF8FB
:10A4E0000230BDF80230019A134400221A60BDF810
:10A4F0000230019A13441B680393039B00BF04B00E
:10A50000704782B001900B46ADF80230BDF80230C2
:10A51000019A13441B68002B14BF01230023DBB2F4
:10A52000184602B0704782B001900091019B009ADA
:10A53000C3F8042300BF02B0704782B001900091BD
:10A54000019BD3F80423009B1340002B14BF01236D
:10A550000023DBB2184602B0704782B00190009130
:10A56000019B009AC3F8082300BF02B0704784B073
:10A570000190019BD3F880340393019B039AC3F8A5
:10A580008024039B184604B0704782B00190019B61
:10A590000422C3F8002500BF02B0704782B00190CA
:10A5A000019B0022C3F8002500BF02B0704784B0B1
:10A5B000039002910192039B019AC3F81425039B17
:10A5C000029AC3F80C2500BF04B0704700B583B0F1
:10A5D00001904FF0FF324FF0FF310198FFF7E7FF96
:10A5E00000BF03B05DF804FB82B00190019BD3F87B
:10A5F0000C35184602B0704782B00190019BD3F829
:10A600001435184602B0704782B00190019BD3F810
:10A610000835184602B0704782B00190019BD3F80C
:10A620001035184602B0704784B003900291019231
:10A63000039B029AC3F80825039B019AC3F81025CF
:10A6400000BF04B0704700B583B001904FF0FF32F7
:10A650004FF0FF310198FFF7E7FF00BF03B05DF84F
:10A6600004FB82B00190019BD3F81835DBB2184689
:10A6700002B0704782B001900B468DF803309DF810
:10A680000320019BC3F81C2500BF02B0704782B0B5
:10A6900001900B468DF803309DF80330019A134466
:10A6A00001221A6000BF02B0704782B001900B46D1
:10A6B0008DF8033013468DF802309DF803209DF885
:10A6C00002301343DBB21A46019BC3F86C2500BF6E
:10A6D00002B0704782B001900091019B009AC3F8CC
:10A6E000242500BF02B0704700B583B00190019BE4
:10A6F0001B681F2B04D9054940F2CD1003F0D8F890
:10A700004FF0A043184603B05DF804FB9C670300BC
:10A7100000B585B00190084611461A4603468DF8EB
:10A7200003300B468DF8023013468DF8013001AB33
:10A730001846FFF7D9FF03909DF803209DF80230DB
:10A740005B001A439DF801309B001A439DF81830B6
:10A750001B0242EA03019DF81C301B04019A1943B5
:10A76000039B02F5E07243F8221000BF05B05DF8CC
:10A7700004FB00B585B003900023019300230093F0
:10A780000023012201210398FFF7C2FF00BF05B09B
:10A790005DF804FB00B585B003900B468DF80B30D7
:10A7A0009DF80B300022019200220092002200212D
:10A7B0000398FFF7ADFF00BF05B05DF804FB00B5DF
:10A7C00085B003900023019300230093002301220E
:10A7D00000210398FFF79CFF00BF05B05DF804FB64
:10A7E00000B585B0019001AB1846FFF77DFF0390DF
:10A7F000019B012202FA03F31946039800F004F8C2
:10A8000000BF05B05DF804FB82B001900091019B90
:10A81000009AC3F8082500BF02B0704700B583B0A6
:10A8200001900091009B1B68B3F1FF3F09D0009B92
:10A830001B681846FFF7D4FF009B1B681846FFF7FC
:10A8400098FF009B5B68B3F1FF3F05D0009B5B68FE
:10A8500000211846FFF79EFF019B1A68009B9B6929
:10A8600019461046FFF736FF019B1868009B597D7B
:10A87000009B1B7D1A46FFF718FF019B1868009B81
:10A880001968009B5B681A46FFF791FE009B1B7DD1
:10A89000012B22D1009B9B68B3F1FF3F05D0009BA9
:10A8A0009B6800211846FFF775FF009BDB68B3F13A
:10A8B000FF3F09D0009BDB681846FFF791FF009B24
:10A8C000DB681846FFF755FF019B1868009BD968A5
:10A8D000009B9B681A46FFF7A7FE00BF03B05DF818
:10A8E00004FB000000B583B001900B468DF80330E7
:10A8F000019B1B684FF48E711846FFF7EDFD019B1D
:10A900001B684FF4A2711846FFF7E6FD019B1B6818
:10A910000E491846FFF707FE019B1B681846FFF714
:10A920008BFD03461A469DF8033019461046FFF783
:10A930008BFD019B1B681846FFF77EFD03461846FA
:10A94000FFF7AEFD00BF03B05DF804FB800002001E
:10A9500000B583B00190019B1B6808491846FFF7BA
:10A96000FCFD019B1B681846FFF766FD0346184671
:10A97000FFF7A4FD00BF03B05DF804FB84020200F2
:10A9800000B587B00190019B1B681846FFF72CFEAD
:10A990000590019B1B681846FFF72EFE0490019B53
:10A9A0001B681846FFF730FE0390019B1B68184692
:10A9B000FFF732FE0290019B1B681846FFF706FE68
:10A9C000019B1B681846FFF73EFE059BB3F1FF3F56
:10A9D00002D00598FFF7F3FE049BB3F1FF3F02D0CE
:10A9E0000498FFF7ECFE029BB3F1FF3F02D0029800
:10A9F000FFF7E5FE039BB3F1FF3F02D00398FFF79B
:10AA0000DEFE00BF07B05DF804FB000000B587B0B4
:10AA1000039002910192029B002B03D12D49AA20A1
:10AA200002F046FF039B1B791A462C2303FB02F31B
:10AA3000294A1344059300230493059B93F82A3075
:10AA4000002B03D008230493049B3EE0039B1A6869
:10AA5000039B1B791946214B53F8213019461046A8
:10AA6000FFF7AEF90346002B03D011230493049B98
:10AA70002BE002990398FFF7D1FE059B019A5A60DB
:10AA8000029B1A69059B1A60059B5B68002B05D029
:10AA9000029B1B7F19460398FFF724FF039B1B684B
:10AAA0001846FFF772FD059B00229A61059B002264
:10AAB000DA61059B002283F82920059B00225A6158
:10AAC000059B012283F82A20049B184607B05DF8F5
:10AAD00004FB00BFD4670300402D00204068030042
:10AAE00000B585B00190019B1B791A462C2303FB0E
:10AAF00002F3114A13440393019B1B681846FFF7A6
:10AB00004DFD039B5B68002B02D00198FFF720FFEF
:10AB10000198FFF735FF019B1B681846FFF792F974
:10AB2000039B002283F82A20039B00225A6000BF67
:10AB300005B05DF804FB00BF402D002000B585B0D6
:10AB4000019000914FF48E710198FFF7C5FC009BB6
:10AB50009A68009B1B6A13441B788DF80F30009B8A
:10AB60001B6A5A1C009B1A629DF80F301946019807
:10AB7000FFF780FD00BF05B05DF804FB00B585B0B0
:10AB800001900091009B5B69039316E0009B93F892
:10AB90002830DBB2002B01D0002314E04FF48E717B
:10ABA0000198FFF7AEFC034683F00103DBB2002BF4
:10ABB000ECD100990198FFF7C1FF009B1B6A039A33
:10ABC0009A42EBD80123184605B05DF804FB00005B
:10ABD00000B587B0039002910192039B1B791A463E
:10ABE0002C2303FB02F33C4A13440493049B93F885
:10ABF0002A30012B04D039494FF48C7002F058FEF2
:10AC0000029B002B04D1354940F2191002F050FE8E
:10AC1000019B002B04D131494FF48D7002F048FEA6
:10AC2000039800F05DF80346002B03D01123059331
:10AC3000059B4CE0049B019A5A61049B029A9A601E
:10AC4000049B00221A62049B002283F82820002320
:10AC50000593039B1B684FF48E711846FFF73CFC6D
:10AC6000039B1B6808211846FFF711FD039B1B6817
:10AC700004991846FFF762FF049B5B68002B25D1FF
:10AC8000039B1B6804991846FFF778FF034683F07F
:10AC90000103DBB2002B02D00F23059313E000BFAA
:10ACA000039B1B684FF48E711846FFF72AFC03467E
:10ACB00083F00103DBB2002BF2D1039B1B680C2154
:10ACC0001846FFF7E4FC049B00225A61059B1846D6
:10ACD00007B05DF804FB00BF402D0020D4670300DF
:10ACE00082B00190019B1B791946074A2C2303FB74
:10ACF00001F3134414331B68002B14BF01230023FA
:10AD0000DBB2184602B07047402D002000B583B07A
:10AD10000190019B1B684FF492711846FFF7DCFB12
:10AD2000019B1B684FF484711846FFF7D5FB019B0C
:10AD30001B6800211846FFF7AAFC00BF03B05DF8AE
:10AD400004FB10B582B001900091009B9B69002B21
:10AD500008D14FF484710198FFF7BEFB0198FFF70B
:10AD600080FC13E04FF484710198FFF7B5FB009B62
:10AD7000DA68009B5B6AD4180198FFF772FC0346FF
:10AD80002370009B5B6A5A1C009B5A6202B010BD84
:10AD900000B589B0039002910192039B1B791A467A
:10ADA0002C2303FB02F37F4A13440693039B1B7976
:10ADB00019467C4A2C2303FB01F313442A331B78E6
:10ADC000012B04D078494FF4B67002F071FD029B5C
:10ADD000002B04D1744940F26D1002F069FD019B13
:10ADE000002B04D170494FF4B77002F061FD0023CD
:10ADF0008DF81F30069B5B68002B06D0039B1B68F9
:10AE00004FF401711846FFF7A8FB069B9B69002BC6
:10AE100015D0069BDB69002B0ED0069B5B68002BD0
:10AE200006D0039B1B684FF401711846FFF77BFBAC
:10AE300011230593059BB0E001238DF81F309DF889
:10AE40001F3083F00103DBB2002B0CD0069B019A6C
:10AE50009A61069B029ADA60069B00225A62069B60
:10AE60000022DA6105E0069B029A1A61069B019AAC
:10AE7000DA61069B93F8293083F00103DBB2002BE3
:10AE800009D09DF81F3083F00103DBB2002B02D004
:10AE90000398FFF73BFF069B5B68002B73D1039B76
:10AEA0001B684FF4A2711846FFF716FB039B1B6843
:10AEB0004FF492711846FFF724FB03468DF81330C8
:10AEC000039B1B684FF484711846FFF71AFB034677
:10AED0008DF81230039B1B684FF4A2711846FFF7E0
:10AEE00010FB03468DF811309DF8123083F00103FA
:10AEF000DBB2002B0DD09DF8113083F00103DBB2E3
:10AF0000002B06D09DF8133083F00103DBB2002B39
:10AF1000CCD19DF81330002B0FD19DF81130002BB0
:10AF20000BD1039B1B6806991846FFF70AFF069B87
:10AF30009A69069B5B6A9A42B8D8069B00229A617E
:10AF40009DF81330002B03D003230593059B24E0C9
:10AF50009DF81130002B03D00F230593059B1CE0B7
:10AF6000069B93F82930002B06D0039B1B68002119
:10AF70001846FFF78CFB0DE0039B1B680421184665
:10AF8000FFF785FB06E0039B1B684FF40171184631
:10AF9000FFF7C9FA00230593059B184609B05DF831
:10AFA00004FB00BF402D0020D467030000B589B02A
:10AFB00003900291019201238DF81030029B0693B9
:10AFC000019B0593039B5B68039A116804AA1046D2
:10AFD000984700BF09B05DF804FB00B587B0019049
:10AFE000009100238DF80830009B0493019B9B681F
:10AFF0000393019B00225A61019B5B68019A1168CF
:10B0000002AA1046984700BF07B05DF804FB00B5E0
:10B010008BB0019000914FF400710198FFF78DFA09
:10B020000346002B39D04FF492710198FFF769FA6B
:10B030000346002B31D04FF492710198FFF74CFA80
:10B040004FF401710198FFF788FA009B93F82930BB
:10B0500083F00103DBB2002B03D004210198FFF73A
:10B0600016FB02238DF80C300198FFF780FA034697
:10B070000693009B9B690593009BDB680493009BF0
:10B0800000229A61009B0022DA61009B5B68009AB3
:10B09000116803AA1046984752E004210198FFF76F
:10B0A0004CFA0346002B4BD04FF484710198FFF704
:10B0B00028FA0346002B43D000990198FFF741FE80
:10B0C000009B9A69009B5B6A9A4239D1009BDB69BD
:10B0D000002B19D0009BDB680993009B5B6A0893E7
:10B0E000009BDA69009B9A61009B1A69009BDA60F9
:10B0F000009B0022DA61009B00225A62099A08999B
:10B100000098FFF753FF1BE0009B93F8293083F072
:10B110000103DBB2002B03D004210198FFF7B7FA3B
:10B120004FF401710198FFF718FA009B00229A6111
:10B13000009B596A009BDB681A460098FFF736FFB0
:10B140004FF48E710198FFF7DCF90346002B24D0F1
:10B15000009B5B690793009B1B6A079A9A420DD973
:10B16000009B93F82830DBB283F00103DBB2002BA5
:10B1700004D000990198FFF7E1FC0EE04FF48E71C6
:10B180000198FFF7A9F9009B5B69002B05D0009B94
:10B190005B6919460098FFF720FF4FF4A2710198F0
:10B1A000FFF7AFF90346002B1CD04FF4A2710198B2
:10B1B000FFF792F9009B93F82930002B03D0002170
:10B1C0000198FFF764FA009B9B69002B0AD0009B53
:10B1D00000229A61009B596A009BDB681A4600981E
:10B1E000FFF7E4FE00BF0BB05DF804FB08B50349B0
:10B1F0000348FFF70CFF00BF08BD00BF402D002033
:10B200000020004082B003468DF807309DF80730DB
:10B2100003F01F0205499DF907305B09012000FA80
:10B2200002F241F8232000BF02B0704700E100E0C5
:10B2300082B003468DF807309DF8073003F01F02F7
:10B2400006499DF907305B09012000FA02F220331C
:10B2500041F8232000BF02B0704700BF00E100E0CA
:10B2600082B0034600918DF807309DF90730002B1E
:10B270000CDA009BDAB20C499DF8073003F00F039B
:10B28000043B5201D2B20B441A7609E0009BDAB2B9
:10B2900006499DF907305201D2B20B4483F80023CE
:10B2A00000BF02B0704700BF00ED00E000E100E029
:10B2B00082B00190019B03F06043B3F1005F0CBFCB
:10B2C00001230023DBB2184602B0704782B0019020
:10B2D000019B1B0B5BB2184602B0704700B583B0F0
:10B2E00003460A468DF8073013468DF806309DF860
:10B2F0000630012B03D99DF80630032B0BD99DF89E
:10B300000630042B03D99DF80630072B03D90849D2
:10B310006B2002F0CDFA9DF806209DF9073011460A
:10B320001846FFF79DFF00BF03B05DF804FB00BFA8
:10B330004468030000B583B003468DF807309DF9DB
:10B3400007301846FFF75EFF00BF03B05DF804FB4F
:10B3500000B583B003468DF807309DF907301846D5
:10B36000FFF766FF00BF03B05DF804FB84B00190F7
:10B370000B46ADF80230BDF80230019A13440022AA
:10B380001A60BDF80230019A13441B680393039BB3
:10B3900000BF04B0704782B001900B46ADF8023098
:10B3A000BDF80230019A13441B68002B14BF01231F
:10B3B0000023DBB2184602B0704782B001900091C2
:10B3C000019BD3F80022009B1A43019BC3F8002283
:10B3D00000BF02B0704782B001900091019BD3F88A
:10B3E0000022009BDB431A40019BC3F8002200BFF0
:10B3F00002B0704782B001900091019B009AC3F89F
:10B40000042300BF02B0704782B001900091019BFD
:10B41000009AC3F8082300BF02B0704784B00190BF
:10B42000019BD3F880340393019B039AC3F88024D3
:10B43000039B184604B0704782B00190019B08221C
:10B44000C3F8002500BF02B0704782B00190019B95
:10B450000022C3F8002500BF02B0704784B00390FB
:10B4600002910192039B029AC3F80C25039B019A57
:10B47000C3F8142500BF04B0704700B583B0019035
:10B480004FF0FF324FF0FF310198FFF7E7FF00BFA9
:10B4900003B05DF804FB82B00190019BD3F80C353A
:10B4A000184602B0704782B00190019BD3F8143562
:10B4B000184602B0704782B00190019BD3F808355E
:10B4C000184602B0704782B00190019BD3F8103546
:10B4D000184602B0704784B0039002910192039B1A
:10B4E000029AC3F80825039B019AC3F8102500BFF0
:10B4F00004B0704700B583B001904FF0FF324FF0B9
:10B50000FF310198FFF7E7FF00BF03B05DF804FBD0
:10B5100082B001900B468DF803309DF80330019AFC
:10B52000134401221A6000BF02B0704782B001903C
:10B530000B468DF8033013468DF802309DF803203A
:10B540009DF802301343DBB21A46019BC3F86C2509
:10B5500000BF02B0704782B001900091019B009A39
:10B56000C3F8242500BF02B0704784B00390029155
:10B570000192029A039BC3F84425039B019AC3F8E6
:10B58000482500BF04B0704782B00190019BD3F8FA
:10B590004C35184602B0704784B003900291019276
:10B5A000029A039BC3F83425039B019AC3F83825FC
:10B5B00000BF04B0704782B00190019BD3F83C35C6
:10B5C000184602B07047000000B583B00190019B9F
:10B5D0001B681F2B04D9054940F2CD1002F068F911
:10B5E0004FF0A043184603B05DF804FB7C680300ED
:10B5F00000B585B00190084611461A4603468DF8FD
:10B6000003300B468DF8023013468DF8013001AB44
:10B610001846FFF7D9FF03909DF803209DF80230EC
:10B620005B001A439DF801309B001A439DF81830C7
:10B630001B0242EA03019DF81C301B04019A1943C6
:10B64000039B02F5E07243F8221000BF05B05DF8DD
:10B6500004FB00B585B00390002301930023009301
:10B660000023012201210398FFF7C2FF00BF05B0AC
:10B670005DF804FB00B585B003900B468DF80B30E8
:10B680009DF80B300022019200220092002200213E
:10B690000398FFF7ADFF00BF05B05DF804FB00B5F0
:10B6A00085B003900023019300230093002301221F
:10B6B00000210398FFF79CFF00BF05B05DF804FB75
:10B6C00000B585B0019001AB1846FFF77DFF0390F0
:10B6D000019B012202FA03F31946039800F004F8D3
:10B6E00000BF05B05DF804FB82B001900091019BA2
:10B6F000009AC3F8082500BF02B0704700B583B0B8
:10B7000001900091009B1B68B3F1FF3F09D0009BA3
:10B710001B681846FFF7D4FF009B1B681846FFF70D
:10B7200098FF009B5B68B3F1FF3F05D0009B5B680F
:10B7300000211846FFF79EFF019B1A68009B9B693A
:10B7400019461046FFF707FF019B1868009B597DBB
:10B75000009B1B7D1A46FFF7E9FE019B1868009BC2
:10B760001968009B5B681A46FFF778FE009B1B7DFB
:10B77000012B22D1009B9B68B3F1FF3F05D0009BBA
:10B780009B6800211846FFF775FF009BDB68B3F14B
:10B79000FF3F09D0009BDB681846FFF791FF009B35
:10B7A000DB681846FFF755FF019B1868009BD968B6
:10B7B000009B9B681A46FFF78EFE00BF03B05DF842
:10B7C00004FB000000B583B001900B468DF80330F8
:10B7D000019B1B684FF488711846FFF7C7FD019B5A
:10B7E0001B684FF490711846FFF7C0FD019B1B6862
:10B7F0004FF492711846FFF7B9FD019B1B684FF497
:10B80000A2711846FFF7B2FD019B1B684FF4AC71A3
:10B810001846FFF7ABFD019B1B680F491846FFF761
:10B82000E9FD019B1B681846FFF750FD03461A46C9
:10B830009DF8033019461046FFF750FD019B1B6829
:10B840001846FFF743FD03461846FFF773FD00BF98
:10B8500003B05DF804FB00BF1003420000B583B0E5
:10B860000190019B1B6808491846FFF7CDFD019B1D
:10B870001B681846FFF72AFD03461846FFF768FDC8
:10B8800000BF03B05DF804FB1003420000B587B0B1
:10B890000190019B1B681846FFF7FDFD0590019B79
:10B8A0001B681846FFF7FFFD0490019B1B681846B4
:10B8B000FFF701FE0390019B1B681846FFF703FE8C
:10B8C0000290019B1B681846FFF7D7FD019B1B6880
:10B8D0001846FFF70FFE059BB3F1FF3F02D0059816
:10B8E000FFF7DDFE049BB3F1FF3F02D00498FFF7A2
:10B8F000D6FE029BB3F1FF3F02D00298FFF7CFFEC6
:10B90000039BB3F1FF3F02D00398FFF7C8FE00BFCF
:10B9100007B05DF804FB000000B587B0039002910A
:10B920000192029B002B03D12B49CF2001F0C0FFD5
:10B93000039B1B791A461346DB0013449B00274ADE
:10B940001344059300230493059B93F82030002BA8
:10B9500003D008230493049B3AE0039B1A68039BDB
:10B960001B7919461E4B53F8213019461046FEF735
:10B9700027FA0346002B03D011230493049B27E0EE
:10B9800002990398FFF7BAFE059B019A5A60029B41
:10B990001A69059B1A60059B5B68002B05D0029B0A
:10B9A0001B7F19460398FFF70DFF039B1B68184682
:10B9B000FFF742FD059B00229A61059B0022DA6198
:10B9C000059B00225A61059B012283F82020049BDD
:10B9D000184607B05DF804FBB46803006C2D002026
:10B9E0002069030000B585B00190019B1B791A46C0
:10B9F0001346DB0013449B00244A13440393039B28
:10BA00005B68002B02D00198FFF728FF019B1B68A1
:10BA100020211846FFF7DFFC019B1B680421184614
:10BA2000FFF776FD019B1B684FF4AC711846FFF7DA
:10BA30009DFC019B1B680C211846FFF769FD00BFA8
:10BA4000019B1B684FF4AC711846FFF7A4FC03463A
:10BA500083F00103DBB2002BF2D1019B1B68184677
:10BA6000FFF7F3FC0198FFF711FF019B1B681846D5
:10BA7000FEF7E8F9039B002283F82020039B0022B5
:10BA80005A6000BF05B05DF804FB00BF6C2D0020BC
:10BA900000B589B0039002910192039B1B791A466D
:10BAA0001346DB0013449B00564A13440693069B3F
:10BAB00093F82030012B04D0534940F22D1001F0AF
:10BAC000F7FE029B002B04D14F494FF4977001F011
:10BAD000EFFE019B002B04D14B4940F22F1001F0E7
:10BAE000E7FE039B1B79002B02D1019BFF2B04D99E
:10BAF00045494FF4987001F0DBFE0298FFF7D8FB40
:10BB0000034683F00103DBB2002B03D0102307931D
:10BB1000079B73E0039800F079F80346002B03D0ED
:10BB200011230793079B69E0069B019A5A61069BC4
:10BB3000029A9A6000230793039B1B684FF490714D
:10BB40001846FFF713FC039B1B684FF4AC711846B3
:10BB5000FFF70CFC039B1868069B9968069B5B69C2
:10BB60001A46FFF702FD039B1B6808211846FFF7E2
:10BB7000CFFC069B5B68002B3FD1039B1B684FF4F7
:10BB800090711846FFF707FC03468DF81730039BAA
:10BB90001B684FF4AC711846FFF7FDFB03468DF8A8
:10BBA00016309DF8173083F00103DBB2002B06D06E
:10BBB0009DF8163083F00103DBB2002BDDD19DF838
:10BBC0001630002B02D00F23079313E0039B1B6852
:10BBD0000C211846FFF79CFC00BF039B1B684FF429
:10BBE000AC711846FFF7D7FB034683F00103DBB2C5
:10BBF000002BF2D1069B00225A61079B184609B020
:10BC00005DF804FB6C2D0020B468030082B0019045
:10BC1000019B1B791946084A0B46DB000B449B002D
:10BC2000134414331B68002B14BF01230023DBB221
:10BC3000184602B0704700BF6C2D002000B589B0D7
:10BC4000039002910192039B1B791A461346DB0075
:10BC500013449B00864A13440593039B1B791946A2
:10BC6000834A0B46DB000B449B00134420331B78B4
:10BC7000012B04D07F494FF4C07001F019FE029BE4
:10BC8000002B04D17B4940F2811001F011FE019B91
:10BC9000002B04D177494FF4C17001F009FE039BDA
:10BCA0001B79002B02D1019BFF2B04D9714940F273
:10BCB000831001F0FDFD0298FFF7FAFA034683F0C6
:10BCC0000103DBB2002B03D010230793079BCAE0CC
:10BCD00000238DF81B30059B5B68002B06D0039B6F
:10BCE0001B684FF404711846FFF78EFB059B9B6998
:10BCF000002B15D0059BDB69002B0ED0059B5B68E4
:10BD0000002B06D0039B1B684FF404711846FFF705
:10BD100071FB11230793079BA5E001238DF81B30CE
:10BD20009DF81B3083F00103DBB2002B09D0059B8B
:10BD3000019A9A61059B029ADA60059B0022DA61FA
:10BD400005E0059B029A1A61059B019ADA610023BE
:10BD50000793039B1B684FF488711846FFF706FB97
:10BD6000039B1B684FF4A2711846FFF7FFFA039B71
:10BD70001B68019A02991846FFF70EFC9DF81B30CC
:10BD800083F00103DBB2002B06D0039B1B6800216C
:10BD90001846FFF7BDFB05E0039B1B6820211846F2
:10BDA000FFF70BFB039B1B791946314A0B46DB005F
:10BDB0000B449B00134404331B68002B4BD1039BA3
:10BDC0001B684FF488711846FFF7E5FA03468DF8B3
:10BDD0001330039B1B684FF4A2711846FFF7DBFA80
:10BDE00003468DF81230039B1B684FF4927118467E
:10BDF000FFF7D1FA03468DF811309DF8133083F028
:10BE00000103DBB2002B0DD09DF8123083F001034B
:10BE1000DBB2002B06D09DF8113083F00103DBB2BA
:10BE2000002BCCD1039B1B791946114A0B46DB0032
:10BE30000B449B001344183300221A609DF8113004
:10BE4000002B01D0032307939DF81230002B09D05B
:10BE50000F23079306E0039B1B684FF404711846F9
:10BE6000FFF7C8FA079B184609B05DF804FB00BF4E
:10BE70006C2D0020B468030000B589B003900291D6
:10BE8000019201238DF81030029B0693019B0593CC
:10BE9000039B5B68039A116804AA1046984700BF89
:10BEA00009B05DF804FB00B587B001900091002354
:10BEB0008DF80830009B0493019B9B680393019BC2
:10BEC00000225A61019B5B68019A116802AA104620
:10BED000984700BF07B05DF804FB00B589B001903A
:10BEE00000914FF492710198FFF755FA0346002B29
:10BEF00022D04FF492710198FFF738FA02238DF89F
:10BF000008300198FFF78AFA034605930198FFF776
:10BF100052FB03460493009BDB680393009B0022C3
:10BF20009A61009B0022DA61009B5B68009A1168AD
:10BF300002AA104698473BE04FF488710198FFF73A
:10BF40002AFA0346002B33D04FF488710198FFF78B
:10BF50000DFA0198FFF72FFB0790009B9B69079A4A
:10BF60009A4225D1009BDB69002B17D0009BDB6830
:10BF7000069320210198FFF72EFA009BDA69009BB7
:10BF80009A61009B1A69009BDA60009B0022DA61CB
:10BF9000069A07990098FFF76FFF09E0009B0022BF
:10BFA0009A61009BDB681A4607990098FFF764FFC7
:10BFB0004FF4A2710198FFF7EEF90346002B18D059
:10BFC0004FF4A2710198FFF7D1F9009B9B69002BF8
:10BFD0000FD0009B00229A61009B0022DA61019839
:10BFE000FFF7E9FA0146009BDB681A460098FFF765
:10BFF00043FF4FF490710198FFF7CDF90346002BF2
:10C0000014D04FF490710198FFF7B0F90C2101980A
:10C01000FFF77EFA009B5B69002B07D00198FFF7C2
:10C02000B3FA034619460098FFF73DFF4FF4AC7191
:10C030000198FFF7B0F90346002B10D04FF4AC7114
:10C040000198FFF793F9009B5B69002B07D00198DB
:10C05000FFF79AFA034619460098FFF724FF00BF3E
:10C0600009B05DF804FB000008B503490348FFF779
:10C0700034FF00BF08BD00BF6C2D00200020004031
:10C0800082B003468DF807309DF8073003F01F0299
:10C0900005499DF907305B09012000FA02F241F8D9
:10C0A000232000BF02B0704700E100E082B00346E9
:10C0B0008DF807309DF8073003F01F0206499DF9FF
:10C0C00007305B09012000FA02F2203341F82320F7
:10C0D00000BF02B0704700BF00E100E082B003463D
:10C0E00000918DF807309DF90730002B0CDA009B8A
:10C0F000DAB20C499DF8073003F00F03043B5201FC
:10C10000D2B20B441A7609E0009BDAB206499DF9D7
:10C1100007305201D2B20B4483F8002300BF02B0B3
:10C12000704700BF00ED00E000E100E082B0019048
:10C13000019B03F06043B3F1005F0CBF01230023B8
:10C14000DBB2184602B0704782B00190019B1B0B16
:10C150005BB2184602B0704700B583B003460A468A
:10C160008DF8073013468DF806309DF80630012B08
:10C1700003D99DF80630032B0BD99DF80630042B0C
:10C1800003D99DF80630072B03D908496B2001F02D
:10C190008FFB9DF806209DF9073011461846FFF7E2
:10C1A0009DFF00BF03B05DF804FB00BF24690300DE
:10C1B00000B583B003468DF807309DF90730184667
:10C1C000FFF75EFF00BF03B05DF804FB00B583B06E
:10C1D00003468DF807309DF907301846FFF766FFD4
:10C1E00000BF03B05DF804FB82B001900B468DF8F0
:10C1F00003309DF80330019A134401221A6000BFF6
:10C2000002B0704784B001900B46ADF80230BDF823
:10C210000230019A134400221A60BDF80230019ADC
:10C2200013441B680393039B00BF04B0704782B0A4
:10C2300001900B46ADF80230BDF80230019A13446C
:10C240001B68002B14BF01230023DBB2184602B089
:10C25000704782B001900091019BD3F80022009BAF
:10C26000DB431A40019BC3F8002200BF02B07047B5
:10C2700082B001900091019B009AC3F8042300BF93
:10C2800002B0704782B001900091019B009AC3F800
:10C29000082300BF02B0704782B00190019B0622C4
:10C2A000C3F8002500BF02B0704782B00190019B27
:10C2B0000022C3F8002500BF02B0704784B003908D
:10C2C00002910192039B029AC3F80825039B019AED
:10C2D000C3F80C2500BF04B0704782B001900091F4
:10C2E000019B009AC3F8242500BF02B0704784B0B8
:10C2F0000190019BD3F8C4340393019B039AC3F8C4
:10C30000C424039B184604B0704782B001900B46CA
:10C310008DF803309DF80320019BC3F8882500BFEA
:10C3200002B0704784B0039002910192029A039B7D
:10C33000C3F84425039B019AC3F8482500BF04B005
:10C34000704784B0039002910192029A039BC3F854
:10C350003425039B019AC3F8382500BF04B0704709
:10C3600082B001900091019B009AC3F8002200BFA7
:10C3700002B0704782B00190019BD3F84C3518464B
:10C3800002B0704782B00190019BD3F83C3518464B
:10C3900002B0704782B00190019B0122C3F8502582
:10C3A00000BF02B0704782B00190019B0022C3F829
:10C3B000502500BF02B0704782B00190019B01225E
:10C3C000C3F8402500BF02B0704782B00190019BC6
:10C3D0000022C3F8402500BF02B0704700B583B00B
:10C3E0000190019B1B681F2B04D9054940F2CD1019
:10C3F00001F05EFA4FF0A043184603B05DF804FB6D
:10C400005C69030000B585B00190084611461A46E4
:10C4100003468DF803300B468DF8023013468DF835
:10C42000013001AB1846FFF7D9FF03909DF80320B8
:10C430009DF802305B001A439DF801309B001A43BF
:10C440009DF818301B0242EA03019DF81C301B04C2
:10C45000019A1943039B02F5E07243F8221000BFD2
:10C4600005B05DF804FB00B585B00390002301938F
:10C47000002300930023012200210398FFF7C2FF4D
:10C4800000BF05B05DF804FB84B001900323039363
:10C49000019B03F00103002B02D04FF402430393EE
:10C4A000019B03F00203002B02D048F20123039307
:10C4B000019B03F00403002B02D048F202230393F4
:10C4C000039B184604B0704700B585B001900091F9
:10C4D00001238DF80F30009B1B7B032B55D801A245
:10C4E00052F823F05BC5020073C5020033C5020099
:10C4F000F5C40200009B9B68324A934207D1019821
:10C50000FFF738FF0246009B1B699A420DD1009B42
:10C510009B6840F20222934239D10198FFF72AFF2B
:10C520000246009B5B699A4231D000238DF80F30A0
:10C530002DE00198FFF71EFF0246009B1B699A42FF
:10C5400007D10198FFF71EFF0246009B5B699A42E4
:10C550001FD000238DF80F301BE00198FFF70AFF72
:10C560000246009B1B699A4215D000238DF80F30BC
:10C5700011E00198FFF706FF0246009B1B699A42F3
:10C580000BD000238DF80F3007E000BF06E000BF9E
:10C5900004E000BF02E000BF00E000BF9DF80F30E4
:10C5A00083F00103DBB2002B05D00198FFF77DFE7D
:10C5B0000198FFF771FE9DF80F30184605B05DF841
:10C5C00004FB00BF0002040000B58BB0059004918D
:10C5D00003920293049B002B03D14A49E22001F00D
:10C5E00067F9049B1A68049B5B689A4203D145492A
:10C5F000E32001F05DF9059B1B791A46342303FB08
:10C6000002F3414A13440993099B93F82D30002B00
:10C6100003D008230793079B70E0059B1A68059BCE
:10C620001B791946394B53F8213019461046FDF74E
:10C63000C7FB0346002B03D011230793079B5DE044
:10C64000099B039A1A60099B029A5A60099B00226F
:10C650009A60099B002283F83020099B002283F80E
:10C660002F20049B5A7B099B83F83220049B186877
:10C670000023019306230093032300220021FFF7E8
:10C68000C1FE049B586800230193062300930323F3
:10C6900000220021FFF7B6FE059B1B680893049B50
:10C6A0001968049B5B681A460898FFF707FE049B0D
:10C6B0009B6819460898FFF710FE099B1B68002B22
:10C6C00015D0059B1B681846FFF73EFD03461A462A
:10C6D000049B1B7B19461046FFF73EFD059B1B681C
:10C6E0001846FFF731FD03461846FFF761FD099B29
:10C6F000012283F82D2000230793079B18460BB0D7
:10C700005DF804FB94690300902D0020006A03008B
:10C7100000B585B00190019B1B791A46342303FBB9
:10C7200002F3204A13440393039B93F82D30002B0C
:10C7300004D11D4940F2311001F0BAF8039B1B6887
:10C74000002B08D0019B1B681846FFF7FDFC034631
:10C750001846FFF73BFD019800F050F8019B1B685D
:10C760001846FDF76FFB039B93F8323083F001030B
:10C77000DBB2002B0DD0019B1B68D3F8083518469F
:10C78000FFF771FE019B1B68D3F80C351846FFF7C5
:10C790006AFE039B002283F82D2000BF05B05DF8E0
:10C7A00004FB00BF902D00209469030000B585B004
:10C7B0000190019B1B791A46342303FB02F30D4AB7
:10C7C00013440393039B93F82D30012B04D00A49A3
:10C7D0004FF4A57001F06CF8019B1B681846FFF739
:10C7E0005BFD039B022283F82D2000BF05B05DF89E
:10C7F00004FB00BF902D00209469030000B585B0B4
:10C800000190019B1B791A46342303FB02F3134A60
:10C8100013440393039B93F82D30002B04D110494C
:10C8200040F2551001F044F8019B1B680293039BF2
:10C8300000229A600B490298FFF724FD4FF4BC5187
:10C840000298FFF706FD0298FFF72FFD039B0122D8
:10C8500083F82D2000BF05B05DF804FB902D00206B
:10C860009469030002029C0100B583B0019000911D
:10C87000009B03F00103002B03D00198FFF78AFD12
:10C8800002E00198FFF78FFD009B03F00203002BED
:10C8900003D00198FFF790FD02E00198FFF795FDA6
:10C8A00000BF03B05DF804FB30B589B0039002917E
:10C8B000019200930023079308238DF81B304FF457
:10C8C0008273ADF81830039B002283F82E20019B61
:10C8D000DB681846FFF72AFC034683F00103DBB24E
:10C8E000002B03D010230793079BAFE1A0490298C8
:10C8F000FFF7C8FC039B93F82F30DBB2002B09D065
:10C90000039B9B6819460298FFF7B2FC112307931B
:10C91000079B9BE1009B03F00403002B06D1009BC7
:10C9200003F01003002B01D1012300E0002303F0EA
:10C930000103DAB2039B83F82F20039B019A03F1D2
:10C940000C0415460FCD0FC42B682360009B1B09F8
:10C9500003F00103002B14BF01230023DAB2039B71
:10C9600083F83020019B5B7819460298FFF7CDFCD5
:10C970004FF482710298FFF745FC4FF492710298D0
:10C98000FFF740FC00990298FFF76EFF019B1B78B0
:10C99000032B00F2F38001A252F823F0E3CA020055
:10C9A0003DCB020089CA0200ADC90200009B03F022
:10C9B0001003002B04D06F4940F2AB1000F078FF59
:10C9C000009B03F00803002B04D06A494FF4D67093
:10C9D00000F06EFF009B03F00403002B04D06549B8
:10C9E00040F2AD1000F064FF019B1B691846FFF791
:10C9F0009DFB034683F00103DBB2002B03D0102321
:10CA00000793079B22E14FF480710298FFF7A8FC7F
:10CA1000019BD968019B5B681A460298FFF782FC6C
:10CA20004FF4A8710298FFF7EDFB4FF4B071029834
:10CA3000FFF7E8FB4FF4A4710298FFF7E3FB202116
:10CA40000298FFF7D1FB08210298FFF7CDFB00BF4A
:10CA50004FF4A8710298FFF7EAFB034683F0010345
:10CA6000DBB2002BF4D14FF4A8710298FFF7CAFB98
:10CA7000019B1969019B9B681A460298FFF752FCBB
:10CA8000039B3D4A9A607CE0019BD968019B5B68EF
:10CA90001A460298FFF746FC019B1B691846FFF7F0
:10CAA00045FB034683F00103DBB2002B03D01023C8
:10CAB0000793079BCAE0019B1969019B9B681A4673
:10CAC0000298FFF73EFC4FF484510298FFF748FCB0
:10CAD000039B40F202229A6020210298FFF784FB18
:10CAE0004FE0019BD968019B5B681A460298FFF7EB
:10CAF00019FC009B03F02003002B11D04FF4807130
:10CB00000298FFF72DFC039B1B4A9A604FF4A47117
:10CB10000298FFF777FB4FF4A473ADF8183008E0E4
:10CB20004FF400710298FFF71BFC039B40F20222B6
:10CB30009A6020210298FFF757FB22E0019BD968F9
:10CB4000019B5B681A460298FFF7FBFB4FF480518C
:10CB50000298FFF705FC039B40F202229A60002333
:10CB60008DF81B3020210298FFF73EFB09E000BF43
:10CB700002029C019469030000020400072307934A
:10CB800000BF009B03F00803002B09D1019B1B7819
:10CB9000032B05D09DF81B3019460298FFF724FBA4
:10CBA000039B1B68002B28D0009B03F00403002B81
:10CBB00003D0039B4FF400729A60039B9B68194655
:10CBC0000298FFF755FB40E04FF492710298FFF78F
:10CBD0002EFB0346002B10D04FF492710298FFF702
:10CBE00011FB20210298FFF7FFFA14210298FFF7AA
:10CBF000FBFA4FF48273ADF81830BDF818301946BF
:10CC00000298FFF714FB034683F00103DBB2002B0D
:10CC1000DAD10298FFF76BFB0590039B002283F8A3
:10CC20002F20059B002B04D00598FFF72DFC0790C3
:10CC30000BE003990298FFF747FC034683F00103DA
:10CC4000DBB2002B01D003230793079B184609B0E2
:10CC500030BD00BF00B587B0039002910192039BE5
:10CC60001B79002B07D1029B5B68FF2B03D8029B2B
:10CC70009B68FF2B04D91B4940F22F2000F018FEBF
:10CC800000230593039B1B791A46342303FB02F30D
:10CC9000154A13440493049B1B68002B08D1029B84
:10CCA0001B78022B04D10F4940F2372000F000FE20
:10CCB000049B1B68002B08D1029B1B78032B04D11B
:10CCC00008494FF40E7000F0F3FD039B1968019BB7
:10CCD000029A0498FFF7E8FD0590059B184607B0F7
:10CCE0005DF804FB94690300902D002000B58BB023
:10CCF0000390019200930B468DF80B3000238DF8C2
:10CD000014309DF80B308DF81530009B06930023EE
:10CD10000793019B0893002309939DF83030002B63
:10CD200001D0202200E0002205AB19460398FFF74E
:10CD300091FF034618460BB05DF804FB00B58BB0BD
:10CD40000390019200930B468DF80B3001238DF870
:10CD500014309DF80B308DF81530009B069300239E
:10CD60000793019B08930023099305AB0022194602
:10CD70000398FFF76FFF034618460BB05DF804FBFE
:10CD800030B58BB001900091009B1B68002B04D143
:10CD9000864940F2862000F08BFD4FF49271019895
:10CDA000FFF745FA0346002B2BD04FF49271019800
:10CDB000FFF728FA4FF482710198FFF738FA03461B
:10CDC00083F00103DBB2002B1BD0009B9B6819464C
:10CDD0000198FFF757FA009B02229A60009B9B681C
:10CDE00019460198FFF744FA20210198FFF7FCF952
:10CDF00014210198FFF7F8F9009B012283F82E20F7
:10CE0000D1E04FF482710198FFF711FA0346002B2D
:10CE10004AD04FF482710198FFF7F4F9009B04ACFB
:10CE200003F10C050FCD0FC42B682360009B93F812
:10CE30002E3083F00103DBB2002B12D00099019851
:10CE4000FFF742FB0346002B14BF01230023DBB294
:10CE500083F00103DBB203F00103DAB2009B83F835
:10CE60002E204FF4B0710198FFF7CCF94FF4AE715A
:10CE70000198FFF7C7F9009B93F8303083F0010366
:10CE8000DBB2002B04D1009B93F82E30002B4CD04A
:10CE900000210198FFF764FA009B00229A60444940
:10CEA0000198FFF7EFF940E04FF4A4710198FFF704
:10CEB000A9F9009B1B7B002B1BD1009B04AC03F149
:10CEC0000C050FCD0FC42B682360009B93F8303006
:10CED00083F00103DBB2002B27D000210198FFF77C
:10CEE0003FFA009B00229A6031490198FFF7CAF986
:10CEF0001BE04FF400710198FFF732FA009B40F2FB
:10CF000002229A602A490198FFF7BCF9009B9B68AE
:10CF100019460198FFF7ACF908210198FFF764F969
:10CF200020210198FFF760F93DE00198FFF7DFF954
:10CF30000990099B03F00203002B03D001238DF815
:10CF40000C301DE0099B03F00403002B03D00223E7
:10CF50008DF80C3014E0099B03F00103002B03D083
:10CF600002238DF80C300BE0009B93F82E30002B41
:10CF700003D004238DF80C3002E000238DF80C3030
:10CF8000009B93F8303083F00103DBB2002B03D019
:10CF9000009B002283F82F20009B1B68009A516899
:10CFA00003AA104698470BB030BD00BF9469030038
:10CFB00002029C0108B503494FF04020FFF7E0FE54
:10CFC00000BF08BD902D002082B003468DF80730C9
:10CFD0009DF8073003F01F0206499DF907305B09F1
:10CFE000012000FA02F2603341F8232000BF02B0B2
:10CFF000704700BF00E100E0BFF34F8F00BF074B59
:10D00000DB6803F4E0620549054B1343CB60BFF3D3
:10D010004F8F00BF00BF00BFFCE700BF00ED00E086
:10D020000400FA053FDF704700BF184600B585B021
:10D030000190019B002B0CD0084B43F0010303939C
:10D04000019B9B010293054B43F001030298984713
:10D0500000E000BF05B05DF804FB00BF106A0300EC
:10D0600000B583B00190019B1B681F2B04D90549B3
:10D0700040F2CD1000F01CFC4FF0A043184603B066
:10D080005DF804FB186A030000B585B001900846FE
:10D0900011461A4603468DF803300B468DF80230D0
:10D0A00013468DF8013001AB1846FFF7D9FF039006
:10D0B0009DF803209DF802305B001A439DF8013073
:10D0C0009B001A439DF818301B0242EA03019DF8A9
:10D0D0001C301B04019A1943039B02F5E07243F8CC
:10D0E000221000BF05B05DF804FB00B585B00390C9
:10D0F00000230193002300930023012201210398C0
:10D10000FFF7C2FF00BF05B05DF804FB00B585B0B6
:10D1100003900B468DF80B309DF80B3000220192E6
:10D1200000220092002200210398FFF7ADFF00BF0C
:10D1300005B05DF804FB00B585B0039000230193B2
:10D14000002300930023012200210398FFF79CFF96
:10D1500000BF05B05DF804FB00B585B0019001ABE0
:10D160001846FFF77DFF0390019B012202FA03F3AB
:10D170001946039800F02FF800BF05B05DF804FBD6
:10D1800000B585B0019001AB1846FFF769FF039029
:10D19000019B012202FA03F31946039800F025F8D7
:10D1A00000BF05B05DF804FB00B585B0019001AB90
:10D1B0001846FFF755FF0390019A039B02F5E072B2
:10D1C00053F822305B08DBB203F00103DBB21846F0
:10D1D00005B05DF804FB82B001900091019B009ABC
:10D1E000C3F8082500BF02B0704782B001900091DB
:10D1F000019B009AC3F80C2500BF02B0704774DF92
:10D20000704700BF184676DF704700BF18467ADFC8
:10D21000704700BF18467CDF704700BF18468ADFA2
:10D22000704700BF18468BDF704700BF18468FDF7E
:10D23000704700BF184600B583B00190019B002BDA
:10D240000FD04FF47A70FFF7F1FE019B013B019381
:10D25000019B002B14BF01230023DBB2002B01D064
:10D26000EFE700BF03B05DF804FB0000014B1B6853
:10D27000184670479034002082B00190034B1B6821
:10D280000133024A136000BF02B07047903400209F
:10D2900000B585B003468DF807309DF80730032BA5
:10D2A0001AD801A252F823F0C1D20200B9D202006A
:10D2B000C9D20200D1D20200114802F075FD0BE084
:10D2C000104802F071FD07E00F4802F06DFD03E029
:10D2D0000E4802F069FD00BFF9F740FD0390039B83
:10D2E0000293029B002B05D0094A40F29721029835
:10D2F000F9F7C0F80123184605B05DF804FB00BF3C
:10D30000506A0300706A0300906A0300BC6A03005D
:10D31000DC6A030070B58CB0059000230893059B70
:10D320000333784A1360059B9B69774A1360059B1A
:10D330009A8B764B1A80764B1B7883F00103DBB215
:10D34000002B00F0F980704B1B6805331A78714B85
:10D350001B789A4240F09C816B4B1B6806331A780D
:10D360006C4B5B789A4240F09381674B1B680733A4
:10D370001A78694B1B789A4240F08A81624B1B688D
:10D3800008331A78644B5B789A4240F081815F4B96
:10D390001A88624B1B889A4240F07A814FF0FF3323
:10D3A0000893089BB3F1FF3F40F095805C4B00224F
:10D3B0001A70544B1B681B781C46524B1B68013378
:10D3C0001B781D464F4B1B6802331B781E464D4B86
:10D3D0001B6803331B781A464A4B1B6804331B78BF
:10D3E0001946484B1B6805331B781846059B93F973
:10D3F0001330039302900191009233462A4621464E
:10D40000484802F0D1FC05230B930B9B002B15DB46
:10D410003C4B1A680B9B1344434A12781046197808
:10D42000424A342303FB00F31A440B9B1344483352
:10D430000A461A700B9B013B0B93E6E73A4B1B78AD
:10D44000184602F0D3F9304B1B6809331A78364B73
:10D450001B78184651B2354A342303FB00F31344BA
:10D4600057330A461A70304B1B7819462F4A34231B
:10D4700003FB01F31344573393F9003019462C484A
:10D4800002F092FC204B1B680A331A78264B1B785B
:10D49000194607EE902AF8EE677A244A342303FBF4
:10D4A00001F313446433C3ED007A1F4B1B78194614
:10D4B0001E4A342303FB01F3134464331B681846EC
:10D4C00007F074FA02460B461A4802F06DFC164B40
:10D4D00000221A70DCE0089802F088F9124B1B78E1
:10D4E0000A930A9B002B00F3D380104A0A9B342135
:10D4F00001FB03F31344683300221A800A9B0133B3
:10D500000A93EEE76C3B0020703B0020743B002048
:10D51000F7350020242B0020282B0020842B00200E
:10D520002A2B00202C6B0300F0350020783B0020D4
:10D53000586B0300646B0300584B1B6807331A7861
:10D54000574B1B789A4240F0A380544B1B6808331A
:10D550001A78534B5B789A4240F09A80514B1B6883
:10D560000021184602F086F90346B3F1FF3F0CBFD5
:10D5700001230023DBB2002B00F08A80494B1B689B
:10D580001B781C46474B1B6801331B781D46454BD7
:10D590001B6802331B781E46424B1B6803331B7803
:10D5A0001A46404B1B6804331B7819463D4B1B68D9
:10D5B00005331B781846059B93F9133003930290AB
:10D5C0000191009233462A462146374802F0ECFB8F
:10D5D00005230993099B002B15DB324B1A68099B25
:10D5E0001344324A127810461978314A342303FB27
:10D5F00000F31A44099B134448330A461A70099BE6
:10D60000013B0993E6E7294B1B781846059B93F9E4
:10D610001310274A342303FB00F3134457330A46FD
:10D620001A70224B1B781946214A342303FB01F35D
:10D630001344573393F9003019461E4802F0B4FBE7
:10D64000164B1B680A331A78184B1B78194607EEDD
:10D65000902AF8EE677A164A342303FB01F3134449
:10D660006433C3ED007A114B1B781946104A3423FA
:10D6700003FB01F3134464331B68184607F096F963
:10D6800002460B460C4802F08FFB084B00221A7032
:10D6900000F0D2FA00BF0CB070BD00BF703B00209C
:10D6A000282B00206C3B00202C6B0300F035002061
:10D6B000783B0020586B0300646B030000B585B015
:10D6C00001900091019B04330393019B1B881D2B48
:10D6D00004D1039B04331846FFF71CFE00BF05B0BE
:10D6E0005DF804FB00B583B00023009305F0EEFB6A
:10D6F00001906B461946012005F0E2FC01906B4653
:10D70000184605F06BFD019000BF03B05DF804FB07
:10D7100000B583B00190184B01221A60174B1B68AB
:10D72000012B24D1164B1B68002B09DC154B012261
:10D730001A60124B00221A60134B01221A7016E075
:10D74000124B1B684FF47A7202FB03F3184600F089
:10D7500021F80B4B1B68013B094A1360084B1B68FF
:10D7600019460B4802F020FB074B00221A7000BF3D
:10D7700003B05DF804FB00BF683D0020703D002051
:10D78000743D00206C3D0020783D0020882B002057
:10D79000706B030030B583B00190154A0021154825
:10D7A000F9F756FA019B18464FEAE0714FF0000274
:10D7B0004FF00003CB0343EA5043C20312F57A74DF
:10D7C00043F100054FF4FA624FF00003204629466A
:10D7D00007F072FA02460B46134600221946064825
:10D7E000F9F76AFA054B00221A6000BF03B030BD9A
:10D7F00011D70200F876030030340020683D002085
:10D8000008B5064A01210648F9F722FA002210213C
:10D810000448F9F751FA00BF08BD00BF79D20200F1
:10D82000FC7603005034002000B583B00023009341
:10D8300005F04CFB01906B461946012005F040FCB9
:10D840006B46184605F0CAFC019000BF03B05DF8B6
:10D8500004FB08B5FFF746FF00F0EEF900BF08BD76
:10D8600008B5F42200210D4807F0EFFB0B4B4122D5
:10D870001A700A4B43225A70084B4B229A70074B7E
:10D880003122DA70064B1B88064A0449064805F027
:10D8900017F9064802F088FA00BF08BD503A002088
:10D8A000502B0020582B0020342B0020846B0300C9
:10D8B00000B583B003460091ADF80630064802F08B
:10D8C00073FABDF80630009A19460448F8F7D2FDFD
:10D8D00000BF03B05DF804FB986B0300EFBEADDE44
:10D8E00000B589B00190019B1B78002B40F092801D
:10D8F000019B9B8A1946494802F056FA0023079378
:10D90000019B9B8A1A46079B93420CD2019B1A6982
:10D91000079B13441B781946414802F045FA079BC0
:10D9200001330793ECE73F4802F03EFA019B1B6985
:10D9300002331B78012B0CD13B4B01221A704FF0A4
:10D940008043B122C3F81C256420FFF774FCFFF765
:10D9500053FB019B1B6904331A78344B1A70019BEB
:10D960001B6905331A78324B1A70019B1B69063309
:10D970001B781A464FF47A7303FB02F32D4A1360A7
:10D98000019B1B6907331B785AB22B4B1A70019B02
:10D990001B6908331B781A464FF47A7303FB02F3B2
:10D9A000264A1360019B1B6909331B781A464FF402
:10D9B0007A7303FB02F3224A1360019B1B690A334B
:10D9C0001A78204B1A70002306930B230593059BAE
:10D9D0000E2B0FDC019B1A69059B1A44069B591CF0
:10D9E0000691127808A90B4403F8102C059B01330B
:10D9F0000593ECE704A903AB0422184607F0FCFAF0
:10DA0000DDED037AFDEEE77A17EE902A0E4B1A60F1
:10DA1000FFF726FF00BF09B05DF804FBB06B030001
:10DA2000DC6B0300E46B0300793D0020953400209B
:10DA300096340020602B0020202B0020682B002033
:10DA4000642B00207A3D0020902B002000B585B08B
:10DA50009DF80430012262F303038DF804309DF831
:10DA60000430012262F307138DF80430124807F0E6
:10DA700041FB03469AB201AB0F491846FFF7CBFBB7
:10DA800002AB08220021184607F0DFFA1023ADF898
:10DA900008303C23ADF80A300023ADF80C304FF4C9
:10DAA000C873ADF80E3002AB1846FFF7B0FB00BFED
:10DAB00005B05DF804FB00BFE86B030000B583B060
:10DAC00000230093002300936B461946094804F095
:10DAD0000FFD01AB04220021184607F0B6FA064BF1
:10DAE000019301AB1946054804F044FF00BF03B0A1
:10DAF0005DF804FB10360020E1D80200342B002032
:10DB000000B583B00190019B1B78002B05D1054B1C
:10DB10001B883B211846FFF776FB00BF03B05DF87A
:10DB200004FB00BF502B002000B589B001AB1C22C4
:10DB30000021184607F089FA002301934FF4A0331F
:10DB400002934FF4F023039303238DF81030002346
:10DB5000ADF8123000238DF81430064B06930023E5
:10DB6000079301AB184603F0EBFC00BF09B05DF86A
:10DB700004FB00BF01DB020000B585B001900091FD
:10DB8000019B1B88562B42D0562B47DC3B2B37D0B2
:10DB90003B2B43DC212B25D0212B3FDC102B02D04B
:10DBA000112B0ED03AE0019B9A881F4B1A801E4B16
:10DBB0001B8819461D4804F0BDFC1D4B01221A703C
:10DBC0002DE0194B4FF6FF721A80174B1B883B2133
:10DBD0001846FFF718FB164B00221A70154B01224E
:10DBE0001A601CE000238DF80D3000238DF80C30F6
:10DBF000019B9B8803AA11461846FFF718FB0EE00D
:10DC0000019B9B8813211846FFF7FDFA07E0019B53
:10DC10009B8813211846FFF7F6FA00E000BF00BF0B
:10DC200005B05DF804FB00BF502B0020103600202B
:10DC3000F6350020683D002008B5FFF7F4FA0349E7
:10DC40000348FFF7ECFA00BF08BD00BF7C2B0020A3
:10DC50006C2B002000B585B00023039305F036F946
:10DC6000039003991D4802F09FF8039B0293029BC7
:10DC7000002B05D01A4A40F236410298F8F7FAFB19
:10DC80000023019301AB184605F008FA03900399AD
:10DC9000144802F089F8019B1946134802F084F8F1
:10DCA00001AB1946012005F00BFA0346002B14BF07
:10DCB00001230023DBB2002B02D00C4802F074F8E1
:10DCC00001AB184605F08AFA03900399034802F065
:10DCD0006BF800BF05B05DF804FB00BFF46B0300F8
:10DCE000DC6A0300046C0300186C03002C6C030056
:10DCF00000B5ADB001ABAC220021184607F0A5F984
:10DD000002238DF8043000238DF8063005238DF8AA
:10DD100007300123ADF850300C4B159301238DF8DB
:10DD200080304023239344F25063249300232A93AA
:10DD300001AB1946064803F0A1F80121044803F09D
:10DD400090F800BF2DB05DF804FB00BF542B0020FD
:10DD50001C36002000B583B001900091009B5A88CA
:10DD6000124B1B889A4214D1009B1B8840F67722E5
:10DD700093420ED1009B9B88033B9AB20C4B1A80B6
:10DD80000B4B1B8819460A4B1B881A46094802F0A0
:10DD90000BF8019B5B881946019B1B881A460648B5
:10DDA00002F002F800BF03B05DF804FB502B002026
:10DDB000522B0020386C0300586C030008B505494D
:10DDC000054804F0AEFAF721034804F0D5FA00BF85
:10DDD00008BD00BF55DD0200FC35002008B5032159
:10DDE000024803F023F900BF08BD00BF1C36002025
:10DDF00008B5FFF72FFFFFF729FEFFF7DFFFFFF75B
:10DE00005DFEFFF775FFFFF78FFEFFF7E7FF044B9F
:10DE100000221A70034801F0C7FF00BF08BD00BF11
:10DE2000F6350020946C030082B00190019B082B12
:10DE300038D801A252F823F05DDE020065DE020050
:10DE40006DDE020075DE02007DDE020085DE02006E
:10DE50008DDE020095DE02009DDE0200154BD82209
:10DE60001A7023E0134BFF221A701FE0114BEC22B3
:10DE70001A701BE00F4BF0221A7017E00D4BF422C2
:10DE80001A7013E00B4BF8221A700FE0094BFC22BA
:10DE90001A700BE0074B00221A7007E0054B0422B2
:10DEA0001A7003E0034B00221A7000BF00BF02B0DB
:10DEB000704700BF843E0020124B0022C3F80022AE
:10DEC000104B0022C3F810210E4B00221A600D4B9C
:10DED0000122DA600B4B01221A610A4B0122C3F8BE
:10DEE0000C21084BD3F81031002B0CBF0123002369
:10DEF000DBB2002B00D0F4E7024B0022C3F8102164
:10DF000000BF70470010004008B5114B0122C3F854
:10DF1000FC2F0F4B0122C3F800220E4B93F9003067
:10DF20001846FFF781FF0C4B1A78094BC3F80C25F4
:10DF30000A4B1A78064BC3F81025054A084B1B6894
:10DF4000C2F80835024B01221A6000BF08BD00BFAD
:10DF500000100040202B0020843E00208C2B00204D
:10DF6000902B002000B583B0384B04221A70384B38
:10DF7000D3F85036364A23F00103C2F85036344BFA
:10DF8000344AC3F81825324B0022C3F83425304BED
:10DF90000022C3F82C252E4B0122C3F830252C4B30
:10DFA000CC22C3F824252A4B4FF0CC32C3F81C25D1
:10DFB000274B294AC3F81425284BFF221A70002347
:10DFC0008DF807309DF80730FF2B0BD09DF80730F8
:10DFD0000133224ACC21D1549DF8073001338DF80A
:10DFE0000730EFE71A4B1D4AC3F80425184B2122CE
:10DFF000C3F800221A4B93F900301846FFF714FFBC
:10E00000184B1A78124BC3F80C25104B1A78104B8A
:10E01000C3F810250E4A144B1B68C2F808350C4B88
:10E020000022C3F80C210A4B01221A60084BD3F8D6
:10E030000C31002B0CBF01230023DBB2002B00D0DE
:10E04000F4E700BF03B05DF804FB00BF8C2B002099
:10E0500000100040FF00040308000001843D002080
:10E06000202B0020843E0020902B002010B584B08F
:10E070000390FFF7FBF80346744A1360734B1B6869
:10E080001946734801F090FEFFF7B2FE0398FFF7C0
:10E0900081FB704801F088FE6F4B1B68002B03D09A
:10E0A0006E4B1B78002B01D0012300E00023002BD6
:10E0B00002D0F9F75DFFEFE7694801F075FE694BA3
:10E0C00093F854301846FFF79AF84FF47A70FFF738
:10E0D000B2F804F04FFF4FF47A70FFF7ACF801F09C
:10E0E00023FC614B93F90030082B02DD5E4B0722C5
:10E0F0001A705E4B1B68642B06D95D4B1B78002B96
:10E1000002D15A4B11221A60574B93F900301C462A
:10E11000584B1968584B1A68584B1868584B1B686D
:10E1200000930346204600F095F903465AB2554B3A
:10E130001A704E4B1B6803F5617307EE903AF8EEC8
:10E14000677A514BC3ED007A474B93F900301C4678
:10E150004E4B19684E4B1A684E4B18684E4B1B6855
:10E1600000930346204600F075F903465AB24B4B24
:10E170001A703D4B93F900301C46494B1968494BC6
:10E180001A68494B1868494B1B68009303462046A0
:10E1900000F060F903465AB2454B1A70454B1B78A4
:10E1A0001946454801F000FE444B1B681946444897
:10E1B00001F0FAFD2C4B93F900301946414801F06B
:10E1C000F3FD414B1B681946404801F0EDFD404B03
:10E1D0001B6819463F4801F0E7FD3F4B1B78194685
:10E1E0003E4801F0E1FD214B1B6819463C4801F017
:10E1F000DBFD1F4B1B7819463A4801F0D5FD1B4B40
:10E200001B681946384801F0CFFD244B93F90030C4
:10E210001946364801F0C8FD254B93F900301946E0
:10E22000334801F0C1FD234B1B78002B09D04FF080
:10E230008043B122C3F81C256420FEF7FCFFFEF7E3
:10E24000DBFEFFF7F1FA00BF04B010BD7C3D0020FB
:10E25000806E03008C6E0300683D0020F6350020C0
:10E26000A46E03001C360020202B0020902B0020E1
:10E270009634002018340020F82A0020FC2A0020C0
:10E28000002B00201C340020042B00202034002010
:10E29000082B00200C2B0020102B00201D34002008
:10E2A00028340020142B0020182B00201C2B0020C9
:10E2B00024340020793D0020BC6E0300602B002038
:10E2C000C86E0300D86E0300642B0020EC6E0300C0
:10E2D000682B0020FC6E03007A3D0020106F0300C5
:10E2E0001C6F0300346F0300586F0300706F03004E
:10E2F000906F030008B5FAF7C5FA0020FAF720FB83
:10E30000F9F720FE00BF08BD30B587B04FF080534D
:10E31000D3F8A8301B0ADBB263F03F03DBB28DF801
:10E3200010304FF08053D3F8A830DBB28DF81130A5
:10E330004FF08053D3F8A4301B0EDBB28DF81230AF
:10E340004FF08053D3F8A4301B0CDBB28DF81330A0
:10E350004FF08053D3F8A4301B0ADBB28DF8143091
:10E360004FF08053D3F8A430DBB28DF815309DF810
:10E3700010301C469DF811301D469DF812309DF856
:10E3800013209DF814109DF815000390029101923E
:10E3900000932B4622460549054806F0BEFD044978
:10E3A000044801F001FD00BF07B030BDB06F0300AD
:10E3B000583D0020D46F030010B584B04FF0805357
:10E3C000D3F80431029302AB03934FF08053D3F898
:10E3D0000011039B03331B781846039B02331B7801
:10E3E0001C46039B01331B781A46039B1B78019341
:10E3F0000092234602460C4801F0D6FC4FF08053B1
:10E40000D3F808311946094801F0CEFC4FF080538B
:10E410001B6E4FF08052526E1946054801F0C4FC45
:10E4200000BF04B010BD00BFF46F03001070030004
:10E430002070030000B583B001900B468DF80330C7
:10E44000034801F0B1FC00BF03B05DF804FB00BF5E
:10E45000F071030084B00390029101920093039A3B
:10E46000029BD31A0499009A8A1A02FB03F20199BB
:10E47000029BCB1A92FBF3F2009B1344184604B0A4
:10E480007047000082B00190024B01221A6000BF69
:10E4900002B07047C832002008B50248F8F742FCC5
:10E4A00000BF08BD7034002030B585B00190002356
:10E4B0000393FFF7F1FF164A00211648F8F7C8FB4F
:10E4C000019B18464FF000014FF000024FF000038F
:10E4D000CB0343EA5043C20312F57A7443F10005BB
:10E4E0004FF4FA624FF000032046294606F0E4FBA1
:10E4F00002460B461346002219460748F8F7DCFB94
:10E500000390064B00221A6000BF05B030BD00BF6B
:10E5100085E402000077030070340020C832002038
:10E5200000B583B00A4801F03FFC0A4B00930A4B48
:10E530000F221021094805F073F84FF4FA60FEF736
:10E540007AFE064805F0E6F800BF03B05DF804FB6C
:10E5500018720300C8320020A9E40200C02E002077
:10E5600008B5054801F020FC0448F8F7DBFB044B34
:10E5700000221A7000BF08BD58720300302E002020
:10E58000502E002000B583B001900C4801F00CFC27
:10E590000B4B1B78DBB2092B94BF01230023DBB2AA
:10E5A000002B05D0074801F0FFFB054B00221A7035
:10E5B000FFF7D6FF00BF03B05DF804FB74720300E1
:10E5C000512E00209872030030B585B00190FFF7FE
:10E5D000C7FF01991E4801F0E7FB1E4A00211E48B3
:10E5E000F8F736FB0390039B002B03D003991B48DD
:10E5F00001F0DAFB1A4B01221A70019B18464FF00A
:10E6000000014FF000024FF00003CB0343EA5043F8
:10E61000C20312F57A7443F100054FF4FA624FF029
:10E6200000032046294606F047FB02460B461346E8
:10E63000002219460B48F8F73FFB0390039B002B81
:10E6400003D00399084801F0AFFB00BF05B030BD0F
:10E65000AC72030085E50200F4760300DC7203006F
:10E66000502E0020302E00201073030008B500212A
:10E670001120FEF74BFD00BF08BD000000B583B0C0
:10E6800001900B468DF80330134801F08DFB134BBE
:10E690001B78DBB20133DAB2104B1A70104B1B78C7
:10E6A000DBB2002B0CBF01230023DBB2002B03D015
:10E6B0004FF4FA50FFF788FF084B1B78DBB2092BA9
:10E6C0008CBF01230023DBB2002B01D0FEF794FCAA
:10E6D00000BF03B05DF804FB44730300512E00201B
:10E6E000502E002000B583B09DF806306FF3000374
:10E6F0008DF806309DF806306FF341038DF8063033
:10E700009DF806306FF382038DF8063003238DF8F1
:10E7100004309DF8063043F002038DF806300023E4
:10E720008DF8053001AB0C4A19461120FBF7B4F8FF
:10E730000346002B14BF01230023DBB2002B02D0C1
:10E74000064801F031FB01211120FBF71FF900BF42
:10E7500003B05DF804FB00BF7DE6020054730300C4
:10E7600008B5FFF7C7FDFFF7CFFDFFF725FE01F066
:10E77000D6F8FFF745F80120FEF754FCFBF73AF80E
:10E780000346002B14BF01230023DBB2002B02D071
:10E79000044801F009FB6420FEF74DFD01231846F3
:10E7A00008BD00BF8873030008B5FFF75FFFFFF7E0
:10E7B00099FF1D20FEF799FC1D20FEF7E1FC4FF4A8
:10E7C0007A70FEF738FD0320FEF78FFC4FF4FA70E5
:10E7D000FEF731FD0320FEF7BFFC0D20FEF785FCA0
:10E7E0004FF4FA70FEF727FD0D20FEF7C9FC00215B
:10E7F0001420FEF78BFC054805F0A8FE00F0EEFDA6
:10E8000000F088FE1223184608BD00BF542E0020D9
:10E8100008B504F0AFFB1F4B01221A604FF0804394
:10E820000022C3F800214FF0804301221A604FF00C
:10E830008043D3F80031002B0CBF01230023DBB24F
:10E84000002B00D0F3E7144B0022C3F80022124B38
:10E850000022C3F81021104B00221A600E4B012237
:10E86000DA600D4B01221A610B4B0122C3F80C2117
:10E87000094BD3F81031002B0CBF01230023DBB26E
:10E88000002B00D0F4E7044B0022C3F8102100BF96
:10E8900008BD00BF00D000400010004008B58C4803
:10E8A000FFF7E4FB8B4B1B78002B08D01D20FEF7F5
:10E8B00053FC4FF4FA60FEF7BEFCFFF731FE864BC7
:10E8C0001B78022B11D1834B1B78002B0DD1834B6E
:10E8D0001B68002B09D1824B1B68002B05D1814B93
:10E8E0001B68002B01D1042341E17B4B1B78002BDB
:10E8F00011D1784B1B78002B0DD1784B1B68002B66
:10E9000009D1774B1B68002B05D1764B1B68002B78
:10E9100001D103232BE1704B1B78032B11D16D4BDD
:10E920001B78002B0DD16D4B1B68002B09D16C4B54
:10E930001B68002B05D16B4B1B68002B01D10523F5
:10E9400015E1654B1B78022B11D1624B1B78002B14
:10E950000DD1624B1B68002B09D1614B1B68002B4A
:10E9600005DD604B1B68002B01D10623FFE05A4BED
:10E970001B78022B11D1574B1B78002B0DD1574B15
:10E980001B68002B09DD564B1B68002B05D1554B2E
:10E990001B68002B01DD0723E9E04F4B1B78032B9D
:10E9A00011D14C4B1B78002B0DD14C4B1B68002B0D
:10E9B00009DD4B4B1B68002B05D14A4B1B68002B14
:10E9C00001DD0823D3E0444B1B78022B11D1414BCE
:10E9D0001B78002B0DD1414B1B68002B09D1404BFC
:10E9E0001B68002B05DD3F4B1B68002B01DD092355
:10E9F000BDE0394B1B78022B11D1364B1B78002B15
:10EA00000DD1364B1B68002B09DD354B1B68002BE5
:10EA100005DD344B1B68002B01DD0A23A7E02E4BDC
:10EA20001B78032B11D12B4B1B78002B0DD12B4BBB
:10EA30001B68002B09DD2A4B1B68002B05DD294BC9
:10EA40001B68002B01DD0B2391E0234B1B78022B6D
:10EA500011D1204B1B78012B0DD1204B1B68002BB3
:10EA600009D11F4B1B68002B05D11E4B1B68002BC7
:10EA700001D10C237BE0184B1B78032B11D1154BD4
:10EA80001B78012B0DD1154B1B68002B09D1144BA2
:10EA90001B68002B05D1134B1B68002B01D10D23E4
:10EAA00065E00D4B1B78022B1ED10A4B1B78022B05
:10EAB0001AD10A4B1B68002B16D1094B1B68002B7F
:10EAC00012D1084B1B68002B0ED10E234FE000BF64
:10EAD000C0D40100963400207A3D0020602B002035
:10EAE000682B0020642B0020224B1B78022B11D1B5
:10EAF000214B1B78012B0DD1204B1B68002B09DD0E
:10EB00001F4B1B68002B05D11E4B1B68002B01DD22
:10EB10000F232CE0174B1B78032B11D1164B1B78BE
:10EB2000012B0DD1154B1B68002B09DD144B1B6805
:10EB3000002B05D1134B1B68002B01DD102316E0C1
:10EB40000C4B1B78022B11D10B4B1B78022B0DD1D8
:10EB50000A4B1B68002B09D1094B1B68002B05DDF4
:10EB6000084B1B68002B01DD112300E0032318462E
:10EB700008BD00BF7A3D002096340020602B0020A5
:10EB8000682B0020642B002008B5FFF741FEFFF73B
:10EB9000BBF90323184608BD08B5FFF739FEFFF798
:10EBA000E1F90323184608BD08B5044B1B68184655
:10EBB00000F0C8FE0623184608BD00BF682B0020E1
:10EBC00008B5FFF725FEFFF79FF9144B1B681846A1
:10EBD000FEF7E0FD124B1B68002B0CBF0123002346
:10EBE000DBB2002B02D0F9F7C3F9F3E700F09CFE8B
:10EBF000FFF762F90B4B1B681846FEF7CBFD084B7D
:10EC00001B68002B0CBF01230023DBB2002B02D0BA
:10EC1000F9F7AEF9F3E700F087FED4E7602B0020A8
:10EC2000683D0020642B002008B5FFF7F1FDFFF7D9
:10EC300099F9144B1B681846FEF7ACFD124B1B6884
:10EC4000002B0CBF01230023DBB2002B02D0F9F70D
:10EC50008FF9F3E700F068FEFFF72EF90B4B1B6806
:10EC60001846FEF797FD084B1B68002B0CBF0123CD
:10EC70000023DBB2002B02D0F9F77AF9F3E700F0BA
:10EC800053FED4E7602B0020683D0020642B002059
:10EC900008B5FFF7BDFD0C4B1B68184600F052FE8F
:10ECA0000A4B1B681846FEF775FD094B1B68002BC5
:10ECB0000CBF01230023DBB2002B02D0F9F758F977
:10ECC000F3E700F031FEE6E7682B0020642B00201C
:10ECD000683D002008B5FFF79BFDFFF715F9174BBE
:10ECE0001B681846FEF756FD154B1B68002B0CBF22
:10ECF00001230023DBB2002B02D0F9F739F9F3E747
:10ED000000F012FEFFF7D8F80E4B1B681846FEF70E
:10ED100041FD0B4B1B68002B0CBF01230023DBB212
:10ED2000002B02D0F9F724F9F3E700F0FDFD064BC4
:10ED30001B68184600F006FECFE700BF602B0020DE
:10ED4000683D0020642B0020682B002008B5FFF7E9
:10ED50005FFDFFF707F9174B1B681846FEF71AFD12
:10ED6000154B1B68002B0CBF01230023DBB2002BCB
:10ED700002D0F9F7FDF8F3E700F0D6FDFFF79CF8B5
:10ED80000E4B1B681846FEF705FD0B4B1B68002B4E
:10ED90000CBF01230023DBB2002B02D0F9F7E8F807
:10EDA000F3E700F0C1FD064B1B68184600F0CAFDF2
:10EDB000CFE700BF602B0020683D0020642B0020BF
:10EDC000682B002000B583B0094B1B681946094B1E
:10EDD00093F900301A460023019300920B4601225A
:10EDE0000121054804F0A0FDF9F7C2F8FCE700BFD7
:10EDF000902B00201D340020C02E002000B583B0D1
:10EE0000094B1B681946094B93F900301A46012338
:10EE1000019300920B4601220121054804F084FD74
:10EE2000F9F7A6F8FCE700BF902B00201D34002066
:10EE3000C02E002000B583B0094B1B681946094B52
:10EE400093F900301A460023019300920B460122E9
:10EE50000021054804F068FDF9F78AF8FCE700BFD7
:10EE6000902B002024340020C02E002000B583B059
:10EE7000234B1B681946234B93F900301A46002395
:10EE8000019300920B46012201211F4804F04CFD22
:10EE90001E4B1B681846FEF77DFC1D4B1B68002BA4
:10EEA0000CBF01230023DBB2002B02D0F9F760F87E
:10EEB000F3E700F039FD124B1B681946114B93F92B
:10EEC00000301A460023019300920B4600220121D4
:10EED0000D4804F029FD0F4B1B681846FEF75AFC3D
:10EEE0000B4B1B68002B0CBF01230023DBB2002B54
:10EEF00002D0F9F73DF8F3E700F016FDB8E700BFE0
:10EF0000902B00201D340020C02E0020602B0020FC
:10EF1000683D0020642B002000B583B0234B1B68A4
:10EF20001946234B93F900301A46012301930092AE
:10EF30000B46012201211F4804F0F6FC1E4B1B6802
:10EF40001846FEF727FC1D4B1B68002B0CBF012346
:10EF50000023DBB2002B02D0F9F70AF8F3E700F048
:10EF6000E3FC124B1B681946114B93F900301A460B
:10EF70000123019300920B46002201210D4804F069
:10EF8000D3FC0F4B1B681846FEF704FC0B4B1B68A9
:10EF9000002B0CBF01230023DBB2002B02D0F8F7BB
:10EFA000E7FFF3E700F0C0FCB8E700BF902B0020BC
:10EFB0001D340020C02E0020602B0020683D002062
:10EFC000642B002000B583B0234B1B681946234BEC
:10EFD00093F900301A460023019300920B46012258
:10EFE00000211F4804F0A0FC1E4B1B681846FEF7CA
:10EFF000D1FB1D4B1B68002B0CBF01230023DBB290
:10F00000002B02D0F8F7B4FFF3E700F08DFC124BB1
:10F010001B681946114B93F900301A4600230193DF
:10F0200000920B46002200210D4804F07DFC0F4B9E
:10F030001B681846FEF7AEFB0B4B1B68002B0CBF82
:10F0400001230023DBB2002B02D0F8F791FFF3E796
:10F0500000F06AFCB8E700BF902B00201D340020B0
:10F06000C02E0020602B0020683D0020642B002073
:10F0700000B587B0332219216F4805F061F80346C7
:10F08000002B03D06D4800F08FFE02E06C4800F0CA
:10F090008BFE0521684805F058F99DF80A306FF39A
:10F0A00000038DF80A309DF80A306FF341038DF8A4
:10F0B0000A309DF80A306FF382038DF80A3000237E
:10F0C0008DF8093001238DF8083000210220FEF769
:10F0D0001DF802AB5B4A19460220FAF7DDFB034636
:10F0E000002B14BF01230023DBB2002B03D05648B2
:10F0F00000F05AFE03E00121544800F055FE0121C2
:10F100000220FAF743FC4C4805F0C2F940F6B83348
:10F1100005930220FEF748F80346002B04D0059B18
:10F12000002B01DD012300E00023002B06D00A2084
:10F13000FEF781F8059B013B0593EAE7059B002B51
:10F1400005D1434800F030FE202005F0FFFB0023EE
:10F150000493394805F028F8374BD3ED027AF5EEE1
:10F16000C07AF1EE10FA03DD334B93ED027A04E03E
:10F17000314BD3ED027AB1EE677A2F4BD3ED037AA0
:10F18000F5EEC07AF1EE10FA03DD2B4BD3ED037AE6
:10F1900004E0294BD3ED037AF1EE677A37EE277A54
:10F1A000254BD3ED047AF5EEC07AF1EE10FA03DDCB
:10F1B000214BD3ED047A04E01F4BD3ED047AF1EE3A
:10F1C000677A77EE877ACDED037A039805F0EEFB48
:10F1D00002460B46049900911E4800F0E5FD4FF4ED
:10F1E000FA70FEF728F8039805F0E0FB10A3D3E9C6
:10F1F000002305F0BDFB0346002B03D0049B013325
:10F20000049301E000230493049B052B05DD124BBE
:10F2100001221A70114800F0C7FD0F4B1B78002B1C
:10F2200097D0002203210E4804F018FF91E700BF99
:10F23000666666666666FA3F142E0020B4730300A5
:10F24000CC73030035E40200E4730300047403008C
:10F25000287403004C7403002C2E00206C740300EF
:10F26000D032002008B5074805F070F900F052F9D7
:10F270004FF4FA70FDF7DFFF024805F0A3F903230E
:10F28000184608BD542E002008B5454B1B78002BAE
:10F2900006D0C820FDF7CFFF424804F01BFA03E078
:10F2A000F7F758FFF7F7ECFF2620FDF78DFE072054
:10F2B000FDF78AFE0C20FDF787FE2320FDF784FE74
:10F2C0000420FDF781FE0120FDF77EFE0220FDF700
:10F2D0007BFE0820FDF778FE0920FDF775FE0A2069
:10F2E000FDF772FE304B02221A600620FDF76CFE1D
:10F2F000C820FDF7A0FF1D20FDF742FF0320FDF70A
:10F300003FFF0D20FDF73CFF0720FDF714FF08200D
:10F31000FDF711FF0920FDF70EFF0620FDF70BFF9B
:10F320000220FDF708FF0520FDF705FF0320FDF78C
:10F3300002FF0420FDF7FFFE1D20FDF7FCFE062066
:10F34000FDF7F9FE0620FDF7F6FE1520FDF7F3FEAA
:10F350001220FDF7F0FE1020FDF7EDFE0F20FDF767
:10F36000EAFE0E20FDF7E7FE0A20FDF7E4FE14207A
:10F37000FDF7E1FE0D20FDF7DEFE0C4B00221A60CA
:10F380000A4B1B68094B01221A60094B00221A60C4
:10F39000074B1B68064B01221A60F8F7E9FDFCE7F2
:10F3A00096340020C02E002084AC0740FC3F004073
:10F3B000FC4F004000B583B001900B468DF8033040
:10F3C000044800F0F1FC044B01221A7000BF03B0A6
:10F3D0005DF804FB7C740300CC32002000B583B0E0
:10F3E000494804F035FD6420FDF725FF0122002186
:10F3F000454804F0C3FD01220121434804F0BEFD4D
:10F4000000220521404804F0B9FD002203213E48B6
:10F4100004F0B4FD012203213B4804F01FFE00224A
:10F420000B21394804F0AAFD00220C21364804F0D3
:10F43000A5FD01220F21344804F0A0FD0122102176
:10F44000314804F09BFD012202212F4804F096FD73
:10F45000012204212C4804F091FD012206212A48B2
:10F4600004F08CFD01220A21274804F087FD0122C7
:10F470000521254804F0F2FD00220D21224804F068
:10F480007DFD00220E21204804F078FD01220E218E
:10F490001D4804F0E3FD012211211B4804F06EFD1C
:10F4A0009DF806306FF300038DF806309DF80630A6
:10F4B0006FF341038DF806309DF806306FF3820339
:10F4C0008DF8063000238DF8053002238DF80430C6
:10F4D00001AB0E4A19461420FAF7DEF90346002B59
:10F4E00014BF01230023DBB2002B02D0084800F038
:10F4F0005BFC01211420FAF749FA3220FDF79BFE4C
:10F5000000BF03B05DF804FBD0320020B5F3020069
:10F510009474030000B583B000220C21144804F059
:10F520002DFD00230193019B092B1DDC00220321EB
:10F530000F4804F093FD00220C210D4804F08EFDCD
:10F54000C820FDF778FE01220321094804F086FD5A
:10F5500001220C21064804F081FDC820FDF76BFE56
:10F56000019B01330193DEE700BF03B05DF804FBAC
:10F57000D032002008B57F4B00221A707D4B1B78DB
:10F58000132B00F2EF8001A252F823F0DDF5020008
:10F59000F1F5020005F6020019F6020025F6020058
:10F5A00039F602004DF6020061F6020075F602001F
:10F5B00089F602009DF60200B1F60200C5F60200CF
:10F5C000D9F60200EDF6020001F7020015F702007D
:10F5D00029F7020051F702003DF70200664800F0EB
:10F5E000E3FBFFF7BDF803461A46624B1A70BFE013
:10F5F000624800F0D9FBFFF7D7F803461A465D4B87
:10F600001A70B5E05E4800F0CFFBFFF747F90346FC
:10F610001A46584B1A70ABE05A4800F0C5FBFFF78A
:10F6200033FEA5E0584800F0BFFBFFF7ADFA0346F4
:10F630001A46504B1A709BE0544800F0B5FBFFF798
:10F64000ABFA03461A464B4B1A7091E0504800F053
:10F65000ABFBFFF7A9FA03461A46464B1A7087E040
:10F660004C4800F0A1FBFFF7ABFA03461A46414BAA
:10F670001A707DE0484800F097FBFFF7D5FA034683
:10F680001A463C4B1A7073E0444800F08DFBFFF7BC
:10F69000FFFA03461A46374B1A7069E0404800F0FB
:10F6A00083FBFFF717FB03461A46324B1A705FE0E5
:10F6B0003C4800F079FBFFF749FB03461A462D4B07
:10F6C0001A7055E0384800F06FFBFFF77BFB0346EC
:10F6D0001A46284B1A704BE0344800F065FBFFF7E0
:10F6E0008DFB03461A46234B1A7041E0304800F068
:10F6F0005BFBFFF79FFB03461A461E4B1A7037E071
:10F700002C4800F051FBFFF7B1FB03461A46194B9A
:10F710001A702DE0284800F047FBFFF7FDFB034679
:10F720001A46144B1A7023E0244800F03DFBFFF703
:10F7300049FC03461A460F4B1A7019E0204800F0A6
:10F7400033FBFFF78FFD03461A460A4B1A700FE092
:10F750001C4800F029FBFFF78BFC03461A46054BBB
:10F760001A7005E0184800F01FFBFFF78DFD00BF81
:10F7700004E700BFC42D0020B4740300C474030068
:10F78000D8740300EC740300FC74030014750300C8
:10F790002C75030040750300587503007075030055
:10F7A000847503009C750300B8750300D0750300D1
:10F7B000E8750300FC750300147603002C76030043
:10F7C00040760300507603007476030082B0019007
:10F7D000054BB3F8E0301A46019B42FA03F303F0FD
:10F7E0000103184602B07047783B002000B583B093
:10F7F00001900198FFF7EAFF0346002B0CBF01239D
:10F800000023DBB2002B22D0174BB3F8E0301AB242
:10F810000121019B01FA03F31BB213431BB29AB2FD
:10F82000114BA3F8E020FDF721FD02460F4B1B68AA
:10F83000D31A0F4AA2FB03239B0998B20A4A019BE1
:10F84000342101FB03F31344743302461A80064A41
:10F85000019B342101FB03F31344683300221A8017
:10F8600000BF03B05DF804FB783B00207C3D002026
:10F87000D34D621000B585B0019000910023039331
:10F88000039B002B20DC039B342202FB03F1009A34
:10F8900013461B019B1ADB000B4440330D4A1344F3
:10F8A000083306221946019800F016F80346002B8B
:10F8B00014BF01230023DBB2002B01D0039B05E022
:10F8C000039B01330393DBE74FF0FF33184605B08A
:10F8D0005DF804FB783B002086B003900291019212
:10F8E00000230593059A019B9A420FDA059B039A20
:10F8F00013441A78059B02990B441B789A4201D055
:10F90000002304E0059B01330593EBE70123184630
:10F9100006B0704708B5FDF786FC00BF08BD08B506
:10F92000F7F758F900BF08BD08B50448F7F7FAF92A
:10F93000034B00221A6000BF08BD00BF3034002016
:10F94000683D002000B583B001901A4B00221A7068
:10F95000194B00221A70194B00221A70174B002203
:10F960001A70174B00221A70164B00221A70164B91
:10F9700000221A70FDF76DFF0198FDF70BFF134B86
:10F980001B68002B05D1124B1B78002B01D10123E2
:10F9900000E00023002B02D0F8F7EAFAEFE7FFF7C8
:10F9A000B9FFFFF7C1FF03F0E5FA00BF03B05DF850
:10F9B00004FB00BFF1350020F2350020F3350020B4
:10F9C000F4350020F5350020803D0020683D002002
:10F9D000F035002000B585B003900291039B012B08
:10F9E00040D1029B4FF6FF7293423BD11F4804F077
:10F9F00077F81F4A1F491D4805F05EFA1E4804F0BB
:10FA000069F81E4804F096FB4FF0CC730093022374
:10FA1000072208211A4804F07BFD194804F0ECFD88
:10FA200003461946174804F023FE174804F004FA69
:10FA3000164803F0BDFC164803F092FC154B1B68FA
:10FA40006433154A1360144B1B689AB2134B5A80E7
:10FA5000104B1B689AB2114B9A80114B1B689AB2DB
:10FA60000E4BDA8000BF05B05DF804FBC82D002006
:10FA70007C4A0020F33A0300102E0020142E0020B0
:10FA8000542E00206C2E0020D0320020E4320020C2
:10FA9000983400205C2B0020443B00206C2B00207D
:10FAA000483B002008B54FF6FF710120FFF792FF99
:10FAB00008BD000000B583B01F4B0193019B0222DB
:10FAC0001A61019B02225A61019B1C4A9A61019BA7
:10FAD0001B4ADA61019B4FF400721A62019B0022FB
:10FAE0009A62019B00225A62019B0022DA62019B0A
:10FAF000124A9A64019B134ADA64019B10221A6528
:10FB0000019B00229A65019B00225A65019B0022FD
:10FB1000DA65019B07330C49184605F0C9FA019BC9
:10FB20000A49184605F0C4FA019B20229A7100BFC9
:10FB300003B05DF804FB00BF883E0020047703009B
:10FB4000003F0020004100201077030014770300DD
:10FB500000B589B003900291019200230693039BA4
:10FB6000DB680593039B1B690493049A059B9A42E7
:10FB700005D9049A059BD31A013B079307E0039B21
:10FB80009A680499059BCB1A1344013B0793039B86
:10FB90009A68059BD31A079A934228BF1346079386
:10FBA000079A019B934228BF13460793039B5A6809
:10FBB000059B1344079A0299184605F01DFA069A08
:10FBC000079B13440693029A079B13440293019ADE
:10FBD000079BD31A0193059A079B13440593039B34
:10FBE0009B68059A9A4201D100230593039B059ACD
:10FBF000DA60019B002BB5D1069B184609B05DF871
:10FC000004FB00B589B0039002910192039BDB686D
:10FC10000793039B9A68079BD31A0693069A019B46
:10FC20009A420ED9039B5A68079B1344019A029982
:10FC3000184605F0E1F9079A019B1A44039BDA6024
:10FC40001AE0069B0593039B5A68079B1344059A89
:10FC50000299184605F0D0F9019A069BD31A05932C
:10FC6000039B5868029A069B1344059A194605F0AF
:10FC7000C3F9039B059ADA6000BF09B05DF804FB85
:10FC800086B00190019B1B690493019BDB68039381
:10FC9000049A039B9A4208D8019B9A68039BD21A44
:10FCA000049B1344013B059304E0049A039BD31A7D
:10FCB000013B0593059B184606B0704700B589B017
:10FCC000039002910192029B0693039B5A1C1346D8
:10FCD0005B001344DB00204A13440593059B5B69DA
:10FCE000022B29D0022B2ED8002B02D0012B13D0AF
:10FCF00029E00598FFF7C4FF0490049A019B9A42FB
:10FD000002D20023079321E0019B0793019A0699F1
:10FD10000598FFF776FF19E00598FFF7B1FF04900B
:10FD2000019A049B934228BF13460793079A0699AA
:10FD30000598FFF766FF09E0019A06990598FFF715
:10FD400007FF079002E00023079300BF079B1846B8
:10FD500009B05DF804FB00BF883E002000B587B005
:10FD60000390029101920F4B1B78002B01D1FFF7FA
:10FD7000A1FE00238DF813300DF113031846F7F799
:10FD8000FDFA019A02990398FFF798FF05909DF8F4
:10FD900013301846F7F708FB059B184607B05DF8C7
:10FDA00004FB00BF883E00200FB400B5A3B025AB14
:10FDB000009301A8009B249A802105F00FF921905F
:10FDC000219B802B06DD01AB802219460020FFF726
:10FDD000C5FF08E0219B002B05DD219A01AB1946E8
:10FDE0000020FFF7BBFF219B184623B05DF804EB12
:10FDF00004B070476DDF704700BF184679DF704769
:10FE000000BF18467DDF704700BF184664DF7047AB
:10FE100000BF184682B003460091ADF80630BDF829
:10FE20000630DAB2009B1A70BDF806301B0A9AB28F
:10FE3000009B0133D2B21A700223184602B07047F9
:10FE400000B589B0039002911346ADF80630029BCD
:10FE50001B8803F10902BDF806309A4201D90C2330
:10FE600053E004AB1846FFF7C5FF0790079B0693C6
:10FE7000069B002B01D0069B47E0029B1B881A467D
:10FE8000039B134408221A70029B1B8801339AB209
:10FE9000029B1A80029B1B881A46039B13441B2259
:10FEA0001A70029B1B8801339AB2029B1A80029B34
:10FEB0001B881A46039B981804AB01330622194687
:10FEC00005F09AF8029B1B8806339AB2029B1A80AF
:10FED0009DF8103023F00103DBB2002B07D1029B09
:10FEE0001B881A46039B134400221A7006E0029BEB
:10FEF0001B881A46039B134401221A70029B1B881D
:10FF000001339AB2029B1A800023184609B05DF8AB
:10FF100004FB00B589B0039002910192ADF8023064
:10FF2000039B1B78012B05D1039B5B78002B01D130
:10FF3000072392E0019B1B889A1CBDF802309A426D
:10FF40000ED8039B1B78012B0CD1019B1B881A46F2
:10FF5000039B5B7813449A1CBDF802309A4201D986
:10FF60000C237AE0019B1B88BDF80220D31A9BB2B8
:10FF7000023BADF81C30BDF81C30ADF81230019BCF
:10FF80001B880233029A13440DF1120211461846DF
:10FF9000FFF738FF0690069B0593059B002B01D0C9
:10FFA000059B5AE0039B1B78022B06D0039B5B78D2
:10FFB0009AB2BDF812309A4209D3BDF81230BDF89A
:10FFC0001C209A4203D309238DF81F3017E0082321
:10FFD0008DF81F30039B1B78012B0CD1039B5B78A2
:10FFE0009BB2BDF81C209A4205D3039B5B789BB261
:10FFF000ADF8123003E0BDF81C30ADF81230BDF89A
:020000023000CC
:100000001230FE2B01D90C2327E0BDF81230DAB2F2
:10001000019B1B881946029B0B440132D2B21A7015
:10002000019B1B8801339AB2019B1A80019B1B889C
:100030001A46029B13449DF81F201A70019B1B88CF
:1000400001339AB2019B1A80019B1A88BDF81230C5
:1000500013449AB2019B1A800023184609B05DF838
:1000600004FB00B589B0039002911346ADF8063049
:10007000029B1B881A1DBDF806309A4201D90C2339
:100080003BE00DF116031846FFF7B8FE0790079BFB
:100090000693069B002B01D0069B2EE0029B1B883B
:1000A0001A46039B134403221A70029B1B880133D8
:1000B0009AB2029B1A80029B1B881A46039B134428
:1000C00019221A70029B1B8801339AB2029B1A8074
:1000D000BDF81620029B1B881946039B0B4419464A
:1000E0001046FFF797FE03461946029B1A888BB20B
:1000F00013449AB2029B1A800023184609B05DF897
:1001000004FB84B0029101921A4603468DF80F3029
:100110001346ADF80C30019B1B88DA1CBDF80C307F
:100120009A4201D90C2328E0019B1B881A46029BA6
:10013000134402221A70019B1B8801339AB2019B5F
:100140001A80019B1B881A46029B134401221A70D5
:10015000019B1B8801339AB2019B1A80019B1B886B
:100160001A46029B13449DF80F201A70019B1B88AE
:1001700001339AB2019B1A800023184604B07047DD
:1001800084B0029101921A4603468DF80F3013464F
:10019000ADF80C30019B1B88DA1CBDF80C309A427C
:1001A00001D90C2328E0019B1B881A46029B1344AB
:1001B00002221A70019B1B8801339AB2019B1A809C
:1001C000019B1B881A46029B13440A221A70019B4A
:1001D0001B8801339AB2019B1A80019B1B881A4627
:1001E000029B13449DF80F201A70019B1B8801335A
:1001F0009AB2019B1A800023184604B0704700B5DC
:100200008FB0039001930B468DF80B3013468DF899
:100210000A3000238DF83330109B1B88ADF8303046
:1002200000230D9371E0039B5A680D9B9B001A44B9
:1002300005AB106818600DF11B0105AB00221846D4
:10024000FFF7E4FD0A900A9B0993099B002B01D05C
:10025000099B7CE09DF81B309DF80A209A4251D101
:100260009DF83330002B01D0002300E002238DF8ED
:100270002330109B1B881A469DF81B301A449DF8AA
:1002800023301A44BDF844309A4201DD0C235EE06D
:100290009DF8333083F00103DBB2002B16D0109BA6
:1002A0001B8801339AB2109B1A80109B1B881A4638
:1002B000019B13449DF80B201A70109B1B8801337F
:1002C0009AB2109B1A8001238DF83330109B1B8843
:1002D0001A46019B1A440DF11B0105AB1846FFF7A6
:1002E00095FD0A900A9B0793079B002B01D0079B63
:1002F0002DE0109B1A889DF81B309BB213449AB2D4
:10030000109B1A800D9B01330D93039B1B881A468B
:100310000D9B934287DB9DF83330002B16D0109B4A
:100320001A88BDF83030D31A9BB2013BADF82E309D
:10033000BDF82E30FF2B01D90C2308E0BDF830307A
:10034000019A1344BDF82E20D2B21A700023184629
:100350000FB05DF804FB00B58BB0059003930B461E
:100360008DF8133013468DF812309DF81310BDF838
:10037000343001930C9B0093039B02220598FFF7F6
:100380003EFF0990099B0893089B002B01D0089B16
:1003900014E09DF81210BDF8343001930C9B0093CB
:1003A000039B10220598FFF72AFF0990099B0793EA
:1003B000079B002B01D0079B00E0002318460BB0E1
:1003C0005DF804FB82B00190019B1B88052B0AD9C4
:1003D000019B1B88B3F5486F07D9019B1B884FF61B
:1003E000FF72934201D0072325E0019B5B88052B18
:1003F0000AD9019B5B88B3F5486F07D9019B5B88DD
:100400004FF6FF72934201D0072314E0019B1B8833
:100410004FF6FF7293420DD0019B5B884FF6FF723F
:10042000934207D0019B1A88019B5B889A4201D9AD
:10043000072300E00023184602B0704700B587B0DC
:10044000039002910192ADF80230019B1B889A1D26
:10045000BDF802309A4201D90C234DE00398FFF712
:10046000B1FF0590059B0493049B002B01D0049BD6
:1004700042E0019B1B881A46029B134405221A7016
:10048000019B1B8801339AB2019B1A80019B1B8838
:100490001A46029B134412221A70019B1B880133D7
:1004A0009AB2019B1A80039B1A88019B1B881946EC
:1004B000029B0B4419461046FFF7ACFC0346194655
:1004C000019B1A888BB213449AB2019B1A80039B3A
:1004D0005A88019B1B881946029B0B4419461046FB
:1004E000FFF798FC03461946019B1A888BB2134408
:1004F0009AB2019B1A800023184607B05DF804FBEE
:1005000000B587B0039002910192ADF80230039BD1
:100510009B8802330593019B1B881A46059B134455
:100520009A1CBDF802309A4201D90C2354E0059B75
:10053000FE2B01D90C234FE0059BDAB2019B1B88EF
:100540001946029B0B440132D2B21A70019B1B88E0
:1005500001339AB2019B1A80019B1B881A46029BA9
:100560001344FF221A70019B1B8801339AB2019B2E
:100570001A80039B1A88019B1B881946029B0B4417
:1005800019461046FFF746FC03461946019B1A8898
:100590008BB213449AB2019B1A80039B9B88002B59
:1005A00019D0039B9B68002B01D1072314E0019B0A
:1005B0001B881A46029B9818039B9968039B9B888B
:1005C0001A4604F019FD019B1A88039B9B8813446B
:1005D0009AB2019B1A800023184607B05DF804FB0D
:1005E00000B589B0039002910192ADF80230039BEF
:1005F0009B6A002B01D1072372E000238DF81F3086
:1006000066E0039B996A9DF81F2013465B00134424
:100610009B000B440693069B9B8802330593059B26
:10062000FE2B01D90C235BE0059BDAB2019B1B88F2
:100630001946029B0B440132D2B21A70019B1B88EF
:1006400001339AB2019B1A80019B1B881A46029BB8
:10065000134416221A70019B1B8801339AB2019B26
:100660001A80069B1A88019B1B881946029B0B4423
:1006700019461046FFF7CEFB03461946019B1A8820
:100680008BB213449AB2019B1A80069B9B88002B65
:1006900019D0069B9B68002B01D1072320E0019B0A
:1006A0001B881A46029B9818069B9968069B9B8894
:1006B0001A4604F0A1FC019B1A88069B9B881344F0
:1006C0009AB2019B1A809DF81F3001338DF81F30BC
:1006D000039B93F82C309DF81F209A4291D300235E
:1006E000184609B05DF804FB00B595B0059004917B
:1006F000039200231393039B1B88ADF84A30039B9E
:1007000000221A80059B93F82D30002B0ED0BDF8E7
:100710004A301A4603990498FFF792FB1390139BF3
:100720001193119B002B01D0119BD8E0059B9B7866
:10073000002B0ED0BDF84A301A4603990498FFF7F3
:1007400090FC1390139B1093109B002B01D0109BD7
:10075000C5E0059BDB78002B10D0059BDB7858B2F9
:10076000BDF84A30039A0499FFF7CBFC1390139B12
:100770000F930F9B002B01D00F9BB0E0059B5B6894
:10078000002B11D0059B5B6893F90000BDF84A303F
:10079000039A0499FFF7F4FC1390139B0E930E9B9E
:1007A000002B01D00E9B9AE0059B1B89002B14D0D7
:1007B000059B03F10800BDF84A300193039B0093A9
:1007C000049B06220221FFF7C6FD1390139B0D9395
:1007D0000D9B002B01D00D9B81E0059B1B8A002BFC
:1007E00014D0059B03F11000BDF84A300193039B20
:1007F0000093049B07220321FFF7ADFD1390139B89
:100800000C930C9B002B01D00C9B68E0059B1B8B71
:10081000002B14D0059B03F11800BDF84A3001935A
:10082000039B0093049B15221421FFF794FD139062
:10083000139B0B930B9B002B01D00B9B4FE0059B55
:100840001B6A002B0FD0059B186ABDF84A30039A2B
:100850000499FFF7F3FD1390139B0A930A9B002B57
:1008600001D00A9B3BE0059B5B6A002B0FD0059BE8
:10087000586ABDF84A30039A0499FFF741FE139075
:10088000139B0993099B002B01D0099B27E0059B33
:1008900093F82C30002B0ED0BDF84A30039A0499FF
:1008A0000598FFF79DFE1390139B0893089B002B60
:1008B00001D0089B13E0059B1B78002B0ED0BDF8E0
:1008C0004A30039A04990598FFF723FB1390139B72
:1008D0000793079B002B01D0079B00E0139B184652
:1008E00015B05DF804FB86B0039001921A460B46E2
:1008F000ADF80A3013468DF80930039B002B02D067
:10090000019B002B01D100234DE00023ADF81630F0
:100910000CE0BDF81630039A13441B789AB2BDF868
:10092000163013449BB20133ADF81630019B1B887F
:10093000BDF816209A4209D3BDF816300133039A48
:1009400013441B789DF809209A4205D0BDF8162063
:10095000BDF80A309A42DCD3BDF81620BDF80A3043
:100960009A4201D300231EE0BDF816300233ADF8E1
:100970001430BDF81630039A13441B789BB2013B28
:10098000ADF81230BDF81420BDF812301A44BDF88D
:100990000A309A4201DD002305E0019BBDF81420D6
:1009A0001A80BDF81230184606B0704700B585B001
:1009B00001900B46ADF8023013468DF8013000234C
:1009C000ADF80C309DF8013003AABDF80210019873
:1009D000FFF789FF0346ADF80E30BDF80E30002B4F
:1009E00001D1002304E0BDF80C301A46019B1344EA
:1009F000184605B05DF804FB72DF704700BF18466B
:100A000073DF704700BF184682B00190019B93F8D6
:100A10003034184602B0704784B00190002303932D
:100A20000AE0019A039B13441B78002B01D0012399
:100A300006E0039B01330393039B052BF1D90023AD
:100A4000184604B07047000082B003468DF80730A6
:100A50009DF807305A1C074B83FB02135910D3171C
:100A6000C91A0B469B000B44D11ACBB2184602B0F0
:100A7000704700BF6766666682B001900091009B78
:100A8000DB7B012B04D1009B9A88019BA3F82424D3
:100A900000BF02B0704700B585B001900091019B86
:100AA000002283F82E24009B9A88019BB3F82434FB
:100AB0009A4216D1019B1B7983F00103DBB2002B14
:100AC0000FD00121019800F0B1FA0390039B002B95
:100AD00007D0019B9B6B002B03D0019B9B6B039862
:100AE000984700BF05B05DF804FB00B585B00190E4
:100AF0000091009B1B88262B1ED1009B1B7A012B8B
:100B000003D0009B1B7A022B17D1019B9B781846C0
:100B1000FFF79AFF03461946019800F087FA039001
:100B2000039B002B09D0019B9B6B002B05D0019BE5
:100B30009B6B0398984700E000BF05B05DF804FB8D
:100B400000B585B001900B468DF80330019B03F290
:100B500027431846FFF760FF03468DF80F309DF8D6
:100B60000330013B032B33D801A252F823F000BF1E
:100B7000810B0300A50B0300B90B0300C50B030099
:100B8000019B9B79002B0DD0019B93F8243083F0BF
:100B90000103DBB2002B05D09DF80F30002B01D0F4
:100BA000012316E0019BDB79002B05D09DF80F3067
:100BB000002B01D002230CE0019B1B7A002B01D0FB
:100BC000032306E0019B5B7A002B01D0042300E0A5
:100BD0000023184605B05DF804FB00BF82B0019009
:100BE0000091019B012283F83120019B0022C3F870
:100BF0002024019B03F22642009B5A60009B0022A6
:100C00009A60009B02221A70009B80229A81002326
:100C1000184602B0704782B001900091019B0222F9
:100C200083F83120019B93F82430002B03D0009BE4
:100C300007221A7002E0009B03221A70019B1B69B5
:100C40009AB2009B9A81019B0022C3F82024019B49
:100C500003F22642009B5A60019BDA68009B9A606F
:100C60000023184602B0704700B583B00190019B85
:100C70005B79002B0FD0019B93F82E3483F0010396
:100C8000DBB2002B07D00198FFF7BEFE0346002B16
:100C900001D0012300E0002303F00103DBB218467A
:100CA00003B05DF804FB00B585B001900B468DF8EC
:100CB0000330019BD3F81004019BB3F814340122D4
:100CC0001946FFF773FE0390039B002B03D0039B91
:100CD0009DF803201A70019B03F15400019B03F55A
:100CE0008261019B3C331A46FFF786FE0346184695
:100CF00005B05DF804FB00B585B001900091019B43
:100D00005A69009B9A60019B9B699AB2009B9A81E9
:100D1000019B93F82430002B04D0019B062283F81A
:100D20003C2003E0019B012283F83C200198FFF75F
:100D30009BFF0346002B13D0009B02221A7504214F
:100D40000198FFF7B0FF0390039B0293029B002BD7
:100D500001D0029B0FE0019B052283F8312003E0C4
:100D6000019B032283F83120019B03F58262019BE2
:100D7000C3F820240023184605B05DF804FB00B535
:100D800085B001900091019BDA69009B9A60019BFC
:100D90001B6A9AB2009B9A81019B93F82430002B26
:100DA00004D0019B062283F83C2003E0019B012232
:100DB00083F83C200198FFF757FF0346002B13D020
:100DC000009B02221A7504210198FFF76CFF039023
:100DD000039B0293029B002B01D0029B0FE0019B1F
:100DE000062283F8312003E0019B042283F831209E
:100DF000019B03F58262019BC3F82024002318465F
:100E000005B05DF804FB82B00190019B9B78002B3C
:100E100006D0019B93F82030002B01D000230AE07C
:100E2000019B9B6A042B03D0019B5B6A042B01D1BD
:100E3000002300E00123184602B0704784B00190FF
:100E4000019B93F82430002B03D0EE23ADF80E3035
:100E500002E01F23ADF80E30BDF80E30184604B086
:100E6000704782B001900B468DF80330019B9DF8CE
:100E7000032083F8302000BF02B0704730B587B040
:100E800001900091009B002B02D0019B002B01D10F
:100E90000E23B8E0009B78331846FFF7B4FF0346F3
:100EA00083F00103DBB2002B01D00723ABE0019BF1
:100EB00000229A70019A009B141D03F178050FCD52
:100EC0000FC40FCD0FC495E8070084E80700019B0D
:100ED000002283F83020009BD3F8A420019B5A63A2
:100EE000009BD3F8A820019B9A63019B4FF6FF72E9
:100EF000A3F82424019B03F58262019BC3F82024FC
:100F0000019B03F2264307220021184604F09DF8B6
:100F1000019B1B7883F00103DBB2002B03D0019B04
:100F2000FF2283F85420019B03F15502019BC3F873
:100F300010240198FFF782FF03461A46019BA3F88D
:100F400014240098019B03F15501019B03F2144303
:100F50001A46FFF7C9FB0590059B0493049B002BE1
:100F600001D0049B4FE0019B03F23122019BC3F8A7
:100F700018240198FFF762FF03461A46019BA3F865
:100F80001C24009B03F13C00019BD3F81814019B27
:100F900003F21C431A46FFF7A7FB0590059B03933A
:100FA000039B002B01D0039B2DE0019B012283F8C2
:100FB0005120019B9B699AB2019BA3F84820019B99
:100FC000012283F83C20019B00221A64019B00222D
:100FD00083F85020019B5A69019B5A64019B03F1DD
:100FE0005400019B3C331A460021FFF705FD059094
:100FF000059B0293029B002B01D0029B03E0019B07
:1010000001221A70059B184607B030BD82B00190CE
:10101000019B1B68012B03D0019B1B68022B01D194
:10102000012300E00023184602B0704700B585B0E8
:1010300001900B468DF80330019B1B7883F0010370
:10104000DBB2002B01D0082309E1019B9DF80320AE
:101050009A70019B03F2264307220021184603F0F1
:10106000F4FF019B9B79002B03D0019B9B78012B04
:101070000FD0019BDB79002B03D0019B9B78012BC8
:1010800007D0019BDB79002B14D0019B9B78022BAE
:1010900010D1019B5B6B002B08D0019B012283F8D0
:1010A0002D24019B5B6B0820984703E0019B0022E5
:1010B00083F82D249DF8033019460198FFF740FD71
:1010C00003461A46019B9A70019B5B6B002B20D054
:1010D000019B9B78032B03D0019B9B78042B18D199
:1010E000019B5B79002B14D0019B93F82E3483F085
:1010F0000103DBB2002B0CD0019B002283F83024CB
:10110000019B012283F82F24019B5B6B07209847EA
:1011100003E0019B002283F82F24019B3C3318221B
:101120000021184603F091FF019B012283F83C2027
:10113000019B2C331846FFF769FF0346002B06D0AE
:10114000019BDB6ADAB2019B83F8512003E0019B2B
:10115000012283F85120019B93F82430002B12D0F8
:10116000019B28331846FFF751FF0346002B06D09A
:10117000019B9B6ADAB2019B83F8522003E0019B3A
:10118000012283F85220019B002283F85020019B0A
:101190009B78042B31D801A252F823F0F1110300FF
:1011A000B1110300C1110300D1110300E1110300CB
:1011B000019B3C3319460198FFF710FD03901DE099
:1011C000019B3C3319460198FFF725FD039015E07C
:1011D000019B3C3319460198FFF78DFD03900DE00C
:1011E000019B3C3319460198FFF7C9FD039005E0C8
:1011F000019B002283F8312000E000BF019B9B7817
:10120000002B20D0019B03F15400019BD3F8201444
:10121000019B3C331A46FFF7EFFB0390039B002B27
:1012200001D0039B1BE0019B93F85420019B93F892
:10123000303019461046FFF7E3FB0390039B002B69
:1012400001D0039B0BE0019B5B6B002B06D0019B45
:101250005B6B019A92F8312010469847002318469C
:1012600005B05DF804FB00BF00B585B001900091AA
:10127000009B0393019B1B88262B10D0262B13DC8D
:10128000102B02D0112B05D00EE001990398FFF727
:10129000F3FB0AE001990398FFF7FDFB05E00199D4
:1012A0000398FFF722FC00E000BF00BF05B05DF827
:1012B00004FB75DF704700BF184676DF704700BF3C
:1012C00018467ADF704700BF18467BDF704700BFC3
:1012D0001846000084B00346ADF80630002303939F
:1012E00016E00F49039A13469B0013449B000B44DE
:1012F0001B88BDF806209A4207D1039A13469B002B
:1013000013449B00064A134406E0039B01330393F6
:10131000039B002BE5D00023184604B0704700BFA4
:101320003041002082B001900B46ADF80230019BA5
:10133000BDF802201A80019B00221A72019B054908
:1013400003F10A020B4603CB1060516000BF02B0EC
:10135000704700BF6041002082B00190019B4FF6B2
:10136000FF721A8000BF02B0704788B003900291EC
:1013700011461A460B46ADF806301346ADF8043058
:10138000039B9B881A46BDF8063013440793039BC2
:101390009B881946039B9B88BDF80620934228BF73
:1013A00013469BB2CB1A0693039BDB881A46BDF803
:1013B000043013440593039BDB881946039BDB88A9
:1013C000BDF80420934228BF13469BB2CB1A049366
:1013D000029B5A88039B1B889A4205D3029B5A881A
:1013E000039B5B889A4201D900231CE0029B9B88E7
:1013F0001A46069B934205D8029B9B881A46079B78
:10140000934201D200230EE0029BDB881A46049B24
:10141000934205D8029BDB881A46059B934201D272
:10142000002300E00123184608B0704700B583B0E0
:101430000190064B9B69002B03D0044B9B690198DC
:10144000984700BF03B05DF804FB00BF4441002093
:1014500000B585B003460091ADF80630BDF8063002
:1014600000991846FFF725FF0390039B002B05D03A
:10147000039B112B02D00398FFF7D8FF039B002B8F
:101480000CBF01230023DBB2184605B05DF804FB56
:1014900000B589B00190019B0793079B9BB218464A
:1014A000FFF718FF0690069B002B42D0069B1A7A86
:1014B000224B1B7B9A4215D2079B9AB2069B0A339A
:1014C00019461046FFF7C4FF03468DF813309DF808
:1014D0001330002B2DD0069B1B7A0133DAB2069B0A
:1014E0001A7226E0069B00221A72144B1B7C002BFA
:1014F0000FD0079B9BB23B211846FFF7DEFE0590FD
:10150000059B002B05D0059B082B02D00598FFF703
:101510008DFF0A4B5B69002B0BD000238DF80C303C
:10152000079B9BB2ADF80E30044B5B6903AA1046D3
:10153000984700BF09B05DF804FB00BF444100209C
:1015400030B587B00190019B002B01D10E2353E0F1
:101550002B4A019B14461D460FCD0FC495E807008A
:1015600084E80700264B274A1A60019B1B68002B62
:1015700011D0019B1B681846FFF7A3FE0490049B43
:10158000002B01D0049B37E0019B1A681D4B1068AB
:10159000516803C308E01B48FFF797FE0490049BC3
:1015A000002B01D0049B27E00023059320E0059A3F
:1015B00013469B0013449B00134A13440393039860
:1015C000FFF7CAFE059B5B01104A1A44039B5A6051
:1015D000039B04330E4A00211846F5F739FB0490AB
:1015E000049B002B01D0032306E0059B01330593E8
:1015F000059B002BDBD00023184607B030BD00BF91
:101600004441002060410020304100201041002072
:101610009114030000B587B003460091ADF8063081
:10162000009B5B7A002B1AD1009B1B7A002B03D105
:10163000164B5B68059302E0144B9B680593009B77
:101640005B68BDF8062005991846F5F735FB049050
:10165000049B002B16D00498FFF7E8FE12E0009BD5
:1016600000221A72094B5B69002B0BD001238DF805
:101670000C30BDF80630ADF80E30044B5B6903AAA0
:101680001046984700BF07B05DF804FB44410020B6
:1016900000B585B00190019BDB7B8DF80F30019B7D
:1016A0009B88ADF80C309DF80F30012B2CD14FF6F4
:1016B000FF70FFF70FFE0290029B002B03D1042066
:1016C000FFF7B4FE21E0BDF80C3019460298FFF791
:1016D00029FE029B03F10A00019B03F110014FF662
:1016E000FF7340F2F312FFF740FE03461A46029BD7
:1016F0005A72074BDB89002B07D1BDF80C300299D9
:101700001846FFF787FF00E000BF05B05DF804FB57
:101710004441002000B587B00190019B9B88ADF843
:101720001630BDF816301846FFF7D4FD0490049B20
:10173000002B0ED0049B5B681846F5F7F3FA039074
:10174000039B002B02D00398FFF770FE0498FFF76D
:1017500003FE00BF07B05DF804FB000000B587B0D2
:101760000190019B06330593059B1A88194BDB8971
:101770009A422BD1059B5B89022B27D1019B9B8829
:10178000ADF81230BDF812301846FFF7A3FD0390F4
:10179000039B002B1AD0059B0C33184600F074FAFB
:1017A0000346002B06D0BDF8123003991846FFF708
:1017B00031FF0BE0039B5B681846F5F7B3FA029024
:1017C000029B002B02D00298FFF730FE00BF07B04B
:1017D0005DF804FB4441002000B585B00190019BF9
:1017E0009B88ADF80E30BDF80E301846FFF772FD3D
:1017F0000290029B002B15D0029B03F10A00019B73
:1018000003F108014FF6FF7340F2F312FFF7ADFD4D
:1018100003461A46029B5A72BDF80E3002991846CA
:10182000FFF7F8FE00BF05B05DF804FB00B583B01C
:1018300001900091019B1B88502B12D0502B18DC7B
:10184000122B12D0122B14DC102B02D0112B04D02F
:101850000FE00198FFF71CFF0CE00198FFF75AFF1B
:1018600008E00198FFF77AFF04E00198FFF7B4FF62
:1018700000E000BF00BF03B05DF804FB30B58FB0DF
:101880000190009100230293009B002B1AD00023AB
:101890000D9314E06B460D991846F6F7A6FA034629
:1018A000002B09D0029B5A1C02920D9A92B25B0047
:1018B0000EA90B4423F82C2C0D9B01330D930D9B8B
:1018C000132BE7D9019B1D4602AC0FCC0FC50FCCE3
:1018D0000FC594E8070085E8070001980FB030BDF8
:1018E00000B583B00346ADF80630BDF80630132BC3
:1018F00001D900230CE0BDF8063019460648F6F77A
:1019000043FABDF8063019460448F6F73DFA0123BC
:10191000184603B05DF804FB704100206C410020C4
:1019200000B585B00346ADF80630002303930DE003
:10193000039B9B00094A13440433BDF8062011465B
:101940001846F6F739FA039B01330393039B1D2BCB
:10195000EED900BF00BF05B05DF804FB6841002070
:1019600000B583B00346ADF80630BDF80630194621
:101970000348F6F721FA00BF03B05DF804FB00BF8F
:101980007041002030B59BB0184B9B68DB43189327
:10199000164B5A6818AB11461846F6F756FA189ABD
:1019A0006B4611461846FFF769FF0DAC6D460FCD2B
:1019B0000FC40FCD0FC495E8070084E8070000238B
:1019C00019930BE0199B5B001AAA134433F8303CBF
:1019D0001846FFF7A5FF199B013319930D9B199A20
:1019E0009A42EFD300BF00BF1BB030BD684100205A
:1019F00000B583B001900B46ADF8023013468DF868
:101A000001309DF80130002B06D0BDF80230194698
:101A10000198F6F7B9F905E0BDF8023019460198CA
:101A2000F6F7CAF900BF03B05DF804FB00B585B056
:101A300001900091019B9B88ADF80E30019B1B88A3
:101A4000103B0A2B00F2888001A252F823F000BF5D
:101A50007D1A0300B91A0300591B0300591B030028
:101A6000591B0300591B0300591B0300591B03009A
:101A7000591B0300231B0300C51A0300FFF782FF55
:101A8000BDF80E301846FFF72BFF034683F0010325
:101A9000DBB2002B05D0324AF0210420F4F7EAFC37
:101AA00057E0019BDB7B012B53D0BDF80E3019466C
:101AB0002C48F6F769F94CE0BDF80E301846FFF7F0
:101AC0004FFF49E0019B1B7AC3F30313DBB28DF890
:101AD0000D309DF80D30032B8CBF01230023DAB2AB
:101AE000BDF80E3019462048FFF782FF9DF80D30F3
:101AF000022B8CBF01230023DAB2BDF80E30194649
:101B00001A48FFF775FF9DF80D30012B8CBF01239C
:101B10000023DAB2BDF80E3019461548FFF768FF0A
:101B20001AE0019B1B7A002B15D1019B5B7AC3F352
:101B3000C003DBB2002B14BF012300238DF80C304F
:101B40009DF80C20BDF80E3019460748FFF750FFEE
:101B500001E000BF00E000BF00BF05B05DF804FB7E
:101B60001C77030074410020804100207C4100204C
:101B70007841002000B583B00346ADF80630BDF8CB
:101B80000630132B01D9002306E0BDF806301946B4
:101B90000348F6F72AF90346184603B05DF804FB3C
:101BA0006C41002000B583B00346ADF80630BDF8A7
:101BB00006301846FFF7DEFF0346002B02D0BDF8C3
:101BC000063000E01423184603B05DF804FB00B5AE
:101BD00087B003900B460192ADF80A30019B002BB1
:101BE00001D10E2338E0019B00221A60039B002BD9
:101BF00001D10E2330E0039B1B68002B01D10E2383
:101C00002AE0039BDB8803F003039BB2002B01D087
:101C1000072321E0BDF80A301846FFF7C3FF03464B
:101C20008DF817309DF81730142B01D1052313E0E0
:101C3000039B1B799DF817209A4201D304230BE0E4
:101C4000039B1B689DF817200399C98801FB02F2CA
:101C50001A44019B1A600023184607B05DF804FB84
:101C600082B00190019B1B781AB2019B01331B7853
:101C70001B021BB213431BB29BB2184602B0704743
:101C8000AADF704700BF184600B585B001900198E3
:101C9000FFF7E6FF0346ADF80E30BDF80E3003F057
:101CA0000103002B14BF01230023DBB2184605B04B
:101CB0005DF804FB82B0034600918DF80730009A6E
:101CC00013786FF303031370009A13786FF30713FD
:101CD00013709DF80730052B5BD801A252F823F052
:101CE000F91C03000F1D0300291D0300431D030001
:101CF0005D1D0300771D0300009A13786FF3030343
:101D00001370009A13786FF30713137040E0009A72
:101D10001378012161F303031370009A13780121F2
:101D200061F30713137033E0009A1378012161F314
:101D300003031370009A1378022161F307131370E1
:101D400026E0009A1378012161F303031370009ACF
:101D50001378032161F30713137019E0009A1378C5
:101D6000022161F303031370009A1378012161F3D8
:101D7000071313700CE0009A1378022161F3030338
:101D80001370009A1378022161F30713137000BFD8
:101D900000BF00BF02B0704700B595B00346029186
:101DA0000192ADF80E30029B9B78002B03D10123EA
:101DB0008DF81E3003E0029B9B788DF81E30029B4D
:101DC0001B88ADF81C3006AB03220021184603F037
:101DD0003CF9029B5B7C06AA11461846FFF76AFF96
:101DE000029B9A7C06AB013319461046FFF762FF4F
:101DF000029BDA7B9DF81A3062F3C3038DF81A3028
:101E0000029B1A7C9DF81A3062F304138DF81A3085
:101E1000029B1A7B9DF81A3062F300038DF81A308A
:101E2000029B1B7D002B01D0022200E001229DF8C5
:101E30001A3062F342038DF81A300DAB1C220021D8
:101E4000184603F002F9029B5B7B03F01003DBB240
:101E5000002B06D1029B5B7B03F02003DBB2002B3F
:101E600024D004AB03220021184603F0EEF8029BB5
:101E7000DA7C04AB013319461046FFF71BFF9DF8CF
:101E80001030012262F303038DF810309DF81030FA
:101E9000012262F307138DF810309DF812300122F1
:101EA00062F342038DF8123004AB1293029B5B7B0A
:101EB0008DF83430029B9B7B8DF8353008AB1422B3
:101EC0000021184603F0C1F807AB089306AB09934D
:101ED000029B9B88ADF82C30029B9B68002B06D0A0
:101EE000029BDB88ADF82830029B9B680C93029B19
:101EF0009B69002B4FD005AB03220021184603F04D
:101F0000A4F8029B9B691B88ADF83C30029B9B693F
:101F10005B88ADF83E30029B9B695B680E9305AB16
:101F20001193029B9B691B7B05AA11461846FFF77C
:101F3000C1FE029B9B695A7B05AB013319461046D3
:101F4000FFF7B8FE029B9B699A7A9DF8163062F300
:101F5000C3038DF81630029B9B69DA7A9DF8163020
:101F600062F304138DF81630029B9B691A7A9DF870
:101F7000163062F300038DF81630029B9B699B7B41
:101F8000002B01D0022200E001229DF8163062F3FE
:101F900042038DF81630029BDB69002B02D0029BB6
:101FA000DB69109308AA0DA9BDF80E00019BFFF78D
:101FB00067FE0346184615B05DF804FB90DF7047D6
:101FC00000BF1846A5DF704700BF1846B5DF704751
:101FD00000BF184682B00190019BF7221A80019B36
:101FE00017225A80019B00221A71019B00225A710C
:101FF000019BFB229A71019B1B22DA7100BF02B088
:10200000704700B589B003460A46ADF8063013465E
:10201000ADF80430BDF80430ADF81430BDF804302C
:10202000ADF816300023ADF818300023ADF81A30A3
:1020300003AB00221A609A8003AA05A9BDF80630F6
:102040001846FFF7BBFF0790079B002B02D0BDF897
:102050000C30002B079B184609B05DF804FB00B557
:1020600087B001900091009B9B88ADF81630BDF8B9
:102070001630DB00019A134406330493019B1A794E
:10208000049B9A71009BDB7B012B02D0022B05D0B5
:1020900009E0019B1A88049B1A8004E0019B5A887E
:1020A000049B1A8000BF049B1A88049B5B889A4299
:1020B00015D9049B1A88BDF8163011461846FFF74B
:1020C00081FF0390039B002B03D1049B01225A71D3
:1020D00005E0039B112B02D1049B01221A71049B82
:1020E0009A79049BDB799A4208D9049B9B799AB22E
:1020F000BDF8163011461846FFF783FF00BF07B042
:102100005DF804FB00B583B001900091009B9B88B3
:10211000DB00019A134406331846FFF75BFF00BF4C
:1021200003B05DF804FB00B587B001900091009BFF
:102130009B88ADF81630009B5B89ADF81430BDF874
:102140001630DB00019A134406330493049B1B886A
:10215000BDF81420934228BF13469AB2049B5A80BC
:10216000049B5B88172B38BF17239AB2049B5A80B5
:10217000019B1B69002B15D0049B5B79002B11D0B0
:1021800040F67723ADF80830BDF81630ADF80A30C8
:10219000049B5B88ADF80C30019B1B6902AA1146B9
:1021A00001989847049B00225A71049B00221A71DF
:1021B00000BF07B05DF804FB00B589B00190009145
:1021C000009B9B88ADF81E30009BDB88ADF81C306F
:1021D000BDF81E30DB00019A134406330693BDF8A8
:1021E0001C30172B38BF1723ADF81C30069B1B88FB
:1021F000BDF81C20934228BF13469AB2069B5A8012
:10220000069B00221A71069B1A88BDF81E301146E3
:102210001846FFF7DBFE0590069B5B79002B16D175
:10222000019B1B69002B13D040F67723ADF80C30CF
:10223000BDF81E30ADF80E30069B5B88ADF810304F
:10224000019B1B6903AA11460198984700E000BF53
:1022500009B05DF804FB30B591B001900091009B8E
:1022600004AC1D1D0FCD0FC40FCD0FC495E80700A2
:1022700084E80700BDF81030ADF83E30BDF81420FA
:10228000BDF83E30D1B2019ADB0013440A465A73BE
:10229000019B1B69002B19D002AB00221A609A80A7
:1022A0004DF67A23ADF80830BDF83E30ADF80A306F
:1022B000BDF83E30019ADB0013445B7B8DF80C3097
:1022C000019B1B6902AA11460198984700BF11B0F3
:1022D00030BD00B587B001900091009B0433059399
:1022E000059B1B88DB00019A134406330493059B6E
:1022F0009B888DF80F30049B9B799DF80F209342AB
:1023000028BF13468DF80E30059B1B889DF80E20C4
:1023100092B211461846FFF774FE00BF07B05DF891
:1023200004FB00B585B001900091019B002B01D109
:102330000E231DE0019B009A1A61019BF7221A806F
:10234000019BF7225A80019BFB221A710023039301
:102350000AE0039BDB00019A134406331846FFF79B
:1023600039FE039B01330393039B002BF1D0002321
:10237000184605B05DF804FB82B001900B46ADF83D
:102380000230019B002B01D10E230EE0BDF802307C
:10239000162B03D9BDF80230F72B01D9072304E02F
:1023A000019BBDF802201A800023184602B0704736
:1023B00000B587B001900091009B0593019B9B881D
:1023C000ADF81230BDF81230002B40F08480019B34
:1023D0001B88552B48D0552B55DC242B32DC102B79
:1023E00051DB103B142B4ED801A252F823F000BF52
:1023F0004B24030055240300872403008724030093
:102400008724030087240300872403008724030014
:102410008724030087240300872403008724030004
:1024200087240300872403008724030087240300F4
:102430008724030087240300872403007D240300EE
:10244000732403003A2B0AD01DE001990598FFF789
:1024500006FE19E001990598FFF754FE14E0019972
:102460000598FFF760FE0FE001990598FFF7A4FEBD
:102470000AE001990598FFF7EEFE05E0019905983D
:10248000FFF727FF00E000BFBDF81230059ADB0020
:1024900013449B7A002B1FD0BDF81230059ADB0045
:1024A0001344DA88BDF8123011461846FFF78AFD4A
:1024B0000390039B002B0FD1BDF81230059ADB006F
:1024C000134400229A72BDF81230059ADB001344BF
:1024D0000122DA7200E000BF07B05DF804FB00BF24
:1024E000B0DF704700BF184666DF704700BF184670
:1024F00082B001900091019B002B01D10E2316E0C8
:10250000009B002B01D10E2311E0019B1B78DE2BD9
:1025100001D108230BE0009B1A68019B5A60019BC4
:10252000DE221A70019B4FF6FF725A800023184674
:1025300002B0704782B001900B46ADF80230019BAB
:10254000002B01D10E230AE0019B1B78DE2B01D06A
:10255000082304E0019BBDF802205A80002318469E
:1025600002B0704700B585B00190019B1B7A002B2B
:1025700018D0019B5B8800211846FFF7B5FF039038
:10258000039B002B03D1019B00221A720AE0039BDC
:10259000112B03D1019B01221A7203E0019B5B689E
:1025A0000398984700BF05B05DF804FB00B583B001
:1025B00001900091009B1B79012B0BD1009B1A8885
:1025C000019B5B889A4205D1019B01221A720198F6
:1025D000FFF7C8FF00BF03B05DF804FB82B00190B5
:1025E000009100BF02B0704700B589B00190009122
:1025F000009B1A88019B5B889A4236D1009B02336C
:102600000793079B1B78022B31D1079B1B7A042B66
:1026100007D0079B1B7A062B03D0079B1B7A052B41
:1026200027D102AB00221A605A609A60DA60022356
:102630008DF808304FF4C073ADF80C30079B1B7A4F
:10264000052B02D10023ADF80C30009B1B8802AA99
:1026500011461846FFF744FF0690069B002B09D051
:10266000019B5B680698984704E000BF02E000BF4A
:1026700000E000BF09B05DF804FB00B585B0019033
:102680000091009B002B40D0019B002B3FD0009B72
:102690000393039B1B78DE2B3BD1019B9A88039B02
:1026A0005B889A4202D10398FFF75CFF019B1B886D
:1026B000512B18D0512B2EDC112B1BD0112B2ADCC7
:1026C000012B02D0022B07D025E0019B04331946D1
:1026D0000398FFF76BFF21E0019B04331946039831
:1026E000FFF77CFF1AE0019B043319460398FFF7BC
:1026F0007BFF13E0019B9A88039B5B889A420CD175
:10270000039B4FF6FF725A8007E000BF06E000BF50
:1027100004E000BF02E000BF00E000BF05B05DF8CC
:1027200004FBA8DF704700BF1846ADDF704700BF4D
:102730001846AEDF704700BF184662DF704700BF23
:10274000184600B58FB00190009100230393019BC0
:102750005869009B9B8803AA1946FFF738FA0D9029
:1027600005AB08220021184602F06FFC04AB06936B
:102770000223ADF814300023ADF81630009B988882
:10278000019B1B8905AA1946FFF7CFFF0D900D9BF2
:10279000002B26D1019B9B69002B22D0069B18465B
:1027A000FFF772FA0346002B1BD0039B002B02D0CD
:1027B000039B01221A7007AB18220021184602F071
:1027C00044FC02238DF81C30019B0893009B9B88DE
:1027D000ADF82430039B0A93019B9B6907AA10461E
:1027E000984700BF0FB05DF804FB00B58DB00190B5
:1027F0000091009B06330B93019B5869009B9B88BB
:1028000003AA1946FFF7E3F90A9004AB1822002146
:10281000184602F01AFC019B0593009B9B88ADF8BB
:102820001830039B07930B9B1A88019B1B899A42C4
:1028300025D10B9B5B89022B21D1039B002B38D028
:102840000B9B0C331846FFF71FFA0346002B06D0EC
:10285000039B01221A7002238DF8103005E0039BC0
:1028600000221A7003238DF81030019B9B69002B06
:102870001FD0019B9B6904AA1046984719E00B9B47
:102880001A88019B9B899A4214D1019B9B69002B5A
:1028900010D000238DF810300B9B0C3308930B9B4A
:1028A0005B89ADF82430019B9B6904AA10469847C8
:1028B00000E000BF00BF0DB05DF804FB00B58BB0B9
:1028C00001900091019B5869009B9B8802AA1946C0
:1028D000FFF77DF90990099B002B1AD1029B1B7809
:1028E000002B17D003AB18220021184602F0ADFBD5
:1028F00001238DF80C30019B0493009B9B88ADF85D
:102900001430029B0693019B9B6903AA10469847CB
:1029100000E000BF0BB05DF804FB00B585B001908E
:102920000091009B002B1ED0019B002B1BD0009B15
:102930000393019B1B88572B10D0572B15DC102BB2
:1029400002D0502B05D010E001990398FFF7F9FE53
:102950000CE001990398FFF748FF07E001990398FD
:10296000FFF7ACFF02E000BF00E000BF05B05DF87C
:1029700004FB000010B592B0019000914F4B0AACDF
:102980000FCB84E80F00019B002B01D10E2391E0B7
:10299000009B002B01D10E238CE0009B1A68019B49
:1029A0009A61019A0AAB11461846FFF7C6FE1190CC
:1029B000119B1093109B002B01D0109B7AE0019B80
:1029C0001B788DF83A300123ADF83830019B9A1C02
:1029D0000EAB19460120FFF7A4FE1190119B0F9337
:1029E0000F9B002B01D00F9B64E002AB2022002143
:1029F000184602F02AFB0223ADF80830019B1B7831
:102A00008DF80A30F423ADF80C300123ADF80E3008
:102A100001238DF814309DF8153043F008038DF82C
:102A200015309DF8153043F004038DF8153001235F
:102A30008DF8193001238DF81A30019B5888019BBD
:102A400003F10C0202AB1946FFF7A6F91190119B96
:102A5000002B01D0119B2DE002AB20220021184653
:102A600002F0F3FA0323ADF80830019B1B788DF8D0
:102A70000A30F423ADF80C300123ADF80E300123F9
:102A80008DF814309DF8153043F010038DF8153093
:102A900001238DF8193001238DF81A3001238DF8A8
:102AA0001B30019B5888019B1A1D02AB1946FFF78A
:102AB00073F90346184612B010BD00BF88770300B3
:102AC00000B58DB0039002910192ADF80230039BE6
:102AD000002B01D10E2342E0039B5B6905AABDF8E0
:102AE00002101846FFF773F80B900B9B0A930A9B92
:102AF000002B01D00A9B32E0BDF802304FF6FF7286
:102B0000934202D0059B002B01D1052327E0059BB2
:102B10001B7883F00103DBB2002B01D008231EE0F9
:102B2000019B1B88F42B01D9072318E006AB102268
:102B30000021184602F089FA039B9B88ADF81830F3
:102B4000029B0993019B089301238DF81A3006AA72
:102B5000BDF8023011461846FFF7EBFD0346184654
:102B60000DB05DF804FB000082B003468DF807301D
:102B70009DF8073003F01F0205499DF907305B09F6
:102B8000012000FA02F241F8232000BF02B0704792
:102B900000E100E082B003468DF807309DF8073071
:102BA00003F01F0206499DF907305B09012000FA76
:102BB00002F2203341F8232000BF02B0704700BF6B
:102BC00000E100E082B003468DF807309DF9073040
:102BD000002B0BDA0B4A9DF8073003F00F03043B80
:102BE00013441B7EDBB25B09DBB208E0064A9DF9A9
:102BF0000730134493F80033DBB25B09DBB21846AD
:102C000002B0704700ED00E000E100E000B583B0E5
:102C10000190019B002B03D10449C420FAF748FE20
:102C2000019B5B68184603B05DF804FB98770300CE
:102C300010DF704700BF184611DF704700BF18460D
:102C400082B003468DF807309DF907301F2B0CDC4E
:102C50009DF907300F4A22FA03F303F00103002B1A
:102C600014BF01230023DBB210E09DF907303F2B96
:102C70000BDC9DF90730203B012202FA03F3002B05
:102C800014BF01230023DBB200E00123184602B089
:102C9000704700BFFC06FFBD82B00190019B072B6F
:102CA00007D8EC22019B42FA03F303F00103002B47
:102CB00001D1002300E00123184602B07047000054
:102CC00000B583B003468DF807309DF907301846EC
:102CD000FFF7B6FF0346002B02D142F201032EE0BC
:102CE0009DF907301846FFF76DFF03461846FFF7BA
:102CF000D3FF0346002B02D142F202031FE0124B26
:102D00009B68002B15D09DF907305B090E4A52F8DD
:102D100023209DF8073003F01F03012101FA03F37C
:102D200019469DF907305B090A43074941F82320FA
:102D300004E09DF907301846FFF716FF00231846F8
:102D400003B05DF804FB00BF682C002000B583B021
:102D500003468DF807309DF907301846FFF770FFDE
:102D60000346002B02D142F201031FE0114B9B6886
:102D7000002B15D09DF907305B090E4A52F823103D
:102D80009DF8073003F01F03012202FA03F3DA4330
:102D90009DF907305B090A40064941F8232004E009
:102DA0009DF907301846FFF7F5FE0023184603B0DB
:102DB0005DF804FB682C002000B587B003468DF851
:102DC000073002AB14491846F5F7F6F817E002ABE6
:102DD0001846FFF71BFF0590059B1B680493059B96
:102DE00059689DF80720049B104698470346002B1E
:102DF00001D111230BE002AB1846F5F707F902AB3E
:102E00001846FFF703FF0346002BE0D100231846C6
:102E100007B05DF804FB00BF6478030000B587B01D
:102E200003468DF8073002AB11491846F5F7C4F890
:102E300012E002AB1846FFF7E9FE0590059B1B6800
:102E40000493059B59689DF80720049B10469847FA
:102E500002AB1846F5F7DAF802AB1846FFF7D6FED4
:102E60000346002BE5D100BF00BF07B05DF804FBAF
:102E70007078030000B583B01620FFF721FF0190A2
:102E8000019B0093009B002B04D0044AA1210098D1
:102E9000F3F7F0FA00BF03B05DF804FBF47703002A
:102EA00000B583B01620FFF751FF0190019B0093FE
:102EB000009B002B04D0044AAD210098F3F7DAFA06
:102EC00000BF03B05DF804FBF477030000B585B0E4
:102ED000234B1B78002B01D008233CE0214B01221F
:102EE0001A700020FFF768FF0346112B01D1002361
:102EF00031E00020FFF792FF1B4B1B680293002379
:102F00008DF807300DF107031846F4F737FA02ABD6
:102F100016491846FFF78CFE0390039B002B0CBF4D
:102F200001230023DAB20E4B1A709DF807301846C1
:102F3000F4F73AFA039B002B01D0039B0BE0094BFB
:102F400000221A700A4B00221A70FFF793FF01202B
:102F5000FFF764FF0023184605B05DF804FB00BFCF
:102F6000E4410020E6410020607803009164020003
:102F7000E541002000B583B01D4B1B7883F00103B1
:102F8000DBB2002B01D008232EE01A4B01221A706D
:102F90000120FFF711FF0346112B01D1002323E08D
:102FA0000220FFF73BFF00238DF803300DF10303F0
:102FB0001846F4F7E3F9FFF73FFE01900C4B0022AF
:102FC0001A709DF803301846F4F7EEF9019B002BB8
:102FD00001D0019B08E0074B00221A70FFF760FF49
:102FE0000320FFF71BFF0023184603B05DF804FB26
:102FF000E4410020E6410020014B1B781846704751
:10300000E441002000B585B06B4611491846F4F73D
:10301000D3FF10E06B461846FFF7F8FD0390039BC3
:103020001B680293039B5A68029B104698476B46A5
:103030001846F4F7EBFF6B461846FFF7E7FD03462B
:10304000002BE7D100BF00BF05B05DF804FB00BF57
:103050007C78030008B5FFF7D5FF00BF08BD60DF2F
:10306000704700BF184669DF704700BF184661DF30
:10307000704700BF1846000000B583B00190019B67
:10308000002B03D10449C420FAF712FC019B5B68B2
:10309000184603B05DF804FB8878030082B0019005
:1030A000019B002B01D10E2304E0044B1A46019B27
:1030B0001A600023184602B0704700BFD82A0020CB
:1030C00000B587B0034600918DF807300098FFF7F0
:1030D000E5FF0590059B002B01D0059B7AE002AB34
:1030E0000C220021184601F0B0FF9DF807308DF842
:1030F000083001238DF80A300623ADF80C30009B10
:103100001A6802AB19462020FFF7ADFF059002AB0D
:103110000C220021184601F098FF01238DF8093098
:1031200000238DF80A3000238DF80B30009B1A68BD
:1031300002AB19464020FFF796FF059002AB0C2228
:103140000021184601F081FF9DF807308DF8083006
:10315000F723ADF80A30009B1A6802AB194623200A
:10316000FFF781FF059002AB0C220021184601F009
:103170006CFF01238DF80830009B1A6802AB1946DA
:103180000120FFF770FF059002AB0C2200211846CA
:1031900001F05BFF4FF4B0630293009B1A6802AB2F
:1031A0001946A120FFF75FFF059002AB0C2200211A
:1031B000184601F04AFF9DF808306FF300038DF8C0
:1031C0000830009B1A6802AB1946A020FFF74BFF9E
:1031D00005900023184607B05DF804FB00B585B0E4
:1031E0000190019B1B6803930198FFF738FF029041
:1031F000019B1B68039A9A42029B002B02D1044B4D
:1032000001221A70029B184605B05DF804FB00BF4E
:10321000E741002000B5ADF5077D01AB1860244BF8
:103220001B7883F00103DBB2002B3BD14FF4FA7320
:10323000ADF806320DF2062202AB11461846FFF732
:1032400016FF8590859B002B03D0859B052B22D1F3
:1032500029E002AB84937FAB16491846F4F7ACFE25
:1032600011E07FAB1846FFF707FF8390839B1B6835
:103270008293839B5A68829B1146849898477FABC0
:103280001846F4F7C3FE7FAB1846FFF7F5FE03467A
:10329000002BE6D1CAE7084A40F239118598F3F7C6
:1032A000E9F800E000BF0DF5077D5DF804FB00BF05
:1032B000E741002054790300E478030000B583B0AF
:1032C0000190019B002B03D10449C420FAF7F0FAC6
:1032D000019B5B68184603B05DF804FB607903004E
:1032E0004BDF704700BF184600B589B0019004ABB2
:1032F0001846FFF7F5FF0790079B002B03D0079BAD
:10330000052B20D124E002AB13491846F4F754FEF4
:1033100011E002AB1846FFF7D1FF0690069B1B6831
:103320000593049A069B5968059B1046984702AB83
:103330001846F4F76BFE02AB1846FFF7BFFF0346D3
:10334000002BE6D1D3E7054A6B210798F3F792F8F3
:1033500000BF09B05DF804FB2C7A0300BC790300C0
:1033600082B00190019B184602B0704700B58FB043
:1033700003900291009313468DF8073000230D93BC
:10338000029B09939DF807300A93009B0B939DF8CD
:1033900040300C93039B043309A900221846F6F72A
:1033A00041FF0D900D9B18460FB05DF804FB000027
:1033B00082B00190034A019B1A60019B184602B03B
:1033C000704700BF407A030082B00190FB2318468B
:1033D00002B0704700B583B00190019B93F8203094
:1033E000DBB2012B14BF01230023DBB2002B08D07A
:1033F00000220121019800F039F8019B012283F895
:1034000020200123184603B05DF804FB00B583B00B
:103410000190019B93F82030DBB2052B14BF0123F0
:103420000023DBB2002B0DD007220121019800F010
:103430001DF880224021019800F018F8019B052218
:1034400083F82020019B93F82030DBB2052B0CBFC2
:1034500001230023DBB2002B00D0F3E7019B9B7E0E
:10346000DBB2184603B05DF804FB000000B589B07C
:1034700003900B468DF80B3013468DF80A309DF8FB
:103480000B3063F07F03DBB28DF818309DF80A3003
:103490008DF81930104B00221A70039B186905AB88
:1034A00006A9022200920222FFF760FF0790079B05
:1034B000002B01D0079B0BE0074B1B78DBB2002BE6
:1034C0000CBF01230023DBB2002B00D0F4E7079BE5
:1034D000184609B05DF804FB9434002000B585B0AF
:1034E0000190019B002B0CD0084B43F00103039388
:1034F000019B9B010293054B43F0010302989847FF
:1035000000E000BF05B05DF804FB00BF507A030087
:1035100000B583B00190019B002B0FD04FF47A705F
:10352000FFF7DCFF019B013B0193019B002B14BFC4
:1035300001230023DBB2002B01D0EFE700BF03B073
:103540005DF804FB00B583B00190F3F78FFE0346EE
:10355000002B14BF01230023DBB2002B01D0012379
:1035600000E00023184603B05DF804FB00B585B009
:1035700001900091009801F0BDFD0290002303939B
:10358000039B029A9A4213D9039B009A13441B7817
:103590001846F3F73BFE0346002B14BF012300231C
:1035A000DBB2002B00D0EFE7039B01330393E7E787
:1035B0006420FFF7ADFF00BF05B05DF804FB00B568
:1035C00085B001900DF10F031846F3F7E5FD0346B2
:1035D000002B14BF01230023DBB2002B00D0F1E746
:1035E0009DF80F30184605B05DF804FB00B583B0B8
:1035F0000190019B1B78022B03D10748FCF7D4FBF9
:1036000006E0019B1B78012B02D10448FCF7CCFBA0
:1036100000BF03B05DF804FB247C0300407C030082
:1036200000B585B00390029101920093019A02992E
:10363000039800F011F8F3F78DFD054A009B136025
:10364000044A069B136000BF05B05DF804FB00BF91
:10365000EC410020F041002000B58FB003900291B2
:10366000019208AB00221A605A609A60DA601A610F
:103670005A610A230A930B230B93104B0D93029B61
:103680000893019B09930E4B04934FF480630593B9
:103690000C4B06934FF48063079304A908A80223F8
:1036A000094AF3F7C7FC0346DAB2084B1A70084818
:1036B000FCF77AFB00BF0FB05DF804FB00E0D70118
:1036C000F4410020F4450020ED350300E8410020DE
:1036D0005C7C030000B583B001900B48FCF764FBF1
:1036E000002344F620620949019800F05BF8019B31
:1036F00019460748FCF758FBF3F72CFDF3F7C0FD1C
:1037000000BF03B05DF804FB807C0300947C0300E1
:10371000A07C030000B583B001901A48FCF744FB7D
:10372000002344F620621849019800F03BF8019B01
:1037300019461648FCF738FB0A20FFF7E9FE144843
:10374000FCF732FB002344F620621249019800F096
:1037500029F8019B19461048FCF726FB0A20FFF7C1
:10376000D7FE002344F620620C49019800F01AF8B5
:10377000019B19460A48FCF717FB00BF03B05DF830
:1037800004FB00BFAC7C0300C07C0300A07C0300F2
:10379000CC7C0300E47C0300F47C0300107D030078
:1037A000247D030000B587B003900291019200933D
:1037B000029B002B05D0F3F7CDFC02990398FFF78D
:1037C000D5FE039B4FF480620021184601F03DFCBA
:1037D000274B1B6800221A60264B1B6801989847EC
:1037E00000230593224B1B681B68002B0CBF012391
:1037F0000023DBB2002B35D00398FFF7A3FE03466E
:10380000002BEFD00398FFF7DAFE03468DF8133054
:10381000059B40F2FD32934208DD1748FCF7C4FADD
:10382000039B002283F8FF2300231CE0059B5A1C06
:103830000592039A9DF81310D154039A009B002B14
:1038400001D0009B00E00D4B1946104601F0A6FB8D
:103850000346002B14BF01230023DBB2002BC1D091
:10386000012300E00023184607B05DF804FB00BF09
:10387000F0410020EC41002088820300B482030064
:1038800088B001900091114B0693104B0793104B99
:103890000593079A059B9A4212D0079A02AB07CA72
:1038A00083E80700029B009A9A4205DD039B009A79
:1038B0009A4201DC049B05E0079B0C330793E8E781
:1038C0004FF0FF33184608B0704700BF587A030026
:1038D0000C7B030088B001900091114B0693104BB4
:1038E0000793104B0593079A059B9A4212D0079AAB
:1038F00002AB07CA83E80700029B009A9A4205DDE3
:10390000039B009A9A4201DC049B05E0079B0C3361
:103910000793E8E74FF0FF33184608B0704700BF41
:103920000C7B0300C07B030010B5ADF5046D07AC44
:10393000206006A8016005A90A6004AA13600DF6BC
:103940003C0106AB0A22186801F0C6FA0DF63801F0
:1039500005AB0A22186801F0BFFA04AB1A681346D7
:103960009B0013445B00043B0DF62C010A22184611
:1039700001F0B2FA0DF624030A221946DDF84808D0
:1039800001F0AAFA06AB1B68012B0CD104AA07AB05
:1039900011681868FFF774FF0DF634030A22194600
:1039A00001F09AFA1AE006AB1B68002B16D104AAA4
:1039B00007AB11681868FFF78DFF034619463F48AB
:1039C000FCF7F2F904AA07AB11681868FFF782FF49
:1039D0000DF634030A22194601F07EFA0DF2244353
:1039E0004FF480620021184601F02FFB09AB4FF421
:1039F00080620021184601F028FB314801F07AFB73
:103A000002460DF224432E49184601F0F5FA9DF8BE
:103A10004C38002B15D10DF63C0209A80DF62403F5
:103A200003930DF62C0302930DF6340301930DF668
:103A3000380300931346234A4FF4806101F059FA8A
:103A400018E09DF84C38012B14D10DF63C0209A862
:103A50000DF6240303930DF62C0302930DF63403A5
:103A600001930DF6380300931346174A4FF4806113
:103A700001F03FFA09A90DF224434FF48062184681
:103A800001F060FA0DF2244319461048FCF78CF956
:103A9000C820FFF73DFD0DF2244107A8002344F69E
:103AA00020620068FFF77EFE07AB1B6819460848D6
:103AB000FCF77AF900BF0DF5046D10BDD482030048
:103AC000E4820300F08203001483030038830300C0
:103AD000A07C030082B00190019B184602B07047A1
:103AE00082B00190019B01225A70019B184602B0DE
:103AF000704700B583B00190019800F005F8019B74
:103B0000184603B05DF804FB00B583B0019001983E
:103B100000F004F800BF03B05DF804FB00B587B007
:103B20000390039B5B78002B02D06FF001032CE025
:103B30000021039800F02DF80346ADF81630BDF9CA
:103B40001630002B02D0BDF916301EE00123009381
:103B5000022309220121039800F008F90346ADF879
:103B60001630BDF91630002B02DABDF916300CE024
:103B700001230093022309220021039800F0F6F8A4
:103B80000346ADF81630BDF91630184607B05DF89B
:103B900004FB00B583B001900B468DF803309DF80F
:103BA000033003F007038DF803309DF80330032B37
:103BB00003D09DF80330042B02D14FF0FF3316E001
:103BC0009DF803301A460821019800F059F8034681
:103BD000002B14BF01230023DBB2002B02D04FF0D7
:103BE000FF3304E0019B9DF803201A700023184660
:103BF00003B05DF804FB000000B583B001900B46F4
:103C00008DF80330019BDA6B019B93F84030194625
:103C1000104600F0C9FD019BDB6B9DF803201146A7
:103C2000184600F057FE019BDB6B0021184600F0A0
:103C3000E1FD019BD86B019B93F840100123012209
:103C400000F02AFD0346002B14BF01230023DBB242
:103C5000002B07D0019BDB6B184600F05FFE03468C
:103C60001BB207E00548FCF79FF8402000F06EFE0D
:103C70004FF0FF33184603B05DF804FB5C8303008C
:103C800000B583B001900B468DF8033013468DF8D4
:103C900002309DF802209DF803100023019800F0E7
:103CA00005F80346184603B05DF804FB00B583B081
:103CB0000190084611461A4603468DF803300B461C
:103CC0008DF8023013468DF80130019BDA6B019BB1
:103CD00093F840301946104600F066FD019BDB6BFF
:103CE0009DF803201146184600F0F4FD019BDB6BA4
:103CF0009DF802201146184600F0ECFD019BDB6B9D
:103D0000184600F0DBFD0346002B0CBF0123002307
:103D1000DBB2002B08D01448FCF746F8402000F036
:103D200015FE4FF0FF331AE09DF80130002B01D152
:103D3000002314E09DF8033019460198FFF75CFF5B
:103D400003461A469DF802309A420CBF0123002315
:103D5000DBB2002B01D0002301E04FF0FF33184607
:103D600003B05DF804FB00BF5C83030000B585B0C1
:103D70000390084611461A4603468DF80B300B4651
:103D80008DF80A3013468DF809309DF809009DF82A
:103D90000A209DF80B10002301939DF81830009322
:103DA0000346039800F005F80346184605B05DF891
:103DB00004FB00B585B00190084611461A4603463B
:103DC0008DF803300B468DF8023013468DF8013024
:103DD0009DF8023019460198FFF70EFF0346ADF833
:103DE0000E30BDF90E30002B02DABDF90E301FE0A7
:103DF000BDF80E305AB29DF90130DB435BB213407F
:103E00005AB29DF803109DF8183001FA03F359B225
:103E10009DF901300B405BB213435BB2DAB29DF8FF
:103E20001C309DF802100198FFF740FF034600BFC9
:103E3000184605B05DF804FB82B00190019B18465E
:103E400002B0704782B001900123184602B070475B
:103E500000B583B00190019B20221A71019B054A95
:103E60001A600198FFF7EEFF0346184603B05DF8AD
:103E700004FB00BF6C2E002000B585B001900B46FE
:103E80008DF8033013468DF80230019B1A68019BB0
:103E90001B791946104600F087FC019B1B689DF8B2
:103EA00003201146184600F015FD019B1B689DF884
:103EB00002201146184600F00DFD019B1B681846B4
:103EC00000F0FCFC03460393039B002B05D105483F
:103ED000FBF76AFF012000F039FD00BF05B05DF877
:103EE00004FB00BF7883030000B585B001900B464A
:103EF0008DF80330019B1A68019B1B791946104607
:103F000000F052FC019B1B689DF8032011461846E7
:103F100000F0E0FC019B1B68184600F0CFFC034654
:103F20000393039B002B05D11348FBF73DFF0120B2
:103F300000F00CFD019B1868019B1B7901221946BA
:103F400000F01CFC03460393039B002B05D10A4899
:103F5000FBF72AFF012000F0F9FC019B1B681846C3
:103F600000F0DCFC03468DF80B309DF80B30184652
:103F700005B05DF804FB00BF7883030000B585B091
:103F800001900B468DF8033013468DF802309DF8F2
:103F90000330072B2ED806210198FFF7A5FF034613
:103FA0008DF80F309DF80230002B12D19DF80330B0
:103FB000012202FA03F35BB2DB435AB29DF90F30E0
:103FC00013405BB2DBB21A4606210198FFF754FF9B
:103FD00040E09DF80330012202FA03F35AB29DF942
:103FE0000F3013435BB2DBB21A4606210198FFF78C
:103FF00043FF2FE007210198FFF776FF03468DF876
:104000000F309DF80230002B13D19DF80330083B90
:10401000012202FA03F35BB2DB435AB29DF90F307F
:1040200013405BB2DBB21A4607210198FFF724FF69
:1040300010E09DF80330083B012202FA03F35AB264
:104040009DF90F3013435BB2DBB21A46072101988A
:10405000FFF712FF00BF05B05DF804FB00B585B0A7
:1040600001900B468DF8033013468DF802309DF811
:104070000330072B2CD802210198FFF735FF0346A8
:104080008DF80F309DF80230012B11D19DF80330CF
:10409000012202FA03F3DBB2DB43DAB29DF80F3000
:1040A0001340DBB21A4602210198FFF7E5FE3DE01E
:1040B0009DF80330012202FA03F3DAB29DF80F30C3
:1040C0001343DBB21A4602210198FFF7D5FE2DE01B
:1040D00003210198FFF708FF03468DF80F309DF884
:1040E0000230012B12D19DF80330083B012202FA65
:1040F00003F3DBB2DB43DAB29DF80F301340DBB2DF
:104100001A4603210198FFF7B7FE0FE09DF8033030
:10411000083B012202FA03F3DAB29DF80F30134391
:10412000DBB21A4603210198FFF7A6FE00BF05B0D7
:104130005DF804FB82B00190019B184602B0704705
:1041400000B585B001900B468DF8033013468DF80D
:1041500002309DF90320019B1A750F21019800F090
:1041600051F903468DF80F309DF80F209DF802306D
:104170009A4207D09DF80F309DF802201946094851
:10418000FBF712FE2F222021019800F007F90022F0
:104190002321019800F002F90123184605B05DF8CB
:1041A00004FB00BF9483030000B585B00190019B20
:1041B00093F91430DBB219465A4800F0F5FAA821F9
:1041C000584800F087FB574800F078FB019B93F9B3
:1041D0001430DBB206221946524800F0CFFA51489B
:1041E00000F09CFB03461AB2019B1A804D4800F078
:1041F00095FB03469BB21902019BB3F900200BB259
:1042000013431AB2019B1A80464800F087FB03460D
:104210001AB2019B5A80434800F080FB03469BB2D0
:104220001902019BB3F902200BB213431AB2019B8E
:104230005A803C4800F072FB03461AB2019B9A80F8
:10424000384800F06BFB03469BB21902019BB3F99F
:1042500004200BB213431AB2019B9A80019800F01C
:1042600063F803468DF80D300123ADF80E309DF84C
:104270000D30032B03D140F25553ADF80E309DF8AD
:104280000D30022B03D14FF48053ADF80E309DF862
:104290000D30012B03D141F6FE73ADF80E309DF8C1
:1042A0000D30002B03D143F6FC73ADF80E30019BAB
:1042B000B3F9003007EE903AF8EEE76ABDF80E3039
:1042C00007EE903AB8EEE77AC6EE877A019BC3ED27
:1042D000027A019BB3F9023007EE903AF8EEE76AF2
:1042E000BDF80E3007EE903AB8EEE77AC6EE877A60
:1042F000019BC3ED037A019BB3F9043007EE903ABA
:10430000F8EEE76ABDF80E3007EE903AB8EEE77ABD
:10431000C6EE877A019BC3ED047A00BF05B05DF855
:1043200004FB00BF6C2E002000B583B00190232158
:10433000019800F067F803461B11DBB203F003039A
:10434000DBB2184603B05DF804FB00B585B0019000
:104350000B468DF803302021019800F053F80346F6
:104360008DF80F309DF80F3003F00F038DF80F30EC
:104370009DF803301B015AB29DF90F3013435BB215
:104380008DF80F309DF80F301A462021019800F06B
:1043900005F800BF05B05DF804FB000000B585B06E
:1043A00001900B468DF8033013468DF80230019BC7
:1043B00093F91430DBB21946104800F0F5F99DF876
:1043C000033019460D4800F085FA9DF80230194671
:1043D0000A4800F07FFA094800F070FA0346039398
:1043E000039B002B05D10648FBF7DEFC202000F0E4
:1043F000ADFA00BF05B05DF804FB00BF6C2E0020D5
:10440000CC83030000B585B001900B468DF80330D6
:10441000019B93F91430DBB219461B4800F0C4F934
:104420009DF803301946184800F054FA164800F079
:1044300045FA03460393039B002B05D11348FBF772
:10444000B3FC202000F082FA019B93F91430DBB218
:10445000012219460C4800F091F903460393039B8F
:10446000002B05D10948FBF79FFC202000F06EFAD5
:10447000054800F053FA03468DF80B309DF80B30D9
:10448000184605B05DF804FB6C2E0020CC830300B9
:1044900000B585B0019026210198FFF7B3FF0346D0
:1044A0008DF80F3031210198FFF7ACFF0346184615
:1044B00005B05DF804FB000000B583B001900091E9
:1044C000019B1B78022B0CD0022B12DC002B0FD08F
:1044D000012B0ED10A48FBF767FC0A4B01221A7028
:1044E00007E00948FBF760FC064B01221A7000E068
:1044F00000BF064B01221A7000BF03B05DF804FB39
:104500000C840300F549002030840300F4490020A6
:1045100084B00390029101928DF80330039B029ABC
:104520001A60039B019A5A60039B9DF803201A723C
:10453000039B049ADA60039B4FF040221A61039BAD
:1045400000221A75039B184604B0704700B589B065
:104550000190194B1B78002B29D1019B5B680393B9
:10456000019B1B680493019B1B7A8DF81830002374
:104570008DF81930019BDB680593019B03F1100056
:1045800003A900230D4AF8F71FF80790079B002B9B
:1045900004D00B4A29210798F1F76CFF019B1033D7
:1045A0001846F8F703F9044B01221A7000E000BF27
:1045B00009B05DF804FB00BFF6490020B9440300D0
:1045C0005484030000B583B001900A4B1B7883F03C
:1045D0000103DBB2002B08D1019B10331846F8F71A
:1045E00097F8044B00221A7000E000BF03B05DF89A
:1045F00004FB00BFF649002082B00190019B1033FC
:10460000184602B07047000000B585B00190019BCC
:10461000002B0CD0084B43F001030393019B9B013B
:104620000293054B43F001030298984700E000BF56
:1046300005B05DF804FB00BFE084030000B583B063
:104640000190019B002B0FD04FF47A70FFF7DCFF35
:10465000019B013B0193019B002B14BF012300230D
:10466000DBB2002B01D0EFE700BF03B05DF804FB25
:1046700082B001900091019B009A1A60019B002278
:104680005A72019B0022DA72019B00229A71019BEF
:10469000184602B07047000000B585B0019008468A
:1046A00011461A4603468DF803300B468DF802304A
:1046B00013468DF80130019B00229A72019B002263
:1046C0005A7247F2305303939DF80230002B01D108
:1046D000002346E0254B00221A70254B00221A7059
:1046E000019B1868019B03F10C029DF802309DF8B4
:1046F0000310F8F723FB0290029B002B2BD11B4BDE
:104700001B78DBB2002B04D1039B002B01DD0123BE
:1047100000E00023002B06D00120FFF78FFF039B52
:10472000013B0393EBE7114B1B78DBB2012B06D166
:104730000F4B1B78DBB2002B01D1012300E00023DB
:10474000002B04D0019B9DF802209A7207E00948D3
:10475000FBF72AFB03E002990748FBF725FB019BC7
:104760009B7A184605B05DF804FB00BFF4490020B1
:10477000F5490020E88403001085030000B583B0EC
:1047800001900B468DF8033013468DF802309DF8EA
:1047900002209DF8031001230198FFF77DFF0346D7
:1047A000184603B05DF804FB00B583B001900B46DA
:1047B0008DF80330019B9DF803201A72019B0022A3
:1047C000DA72019B00225A72019B2C3320220021B5
:1047D000184600F03AFC019B0C33202200211846B9
:1047E00000F033FC019B01229A7100BF03B05DF819
:1047F00004FB000010B586B003900B468DF80B301B
:10480000039B00229A7147F230530593274B0022F5
:104810001A70274B00221A70039B1868039B197AA1
:10482000039B03F12C02039BDB7A1C4600230093BD
:104830002346F8F75BFA0490049B002B07D00499F9
:104840001C48FBF7B1FA039B0022DA7228E0184BF0
:104850001B78DBB2002B04D1059B002B01DD01236B
:1048600000E00023002B06D00120FFF7E7FE059BA8
:10487000013B0593EBE70E4B1B78DBB2002B04D01A
:104880000A4B1B78DBB2012B01D1012300E000238E
:10489000002B05D0039B0022DA720748FBF784FA4D
:1048A000039BDB7A184606B010BD00BFF549002017
:1048B000F4490020388503005C85030000B583B00F
:1048C000019000210198FFF795FF0346184603B0B9
:1048D0005DF804FB82B001900B468DF80330019B1C
:1048E0009B7983F00103DBB2002B03D1019BDB7AC0
:1048F0001F2B01D900230EE0019BDB7A5A1CD1B299
:10490000019AD1721A46019B13449DF8032083F843
:104910002C20019BDB7A184602B0704782B00190D0
:10492000019B5A7A019B9B7A9A4201D1002309E0AC
:10493000019B5B7A5A1CD1B2019A51721A46019BB3
:1049400013441B7B184602B07047000082B0034638
:10495000ADF80630054B1B889AB2BDF806301343FC
:104960009AB2024B1A8000BF02B07047F84900208B
:104970004FF4001C1CEB410F98BF1CEB430F11D8E8
:1049800051EA030C50EA4C0C5CEA020C0CD004D245
:104990009042994180410130704782428B41804171
:1049A000013070470020704701207047C0F3C751A5
:1049B00091B142004FEA40704FEAD2014FEA310113
:1049C00001F16051B2F17F4F38BF704701F1605182
:1049D00018BF41F40021704710F0004100207047DB
:1049E00001F000428B1AA3F16051B1F5801F0ADB80
:1049F000B1F17F6F09D242EAC102C10071F10041F9
:104A000042EB507070471046704701285B4113F528
:104A1000001F04D842F0FE4040F400007047C90077
:104A200041EA507040EA020040F4800040F08040CB
:104A3000704700BF10EE100A4FEA4000B0F17F4F00
:104A40000CBF01200020704710EE100A410000202A
:104A5000B1F17F4F18BF50EB0000704710EE100A05
:104A600000F00040704700BFB0EEC00A704700BFC2
:104A700000B510EE100A00F003F800EE100A00BDB9
:104A80004FF07F43B3EB400F22D9410008BF70477E
:104A900003EA4002120E7F3A14DB172AA8BF7047C0
:104AA0004FF6FF73C0F27F03D340184220EA0300A1
:104AB00018BF10F0004F08BF70474FF40001D140FD
:104AC0004018704710F0004F0CBF0020024870479C
:104AD00018BF024870470000000080BF0000C07F80
:104AE00000B5014610EE100A00F003F800EE100ABF
:104AF00000BD4FF07F43B3EB400F98BF704713EA00
:104B0000400207D0120E7E3A0A6020EA530040F0BD
:104B10007C5070470A6000F00040704700B50146C5
:104B200010EE100A00F003F800EE100A00BD4FF07E
:104B30007F43B3EB400F98BF704713EA400204BFB6
:104B400000F00040704711EB1262DCBF00F0004043
:104B50007047FF2A3CBF00EBC150704740004FEA4E
:104B600033007047DFED137AB4EE670AF1EE10FA06
:104B700012D010EE102AC2F3C7537F3B11D4162B6C
:104B800012DC0D4921FA03F322EA030207EE902A10
:104B9000026030EE670A7047C0ED007AB0EE670A37
:104BA0007047C0ED007A704780ED000AB0EE670AEA
:104BB000704700BF00000000FFFF7F0000B52DED33
:104BC000028BF5EE400AF1EE10FA83B04BD0B0EE56
:104BD000608AF0EE408AFFF737FF30B1B0EE680A26
:104BE00003B0BDEC028B5DF804FBB0EE480AFFF7A2
:104BF0002BFF002843D1F5EE408AF1EE10FAEDD0FC
:104C0000B0EE680AFFF716FF00283FD1B0EE480A61
:104C1000FFF710FF0028E1D1B0EE480AFFF724FFAC
:104C2000B0EE408A88EE880A01A8FFF79BFFDDED11
:104C3000017AF5EEC08AB0EE680AF1EE10FAA8EE3D
:104C4000670AB1EE487A24DDB4EEC08AF1EE10FABC
:104C500098BF30EE480AB5EEC00AF1EE10FABFD5A3
:104C600030EE080ABCE700F02DF9114B9FED110A58
:104C70001B68036003B0BDEC028B5DF804FBB0EE73
:104C8000480A03B0BDEC028B5DF804FB9FED090AF6
:104C9000A6E7B4EEC70AF1EE10FA98BF30EE080AA4
:104CA000B5EEC00AF1EE10FA9ADD30EE480A97E749
:104CB000A88503000000C07F53EA020C61D02DE9F3
:104CC000F04BB3FA83F51E0007BFB2FA82F502FA81
:104CD00005F403FA05F41646C5F120051EBF22FAB5
:104CE00005F73C43203556EA044C4FEA144418BFFC
:104CF0000134A3464FF00009C846904271EB030C03
:104D000039D3094207BFB0FA80F700FA07F6B1FAC3
:104D100081F701FA07F6C7F120071EBF20FA07FC4A
:104D200046EA0C062037B6FBFBFC7F1B103F07F062
:104D30001F04C4F120060CFA04F42CFA06F644BF52
:104D400034460026202FA4BF2646002454EA060C31
:104D500008BF012418EB040849EB0609A4FB027CF8
:104D6000C01B06FB02CC04FB03CC71EB0C01904290
:104D700071EB030CC5D20B46024649464046BDE8DE
:104D8000F08BB2FBF3F20000002816DB002817DDE1
:104D90000022B7EE000A0C4B10F0010F1CBFD3ED40
:104DA000007A20EE270A401004330028F4DC4AB1D0
:104DB000F7EE007A87EE800A704740420122E8E76A
:104DC000B7EE000A704700BFAC85030038B5044653
:104DD0000846A26842B1236861685D1C8D4208BF25
:104DE00000208B4208D2D054E3682BB1216862685E
:104DF000914201D22146984723680133236038BD90
:104E000070B54C1E09D41646C5B229463046FFF788
:104E1000DDFF013CB4F1FF3FF7D170BD10F0100F82
:104E200008D108B510F4007F14BF30202020FFF710
:104E3000E7FF08BD7047F0B40546084633B10E469B
:104E40002D2306F8013B6D42344602E00E46FBE797
:104E50003C46B5FBF2F702FB175329463D46092BAA
:104E60008CBF57333033DBB2274607F8013B914202
:104E7000EED200233B702378327804F8012906F83B
:104E8000013BB442F7D8F0BC70470028B8BF40429D
:104E900070470000064B1B681F2B01D9012070478B
:104EA000044A42F823000133014A1360002070478E
:104EB000844A0020FC49002008B50846FFF7EAFFB5
:104EC00008BD000000B5F1F783FA024B18445DF805
:104ED00004FB00BF0800000008B50A2A01D1002821
:104EE00003DB0023FFF7A7FF08BD0123FFF7A3FFA4
:104EF000FAE70CB400B587B008AA52F8043B059253
:104F00000390002004900291194601A800F022F9B4
:104F100007B05DF804EB02B070470EB400B586B080
:104F200007AA52F8041B05920390002304936FF024
:104F30000043029301A800F00DF906B05DF804EB00
:104F400003B0704710B4037883B1044614F8013FEE
:104F5000002BFBD1234614441A46A34208D011F873
:104F6000012B03F8012B002AF6D103E00446F1E7F8
:104F7000002313705DF8044B7047037853B159B1A7
:104F80000144034613F8012F12B18B42FAD10B46AC
:104F9000181A70470346FBE70346F9E770B40E782A
:104FA000C6B1037833B9002014E0237893B110F828
:104FB000013F8BB10378002BF9D04C1C05463246DB
:104FC0009A42F4D115F8013F002BEED014F8012BD2
:104FD000002AF5D170BC70470020FBE710B584B003
:104FE0000C46114602900022039201941A4668462C
:104FF00000F0B0F804B010BD844640EA010313F09D
:10500000030F18D18446202A0BD32DE9F007B1E80D
:10501000F807A0E8F807A2F12002202AF7D2BDE89D
:10502000F007042A07D351F8043B40F8043BA2F1EF
:105030000402042AF7D2002A05D011F8013B00F837
:10504000013B013AF9D1604670478446002A2DD0D1
:1050500010F0030F04D000F8011B013A26D0F7E747
:10506000C9B241EA012141EA0141202A12D3A2F149
:1050700020022DE9F0030B460C460D460E460F4666
:1050800088468946A0E8FA03203AFBD2BDE8F0033F
:1050900020320BD0042A05D340F8041B043A05D073
:1050A000042AF9D200F8011B013AFBD1604670478F
:1050B000024610F0030F16D111F0030F13D12DE9A2
:1050C000F0004FF001374FF0803351F8044BA4EB60
:1050D000070525EA04051D4002D142F8044BF4E718
:1050E000A1F10401F0BC11F8013B02F8013B002BD7
:1050F000F9D1704700F1010110F0030F11D010F841
:10510000012B002A23D010F0030F0AD010F8012B36
:10511000002A1CD010F0030F03D010F8012B002A36
:1051200015D02DE970004FF001324FF0803350F868
:10513000044BA4EB020525EA04051D4000D1F6E767
:10514000A0F1040070BC10F8012B002AFBD1A0EBE9
:10515000010070472DE9F04F2DED048B89B0834697
:105160000392002303600D4615F8011B002900F08F
:10517000BF86DFEDA48A00F0ABBE002607E05E2804
:1051800066D146F4805601E046F0400615462A46B0
:1051900012F8010B3028F2D81F2838D9A0F12003CB
:1051A000102B34D801A151F823F000BF895103001E
:1051B0000F5203000F520300F15103000F5203007E
:1051C0000F5203000F520300F75103000F52030068
:1051D0000F5203000F520300FD5103000F52030052
:1051E000035203000F5203000F5203000952030041
:1051F00046F08006CAE746F40046C7E746F02006B8
:10520000C4E746F01006C1E746F40076BEE72A2858
:105210001ED1039B191D03911F68002FBCBF7F4245
:1052200046F010061078AA1C27EAE7752E2824D02D
:105230000027742845D07A2843D06C2800F0C2801B
:105240004C2800F0C580682800F0D38091463BE0F0
:10525000A0F13003DBB2092B88BF0027E4D8002778
:1052600007EB8707303800EB470712F8010BA0F176
:105270003003DBB2092BF3D9D6E710782A280AD1FC
:10528000039B191D03911F6850780232002FD0DB59
:1052900046F48076CDE70132A0F13003DBB2092B72
:1052A00088BF0027F4D8002707EB8707303800EBCA
:1052B000470712F8010BA0F13003DBB2092BF3D939
:1052C000E4E7914619F8010B782800F28480DFE8C2
:1052D00010F021068200820082008200820082009B
:1052E00082008200820082008200820082008200AE
:1052F000820082008200820082008200820082009E
:10530000820082008200820082008200820082008D
:10531000820082008200820082008200A30082005C
:10532000820082008200820082008200820082006D
:10533000820082008200820082008200820082005D
:10534000820082008200820082008200820082004D
:10535000820082008200820082008200C401E1019A
:10536000E6018200820082008200820082008200C8
:10537000820082008200820082008200820082001D
:1053800082001E0182008200820082008200820070
:105390008200820082008200A9005301C601E3015D
:1053A000E801820053018200820082008200B9007D
:1053B0004101040182008200CE0082004C01820083
:1053C00082002001914619F8010B46F001067BE7A7
:1053D00046F0010691460C4B1C68002C00F07485C9
:1053E00003AB019300972B4632465946A04700F085
:1053F0006BBD1078682809D002F1010946F0040657
:1054000062E700BF0000C842804A002046F008065C
:1054100002F10209507857E725215846FFF7D6FCDC
:1054200000F052BD039B1A1D03921C78013D5A46A1
:1054300029463046FFF7F2FC21465846FFF7C6FCE6
:10544000B0463AE016F0080F08D0DBF80020039BC6
:10545000191D03911B681A7000F036BD039B1A1DBD
:1054600003921B68DBF800201A6000F02DBD039B3F
:105470001A1D03921C688C4B002C08BF1C4626F496
:10548000007816F4807F23D039462046FFF775FD5B
:105490000646AD1B5A4629464046FFF7BFFC06F1BB
:1054A000FF3A56B12746344417F8011B5846FFF718
:1054B0008DFCBC42F8D14FF0FF3A18F0100F00F00D
:1054C00003855A4629462020FFF79AFC00F0FCBCD1
:1054D0002046FFF70FFE0646DBE7039B1A1D0392EB
:1054E0001B6816F0800F0CBF0024232446F480763E
:1054F00008271A46002B00F0B58404AB4FF00008D3
:1055000006F40050DFF8A4C1A64600F068BC46F4DB
:10551000005616F0800F1BD043F2780443F2580374
:10552000782818BF1C4616F4807F01D026F4007638
:1055300016F4804F32D0039B1A1D03921B6816F09D
:10554000040F1FD01BB2002B20DA5B422D242DE06C
:105550000024E8E716F0800F0CBF0024302416F476
:10556000807FE5D026F40076E2E716F4807F07D04E
:1055700026F400760024DBE746F480460024D7E7D3
:105580000024D5E716F0080FDDD0DBB216F0200FAF
:1055900061D116F0400F18BF202407E0039B1A1DAD
:1055A00003921B6816F0040F50D09BB216F4807F54
:1055B00000F0E48326F400765838202800F239847D
:1055C00001A252F820F000BFF3540300335E030041
:1055D000335E0300335E0300335E0300335E03007B
:1055E000335E0300335E0300335E0300335E03006B
:1055F000335E0300335E0300A95D0300335E0300E6
:10560000335E0300335E0300335E0300A95D0300D5
:10561000335E0300335E0300335E0300335E03003A
:10562000335E0300815D0300F3540300335E030027
:10563000335E0300335E0300335E0300A95D0300A5
:10564000335E0300335E0300F354030016F0080FCB
:10565000ACD0DBB2AAE72B24A8E746F4005646F408
:105660008066039B073323F0070303F108020392CC
:10567000D3E90001FFF7B4F908EE100A16F4807FB1
:1056800016D0B7B906F44067B7F5406F14BF0027CE
:1056900001270EE046F4005646F40066E1E746F4C2
:1056A000005646F44066DCE7C48503009885030095
:1056B0000627B0EE480AFFF7BDF9002840F0B98090
:1056C000B0EE480AFFF7C0F98046002840F0CA80D3
:1056D000B0EE480AFFF7C2F9002840F0CC8018EE7F
:1056E000103A08EE103A07A800EE103AFFF7F8F962
:1056F000079B03EB4303C94A82FB0312DB17C3EB8F
:10570000A2030793B5EE408AF1EE10FA40F0BD8097
:1057100006F44064B4F5806F0AD0B4F5406F40F0F1
:105720006C81079BBB4203DA13F1040F80F26581A1
:1057300007984042FFF728FB28EE008A8DED028A89
:10574000B5EE408AF1EE10FA34D0B0EE480AFFF719
:1057500071F9002840F0AF80F2EE047AB4EEE78AE7
:10576000F1EE10FA0DDB079BF2EE047A013388EEBE
:10577000278AB4EEE78AF1EE10FAF7DA8DED028AA5
:105780000793DDED027AB7EE007AF4EEC77AF1EE18
:1057900010FA0FD5079B013BF2EE046A1A4667EE3A
:1057A000A67A013BF4EEC77AF1EE10FAF6D4CDED0D
:1057B000027A079227B1B4F5406F08BF07F1FF37AF
:1057C0007842FFF7E1FAF6EE007A60EE277A9DED77
:1057D000027A77EE877AB2EE047AF4EEC77AF1EEC7
:1057E00010FA80F28180B0EE678A002F00F091807D
:1057F00006F40863B3F5006F7ED026F400630293CD
:105800007B1DED1A013D16F4805F00F0F380079ACE
:10581000834B83FB0213A3EBE27303EB4303D31A23
:105820000233042B00F2E480DFE803F099DA969962
:10583000DA00B5EEC08AF1EE10FA0CD416F4005F6F
:10584000784C794B08BF1C4616F0200F08BF013476
:1058500026F4807613E616F4005F744C744B08BF90
:105860001C46F5E716F4005F724C734B08BF1C46EC
:1058700026F4807603E646F06006F1EE487A17EEED
:10588000903A2EE7079B0133079307980130FFF703
:105890007BFAB4EEC08AF1EE10FAF3DC02E0079B6B
:1058A000013B07930798FFF76FFAB4EEC08AF1EE59
:1058B00010FAF4D42CE7B5EEC08AF1EE10FA0CD44D
:1058C00016F4005F574C584B08BF1C4616F0200FCB
:1058D00008BF013426F48076D1E516F4005F534CFE
:1058E000534B08BF1C46F5E7079B01330793B2EE05
:1058F000047A87EE878A78E7092FA8BF09273846F8
:10590000FFF742FA60EE087AFCEEE77A17EE903A7B
:105910004BB926F400630293053D16F080073FF46F
:1059200072AF47466EE7454AA2FB0312D20802EB6C
:105930008202B3EB420F7FF460AF4049A1FB032327
:10594000DB08013FE5D0A1FB0302D20802EB820293
:10595000B3EB420FF2D050E74FF0010808E0F2EE4F
:10596000047A27EE888A013A0792013D4FF0020837
:1059700027EAE77716F0600F18BF05F1FF350798A3
:10598000FFF783FA6328C8BF05F1FF35F0EE487AC8
:10599000BCEEC87A17EE104AB8EE478A37EEC88ACE
:1059A00025EAE57A029B13F4047F00F0D580029B80
:1059B00013F0200F00F0DE8013F0400F14BF2D21F4
:1059C0002B215846FFF702FA029B13F0100F00F04C
:1059D000DB801B4E08F10055013D06EBC505EAE0F2
:1059E00028EE888A023A0792023D4FF00308BFE78B
:1059F000D046BDE74FF00108BCE716F4806F3ED0FB
:105A0000079B0E2B3ADC0133FC1A092CA8BF092492
:105A100016F0800F16D0274631E000BF6766666635
:105A200056555555DC850300E4850300CC850300FD
:105A3000D4850300EC850300F0850300CDCCCCCCED
:105A4000F8850300BB426BD0F6EE009AB2EE049AE2
:105A50002046FFF799F928EE000A30EE290AFFF7F1
:105A600007F8F0EE490AFFF7A9F8B5EE400AF1EEA3
:105A700010FA57D1013CEBD1274600E0474626F407
:105A800080630293079B7842A3F108028242C8BF59
:105A9000A3F10900FFF778F94FF0FF30FFF73EF868
:105AA00038EE008AB0EE489A07980130FFF76CF99B
:105AB000B4EEC08AF1EE10FA02DD079B01330793C2
:105AC0000798002840DB09282EDCFCEEC97A17EE87
:105AD000904AB8EE678A39EE488A00230793204639
:105AE0000021092C35D9DFF858C44FF0010808F11E
:105AF0000108FCE90223994208BF9042F7D207EB64
:105B00000803079A1344ED1A06F080033B4318BFBD
:105B100005F1FF3516F0600F18BF05F1FF353FE7BF
:105B20002746ACE72746AAE7A0F109030793C0F18F
:105B30000900FFF729F929EE009AFCEEC97A17EE61
:105B4000904A08EE108ACAE7002407944FF0010833
:105B5000D5E74FF00108D2E7002D7FF728AF2025C9
:105B60005646013E29465846FFF730F9002EF8D137
:105B7000B2461CE7029B13F0400F3FF425AF2021F3
:105B80005846FFF723F91FE7BAF1000F3FF421AFA2
:105B900030255646013E29465846FFF717F9002E94
:105BA000F8D1B24615E74FF0300C61465846FFF782
:105BB0000DF9B04515D0D5E90023A846083D0021D0
:105BC000994208BF9442EED34FF0300C0CF1010C17
:105BD0005FFA8CFCA41A0021994208BF9442F5D2C6
:105BE000E3E7029B13F4006449D1002F55D1029BD7
:105BF00013F0800F40F09181029B13F4806F2FD03F
:105C000013F4005F14BF452165215846FFF7DEF805
:105C1000079B002BC0F294802B215846FFF7D6F843
:105C20000799632900F394800799C14C84FB0132E2
:105C3000C917C1EBA2013031C9B25846FFF7C6F807
:105C4000079B84FB0324D917C1EBA40101EB81015D
:105C5000A3EB410303F13001C9B25846FFF7B6F890
:105C6000BAF1000F00F0308120245546013D214655
:105C70005846FFF7ABF8002DF8D1AA4624E1079B60
:105C8000002BB2DD3025013B079329465846FFF72C
:105C90009DF8079B002BF6DCA7E72E215846FFF75F
:105CA00095F83D46092FA8BF092525EAE5757F1B14
:105CB0008CB10798281AFFF767F820EE088AFCEEE7
:105CC000C87A17EE904A7DB305F10055013D994B16
:105CD00003EBC50519E02846FFF756F820EE088AC1
:105CE000FCEEC87A17EE904AEDE70CF1010C5FFA72
:105CF0008CFCA41A0021994208BF9442F5D2614657
:105D00005846FFF763F8B0450ED0D5E90023A84602
:105D1000083D0021994208BF944202D34FF0300C55
:105D2000E3E74FF0300CEAE7002F3FF465AF302493
:105D3000013F21465846FFF749F8002FF8D15BE7AD
:105D40002D215846FFF742F8079B5B42079367E710
:105D5000794C84FB0132C917C1EB62113031C9B2F1
:105D60005846FFF733F8079A84FB0231D317C3EB89
:105D70006113642101FB1323079355E701271BE4FB
:105D80001A464FF00008002B55D004A94FF0000828
:105D900003F00703303301F8013B08F10108D20892
:105DA0001346002AF4D146E019464FF00008002BB4
:105DB00041D04FF0000806F4004E4FF02C0ADFF8F7
:105DC00084C17346A6461C4624E002F00F015B4CDA
:105DD000615C03F8011B08F10108120906D00028D4
:105DE000F3D002F00F011CF80110F2E7744622E034
:105DF00008AB03EB0800ACFB0132D20802EB8203D4
:105E0000A1EB4303303300F8103C08F101080929E5
:105E10000DD91146002CEBD008F00303032BE7D17A
:105E200008AB434403F810AC08F10108E0E77446FE
:105E300001E04FF00008A7EB080727EAE777ED1B22
:105E4000A5EB0805FF2C10D9023D16F4007F11D0F8
:105E5000C4F307215846FEF7B9FFE1B25846FEF7F2
:105E6000B5FF12E04FF00008E5E7002C5BD116F417
:105E7000007F0AD15A4629463046FEF7CFFFFF2C55
:105E800098BF00252CD8002CE7D15A462946304629
:105E9000FEF7C4FF5A4639463020FEF7B1FFB8F18D
:105EA000010A0ED404AB54461C4498462178274678
:105EB0005846FEF78BFF444504F1FF34F6D14FF00E
:105EC000FF3A16F0100F0DD14D4615F8011B79B1B0
:105ED00025293FF452A95846FEF778FFA946F3E773
:105EE0000025B5E75A4629462020FEF789FFEBE753
:105EF000DBF808303BB1DBF80020DBF804108A4205
:105F00003CBF00219954DBF8000009B0BDEC048BC4
:105F1000BDE8F08F4FF0FF30F7E72E215846FEF72F
:105F200055FF3D46C3E6013D16F4007FABD1A1E726
:105F300067666666F88503001F85EB518885030058
:085F400000860300CDCCCCCC9F
:085F4800ED8A020000000000D8
:105F50002D1A030000000000B1230300FC350020CF
:105F6000691203001C3600202D18030000000000F9
:105F70001B290300342B00207B2603001036002051
:105F8000BDD602000000000079DB02000000000026
:045F900091D20200A8
:085F9400158B02000000000063
:105F9C001532030000000000E9320300000000008D
:045FAC00A5FA020050
:105FB00000000000382C0020D9660200433A5C55EE
:105FC000736572735C507572766573685C446F6359
:105FD000756D656E74735C4769744875625C547264
:105FE00061636B46575F4643435C3372645F706125
:105FF0007274795C6E5246355F53444B5F31365C48
:10600000636F6D706F6E656E74735C6C69627261E4
:10601000726965735C74696D65725C6170705F74E0
:10602000696D6572322E630001000600FFFFFFFFFD
:10603000FFFFFFFFFFFFFFFFFFFFFFFF000000006C
:10604000000000000000D60106010000433A5C5544
:10605000736572735C507572766573685C446F63C8
:10606000756D656E74735C4769744875625C5472D3
:1060700061636B46575F4643435C3372645F706194
:106080007274795C6E5246355F53444B5F31365CB7
:10609000636F6D706F6E656E74735C6C6962726154
:1060A000726965735C756172745C6170705F756153
:1060B00072745F6669666F2E63000000433A5C5538
:1060C000736572735C507572766573685C446F6358
:1060D000756D656E74735C4769744875625C547263
:1060E00061636B46575F4643435C3372645F706124
:1060F0007274795C6E5246355F53444B5F31365C47
:10610000636F6D706F6E656E74735C6C69627261E3
:10611000726965735C7574696C5C6170705F7574CD
:10612000696C5F706C6174666F726D2E6300000045
:106130002E2E2F3372645F70617274792F6E524607
:10614000355F53444B5F31362F696E7465677261FA
:1061500074696F6E2F6E7266782F6E7266785F67E5
:106160006C75652E680000002E2E2F3372645F70F0
:10617000617274792F6E5246355F53444B5F3136EE
:106180002F6D6F64756C65732F6E7266782F686102
:106190006C2F6E72665F7274632E6800433A5C55B2
:1061A000736572735C507572766573685C446F6377
:1061B000756D656E74735C4769744875625C547282
:1061C00061636B46575F4643435C3372645F706143
:1061D0007274795C6E5246355F53444B5F31365C66
:1061E000636F6D706F6E656E74735C6C6962726103
:1061F000726965735C74696D65725C6472765F72F6
:1062000074632E6300000000000000000000000026
:106210000338FDD8704700002E2E2F3372645F7054
:10622000617274792F6E5246355F53444B5F31363D
:106230002F636F6D706F6E656E74732F6C69627211
:1062400061726965732F6578706572696D656E74CA
:10625000616C5F73656374696F6E5F766172732FD3
:106260006E72665F73656374696F6E5F6974657281
:106270002E6800002E2E2F3372645F706172747965
:106280002F6E5246355F53444B5F31362F636F6D2F
:10629000706F6E656E74732F6C696272617269657E
:1062A000732F6D757465782F6E72665F6D74782EBE
:1062B00068000000433A5C55736572735C507572F8
:1062C000766573685C446F63756D656E74735C4767
:1062D00069744875625C547261636B46575F4643EC
:1062E000435C3372645F70617274795C6E524635E0
:1062F0005F53444B5F31365C636F6D706F6E656EDC
:1063000074735C6C69627261726965735C707772D8
:106310005F6D676D745C6E72665F7077725F6D67DC
:106320006D742E6300000000905F0300945F030013
:1063300004000000433A5C55736572735C507572DB
:10634000766573685C446F63756D656E74735C47E6
:1063500069744875625C547261636B46575F46436B
:10636000435C3372645F70617274795C6E5246355F
:106370005F53444B5F31365C636F6D706F6E656E5B
:1063800074735C6C69627261726965735C65787064
:106390006572696D656E74616C5F73656374696F56
:1063A0006E5F766172735C6E72665F73656374694B
:1063B0006F6E5F697465722E63000000433A5C552E
:1063C000736572735C507572766573685C446F6355
:1063D000756D656E74735C4769744875625C547260
:1063E00061636B46575F4643435C3372645F706121
:1063F0007274795C6E5246355F53444B5F31365C44
:10640000636F6D706F6E656E74735C6C69627261E0
:10641000726965735C736F72746C6973745C6E72AD
:10642000665F736F72746C6973742E630000000092
:10643000433A5C55736572735C5075727665736828
:106440005C446F63756D656E74735C476974487501
:10645000625C547261636B46575F4643435C3372C0
:10646000645F70617274795C6E5246355F53444B61
:106470005F31365C696E746567726174696F6E5CFA
:106480006E7266785C6C65676163795C6E72665F7C
:106490006472765F636C6F636B2E63002E2E2F33F6
:1064A00072645F70617274792F6E5246355F534427
:1064B0004B5F31362F696E746567726174696F6EF8
:1064C0002F6E7266782F6E7266785F676C75652EB8
:1064D00068000000433A5C55736572735C507572D6
:1064E000766573685C446F63756D656E74735C4745
:1064F00069744875625C547261636B46575F4643CA
:10650000435C3372645F70617274795C6E524635BD
:106510005F53444B5F31365C6D6F64756C65735CC3
:106520006E7266785C647269766572735C737263AE
:106530005C6E7266785F636C6F636B2E6300000045
:106540002E2E2F3372645F70617274792F6E5246F3
:10655000355F53444B5F31362F696E7465677261E6
:1065600074696F6E2F6E7266782F6E7266785F67D1
:106570006C75652E680000002E2E2F3372645F70DC
:10658000617274792F6E5246355F53444B5F3136DA
:106590002F6D6F64756C65732F6E7266782F6861EE
:1065A0006C2F6E72665F6770696F2E680000000066
:1065B000433A5C55736572735C50757276657368A7
:1065C0005C446F63756D656E74735C476974487580
:1065D000625C547261636B46575F4643435C33723F
:1065E000645F70617274795C6E5246355F53444BE0
:1065F0005F31365C6D6F64756C65735C6E72667866
:106600005C647269766572735C7372635C6E7266E9
:10661000785F6770696F74652E630000433A5C555C
:10662000736572735C507572766573685C446F63F2
:10663000756D656E74735C4769744875625C5472FD
:1066400061636B46575F4643435C3372645F7061BE
:106650007274795C6E5246355F53444B5F31365CE1
:106660006D6F64756C65735C6E7266785C6472697C
:10667000766572735C7372635C7072735C6E726663
:10668000785F7072732E63002E2E2F3372645F70EA
:10669000617274792F6E5246355F53444B5F3136C9
:1066A0002F696E746567726174696F6E2F6E7266A2
:1066B000782F6E7266785F676C75652E68000000D3
:1066C0002E2E2F3372645F70617274792F6E524672
:1066D000355F53444B5F31362F6D6F64756C657356
:1066E0002F6E7266782F68616C2F6E72665F6770AE
:1066F000696F2E6800000000433A5C557365727341
:106700005C507572766573685C446F63756D656E19
:1067100074735C4769744875625C547261636B465C
:10672000575F4643435C3372645F70617274795C97
:106730006E5246355F53444B5F31365C6D6F647506
:106740006C65735C6E7266785C6472697665727390
:106750005C7372635C6E7266785F7370696D2E63D2
:10676000000000002E2E2F3372645F706172747906
:106770002F6E5246355F53444B5F31362F696E742E
:106780006567726174696F6E2F6E7266782F6E72B4
:1067900066785F676C75652E680000002E2E2F33BB
:1067A00072645F70617274792F6E5246355F534424
:1067B0004B5F31362F6D6F64756C65732F6E72662B
:1067C000782F68616C2F6E72665F6770696F2E68D4
:1067D00000000000433A5C55736572735C5075723B
:1067E000766573685C446F63756D656E74735C4742
:1067F00069744875625C547261636B46575F4643C7
:10680000435C3372645F70617274795C6E524635BA
:106810005F53444B5F31365C6D6F64756C65735CC0
:106820006E7266785C647269766572735C737263AB
:106830005C6E7266785F756172742E630000000092
:10684000EDB102002E2E2F3372645F706172747985
:106850002F6E5246355F53444B5F31362F696E744D
:106860006567726174696F6E2F6E7266782F6E72D3
:1068700066785F676C75652E680000002E2E2F33DA
:1068800072645F70617274792F6E5246355F534443
:106890004B5F31362F6D6F64756C65732F6E72664A
:1068A000782F68616C2F6E72665F6770696F2E68F3
:1068B00000000000433A5C55736572735C5075725A
:1068C000766573685C446F63756D656E74735C4761
:1068D00069744875625C547261636B46575F4643E6
:1068E000435C3372645F70617274795C6E524635DA
:1068F0005F53444B5F31365C6D6F64756C65735CE0
:106900006E7266785C647269766572735C737263CA
:106910005C6E7266785F75617274652E630000004C
:1069200069C002002E2E2F3372645F706172747919
:106930002F6E5246355F53444B5F31362F696E746C
:106940006567726174696F6E2F6E7266782F6E72F2
:1069500066785F676C75652E680000002E2E2F33F9
:1069600072645F70617274792F6E5246355F534462
:106970004B5F31362F6D6F64756C65732F6E726669
:10698000782F68616C2F6E72665F6770696F2E6812
:1069900000000000433A5C55736572735C50757279
:1069A000766573685C446F63756D656E74735C4780
:1069B00069744875625C547261636B46575F464305
:1069C000435C3372645F70617274795C6E524635F9
:1069D0005F53444B5F31365C6D6F64756C65735CFF
:1069E0006E7266785C647269766572735C737263EA
:1069F0005C6E7266785F7477696D2E6300000000CC
:106A0000B5CF020000000000000000000000000000
:106A10000338FDD8704700002E2E2F3372645F704C
:106A2000617274792F6E5246355F53444B5F313635
:106A30002F6D6F64756C65732F6E7266782F686149
:106A40006C2F6E72665F6770696F2E6800000000C1
:106A50004E52465F5057525F4D474D545F45565416
:106A60005F505245504152455F5359534F4646007F
:106A70004E52465F5057525F4D474D545F455654F6
:106A80005F505245504152455F57414B455550006C
:106A9000456E746572696E67204446552C20796F87
:106AA00075206D6179206861766520746F20666954
:106AB00078207468697320636F6465004E52465F86
:106AC0005057525F4D474D545F4556545F505245A5
:106AD000504152455F52455345540000433A5C557E
:106AE000736572735C507572766573685C446F632E
:106AF000756D656E74735C4769744875625C547239
:106B000061636B46575F4643435C6663635F6F6ECA
:106B100079785F325F616972706C6163655F6D6F18
:106B200064655C6D61696E2E637070000A46524F39
:106B30004D3A20253032783A253032783A253032B5
:106B4000783A253032783A253032783A2530327822
:106B50002025640A00000000527373693A25640A14
:106B600000000000424154543A25660A000000002B
:106B7000736B69707065642073656E64696E6720FD
:106B800025640A004E6F74696669656420776974CC
:106B9000682041434B0A0000536F66746465766950
:106BA0006365206173736572746564210A00000077
:106BB0000A526563656976656420646174612028A2
:106BC0002564206279746573292066726F6D204296
:106BD0004C45204E55533A200000000025303258D5
:106BE0003A0000000A000000434F4E4649475F4408
:106BF000555400006572726F7220636F64653A20AD
:106C000025640A0072616D206572726F7220636F75
:106C100064653A2025640A0072616D5F7374617265
:106C2000743A2030782025780A00000075642066C8
:106C300061696C0A0000000044617461206C656E3B
:106C40002069732073657420746F2030782558286C
:106C50002564290A00000000415454204D54552059
:106C600065786368616E676520636F6D706C6574CD
:106C700065642E2063656E7472616C2030782578AF
:106C8000207065726970686572616C203078257853
:106C90000A00000055445F53746172742E2E2E2139
:106CA0000A0000001B5B33346D424C452052616486
:106CB000696F2053656C65637465640A1B5B306D96
:106CC000000000001B5B33326D43656C6C20526129
:106CD00064696F2053656C65637465640A1B5B307F
:106CE0006D0000001B5B33326D43656C6C204357B5
:106CF00020526164696F205472616E736D69740A09
:106D00001B5B306D000000001B5B33346D424C4553
:106D100020526164696F205472616E736D69740AE8
:106D20001B5B306D000000001B5B33336D43656CF3
:106D30006C2F424C4520526164696F20536C65652D
:106D4000700A1B5B306D00001B5B33326D43454C9A
:106D50004C20496E74657276616C20526164696F73
:106D600020726563656976650A1B5B306D00000003
:106D70001B5B33356D2D2D2D2D2D2D2D7363616EE8
:106D80004475726174696F6E3A2025640A1B5B302A
:106D90006D0000001B5B33346D424C452052616432
:106DA000696F205363616E0A1B5B306D0000000049
:106DB000446F206E6F74206D656173757265207409
:106DC000656D70657261747572650A001B5B3332A4
:106DD0006D4C6F526120526164696F205472616E14
:106DE000736D69740A1B5B306D0000001B5B3332EE
:106DF0006D43656C6C20496E74657276616C2052CF
:106E00006164696F20726563656976650A1B5B3032
:106E10006D0000001B5B33326D43656C6C204D6F61
:106E200064756C6174656420526164696F2054728A
:106E3000616E736D69740A1B5B306D001B5B3332CE
:106E40006D43656C6C204D6F64756C617465642076
:106E5000526164696F20526563656976650A1B5BE0
:106E6000306D00005273736954483A253032582C03
:106E70002042617474563A253032580A00000000EE
:106E80006D696C6C69732025640A0000706F77650A
:106E900072206D676D742D3E20656E7472696E6729
:106EA0000A000000706F776572206D676D742D3E6B
:106EB0002065786974696E670A0000004F54413A92
:106EC0002025640A0000000061647654696D653A0B
:106ED0002025640A00000000626C6574786C657699
:106EE000656C2864293A2025640A0000736C656586
:106EF0007054696D653A2025640A00007363616E01
:106F00004475726174696F6E3A2025640A0000004E
:106F10004D4F44453A2025640A0000001B5B333482
:106F20006D6368616E6E656C3A2025640A1B5B3088
:106F30006D0000001B5B33356D43656C6C20526146
:106F400064696F205458206F722052583A2025648B
:106F50000A1B5B306D0000001B5B33356D6368619D
:106F60006E6E656C3A2025640A1B5B306D00000074
:106F70001B5B33356D63656C6C706F7765726C6528
:106F800076656C3A2025640A1B5B306D00000000BA
:106F90001B5B33356D63656C6C7278706F776572EF
:106FA0006C6576656C3A2025640A1B5B306D0000C9
:106FB0004D4143203D20253032583A253032583A51
:106FC000253032583A253032583A253032583A2551
:106FD0003032580025730A005363616E3A202564ED
:106FE000094164763A20256409536C6565703A203E
:106FF00025640A006E524625782056617269616EDA
:10700000743A2025632563256325630A0000000088
:107010007061636B6167653A2025780A00000000A3
:1070200044657649443A20257825780A0000000016
:107030001B5B33326D4C6F52612035207365636F7B
:107040006E64204357205472616E736D69740A1B1D
:107050005B306D001B5B33326D4C6F526120436FB0
:107060006E74696E756F7573204357205472616E2C
:10707000736D69740A1B5B306D000000FFFFFFFF3A
:1070800002FF000000000040000000004C6F526151
:1070900020726164696F20696E6974206661696C31
:1070A00065640A00545820706F77657220636861C8
:1070B0006E67656420746F3A2025640A0000000042
:1070C0001B5B33326D4C6F526120436F6E74696E7F
:1070D000756F7573205472616E736D69740A1B5BF2
:1070E000306D000069643D25732D2D2D2D2D6865B3
:1070F0006C6C6F001B5B33326D4C6F526120496EBC
:1071000074657276616C205472616E736D69740A75
:107110001B5B306D000000001B5B33326D4C6F5207
:107120006120496E74657276616C205472616E7371
:107130006D6974310A1B5B306D0000001B5B3332DC
:107140006D4C6F526120436F6E74696E756F75730D
:1071500020526563656976650A1B5B306D0000002F
:107160001B5B33326D4C6F526120496E74657276D1
:10717000616C20526563656976650A1B5B306D0042
:107180002D2D2D2D3E2046696E616C20544D5031C1
:1071900031372054656D70203D2025332E32662016
:1071A00025430A00496E73696465207072657373C4
:1071B0007572652073656E736F722066756E637489
:1071C000696F6E0A00000000445350333130207064
:1071D00072657373757265203D20256420506120AF
:1071E00028313031333235206B5061290A000000DC
:1071F0002D2D2D2D2D2D2D2D2D3E204D6F74696F94
:107200006E20496E746572727570742054524947CD
:1072100047455245440A00001B5B34366D496E6990
:107220007469616C697A696E67206D6F64656D0A57
:107230001B5B306D000000001B5B33356D63656CBC
:107240006C20496E74657276616C20526563656965
:1072500076650A1B5B306D0053746F7070696E67E2
:107260002068616C6C206566666563742074696D66
:1072700065720A0048616C6C2065666665637420FF
:1072800074696D6572206576656E742068616E64E0
:107290006C65720A000000004E6F7420656E6F7599
:1072A0006768207377697065730A000053746172B0
:1072B00074696E672068616C6C20656666656374CE
:1072C0002074696D657220666F72202564206D6977
:1072D0006C6C697365636F6E64730A006170705FD4
:1072E00074696D65725F63726561746520666F7243
:1072F0002068616C6C206566666563742074696DD6
:107300006572206661696C65643A2025640A000034
:107310006170705F74696D65725F737461727420FF
:10732000666F722068616C6C2065666665637420A8
:1073300074696D6572206661696C65643A202564C4
:107340000A00000068616C6C20747269676765727E
:1073500065640A006E7266785F6770696F74655F56
:10736000696E5F696E6974206661696C6564206628
:107370006F722068616C6C2065666665637420734B
:10738000656E736F720A00002121215741524E3AF7
:10739000204E5246206770696F7465206661696C83
:1073A000656420746F20696E697469616C697A65BF
:1073B0000A0000004C495333444820496E69742048
:1073C000537563636573730A000000004C495333BF
:1073D0004448206E6F7420496E697469616C697AE3
:1073E00065640A004C495333444820414343454CAB
:1073F00020494E5420696E6974206661696C656429
:10740000200A00004C495333444820414343454C33
:1074100020494E5420696E697420737563636565F5
:107420006465642025640A002121215741524E3AA7
:10743000204C495333444820496E7465727275700C
:1074400074204572726F720A00000000444154417A
:107450003A20252E32662C207375737461696E5F35
:10746000636F756E743A2025640A0000464C4147EC
:10747000206973207365740A0000000054434120A2
:10748000496E746572727570742064657465637496
:1074900065640A006770696F746520696E20696EA3
:1074A0006974206661696C656420666F722054435C
:1074B000410A000053544154455F534F435F494EC6
:1074C00049540A0053544154455F424F4152445F6E
:1074D000494E49540A00000053544154455F474106
:1074E00054545F5345525645520A00005354415478
:1074F000455F534C4545500A000000005354415429
:10750000455F424C455F434F4E545F43575F54586D
:107510000A00000053544154455F424C455F434FBD
:107520004E545F4D43575F54580A00005354415422
:10753000455F424C455F434F4E545F52580A00002E
:1075400053544154455F424C455F494E545F435745
:107550005F54580A0000000053544154455F424CA8
:10756000455F494E545F4D43575F54580A00000031
:1075700053544154455F424C455F494E545F525805
:107580000A00000053544154455F424C455F494E48
:10759000545F43575F54585F52580A005354415444
:1075A000455F424C455F494E545F4D43575F5458C9
:1075B0005F52580A0000000053544154455F4C5438
:1075C000455F434F4E545F43575F54580A000000D5
:1075D00053544154455F4C54455F434F4E545F4DA7
:1075E00043575F54580A000053544154455F4C546C
:1075F000455F434F4E545F52580A00005354415464
:10760000455F4C54455F494E545F43575F54580A99
:107610000000000053544154455F4C54455F494EAF
:10762000545F4D43575F54580A000000535441546F
:10763000455F4C54455F494E545F52580A00000064
:1076400053544154455F44454255470A00000000E9
:1076500053544154455F414343454C45524154497D
:107660004F4E5F414952504C414E455F4D4F44454E
:107670000A00000044454641554C543A20535441B9
:1076800054455F534C4545500A0000004C6F526111
:1076900020726164696F20696E6974207375636319
:1076A0006573730A00000000667265713A202564F4
:1076B0000A0000007077723A2025640A000000007A
:1076C00048656C6C6F20576F726C642C205468692D
:1076D00073206973204C6F7261204D6F64756C610B
:1076E00074656420436172726965722057617665C2
:1076F0000A0D0000302E00203034002050340020CD
:10770000703400205465726D696E616C0000000079
:10771000525454005345474745520000433A5C5584
:10772000736572735C507572766573685C446F63E1
:10773000756D656E74735C4769744875625C5472EC
:1077400061636B46575F4643435C3372645F7061AD
:107750007274795C6E5246355F53444B5F31365CD0
:10776000636F6D706F6E656E74735C626C655C6385
:107770006F6D6D6F6E5C626C655F636F6E6E5F7375
:10778000746174652E6300009ECADC240EE5A9E0D6
:1077900093F3A3B50000406E2E2E2F3372645F70FA
:1077A000617274792F6E5246355F53444B5F3136A8
:1077B0002F636F6D706F6E656E74732F6C6962727C
:1077C00061726965732F6578706572696D656E7435
:1077D000616C5F73656374696F6E5F766172732F3E
:1077E0006E72665F73656374696F6E5F69746572EC
:1077F0002E680000433A5C55736572735C50757275
:10780000766573685C446F63756D656E74735C4711
:1078100069744875625C547261636B46575F464396
:10782000435C3372645F70617274795C6E5246358A
:107830005F53444B5F31365C636F6D706F6E656E86
:1078400074735C736F66746465766963655C636F9B
:107850006D6D6F6E5C6E72665F7364682E630000A0
:1078600001000007AC5F0300AC5F030008000000EC
:10787000945F03009C5F0300080000009C5F03000E
:10788000AC5F0300080000002E2E2F3372645F707F
:10789000617274792F6E5246355F53444B5F3136B7
:1078A0002F636F6D706F6E656E74732F6C6962728B
:1078B00061726965732F6578706572696D656E7444
:1078C000616C5F73656374696F6E5F766172732F4D
:1078D0006E72665F73656374696F6E5F69746572FB
:1078E0002E680000433A5C55736572735C50757284
:1078F000766573685C446F63756D656E74735C4721
:1079000069744875625C547261636B46575F4643A5
:10791000435C3372645F70617274795C6E52463599
:107920005F53444B5F31365C636F6D706F6E656E95
:1079300074735C736F66746465766963655C636FAA
:107940006D6D6F6E5C6E72665F7364685F626C65AE
:107950002E630000505F0300905F030008000000EA
:107960002E2E2F3372645F70617274792F6E5246BF
:10797000355F53444B5F31362F636F6D706F6E65AB
:107980006E74732F6C69627261726965732F6578AA
:10799000706572696D656E74616C5F73656374693F
:1079A0006F6E5F766172732F6E72665F736563745C
:1079B000696F6E5F697465722E680000433A5C55AA
:1079C000736572735C507572766573685C446F633F
:1079D000756D656E74735C4769744875625C54724A
:1079E00061636B46575F4643435C3372645F70610B
:1079F0007274795C6E5246355F53444B5F31365C2E
:107A0000636F6D706F6E656E74735C736F667464B4
:107A100065766963655C636F6D6D6F6E5C6E7266D3
:107A20005F7364685F736F632E630000485F0300D9
:107A3000505F03000800000000000000000000008C
:107A4000C9330300D53303000D34030000000000E8
:107A50000338FDD87047000080070000BC07000015
:107A6000010000003A070000760700000200000055
:107A7000AE060000F906000003000000AE0600009C
:107A8000DB06000004000000380300005103000082
:107A900005000000700300009303000008000000D0
:107AA000BB020000CC0200000C0000000903000033
:107AB000130300000D0000002F0300003E03000030
:107AC000120000003E0300004D0300001300000000
:107AD000400300005E030000140000003A070000AD
:107AE0007B070000190000002E0300005103000076
:107AF0001A000000BF020000EC0200001C000000A1
:107B0000AE060000F4060000420000003E0800003F
:107B10007A080000010000008A070000C607000084
:107B2000020000000D0700005807000003000000DD
:107B30003E0800006B080000040000006503000020
:107B40007E030000050000009D030000C00300004C
:107B500008000000D9020000EA0200000C0000004A
:107B6000EA020000F40200000D0000006B030000B8
:107B70007A030000120000003E0300004D030000E5
:107B8000130000001703000035030000140000007C
:107B90008A070000CB070000190000005B0300000B
:107BA0007E0300001A000000F6020000230300001C
:107BB0001C0000003E080000980800004200000081
:107BC00022676C6F62616C646174612E696F7422EC
:107BD00000000000226962617369732E696F74226C
:107BE0000000000022686F6C6F6772616D220000F8
:107BF0002262726F616462616E642200226D326D76
:107C00002E74656C75732E696F7422002274656121
:107C10006C220000226D326D2E636F6D2E617474C4
:107C20007A220000212121205741524E3A204E4213
:107C3000496F5420436F6D6D206572726F720A0038
:107C4000212121205741524E3A204E42496F542063
:107C50004669666F206572726F720A004E42496F04
:107C6000542053657269616C206D6F64756C65207A
:107C7000696E697469616C697A65640D0A00000057
:107C800073656E64696E672041542B4346554E3DC3
:107C9000300A000041542B4346554E3D300D0A003A
:107CA0005265706C79203D2025730A0073656E64FF
:107CB000696E672041542B4346554E3F0A00000031
:107CC00041542B4346554E3F0D0A000073656E64C8
:107CD000696E672020415425485756455253494FF5
:107CE0004E0A0000415425485756455253494F4EBD
:107CF0000D0A00004E524639313630204857205682
:107D0000657273696F6E206973203D2025730A00C8
:107D10004154255853595354454D4D4F44453F0DFB
:107D20000A0000004E524639313630205359535420
:107D3000454D204D4F4445206973203D2025730A51
:107D40000000000073656E64696E67204154254E23
:107D500043454C4C4D4541530A0000004154254ECB
:107D600043454C4C4D4541530D0A000073656E640C
:107D7000696E672041542358544350434F4E4E3F41
:107D80000A00000041542358544350434F4E4E3F85
:107D90000D0A00002B58544350434F4E4E3A2031A9
:107DA0000D0A4F4B0D00000073656E64696E67200D
:107DB00041542B434744434F4E543F0A00000000B8
:107DC00041542B434744434F4E543F0D0A0000009B
:107DD0002C0000004E42496F5420436F6E6E656365
:107DE00074656420746F204E6574776F726B3A20EF
:107DF00025730A0073656E64696E672041542B43D6
:107E000046554E3D310A000041542B4346554E3DE8
:107E1000310D0A0073656E64696E67204154235802
:107E20004750533D312C330A000000004154235881
:107E30004750533D312C330D0A00000073656E64CA
:107E4000696E672041542358534F434B45543D318D
:107E50002C320A0041542358534F434B45543D3173
:107E60002C320D0A0000000073656E64696E672095
:107E700041542358534F434B45543D312C310A0054
:107E800041542358534F434B45543D312C310D0A37
:107E90000000000073656E64696E672041542358CA
:107EA000534F434B45543D300A000000436C6F7301
:107EB000696E6720536F636B65740A0041542358E1
:107EC000534F434B45543D300D0A00004154235855
:107ED00042494E443D25730D0A00000073656E64EF
:107EE000696E672025730000415423585443504362
:107EF0004F4E4E3D222573222C25730D0A000000A3
:107F0000436F756C646E277420636F6E6E65637467
:107F100020746F205443502053657276657220524E
:107F200065706C79203D2025730A0000436F6E6EEA
:107F3000656374656420746F2054435020536572E8
:107F4000766572205265706C79203D2025730A0099
:107F500073656E64696E67204154255853595354B4
:107F6000454D4D4F44453D312C312C302C300A00CD
:107F70004154255853595354454D4D4F44453D3177
:107F80002C312C302C300D0A0000000073656E641B
:107F9000696E672041542B4352534D0A0000000084
:107FA00041542B4352534D3D3137362C313232350B
:107FB000382C302C302C31300D0A00005265706C9A
:107FC00079206973203D2025730A000073656E6473
:107FD000696E67204154255849434349440A0000CB
:107FE0004154255849434349440D0A0053494D2003
:107FF0004943434944206973203D2025730A00000A
:1080000041542558444545505345415243483D311C
:108010000D0A00004E52463931363020584445454D
:1080200050534541524348206973203D2025730A2F
:10803000000000004154235855445053454E4454C9
:108040004F3D2235302E3131362E392E31393922FD
:108050002C323434322C222573220D0A0000000009
:108060002D2D2D3E204E42496F542073656E64695C
:108070006E672075647020646174613A2025730016
:108080004154235855445053454E44544F3D2225A6
:1080900073222C25732C222573220D0A0000000068
:1080A0004154235854435053454E443D2225732593
:1080B00073220D0A000000002D2D2D3E204E424956
:1080C0006F542073656E64696E67207463702064FA
:1080D000617461203D202573000000004154235845
:1080E000544350524543563D25732C25730D0A00C9
:1080F0000A0000005265636569766520544350208C
:1081000044617461204C656E20697320256420529F
:1081100065706C79203D2025730A0A00235854436A
:1081200050524543563A2000526563656976696E40
:10813000672055445020646174612066726F6D2021
:10814000436C6F75640A00004154235855445052E3
:1081500045435646524F4D3D2235302E3131362E55
:10816000392E313939222C323434332C3130302C01
:1081700031300D0A00000000526563656976656460
:10818000205265706C79203D2025730A00000000A4
:10819000415423585544505245435646524F4D3D45
:1081A000222573222C25732C25732C2573000000A7
:1081B00041542B434553510D0A0000005369676E2B
:1081C000616C205175616C69747920697320257325
:1081D0000A0000004E43454C4C4D4541532072650A
:1081E0007475726E6564203D2025730A00000000DE
:1081F0004552524F5200000041542B43434C4B3FD9
:108200000D0A000043434C4B2072657475726E6515
:1082100064203D2025730A00220000002F0000008A
:108220003A0000002D00000043656C6C205265741C
:1082300075726E65642054696D653A2025733A2520
:10824000733A25732C20446174653A2025735C25AC
:10825000735C25730A00000041542B434552454787
:108260003F0D0A0041542B434F50533F0D0A00006D
:10827000434F50532072657475726E6564203D20C3
:1082800025730A00257800004E42496F5420436F41
:108290006D6D616E6420526573706F6E7365204200
:1082A0007566666572204F766572666C6F770A0A2E
:1082B000000000004F4B0D002D2D2D2D2D2D3E20AB
:1082C000434552454720524553502069730A0000E8
:1082D00025730A0052582042616E643A2025640AD0
:1082E00000000000415425585246544553543D0067
:1082F00025732C25732C25732C25732C25732C3179
:108300002C342C302C302C302C302C302C300D0ACE
:108310000000000025732C25732C25732C25732C4D
:1083200025732C312C302C312C312C302C312C302D
:108330002C300D0A000000002D2D2D3E204E42490C
:108340006F542073656E64696E67204357206461C3
:108350007461203D20257300000000002121215779
:1083600041524E3A20445053333130204932432059
:108370004572726F720A00002121215741524E3A14
:108380002054434120493243204572726F720A00E3
:10839000256400004C49533344482072657475725B
:1083A0006E65642077726F6E6720646576696365B9
:1083B0002069642C20253032782073686F756C64D6
:1083C00020626520253032780A00000021212157E3
:1083D00041524E3A204C49533344482049324320BD
:1083E0004572726F720A00004163632054687265BF
:1083F00073686F6C642073657474696E67204D6177
:10840000736B2069732025780A0000002121215711
:1084100041524E3A20493243205772617070657262
:108420002061646472206E61636B210A00000000A9
:108430002121215741524E3A20493243205772613F
:10844000707065722064617461206E61636B210AD3
:1084500000000000433A5C55736572735C5075729E
:10846000766573685C446F63756D656E74735C47A5
:1084700069744875625C547261636B46575F46432A
:10848000435C49324346696C65735C6932635F776C
:108490007261707065722E63707000004932432003
:1084A00064657669636520646574656374656420DA
:1084B0006174206164647265737320307825782E4E
:1084C000000000004E6F20493243206465766963E6
:1084D000652077617320666F756E642E0000000062
:1084E0000338FDD8704700002121214552524F52D8
:1084F0003A20493243205265717565737420467283
:108500006F6D2054696D6564206F75740A000000FA
:108510002121214552524F523A204932432052657F
:1085200071756573742046726F6D204572726F723B
:108530002069732025780A002121214552524F528B
:108540003A2049324320456E64205472616E736D47
:10855000697373696F6E2025780A00002121214517
:1085600052524F523A2049324320456E6420547291
:10857000616E736D697373696F6E2054696D6564A4
:10858000206F75740A0000003031323334353637CD
:108590003839616263646566303132333435363779
:1085A0003839414243444546210000000000204143
:1085B0000000C84200401C4620BCBE4CCA1B0E5ADC
:1085C000AEC59D74286E756C6C2900002D494E4611
:1085D000000000002D696E66000000002B494E4629
:1085E000000000002B696E66000000004E414E0046
:1085F0006E616E000000000001000000000000003D
:108600000A000000000000006400000000000000FC
:10861000E803000000000000102700000000000038
:10862000A08601000000000040420F000000000092
:10863000809698000000000000E1F50500000000B1
:1086400000CA9A3B0000000000E40B540200000046
:1086500000E87648170000000010A5D4E8000000EC
:1086600000A0724E1809000000407A10F35A000072
:108670000080C6A47E8D03000000C16FF286230037
:1086800000008A5D78456301000064A7B3B6E00D81
:088690000000E8890423C78AF9
:10869800001001401100040000000000002000400C
:1086A8000000000000200040000000000090D003FF
:1086B80008000000050000001400000000C0644429
:1086C80008000000CEFFFFFF1700000008000000B0
:1086D80081FFFFFFE7FFFFFF0700000059000000D0
:1086E80049540100F8350020010004000000000092
:1086F8000000000000000000000000000000000072
:108708002C2B002000000000FFFF140001000200D5
:108718000400000064000000E80300007017000077
:10872800E803000000010000000000000000000055
:10873800000000004C3B00201F0000001F0000004C
:0C8748003C0000000400000028000000BD
:040000032000635D19
:00000001FF
