:020000022000DC
:10700000000004205D730200B9730200BB7302002C
:10701000BD730200BF730200C173020000000000D4
:10702000000000000000000000000000C373020028
:10703000C573020000000000C7730200C97302009C
:1070400071A00200CB7302007DAD020095B3020077
:1070500031E00200CB73020095AA0200CB7302005C
:10706000CB730200CB730200CB730200CB73020020
:10707000CB730200CB730200CB730200CB73020010
:10708000CB730200758B0200CB730200CB7302003E
:10709000CB730200CB730200E93D0300CB73020007
:1070A000CB730200CB730200CB730200CB730200E0
:1070B000CB730200CB730200000000000000000050
:1070C000CB730200CB730200CB730200CB730200C0
:1070D000CB730200CB730200CB73020000000000F0
:1070E00000000000000000000000000000000000A0
:1070F0000000000000000000000000000000000090
:10710000000000000000000000000000000000007F
:10711000000000000000000000000000000000006F
:10712000000000000000000000000000000000005F
:10713000000000000000000000000000000000004F
:10714000000000000000000000000000000000003F
:10715000000000000000000000000000000000002F
:10716000000000000000000000000000000000001F
:10717000000000000000000000000000000000000F
:1071800000000000000000000000000000000000FF
:1071900000000000000000000000000000000000EF
:1071A00000000000000000000000000000000000DF
:1071B00000000000000000000000000000000000CF
:1071C00000000000000000000000000000000000BF
:1071D00000000000000000000000000000000000AF
:1071E000000000000000000000000000000000009F
:1071F000000000000000000000000000000000008F
:10720000354936480A1A02D0072291438D4634493F
:1072100034480A1A06D00722914381F309880222D2
:1072200082F3148830483149314A00F044F831483B
:107230003149324A00F03FF831483249324A00F0D1
:107240003AF832483249334A00F035F83248334987
:10725000334A00F030F833483349344A00F02BF811
:1072600033483449344A00F026F83448344900227F
:1072700000F02CF833483449002200F027F8334856
:107280003349091A082902DB002202604160314AB1
:1072900090471F481F49884205D00268043003B454
:1072A000904703BCF7E700208646EC46002000210B
:1072B000294A9047FEE7884207D0521A05D0037842
:1072C00001300B700131013AF9D17047884202D088
:1072D00002700130FAE770470000042000E003204C
:1072E0000000042000000420E8B10300E82A002088
:1072F000202C0020D0730200D0730200B688030057
:10730000E8B10300E82A0020E82A00201C890300D5
:107310001C890300208903001C8903001C890300C9
:107320001C8903002089030020890300E8B10300C1
:1073300020B30300202C0020202C0020202C002033
:10734000604A0020604A0020684A0020684A002005
:10735000686A0020857302000D04030000F036B84F
:107360000F484FF00701884385460E4880470E4876
:10737000016841F470010160BFF34F8FBFF36F8F5D
:10738000FFF73EBF09480A490A4A884207D0521A05
:1073900005D0037801300B700131013AF9D1704703
:1073A000000004200992020088ED00E01C8903001F
:1073B000E82A0020E82A0020FEE7FEE7FEE7FEE7D5
:1073C000FEE7FEE7FEE7FEE7FEE7FEE7FFF7C8BFE2
:1073D00000487047584A002086B0039002910192FD
:1073E00001238DF817309DF81730214A039B136055
:1073F0001F4A029B53601E4A019B9360039B44F209
:107400000102934213D0039B44F20202934221D122
:10741000019B174AD360164BDB681B881A46144B36
:107420009A61134BDB685B68114AD36112E0019BE0
:107430000F4A13610E4B1B699B680D4A53610C4B3D
:107440001B691B680A4A9361094B1B695B68084A00
:10745000D36100BF72B600BF00BF9DF81730DBB22A
:10746000002BFAD162B600BF00BF06B0704700BF64
:10747000202C002000B583B002900091019244F2CC
:10748000010071466A4600F003F803B000BD00BF7A
:1074900000B587B003900291019272B600BF039BC2
:1074A00044F20202934217D0039B44F20202934239
:1074B00018D8039B44F20102934210D0039B44F27C
:1074C000010293420ED8039B012B0DD0039B41F286
:1074D000010293420AD005E0019B059307E0019B5E
:1074E000049304E000BF02E000BF00E000BF084BCF
:1074F0001B6803F00103002B00D000BE019A029923
:107500000398FFF769FF00BF07B05DF804FB00BFF9
:10751000F0ED00E084B00190019B9B680393019B18
:10752000DA68039BD31A184604B0704782B0019002
:107530000B468DF80330019B1A68019BDB680199AB
:1075400089880B4013449DF803201A70019BDB6867
:107550005A1C019BDA6000BF02B0704784B00390F0
:107560000B460192ADF80A30039B1A68039B996899
:10757000BDF80A300B44039989880B4013441A78EC
:10758000019B1A7000BF04B0704700B583B0019032
:107590000091009A00210198FFF7E0FF019B9B6892
:1075A0005A1C019B9A6000BF03B05DF804FB84B0D5
:1075B000039002911346ADF80630029B002B01D1D7
:1075C0000E231DE0BDF80630002B07D0BDF80630B5
:1075D0005A1EBDF806301340002B01D009230FE0DE
:1075E000039B029A1A60BDF80630013B9AB2039BD6
:1075F0009A80039B00229A60039B0022DA6000239A
:10760000184604B0704700B583B001900B468DF862
:1076100003300198FFF77EFF0246019B9B889A4248
:1076200007D89DF8033019460198FFF77FFF002324
:1076300000E00423184603B05DF804FB00B583B0F6
:10764000019000910198FFF765FF0346002B05D0DC
:1076500000990198FFF799FF002300E005231846E1
:1076600003B05DF804FB82B00190019BDA68019BD6
:107670009A600023184602B0704700002DE9F043DD
:1076800083B0144801F05CFA034600221C461546FC
:10769000114BD3E9002314EB020845EB0309CDE9B4
:1076A00000890E4BD3E90023DDE90001904271EB24
:1076B000030307D2DDE9002312F1807643F10007CE
:1076C000CDE90067DDE900231046194603B0BDE8A7
:1076D000F08300BFE82A0020482C0020502C002016
:1076E00088B001900091019B0793009B0693079B34
:1076F000D3E90223CDE90423069BD3E90223CDE994
:107700000223DDE90423DDE90201904271EB03036A
:107710002CBF01230023DBB2184608B070470000DD
:10772000F0B585B00190019B5B69002B03D12B491B
:10773000A22007F01DF800238DF80F30284B1B788E
:10774000002B45D0019B002B42D0019B1B7FDBB25D
:10775000002B3DD0FFF792FF019BD3E9022390421B
:1077600071EB03032CD3019B1B69002B02D1019BFE
:1077700000221A77019B5B69019A9269104698472B
:10778000019B1B69002B23D0019B1B7FDBB2002BCD
:107790001ED0019BD3E902230199096900200C4600
:1077A0000546161943EB0507019BC3E90267019BD8
:1077B00019460C4801F062FC01238DF80F3007E0F8
:1077C000019B1946074801F059FC01238DF80F3041
:1077D0009DF80F30184605B0F0BD00BF2C8903009E
:1077E000442C002020890300F0B589B0019000915D
:1077F0000D230793009B00221A70019BD3E90245D9
:10780000FFF73CFF02460B46A61A65EB0307CDE9DE
:107810000467DDE90423012A73F100031BDB049BE9
:10782000B3F5350F05D300F0B9FA0246154B1344F2
:1078300003E0019BD3E90223134603934FF496031D
:10784000039A0021104801F07DF80790079B002B58
:1078500005D1012313E000210B4801F04BF9079BF0
:107860000D2B07D10198FFF75BFF03461A46009BDB
:107870001A7003E00549F52006F07AFF0023184648
:1078800009B0F0BDFFFFB400E82A00202C890300F6
:1078900000B583B0044801F02BFC0190019B184611
:1078A00003B05DF804FB00BF2089030000B583B07E
:1078B000044801F03FFC0190019B184603B05DF8BD
:1078C00004FB00BF2089030000B583B0FFF7E0FF91
:1078D0000190019B002B02D0019B00221A77019B93
:1078E000002BF3D100BF00BF03B05DF804FB000024
:1078F000054BD3E9002312F1807043F10001024BE4
:10790000C3E9000100BF7047482C002000B583B0D8
:107910000190134B1B68002B1DD0019801F010F94A
:107920000F4B1B68D3E90223134623F07F4319460C
:1079300000F028FA0346B3F5960F04D309494FF433
:10794000957006F015FF064B1B681846FFF7E8FE1A
:10795000034B00221A6000BF03B05DF804FB00BFB8
:10796000402C00202C89030000B583B00190FFF764
:1079700085FE02460B460349C1E9002300BF03B060
:107980005DF804FB502C002000B587B00190FFF794
:107990008DFF049000238DF81730049B002B48D0F6
:1079A0002B4B1B68002B03D101238DF8173019E0F6
:1079B000049BD3E90201264B1B68D3E902239042C2
:1079C00071EB03030ED201238DF81730204B1B6897
:1079D0001B7FDBB2002B05D01D4B1B6819461D48D1
:1079E00001F04CFB9DF81730002B2AD0FFF750FF19
:1079F00004900DF10F0319460498FFF7F5FE0346B6
:107A0000002B12D0124B1B68002B02D1019800F002
:107A1000A5FE0F4A049B13609DF80F3083F001030D
:107A2000DBB2002BB3D000BF0EE0094B00221A607E
:107A3000ADE7074B1B68002B05D1019800F0A4FEB1
:107A400001E000BF00E000BF00BF07B05DF804FB2D
:107A5000402C00202089030000B587B001902C4AFB
:107A600003AB1946104601F068F9059048E0059B04
:107A70001B78022B2ED0022B32DC002B02D0012BE4
:107A800014D02DE0059B5B681B7FDBB283F0010304
:107A9000DBB2002B26D0059B5B6801221A77059B81
:107AA0005B6819461B4801F0E9FA1BE0059B5A6820
:107AB000194B1B689A4203D1174B00221A6012E03F
:107AC000059B5B681946134801F048FB03468DF897
:107AD000133008E0FFF7F8FE104B01221A7002E0A5
:107AE00000BF00E000BF0A4A03AB1946104601F090
:107AF0003DF9074A03AB1946104601F01EF90590FF
:107B0000059B002BB3D100BF00BF07B05DF804FB9D
:107B1000B02C002020890300402C0020442C0020A1
:107B200000B583B00190019800F0D7FF0346002B09
:107B300001D0FFF7DDFE0021019800F0ECFF0346C5
:107B4000002B02D00198FFF7E1FE0121019800F01F
:107B5000E2FF0346002B02D00198FFF705FF0198D2
:107B6000FFF77AFF0198FFF70FFF00BF03B05DF842
:107B700004FB000008B5024800F0EFFF00BF08BD9D
:107B8000E82A002000B585B0034600918DF8073043
:107B9000114A02AB1946104601F0A2F80390039B6C
:107BA000002B13D0039B9DF807201A70039B009AAB
:107BB0005A60094A02AB1946104601F0AAF803467A
:107BC000002B01D0FFF7D6FF002300E00423184666
:107BD00005B05DF804FB00BFB02C002000B583B0F9
:107BE000164B1B680093164808235822154901F0CC
:107BF00044F80190019B002B01D0019B19E06B46DA
:107C0000114A1946114800F049FD0190019B002BD3
:107C100001D0019B0DE001210C4800F04DFF012334
:107C20000B4A0121094800F0C5FD0A4B01221A70D8
:107C3000019B184603B05DF804FB00BF9489030064
:107C4000B02C0020582C0020217B0200E82A0020C4
:107C5000FFFF7F00442C002000B587B003900B4647
:107C600001928DF80B30039B002B04D1134940F295
:107C70002E2006F07DFD019B002B04D10F4940F220
:107C80002F2006F075FD019B002B01D1072310E08A
:107C9000039B1B680593059B019A5A619DF80B3065
:107CA000012B0CBF01230023DBB21A46059B1A618E
:107CB0000023184607B05DF804FB00BF2C890300C1
:107CC000F0B587B0039002910192039B002B04D181
:107CD000164940F23E2006F04BFD039B0593059BA1
:107CE0001B7FDBB2002B01D000231CE0059B019A17
:107CF0009A61FFF7C3FC02460B46029900200C462E
:107D00000546161943EB0507059BC3E90267059B6A
:107D10001B69002B02D0059B029A1A61059900206D
:107D2000FFF730FF0346184607B0F0BD2C8903006B
:107D300000B585B00190019B002B04D109494FF497
:107D4000157006F015FD019B0393039B00221A7723
:107D500003990120FFF716FF0346184605B05DF8AA
:107D600004FB00BF2C89030008B5054B00221A70E4
:107D700000210220FFF706FF0346184608BD00BF9A
:107D8000442C002082B001900091019A009BD31AEC
:107D900023F07F43184602B07047000008B503483F
:107DA00000F0CEFE0346184608BD00BFE82A0020BA
:107DB00000B583B00190019B1B781A460C4B9B5C6D
:107DC000002B05D0019B0433184604F037FE0BE06E
:107DD000019B1B781A46064B9B5C002B04D1019B30
:107DE0000C33184603F09AFE00BF03B05DF804FBA5
:107DF0003C2D002000B587B00390029113468DF80A
:107E0000073000230593039B1B781A46114B9B5C9C
:107E1000002B09D0039B04339DF8072002991846D4
:107E200004F062FE05900FE0039B1B781A46094B95
:107E30009B5C002B08D1039B0C339DF80720029913
:107E4000184603F0E3FE0590059B184607B05DF861
:107E500004FB00BF3C2D002000B585B0019000233D
:107E60008DF80F30019B1B781A46114B9B5C002B41
:107E700008D0019B0433184604F0F6FE03468DF843
:107E80000F300EE0019B1B781A46094B9B5C002BC0
:107E900007D1019B0C33184603F040FF03468DF8D1
:107EA0000F309DF80F30184605B05DF804FB00BF99
:107EB0003C2D002000B587B00390029113468DF849
:107EC000073000230593039B1B781A46114B9B5CDC
:107ED000002B09D0039B04339DF807200299184614
:107EE00004F0DAFE05900FE0039B1B781A46094B5D
:107EF0009B5C002B08D1039B0C339DF80720029953
:107F0000184603F063FF0590059B184607B05DF81F
:107F100004FB00BF3C2D002084B00190019B9B68B6
:107F20000393019BDA68039BD31A184604B0704789
:107F300000B587B001900091019B1B78022B45D0C2
:107F4000022B6ADC002B52D0012B66D1019B1B7ADD
:107F5000002B05D1012233493348FFF7ABFF5DE029
:107F6000019B5B681B7819463048FFF74CFB059076
:107F7000059B002B0AD001238DF80C30059B049340
:107F80002B4B1B6803AA104698470DE02748FFF7C4
:107F9000C3FF0346002B07D000238DF80C30244B81
:107FA0001B6803AA104698472048FFF7B5FF034611
:107FB0001E4A9288934205D801221A491A48FFF7AF
:107FC00079FF2BE01B4B01221A7027E002238DF86A
:107FD0000C30019BDB680493012212491248FFF721
:107FE00069FF134B1B6803AA1046984716E0124915
:107FF0001248FFF723FB0346002B05D101220E494F
:108000000948FFF7F7FE09E003238DF80C30084B11
:108010001B6803AA1046984700E000BF00BF07B0E6
:108020005DF804FBCC2C0020F02A0020D02C00208E
:10803000C42C0020CD2C0020C82C0020E02C0020D7
:1080400030B591B00390029101928DF803303C4A13
:10805000019B1360029B002B01D107236DE0029B63
:108060001968029B5B689BB21A463648FFF79FFA75
:108070000F900F9B0E930E9B002B01D00E9B5CE08C
:10808000029B9968029BDB689BB21A462E48FFF759
:108090008EFA0F900F9B0D930D9B002B01D00D9B23
:1080A0004BE02A4B04AC1D460FCD0FC495E80F00E2
:1080B00084E80F00039B5B690A93039B1B7C002BE6
:1080C00014BF01230023DBB28DF824309DF8033068
:1080D0008DF82C30039B5B7C002B01D00E2300E03D
:1080E00000238DF82530039BDB680693039B9B6878
:1080F0000793039B1B680593039B5B68049304AB86
:10810000134A1946134801F0A7FD0F900F9B0C93DB
:108110000C9B002B01D00C9B0FE00F4B00221A7020
:10812000039B1B68B3F1FF3F06D001220B490948AE
:10813000FFF7C0FE034600E00023184611B030BD33
:10814000C42C0020D02C0020E02C002098890300B3
:10815000317F0200F02A0020CD2C0020CC2C002002
:1081600000B585B00D48FFF77EFA0390039B02939C
:10817000029B002B01D0029B0BE00948FFF773FA2A
:108180000390039B0193019B002B01D0019B00E016
:108190000023184605B05DF804FB00BFD02C00207A
:1081A000E02C002000B587B00190019B002B03D18B
:1081B0001449CA2006F0DCFA134B1B788DF81730EF
:1081C00001991248FFF73AFA04909DF81730002BF6
:1081D00012D00D4B00221A7001220D490D48FFF7F5
:1081E00069FE0390039B0293029B002B04D0054A77
:1081F000D6210298FFF73EF9049B184607B05DF8B8
:1082000004FB00BFB8890300CD2C0020D02C002037
:10821000CC2C0020F02A002000B585B003468DF854
:1082200007309DF8073019461048FFF7ECF9039026
:10823000039B002B15D10E48FFF70EFE034683F07B
:108240000103DBB2002B0CD00A490848FFF7F6F90E
:108250000346002B05D1012206490548FFF7CAFD58
:108260000390039B184605B05DF804FBE02C00204A
:10827000F02A0020C82C002008B50348FFF74CFE68
:108280000346184608BD00BFD02C002008B503489F
:10829000FFF78EFD0023184608BD00BFF02A00201E
:1082A00082B0EFF310830093009B019372B600BF7E
:1082B000019B184602B0704762B600BF00BF70470E
:1082C00000B585B00190FFF7EBFF0390164B9B685C
:1082D000002B1BD1144B01229A60144BD3F8802041
:1082E000134B1340104A1360104B114AC3F88020FF
:1082F0000E4BD3F884300C4A53600C4B4FF0FF32D6
:10830000C3F88420019B00221A7002E0019B012225
:108310001A70039B002B01D1FFF7CEFF00231846F4
:1083200005B05DF804FB00BFF02C002000E100E088
:10833000FC06FFBD00B585B003468DF80730104B35
:108340009B68002B16D09DF80730002B12D1FFF749
:10835000A7FF03900B4A0A4B1B681360094A084B9E
:108360005B685360064B00229A60039B002B01D18F
:10837000FFF7A2FF0023184605B05DF804FB00BF1D
:10838000F02C002000E100E000B583B0019000F087
:108390002BF80346012B03D00549432006F0E8F9EA
:1083A0000198FFF78DFF00BF03B05DF804FB00BF2D
:1083B000248A030000B583B003468DF8073000F02F
:1083C00013F80346012B03D00649512006F0D0F9DB
:1083D0009DF807301846FFF7ADFF00BF03B05DF80A
:1083E00004FB00BF248A030084B0EFF305830193EC
:1083F000019BC3F308030393039B002B0DD1EFF301
:1084000014830093009B0293029B03F00103002B53
:108410000CBF01230023DBB200E00123184604B0A7
:108420007047000082B003468DF807309DF8073092
:1084300003F01F0205499DF907305B09012000FA8E
:1084400002F241F8232000BF02B0704700E100E0D3
:1084500082B003468DF807309DF8073003F01F0205
:1084600006499DF907305B09012000FA02F240330A
:1084700041F8232000BF02B0704700BF00E100E0D8
:1084800082B0034600918DF807309DF90730002B2C
:108490000CDA009BDAB20C499DF8073003F00F03A9
:1084A000043B5201D2B20B441A7609E0009BDAB2C7
:1084B00006499DF907305201D2B20B4483F80023DC
:1084C00000BF02B0704700BF00ED00E000E100E037
:1084D00000B583B003460A468DF8073013468DF881
:1084E00006309DF80630012B03D99DF80630032B8A
:1084F0000BD99DF80630042B03D99DF80630072BC5
:1085000003D908496B2006F033F99DF806209DF940
:10851000073011461846FFF7B3FF00BF03B05DF800
:1085200004FB00BF948A030000B583B003468DF8B6
:1085300007309DF907301846FFF774FF00BF03B0FE
:108540005DF804FB00B585B00190019B002B0AD0BB
:10855000074B43F001030393019B9B010293039B91
:108560000298984700E000BF05B05DF804FB00BF2B
:10857000708B030084B0039002910192039B029AD6
:1085800002F5A872019943F8221000BF04B07047A9
:1085900082B001900091019B009A02F5A87253F8F5
:1085A0002230184602B0704782B001900091019BC2
:1085B000009AC3F8042300BF02B0704782B0019054
:1085C0000091019B009AC3F8082300BF02B07047D6
:1085D00082B001900B46ADF80230BDF80230019A2E
:1085E00013441B68184602B0704784B001900B46D4
:1085F000ADF80230BDF80230019A134400221A602F
:10860000BDF80230019A13441B680393039B00BF1B
:1086100004B0704782B00190019BD3F8043518462E
:1086200002B0704700B583B001900091009BB3F594
:10863000805F04D306494FF4BE7006F099F8019BA1
:10864000009AC3F8082500BF03B05DF804FB00BF23
:10865000CC8A030082B001900B468DF803309DF860
:108660000320019B13441A460123136000BF02B08C
:10867000704782B001900091019B009AC3F8442397
:1086800000BF02B0704782B001900091019B009A38
:10869000C3F8482300BF02B07047000000B587B0A0
:1086A000039002910192039B002B03D1284955208E
:1086B00006F05EF8029B002B03D12549562006F0F8
:1086C00057F8019B002B03D12149572006F050F8A1
:1086D000039B5B7919461F4A019B42F82130039B9B
:1086E0005B791D4ADB0013441B79002B03D0082360
:1086F0000593059B27E0039B1A68029B1B8819467C
:108700001046FFF78FFF039B93F90420029B9B7891
:1087100019461046FFF7DCFE039B93F90430184618
:10872000FFF702FF039B5B790B4ADB001344012236
:108730001A71039B5B791946074A039B42F8313053
:1087400000230593059B184607B05DF804FB00BFA6
:10875000008B0300FC2C0020002D002000B583B00E
:108760000190019B002B03D10649872006F000F8F9
:10877000019B1B6800211846FFF76CFF00BF03B088
:108780005DF804FB008B030000B583B00190019BF2
:10879000002B03D106498D2005F0EAFF019B1B68E1
:1087A00004211846FFF756FF00BF03B05DF804FB35
:1087B000008B030000B587B00390029101928DF801
:1087C0000330039B002B03D12149962005F0D0FFF5
:1087D0004FF48032029B02FA03F30593029B50335D
:1087E0009BB29B00ADF81230019B23F07F430193B5
:1087F000039B1B6805991846FFF7E0FE039B1B6867
:1088000005991846FFF73FFF039B1B68BDF8122030
:1088100011461846FFF7E9FE039B1B68019A02996F
:108820001846FFF7A7FE039B1B6805991846FFF73C
:1088300020FF9DF80330002B05D0039B1B68059992
:108840001846FFF7B1FE00BF07B05DF804FB00BF9C
:10885000008B030000B585B00390029113468DF89C
:108860000730039B002B03D10B49A92005F080FFA3
:10887000039B1B6802991846FFF7FBFE9DF8073023
:10888000002B05D0039B1B6802991846FFF78CFE4E
:1088900000BF05B05DF804FB008B030000B583B09A
:1088A00001900091019B002B03D10A49B32005F0F0
:1088B0005FFF019B1B6800991846FFF7E4FE019BD0
:1088C0001B6800991846FFF779FE00BF03B05DF8FA
:1088D00004FB00BF008B030000B583B001900B4682
:1088E000ADF80230019B002B03D10F49BA2005F0EF
:1088F0003FFF019B1B68BDF8022011461846FFF799
:1089000067FE0346002B09D0019B1B68BDF80220BF
:1089100011461846FFF769FE012300E000231846C0
:1089200003B05DF804FB00BF008B030082B0019030
:108930000091019A009BD31A23F07F43184602B09E
:108940007047000000B58BB0039002910192009334
:10895000039B002B03D15749CD2005F009FF4FF4AD
:108960008032029B02FA03F30993029B50339BB2BD
:108970009B00ADF82230019B23F07F4301930999BE
:108980000398FFF78BFF039B1B681846FFF742FE17
:108990000790039B1B6802991846FFF7F9FD0690A4
:1089A000039B1B68079A02991846FFF7E3FD039B98
:1089B0001B68BDF8222011461846FFF716FE0799DE
:1089C0000698FFF7B3FF0346012B0AD11020FFF7EB
:1089D000B9FD039B1B68BDF8222011461846FFF71E
:1089E00004FE039B1B681846FFF714FE07900799C7
:1089F0000198FFF79BFF0590039B1B680999184698
:108A0000FFF737FE059B012B15D1039B1868019BCF
:108A100001331A460299FFF7ADFD1020FFF792FDD2
:108A2000039B1B681846FFF7F5FD0246079B934220
:108A300035D00D2339E0039B1B68019A0299184633
:108A4000FFF798FD039B1B681846FFF7E3FD0790AF
:108A5000019B013B07991846FFF768FF0590009BB3
:108A6000C3F1FF1303F57F43059A9A4201D90D2301
:108A70001BE0059B002B12D1039B1868019B01335F
:108A80001A460299FFF776FD039B1B681846FFF70D
:108A9000C1FD0246079B934201D00D2305E0012250
:108AA00009990398FFF7D6FE002318460BB05DF82E
:108AB00004FB00BF008B030000B583B001900B46A0
:108AC0008DF803309DF803301A4602210198FFF714
:108AD000C1FE00BF03B05DF804FB00B583B0019098
:108AE0004FF482710198FFF7F7FE0346184603B072
:108AF0005DF804FB00B583B0019000914FF4803223
:108B0000009B02FA03F319460198FFF7C7FE00BF66
:108B100003B05DF804FB00B585B001900091009BA7
:108B200050339BB29B00ADF80E30BDF80E301946A5
:108B30000198FFF7D1FE0346184605B05DF804FB27
:108B400000B583B00190019B1B681846FFF762FDDA
:108B50000346184603B05DF804FB00B583B00190EE
:108B6000019B93F904301846FFF772FC00BF03B075
:108B70005DF804FB08B5044B1B68044A12681046F4
:108B8000984700BF08BD00BFFC2C0020002D00202E
:108B900086B001900091019B53E8011F8AB2D889E9
:108BA00002449889824228BF121A1889824202BF61
:108BB000BFF32F8F002307E0C2EA010243E8012040
:108BC0000028E9D14FF001038DF80F300590029194
:108BD0000492029A009B1A609DF80F30DBB218468F
:108BE00006B0704784B00190019951E8013FC3EA93
:108BF000034341E80132002AF7D10392029300BFF8
:108C000004B0704786B001900091019B53E8021FA9
:108C10001FFAA1F2D888824202BFBFF32F8F002330
:108C20000DE0D88902449889824228BF121AC1EA0D
:108C3000024243E802200028E8D14FF001038DF8FA
:108C40000F30059002910492029A009B1A609DF8E1
:108C50000F30DBB2184606B0704784B0019001991E
:108C600051E8023FC3EA234341E80232002AF7D128
:108C70000392029300BF04B0704784B00390029146
:108C800011461A460B46ADF806301346ADF80430CF
:108C9000029B002B01D10E231FE0BDF80630BDF86A
:108CA0000420B3FBF2F101FB02F29B1A9BB2002BF2
:108CB00001D0092311E0039B029A1A60039B002252
:108CC0005A60039B00229A60039BBDF806209A819C
:108CD000039BBDF80420DA810023184604B07047D6
:108CE00000B585B001900091009B19460198FFF7EF
:108CF0004FFF0346002B07D0019B1B68009A128888
:108D000013440393039B00E00023184605B05DF86D
:108D100004FB00B583B001900091009B1A88009B72
:108D20005B889A4204D10198FFF75CFF012300E0C1
:108D30000023184603B05DF804FB00B585B0019030
:108D40000091009B19460198FFF75CFF0346002B3A
:108D500007D0019B1B68009A528813440393039B1E
:108D600000E00023184605B05DF804FB00B583B0B1
:108D700001900091009B1A88009B5B889A4204D165
:108D80000198FFF76AFF012300E00023184603B0B3
:108D90005DF804FB00B585B001900091009B5B0974
:108DA0009B00019A1A44009B03F01F03012101FA62
:108DB00003F31946104600F036F8039000BF05B0E3
:108DC0005DF804FB00B585B001900091009B5B0944
:108DD0009B00019A1A44009B03F01F03012101FA32
:108DE00003F3DB431946104600F035F8039000BF4B
:108DF00005B05DF804FB82B001900091009B5B0917
:108E00009B00019A13441A68009B03F01F0322FA87
:108E100003F303F00103002B14BF01230023DBB293
:108E2000184602B0704710B487B001900091019BC2
:108E3000009A53E8004F44EA020043E8000191F031
:108E4000000FF6D1059404900391049B184607B0D7
:108E50005DF8044B704710B487B001900091019BFE
:108E6000009A53E8004F04EA020043E8000191F041
:108E7000000FF6D1059404900391049B184607B0A7
:108E80005DF8044B7047000082B003468DF8073050
:108E90009DF8073003F01F0206499DF907305B0972
:108EA000012000FA02F2603341F8232000BF02B033
:108EB000704700BF00E100E000B583B00190019B66
:108EC000002B03D10649722005F052FC019B0022C1
:108ED0001A60BFF35F8F00BF00BF03B05DF804FBF3
:108EE000D48B030041DF704700BF184600B585B042
:108EF00000238DF803300DF103031846FFF744FA01
:108F0000F1EE103A0193019B0393039B23F09F031F
:108F10000293029BE1EE103A00BFBFF35F8F00BFE8
:108F20002620FFF7B1FF9DF803301846FFF742FAFD
:108F3000039B03F00703002B03D004497D2005F0B9
:108F400017FC00BF05B05DF804FB00BF148C0300E4
:108F500008B5064B00221A700548FFF7ADFF05491A
:108F6000054800F02FF80023184608BD0C2D0020FE
:108F7000082D0020808C0300102D002000B583B048
:108F8000FFF7B4FF0AF002FF0346002B0ED0FFF7F5
:108F9000A9FF0190019B002B0ED0019B022B0BD04F
:108FA00007494FF4B07005F0E3FB05E020BF00BFB8
:108FB00040BF00BF20BF00BF00BF03B05DF804FB8F
:108FC000148C030000B583B001900091019B002B2D
:108FD00003D11049502005F0CBFB009B002B03D19F
:108FE0000C49512005F0C4FB019B009A1A60019BBB
:108FF0001B681A68019B5A60019B5A68019B1B6899
:109000005B689A4202D1019B00225A6000BF03B004
:109010005DF804FB8C8C030000B583B00190019BCC
:10902000002B03D11449632005F0A2FB019B1B68B0
:10903000002B03D11049642005F09AFB019B5B686B
:10904000002B14D0019B5B681A46019B1B689B6830
:1090500013441A46019B5A60019B5A68019B1B6886
:109060005B689A4204D1019B00225A6000E000BF75
:1090700003B05DF804FB00BF8C8C030000B585B025
:1090800001900091019B002B03D118493A2005F073
:109090006FFB009B002B03D114493B2005F068FBBC
:1090A000019B5B6803930FE0019B9B68039A126826
:1090B000009910469847034683F00103DBB2002B6A
:1090C00007D1039B1B680393039B1B68002BEBD109
:1090D00000E000BF039B1A68009B1A60039B009A84
:1090E0001A6000BF05B05DF804FB00BF108D0300DF
:1090F00000B585B00190019B002B03D10C49512094
:1091000005F036FB019B5B681B680393019B5B6862
:109110001B68002B06D0019B5B681A68019B5B688B
:1091200012681A60039B184605B05DF804FB00BF87
:10913000108D030000B583B00190019B002B03D17B
:1091400005495D2005F014FB019B5B681B68184610
:1091500003B05DF804FB00BF108D030000B585B0BF
:1091600001900091019B002B03D11649692005F065
:10917000FFFA009B002B03D112496A2005F0F8FA90
:1091800000238DF80F30019B5B6802930FE0029B78
:109190001B68009A9A4207D1009B1A68029B1A60CA
:1091A00001238DF80F3006E0029B1B680293029B9F
:1091B0001B68002BEBD19DF80F30184605B05DF809
:1091C00004FB00BF108D0300BFF34F8F00BF074BA0
:1091D000DB6803F4E0620549054B1343CB60BFF342
:1091E0004F8F00BF00BF00BFFCE700BF00ED00E0F5
:1091F0000400FA05024B034A1A6000BF704700BF23
:10920000042B00200090D00308B500F097F9034626
:10921000002B06D0B74B1B681B0AB74A03F01F038D
:10922000136000F0B7F90346002B02D0B34BB44AE9
:109230001A6000F0CBF90346002B06D0B14B1B6837
:109240005B0BB14A03F00703136000F0EBF9034630
:10925000002B05D0AD4BDB68AC4A23F08073D360A4
:1092600000F0FCF90346002B0ED04FF080430022A3
:10927000C3F80C214FF080430022C3F810214FF0B7
:1092800080430022C3F8382500F014FA0346002B6F
:1092900002D09F4B03221A6000F028FA0346002BED
:1092A0000BD09C4B05221A609B4B01221A609B4BF2
:1092B00000221A609A4B3F221A6000F033FA0346EC
:1092C000002B76D04FF08053964AD3F80434C2F87E
:1092D00020354FF08053934AD3F80834C2F8243530
:1092E0004FF080538F4AD3F80C34C2F828354FF032
:1092F00080538C4AD3F81034C2F82C354FF0805389
:10930000884AD3F81434C2F830354FF08053854A78
:10931000D3F81834C2F834354FF08053814AD3F86B
:109320001C34C2F840354FF080537E4AD3F82034C5
:10933000C2F844354FF080537A4AD3F82434C2F847
:1093400048354FF08053774AD3F82834C2F84C356B
:109350004FF08053734AD3F82C34C2F850354FF095
:109360008053704AD3F83034C2F854354FF08053EC
:109370006C4AD3F83434C2F860354FF08053694AF0
:10938000D3F83834C2F864354FF08053654AD3F8C7
:109390003C34C2F868354FF08053624AD3F8403409
:1093A000C2F86C354FF080535E4AD3F84434C2F8AB
:1093B000703500F0D3F90346002B05D05A4B1B68DB
:1093C0005A4A03F04F03136000F0F4F90346002BF0
:1093D0000DD04FF08043D3F8003403F00103002B8D
:1093E00005D04FF080436FF00102C3F8002400F075
:1093F0000DFA0346002B05D04D4B1B684C4A43F435
:10940000806313604B4BD3F888304A4A43F47003AF
:10941000C2F88830BFF34F8F00BFBFF36F8F00BF1C
:109420004FF01023D3F80C3203F00103012B25D1A8
:10943000414B0122C3F8042500BF3F4BD3F8003451
:10944000002BFAD04FF01023D3F80C324FF010223B
:1094500023F00103C2F80C3200BF374BD3F80034BD
:10946000002BFAD0344B0022C3F8042500BF324B46
:10947000D3F80034002BFAD0FFF7A6FE4FF01023EC
:10948000D3F80032002B05DB4FF01023D3F8043261
:10949000002B2BDA284B0122C3F8042500BF264BF2
:1094A000D3F80034002BFAD04FF010231522C3F864
:1094B000002200BF204BD3F80034002BFAD04FF02D
:1094C00010231522C3F8042200BF1B4BD3F800342D
:1094D000002BFAD0184B0022C3F8042500BF164B0E
:1094E000D3F80034002BFAD0FFF76EFEFFF782FEB0
:1094F00000BF08BD240300104035014074C0074080
:109500000DF0ADBA440200103C050040F0ED00E063
:10951000A0050040105600408856004018560040F4
:109520001456004000C0004058020010E40E0040F5
:109530003C17004000ED00E000E00140124B1B68CA
:10954000DBB2062B1DD1114B1B6803F00F03002B60
:1095500017D10F4B1B6803F0F003302B01D101230F
:1095600010E00B4B1B6803F0F003402B01D10123EB
:1095700008E0074B1B6803F0F003502B01D10123D7
:1095800000E0002318467047E00F00F0E40F00F001
:10959000E80F00F00A4B1B68DBB2062B0DD1094B1C
:1095A0001B6803F00F03002B07D1074B1B6803F068
:1095B000F003302B01D1012300E00023184670474F
:1095C000E00F00F0E40F00F0E80F00F0124B1B6812
:1095D000DBB2062B1DD1114B1B6803F00F03002BD0
:1095E00017D10F4B1B6803F0F003302B01D101237F
:1095F00010E00B4B1B6803F0F003402B01D101235B
:1096000008E0074B1B6803F0F003502B01D1012346
:1096100000E0002318467047E00F00F0E40F00F070
:10962000E80F00F00A4B1B68DBB2062B0DD1094B8B
:109630001B6803F00F03002B07D1074B1B6803F0D7
:10964000F003302B01D1012300E0002318467047BE
:10965000E00F00F0E40F00F0E80F00F0124B1B6881
:10966000DBB2062B1DD1114B1B6803F00F03002B3F
:1096700017D10F4B1B6803F0F003302B01D10123EE
:1096800010E00B4B1B6803F0F003402B01D10123CA
:1096900008E0074B1B6803F0F003502B01D10123B6
:1096A00000E0002318467047E00F00F0E40F00F0E0
:1096B000E80F00F00A4B1B68DBB2062B0DD1094BFB
:1096C0001B6803F00F03002B07D1074B1B6803F047
:1096D000F003302B01D1012300E00023184670472E
:1096E000E00F00F0E40F00F0E80F00F00A4B1B68F9
:1096F000DBB2062B0DD1094B1B6803F00F03002BC7
:1097000007D1074B1B6803F0F003302B01D1012375
:1097100000E0002318467047E00F00F0E40F00F06F
:10972000E80F00F00A4B1B68DBB2062B0DD1094B8A
:109730001B6803F00F03002B07D1074B1B6803F0D6
:10974000F003502B01D1012300E00023184670479D
:10975000E00F00F0E40F00F0E80F00F0124B1B6880
:10976000DBB2062B1DD1114B1B6803F00F03002B3E
:1097700017D10F4B1B6803F0F003302B01D10123ED
:1097800010E00B4B1B6803F0F003402B01D10123C9
:1097900008E0074B1B6803F0F003502B01D10123B5
:1097A00000E0002318467047E00F00F0E40F00F0DF
:1097B000E80F00F0124B1B68DBB2062B1DD1114BDA
:1097C0001B6803F00F03002B17D10F4B1B6803F02E
:1097D000F003302B01D1012310E00B4B1B6803F089
:1097E000F003402B01D1012308E0074B1B6803F075
:1097F000F003502B01D1012300E0002318467047ED
:10980000E00F00F0E40F00F0E80F00F0064B1B68DB
:10981000062B05D1054B1B68062B01D1012300E067
:1098200000231846704700BF3001001034010010BB
:1098300082B003468DF807309DF8073003F01F0211
:1098400006499DF907305B09012000FA02F2203336
:1098500041F8232000BF02B0704700BF00E100E0E4
:1098600008B50AF093FA034683F00103DBB2002B3C
:1098700003D10549792004F07BFF00F0DFFB034BA7
:1098800000229A7000BF08BD7C8D0300182D0020B7
:1098900000B583B000230193144B1B78002B02D03A
:1098A000852301931CE0114B00229A600F4B00228C
:1098B0005A600E4B00221A610C4B0022DA600C48F1
:1098C00000F068FB01900AF061FA034683F001039F
:1098D000DBB2002B01D000F083FB044B01221A7095
:1098E000019B184603B05DF804FB00BF182D002053
:1098F000B99A020084B001900091019B1B68039308
:1099000006E0039A009B9A420DD0039B1B680393C9
:10991000039B002BF5D1019B1A68009B1A60019BE9
:10992000009A1A6000E000BF04B0704784B0019054
:10993000019B1B680393039B002B03D0039B1A68B6
:10994000019B1A60039B184604B0704700B585B0B0
:109950000190294B1B78002B03D12849E92004F002
:1099600007FF254B9B78DBB2002B19D0019B002B06
:1099700003D0019B5B680120984700238DF80F30CE
:109980000DF10F031846FEF7FFFC1B4BDB6801339C
:10999000194AD3609DF80F301846FEF70BFD1EE004
:1099A00000238DF80E300DF10E031846FEF7ECFC87
:1099B000019B002B03D001991148FFF79BFF0E4B31
:1099C000DB68002B01D100F01FFB0B4BDB68013380
:1099D000094AD3609DF80E301846FEF7EBFC064BA3
:1099E000DB68002B04D1054940F2051004F0C0FEED
:1099F00000BF05B05DF804FB182D00207C8D03002E
:109A0000282D002000B583B0164B1B78002B04D105
:109A100015494FF4857004F0ABFE124BDB68002B48
:109A200004D1114940F20B1004F0A2FE00238DF87E
:109A300007300DF107031846FEF7A6FC094BDB685B
:109A4000013B084AD360074BDB68002B01D1FFF7CD
:109A500007FF9DF807301846FEF7ACFC00BF03B0C7
:109A60005DF804FB182D00207C8D030000B585B047
:109A700003468DF807309DF80730002B02D10C4BC0
:109A8000039301E00B4B03930398FFF74FFF029002
:109A9000029B002B06D0029B5B689DF807201046B6
:109AA0009847F1E700BF00BF05B05DF804FB00BFB9
:109AB000202D0020282D002000B583B003468DF80E
:109AC00007309DF80730002B05D10A4B01225A7050
:109AD0000020FFF7CBFF9DF80730012B05D1054B88
:109AE00001229A700120FFF7C1FF00BF03B05DF8AB
:109AF00004FB00BF182D002000B583B00190009139
:109B0000019B002B05D1054B01225A700020FFF765
:109B1000ADFF00BF03B05DF804FB00BF182D0020AF
:109B200000B585B0034600918DF807309DF80730E9
:109B3000032B29D0032B35DC002B02D0012B04D0C2
:109B400030E00020FFF774FE2DE000238DF80F3089
:109B50000DF10F031846FEF717FC154B1B7883F029
:109B60000103DBB2002B01D0FFF792FE104BDB6844
:109B700001330F4AD3600E4B01229A709DF80F30CB
:109B80001846FEF717FC0EE0094B1B78002B04D19A
:109B9000084940F2452004F0EBFD00F021FAFFF700
:109BA00031FF00E000BF00BF05B05DF804FB00BF5F
:109BB000182D00207C8D030000B589B00190009124
:109BC000009B0793019B1B788DF80C30019B5B6811
:109BD0000493019B9B68DBB28DF81430019BDB681A
:109BE0000693074A079B52F823300649079A51F813
:109BF000221003AA1046984700BF09B05DF804FB85
:109C00002C2D0020342D002000B589B0019000914A
:109C1000009B0793019B1B788DF80C30019B5B68C0
:109C20000493019B9B68DBB28DF81430019BDB68C9
:109C30000693074A079B52F823300649079A51F8C2
:109C4000221003AA1046984700BF09B05DF804FB34
:109C50002C2D0020342D002030B58FB003900291C0
:109C60000192039B1B780C932C490C9B019A41F8A1
:109C70002320029B1A692A490C9B41F823200C9B44
:109C8000012B07D1029B5B7F002B03D12549762056
:109C900004F06EFD029B5B7F1946234A0C9B134424
:109CA0000A461A70029B04AC1D460FCD0FC495E8FE
:109CB0000F0084E80F000C9B089300230D93039B77
:109CC0001B781A46184B9B5C002B0DD0039B181D6C
:109CD000019B002B01D0154A00E0002204AB19467D
:109CE00002F046FE0D9014E0039B1B781A460E4BC3
:109CF0009B5C002B0DD1039B03F10C00019B002BFF
:109D000001D00B4A00E0002204AB194601F09CFE92
:109D10000D900D9B18460FB030BD00BF2C2D0020BC
:109D2000342D0020E48D03003C2D0020B99B02005F
:109D3000099C020082B003468DF807309DF8073079
:109D400003F01F0205499DF907305B09012000FA65
:109D500002F241F8232000BF02B0704700E100E0AA
:109D600082B0034600918DF807309DF90730002B33
:109D70000CDA009BDAB20C499DF8073003F00F03B0
:109D8000043B5201D2B20B441A7609E0009BDAB2CE
:109D900006499DF907305201D2B20B4483F80023E3
:109DA00000BF02B0704700BF00ED00E000E100E03E
:109DB00082B00190019B1B0B5BB2184602B070474A
:109DC00000B583B003460A468DF8073013468DF878
:109DD00006309DF80630012B03D99DF80630032B81
:109DE0000BD99DF80630042B03D99DF80630072BBC
:109DF00003D908496B2004F0BBFC9DF806209DF9AF
:109E0000073011461846FFF7ABFF00BF03B05DF8FF
:109E100004FB00BF4C8E030000B583B003468DF8F1
:109E200007309DF907301846FFF784FF00BF03B0E5
:109E30005DF804FB82B003468DF807300F4A9DF9A8
:109E40000730002B00DA1F335B115BB252F823207E
:109E50009DF90730594203F01F0301F01F0158BF5D
:109E60004B425BB222FA03F303F00103002B14BF51
:109E700001230023DBB2184602B0704700E100E086
:109E800082B001904FF08042019BC2F8043300BFC2
:109E900002B0704782B001904FF08042019BC2F83F
:109EA000083300BF02B0704782B003468DF8073018
:109EB0009DF8073003F1804301221A6000BF02B011
:109EC000704784B00346ADF80630BDF8063003F1A4
:109ED000804300221A60BDF8063003F180431B68FE
:109EE0000393039B00BF04B0704782B00346ADF8F4
:109EF0000630BDF8063003F180431B68002B14BF09
:109F000001230023DBB2184602B0704782B00190F3
:109F10004FF08042019BC2F8183500BF02B0704775
:109F20004FF08043D3F818341B0C03F00103002BCF
:109F300014BF01230023DBB21846704700B583B07D
:109F400006238DF807304FF08040FFF731FF0346BE
:109F50001846FFF76FFF034683F00103DBB2002BC7
:109F600013D04FF08040FFF723FF03461A469DF8B9
:109F7000073019461046FFF723FF4FF08040FFF7E8
:109F800017FF03461846FFF747FF00BF03B05DF811
:109F900004FB000000B585B00190019B002B03D1AC
:109FA0000D49A42004F0E4FB002303930B4B1B7921
:109FB000002B02D08523039308E0084A019B13601D
:109FC000064B01221A71054B00225A71039B184659
:109FD00005B05DF804FB00BF848E0300402D002017
:109FE00008B5074B1B79002B03D10649BD2004F0AF
:109FF000BFFBFFF7A3FF0120FFF788FF00BF08BDED
:10A00000402D0020848E030008B50A4B1B79002BDD
:10A0100003D10949EA2004F0ABFB4FF48270FFF74B
:10A0200050FF0220FFF72CFF0820FFF73DFF00BF85
:10A0300008BD00BF402D0020848E030008B50A4BE8
:10A040001B79002B03D10949F72004F091FB0C2068
:10A05000FFF72AFF00BFFFF763FF0346002BFAD18B
:10A0600000BF00BF08BD00BF402D0020848E03004C
:10A0700008B54FF48070FFF738FF0346002B14D06B
:10A080004FF48070FFF71DFF0120FFF703FF114B16
:10A090005B7983F00103DBB2002B06D00D4B01226C
:10A0A0005A710C4B1B68002098474FF48270FFF7E1
:10A0B0001CFF0346002B0AD04FF48270FFF701FF0C
:10A0C0000220FFF7E7FE034B1B680120984700BF03
:10A0D00008BD00BF402D002082B003468DF8073038
:10A0E0009DF8073003F01F0205499DF907305B0911
:10A0F000012000FA02F241F8232000BF02B07047AD
:10A1000000E100E082B0034600918DF807309DF930
:10A110000730002B0CDA009BDAB20C499DF80730AF
:10A1200003F00F03043B5201D2B20B441A7609E04C
:10A13000009BDAB206499DF907305201D2B20B44B6
:10A1400083F8002300BF02B0704700BF00ED00E0BD
:10A1500000E100E000B583B003460A468DF8073001
:10A1600013468DF806309DF80630012B03D99DF873
:10A170000630032B0BD99DF80630042B03D99DF82C
:10A180000630072B03D908496B2004F0F1FA9DF83B
:10A1900006209DF9073011461846FFF7B3FF00BFB0
:10A1A00003B05DF804FB00BFEC8E030000B583B084
:10A1B00003468DF807309DF907301846FFF78CFFEE
:10A1C00000BF03B05DF804FB00B583B00346ADF8F3
:10A1D0000630BDF80630184600F026F803461B6826
:10A1E000012B0CBF01230023DBB2184603B05DF83E
:10A1F00004FB00B585B00346ADF80630BDF8063067
:10A20000184600F011F803461A4600231360BDF803
:10A210000630184600F008F803461B680393039BBA
:10A2200000BF05B05DF804FB82B00346ADF8063010
:10A23000BDF8063003F1804303F5C043184602B071
:10A240007047000082B00190034A019BC2F80433BA
:10A2500000BF02B0704700BF0060004082B00190B4
:10A26000034BD3F80423019B1340184602B07047F8
:10A270000060004082B00190084A019B03F5A27380
:10A2800052F82330054943F00102019B03F5A27304
:10A2900041F8232000BF02B0704700BF00600040BB
:10A2A00084B00390029113468DF80730144A039B43
:10A2B00003F5A27352F82330114923F44F3323F4EA
:10A2C0004073039A02F5A27241F822300C4A039BB4
:10A2D00003F5A27352F82320029B1B0203F47C5166
:10A2E0009DF807301B0403F440330B4304491A4321
:10A2F000039B03F5A27341F8232000BF04B070470D
:10A300000060004082B00190054A019B03F5A273F2
:10A3100052F823301B0A03F03F03184602B070477F
:10A320000060004082B00190064A019B03F5A273D1
:10A3300052F823301B0C03F00303DBB2184602B0C3
:10A34000704700BF0060004000B583B00190019BE2
:10A350001B682F2B04D90B4940F2CD1004F008FAEA
:10A36000019B1B681F2B02D84FF0A04306E0019B06
:10A370001B6803F01F02019B1A60034B184603B0D1
:10A380005DF804FB248F03000003005000B585B086
:10A390000190084611461A4603468DF803300B46D5
:10A3A0008DF8023013468DF8013001AB1846FFF7E7
:10A3B000CBFF03909DF803209DF802305B001A4309
:10A3C0009DF801309B001A439DF818301B0242EAA9
:10A3D00003019DF81C301B04019A1943039B02F5ED
:10A3E000E07243F8221000BF05B05DF804FB00B531
:10A3F00085B003900B468DF80B309DF80B30002292
:10A40000019200220092002200210398FFF7BEFF74
:10A4100000BF05B05DF804FB00B585B0019001AB4D
:10A420001846FFF791FF0390019A039B02F5E07233
:10A4300053F8223023F002030293019A039B02F5A2
:10A44000E072029943F8221000BF05B05DF804FBEA
:10A4500000B585B001900B468DF8033001AB18466E
:10A46000FFF772FF0390019A039B02F5E07253F825
:10A470002230019A23F44031039B02F5E07243F845
:10A480002210019A039B02F5E07253F822309DF8E6
:10A49000032012041146019A1943039B02F5E0724E
:10A4A00043F8221000BF05B05DF804FB00B585B08D
:10A4B000019001AB1846FFF747FF0390039800F0A7
:10A4C00020F80246019B22FA03F303F00103184629
:10A4D00005B05DF804FB00B585B0019001AB1846EE
:10A4E000FFF732FF0390019A039B02F5E07253F8E5
:10A4F00022301B0C03F00303DBB2184605B05DF8F5
:10A5000004FB82B00190019BD3F81035184602B0CD
:10A510007047000000B589B0039002910192184A7B
:10A5200005AB92E8030083E80300039A029B1344FF
:10A53000022B04D9134940F2FD2004F019F9039BC2
:10A54000079311E0079B9B0008AA134453F80C3CA7
:10A550001846FFF7D6FF0246019B1A60019B0433A1
:10A560000193079B01330793039A029B1344079AB5
:10A570009A42E7D300BF00BF09B05DF804FB00BFFB
:10A580005C8F0300248F030084B001900091009B36
:10A590000393019BDB080293019B03F007030193E4
:10A5A0000122019B02FA03F30399029A0A441278EA
:10A5B0001340184604B0704784B001900091009B8E
:10A5C0000393019BDB080293019B03F007030193B4
:10A5D000039A029B13441B785AB20121019B01FA92
:10A5E00003F35BB2134359B2039A029B1344CAB2FA
:10A5F0001A7000BF04B0704782B001900C4A019BF2
:10A600001344303393F90030002B09DB084A019BD7
:10A610001344303393F90030072B01DC012300E0B1
:10A62000002303F00103DBB2184602B0704700BFFD
:10A63000482D002082B00190064A019B134430331C
:10A6400093F90030072BCCBF01230023DBB218465F
:10A6500002B07047482D002082B00190064A019B4D
:10A660001344303393F90030DB43DBB2DB09DBB258
:10A67000184602B0704700BF482D002084B00390F8
:10A68000029101928DF80330029B59B20E4A039B4E
:10A69000134430330A461A700B49029B019A41F861
:10A6A00023209DF8033083F00103DBB2002B08D098
:10A6B000029B083B039A51B2034A13440A4683F8AB
:10A6C000602000BF04B07047482D002082B0019088
:10A6D000044A019B13443033FF221A7000BF02B0BA
:10A6E000704700BF482D002000B583B00190044999
:10A6F0000198FFF761FF00BF03B05DF804FB00BFE6
:10A70000AC2D002082B00190044A019B13443033E9
:10A7100093F90030184602B0704700BF482D002062
:10A7200082B00190034A019B52F82330184602B0D0
:10A73000704700BF482D002000B589B003900291FA
:10A7400013468DF80730FF238DF81F309DF8073032
:10A75000002B01D0002300E0082305939DF807306B
:10A76000002B01D0082300E00C230493059B0693E3
:10A7700014E00F4A069B52F82330B3F1FF3F0AD191
:10A780009DF80730029A06990398FFF777FF069B1A
:10A790008DF81F3006E0069B01330693069A049B52
:10A7A0009A42E6D39DF91F30184609B05DF804FBC4
:10A7B000482D002082B003468DF807309DF8073001
:10A7C000094A4FF0FF3142F823109DF80730072B5C
:10A7D00007D99DF80730083B034A1344FF2283F84A
:10A7E000602000BF02B07047482D002000B583B044
:10A7F000254B93F86A30002B03D008230093009B6D
:10A800003EE000238DF8073009E09DF80730184638
:10A81000FFF75CFF9DF8073001338DF807309DF896
:10A8200007302F2BF1D900238DF8073009E09DF870
:10A8300007301846FFF7BEFF9DF8073001338DF84B
:10A8400007309DF807300B2BF1D9062200210F4865
:10A850000DF075F806210620FFF77CFC0620FFF7B7
:10A86000A5FC4FF4BE70FFF7C4FC4FF00040FFF7AB
:10A87000E9FC054B012283F86A2000230093009B2A
:10A88000184603B05DF804FB482D0020AC2D0020D5
:10A8900000B587B0039002910192039B2F2B04D93E
:10A8A000364940F2072003F063FF00230593039825
:10A8B000FFF7D2FE0346002B02D00823059357E092
:10A8C000029B9B78C3F34003DBB21A4601990398BD
:10A8D000FFF732FF03468DF813309DF91330B3F1C3
:10A8E000FF3F43D0029B9B78C3F38003DBB283F02E
:10A8F0000103DBB2002B13D0029B9B7803F0010312
:10A90000DBB2002B03D00398FFF786FD05E0029B26
:10A910005B7819460398FFF76AFD0398FFF7E4FE9A
:10A92000029B9B7803F00203DBB2002B08D09DF959
:10A930001300029B1B781A460399FFF7B1FC17E03E
:10A940009DF91330083B0E4A134493F96010029BA3
:10A950001B789B015AB29DF91330083B0A4351B250
:10A96000074A13440A4683F8602001E00423059354
:10A97000059B184607B05DF804FB00BF648F030019
:10A98000482D002000B589B001900B468DF80330AA
:10A99000019B2F2B04D93D4940F2372003F0E8FEFC
:10A9A0000198FFF759FE0346002B04D137494FF4B5
:10A9B0000E7003F0DDFE0198FFF73CFE0346002B0E
:10A9C0002FD00198FFF79EFE0346083B304A134400
:10A9D00093F960308DF80F309DF80F309B098DF89A
:10A9E0000E309DF80E30032B0BD10198FFF75EFD62
:10A9F0000346002B01D0032300E002238DF81F3013
:10AA000008E09DF80E30012B01D1022300E0032362
:10AA10008DF81F309DF81F3019460198FFF718FD7B
:10AA200030E00198FFF7E8FD0346002B2AD001989B
:10AA3000FFF768FE03460693069B9BB240339BB22A
:10AA40009B00ADF81630069B1846FFF713FCBDF8C7
:10AA500016301846FFF7CDFB9DF80330002B11D0C0
:10AA60000198FFF74FFE03461846FFF759FE049082
:10AA7000049B002B06D00122069B02FA03F3184622
:10AA8000FFF7E0FB00BF09B05DF804FB648F030033
:10AA9000482D002000B599B00023179306AB002283
:10AAA0001A605A604FF48073ADF856300123149346
:10AAB0000023169321E0BDF856301846FFF784FBBB
:10AAC0000346002B0ED01498FFF7C8FB0346002B5B
:10AAD00008D0BDF856301846FFF78BFB179A149B29
:10AAE00013431793149B5B001493BDF85630043343
:10AAF000ADF85630169B01331693169B072BDAD907
:10AB00004FF4BE70FFF760FB0346002B0DD04FF4EF
:10AB1000BE70FFF76EFB179B43F00043179306AB25
:10AB20001A4602210020FFF7F5FC179BDBB2002B31
:10AB300029D0012314930023169321E0149A179B24
:10AB40001340002B16D01698FFF7DCFB11901698D7
:10AB5000FFF7E8FB03468DF843301698FFF7E0FD5A
:10AB60000F900F9B002B05D09DF843200F9B1146A3
:10AB700011989847149B5B001493169B013316930E
:10AB8000169B072BDAD9179B002B80F2F08000234D
:10AB90008DF84B3004AB00221A605A6000231393E7
:10ABA0000AE0139B9B0018AA13444FF0FF3243F8AE
:10ABB000582C139B01331393139B012BF1D90023C2
:10ABC0008DF84B300023169378E06B4A169B1344A4
:10ABD000603393F900308DF83B309DF83B3023F023
:10ABE000C0030D93644A169B1344603393F90030FD
:10ABF000B3F1FF3F5FD002AB19460D98FFF7C4FCDD
:10AC00000346002B57D09DF83B309B098DF833301D
:10AC10000D98FFF777FD03461846FFF781FD0B906F
:10AC20000B9B002B03D19DF83330032B43D19DF8B0
:10AC30003330032B04D104AB19460D98FFF7BCFC4D
:10AC40000D98FFF748FC03468DF82B3006AB1946EC
:10AC50000D98FFF799FC0990099B002B03D09DF8F4
:10AC60002B30022B06D0099B002B24D19DF82B30D2
:10AC7000032B20D19DF83330032B13D19DF82B30BB
:10AC8000022B01D1032300E002238DF823309DF82D
:10AC9000233019460D98FFF7DBFB9DF84B3001334D
:10ACA0008DF84B300B9B002B05D09DF833200B9B70
:10ACB00011460D989847169B01331693169B032B4C
:10ACC00083D99DF84B30002B4CD001238DF84A30AE
:10ACD0006B461A4602210020FFF71CFC0023139349
:10ACE00014E0139B9B0018AA134453F8602C139B89
:10ACF0009B0018A90B4453F8483C9A4203D0002308
:10AD00008DF84A3005E0139B01331393139B012BFD
:10AD1000E7D99DF84A30002B03D000238DF84B3043
:10AD200020E0002313931AE0139B9B0018AA1344FE
:10AD300053F8602C139B9B0018A90B4443F8482C34
:10AD4000139B9B0018AA134453F8502C139B9B0091
:10AD500018A90B4443F8582C139B01331393139BEE
:10AD6000012BE1D99DF84B30002B7FF428AF00BFB9
:10AD700019B05DF804FB00BF482D002008B5064B54
:10AD80001B68002B03D10549512003F0F1FC024B55
:10AD90001B68984700BF08BDB42D0020CC8F03006E
:10ADA00082B00190019B044A934201D1034B00E021
:10ADB0000023184602B0704700200040B42D002048
:10ADC00000B587B001900091019B002B03D11C4975
:10ADD000772003F0CDFC0198FFF7E2FF0490049B7D
:10ADE000002B25D000238DF8173000238DF80B3071
:10ADF0000DF10B031846FDF7C7FA049B1B79002BD6
:10AE000003D001238DF8173005E0049B009A1A60E7
:10AE1000049B01221A719DF80B301846FDF7CAFAFF
:10AE20009DF81730002B03D011230393039B02E0FE
:10AE300000230393039B184607B05DF804FB00BF93
:10AE4000CC8F030000B585B00190019B002B03D18E
:10AE50000A499B2003F08CFC0198FFF7A1FF0390A7
:10AE6000039B002B05D0039B00221A60039B00224A
:10AE70001A7100BF05B05DF804FB00BFCC8F030062
:10AE800082B00190019B03F06043B3F1005F0CBFFF
:10AE900001230023DBB2184602B0704782B0019054
:10AEA0000B468DF803309DF80330019A13440122BC
:10AEB0001A6000BF02B0704784B001900B46ADF835
:10AEC0000230BDF80230019A134400221A60BDF826
:10AED0000230019A13441B680393039B00BF04B024
:10AEE000704782B001900B46ADF80230BDF80230D9
:10AEF000019A13441B68002B14BF01230023DBB20B
:10AF0000184602B0704782B001900091019B009AF0
:10AF1000C3F8042300BF02B0704782B001900091D3
:10AF2000019B009AC3F8082300BF02B0704784B0A9
:10AF3000039002910192029A039BC3F84425039B5C
:10AF4000019AC3F8482500BF04B0704784B003904D
:10AF500002910192029A039BC3F83425039B019A44
:10AF6000C3F8382500BF04B0704782B00190019B40
:10AF70000122C3F8502500BF02B0704782B0019093
:10AF8000019B0022C3F8502500BF02B0704782B079
:10AF90000190019B0122C3F8402500BF02B0704719
:10AFA00082B00190019B0022C3F8402500BF02B08F
:10AFB0007047000000B583B00190019B1B682F2BE8
:10AFC00004D90B4940F2CD1003F0D2FB019B1B6862
:10AFD0001F2B02D84FF0A04306E0019B1B6803F033
:10AFE0001F02019B1A60034B184603B05DF804FB77
:10AFF0006C9003000003005000B585B0019001ABD8
:10B000001846FFF7D7FF0390019B012202FA03F3D2
:10B010001946039800F018F800BF05B05DF804FB6E
:10B0200000B585B0019001AB1846FFF7C3FF039050
:10B03000019B012202FA03F31946039800F00EF86F
:10B0400000BF05B05DF804FB82B001900091019B48
:10B05000009AC3F8082500BF02B0704782B0019083
:10B060000091019B009AC3F80C2500BF02B0704705
:10B0700000B583B00190019BDB7FFF2B0ED0019BBD
:10B080009B7F002B05D0019BDB7F1846FFF7C8FF95
:10B0900004E0019BDB7F1846FFF7AEFF019B002217
:10B0A0005A77019B00221A72019B1B68019A02F1D8
:10B0B0000800019A52681146984700BF03B05DF836
:10B0C00004FB00B583B001900B468DF803309DF86A
:10B0D000033083F00103DBB2002B04D04021019840
:10B0E000FFF71BFF03E040210198FFF70CFF00BFB3
:10B0F00003B05DF804FB00B583B001900091009BA4
:10B1000003F00103002B03D00198FFF72EFF02E0AC
:10B110000198FFF733FF009B03F00203002B03D0DD
:10B120000198FFF734FF02E00198FFF739FF00BFF5
:10B1300003B05DF804FB00B587B003900291019263
:10B140000093019B1B68002B0AD0019B1B681846CB
:10B15000FFF796FE034683F00103DBB2002B0ED10E
:10B16000019B9B68002B11D0019B9B681846FFF741
:10B1700087FE034683F00103DBB2002B06D0029B5F
:10B1800000225A7710230593059B54E0019B196810
:10B19000019B5B681A460398FFF7C9FE019B9968FB
:10B1A000019BDB681A460398FFF7D0FE4FF48C71C1
:10B1B0000398FFF781FE00990398FFF79CFF009B1F
:10B1C00003F00803002B03D110210398FFF766FE5C
:10B1D000029B1B68002B1FD100BF4FF48C7103989A
:10B1E000FFF77FFE034683F00103DBB2002BF4D1AF
:10B1F000029BDB7FFF2B1BD0029B9B7F002B05D08C
:10B20000029BDB7F1846FFF70BFF11E0029BDB7F01
:10B210001846FFF7F1FE0BE0009B03F00403002B40
:10B220000CBF01230023DBB219460398FFF749FF47
:10B2300000230593059B184607B05DF804FB00004A
:10B2400010B586B0039002910192039B1B791A46B8
:10B250001346DB0013449B003A4A13440593059BB5
:10B260001B7F002B04D1384940F2322003F080FAD2
:10B27000029B1B68002B08D1029B5B68002B04D04B
:10B28000314940F2332003F073FA029B9B68002B94
:10B2900008D1029BDB68002B04D02B494FF40D70C2
:10B2A00003F066FA039B1B79002B09D1029BDB6834
:10B2B000B3F5803F04D2029B5B68B3F5803F04D3B3
:10B2C000214940F2352003F053FA00230493059BF3
:10B2D0005B7FDBB2002B03D011230493049B2EE091
:10B2E000059B1B68002B07D0019B03F01403002B68
:10B2F00002D1059B01225A77059B029A03F10C04A7
:10B3000013460FCB84E80F00059BDB7FFF2B0ED08D
:10B31000059B9B7F002B05D0059BDB7F1846FFF725
:10B320006BFE04E0059BDB7F1846FFF779FE039B6D
:10B330001868019B029A0599FFF7FDFE034618461F
:10B3400006B010BDBC2D0020A490030000B583B052
:10B35000019000914FF48C710198FFF7C2FD0346F4
:10B36000002B10D04FF48C710198FFF7A5FD009BC6
:10B370001B68002B04D106494FF4277003F0F8F93D
:10B380000098FFF775FE00BF03B05DF804FB00BF37
:10B39000A490030008B503490348FFF7D7FF00BF97
:10B3A00008BD00BFBC2D00200030004082B0034625
:10B3B0008DF807309DF8073003F01F0205499DF90D
:10B3C00007305B09012000FA02F241F8232000BF98
:10B3D00002B0704700E100E082B003468DF807300C
:10B3E0009DF8073003F01F0206499DF907305B09FD
:10B3F000012000FA02F2203341F8232000BF02B0FE
:10B40000704700BF00E100E082B0034600918DF874
:10B4100007309DF90730002B0CDA009BDAB20C499B
:10B420009DF8073003F00F03043B5201D2B20B44E6
:10B430001A7609E0009BDAB206499DF907305201FD
:10B44000D2B20B4483F8002300BF02B0704700BFA4
:10B4500000ED00E000E100E082B00190019B1B0BD9
:10B460005BB2184602B0704700B583B003460A4687
:10B470008DF8073013468DF806309DF80630012B05
:10B4800003D99DF80630032B0BD99DF80630042B09
:10B4900003D99DF80630072B03D908496B2003F028
:10B4A00067F99DF806209DF9073011461846FFF709
:10B4B000ABFF00BF03B05DF804FB00BF08910300C1
:10B4C00000B583B003468DF807309DF90730184664
:10B4D000FFF76CFF00BF03B05DF804FB00B583B05D
:10B4E00003468DF807309DF907301846FFF774FFC3
:10B4F00000BF03B05DF804FB84B001900B46ADF8CB
:10B500000230BDF80230019A134400221A60BDF8DF
:10B510000230019A13441B680393039B00BF04B0DD
:10B52000704782B001900B46ADF80230BDF8023092
:10B53000019A13441B68002B14BF01230023DBB2C4
:10B54000184602B0704782B001900091019B009AAA
:10B55000C3F8042300BF02B0704782B0019000918D
:10B56000019BD3F80423009B1340002B14BF01233D
:10B570000023DBB2184602B0704782B00190009100
:10B58000019B009AC3F8082300BF02B0704784B043
:10B590000190019BD3F880340393019B039AC3F875
:10B5A0008024039B184604B0704782B00190019B31
:10B5B0000422C3F8002500BF02B0704782B001909A
:10B5C000019B0022C3F8002500BF02B0704784B081
:10B5D000039002910192039B019AC3F81425039BE7
:10B5E000029AC3F80C2500BF04B0704700B583B0C1
:10B5F00001904FF0FF324FF0FF310198FFF7E7FF66
:10B6000000BF03B05DF804FB82B00190019BD3F84A
:10B610000C35184602B0704782B00190019BD3F8F8
:10B620001435184602B0704782B00190019BD3F8E0
:10B630000835184602B0704782B00190019BD3F8DC
:10B640001035184602B0704784B003900291019201
:10B65000039B029AC3F80825039B019AC3F810259F
:10B6600000BF04B0704700B583B001904FF0FF32C7
:10B670004FF0FF310198FFF7E7FF00BF03B05DF81F
:10B6800004FB82B00190019BD3F81835DBB2184659
:10B6900002B0704782B001900B468DF803309DF8E0
:10B6A0000320019BC3F81C2500BF02B0704782B085
:10B6B00001900B468DF803309DF80330019A134436
:10B6C00001221A6000BF02B0704782B001900B46A1
:10B6D0008DF8033013468DF802309DF803209DF855
:10B6E00002301343DBB21A46019BC3F86C2500BF3E
:10B6F00002B0704782B001900091019B009AC3F89C
:10B70000242500BF02B0704700B583B00190019BB3
:10B710001B682F2B04D90B4940F2CD1003F028F8F9
:10B72000019B1B681F2B02D84FF0A04306E0019B32
:10B730001B6803F01F02019B1A60034B184603B0FD
:10B740005DF804FB409103000003005000B585B094
:10B750000190084611461A4603468DF803300B4601
:10B760008DF8023013468DF8013001AB1846FFF713
:10B77000CBFF03909DF803209DF802305B001A4335
:10B780009DF801309B001A439DF818301B0242EAD5
:10B7900003019DF81C301B04019A1943039B02F519
:10B7A000E07243F8221000BF05B05DF804FB00B55D
:10B7B00085B003900023019300230093002301220E
:10B7C00001210398FFF7C2FF00BF05B05DF804FB3D
:10B7D00000B585B003900B468DF80B309DF80B300B
:10B7E0000022019200220092002200210398FFF71C
:10B7F000ADFF00BF05B05DF804FB00B585B0039058
:10B8000000230193002300930023012200210398C9
:10B81000FFF79CFF00BF05B05DF804FB00B585B0E5
:10B82000019001AB1846FFF76FFF0390019B0122C7
:10B8300002FA03F31946039800F004F800BF05B0BC
:10B840005DF804FB82B001900091019B009AC3F85F
:10B85000082500BF02B0704700B583B00190009189
:10B86000009B1B68B3F1FF3F09D0009B1B68184683
:10B87000FFF7D4FF009B1B681846FFF798FF009B5B
:10B880005B68B3F1FF3F05D0009B5B680021184661
:10B89000FFF79EFF019B1A68009B9B6919461046A3
:10B8A000FFF728FF019B1868009B597D009B1B7DBB
:10B8B0001A46FFF70AFF019B1868009B1968009B56
:10B8C0005B681A46FFF783FE009B1B7D012B22D18C
:10B8D000009B9B68B3F1FF3F05D0009B9B68002154
:10B8E0001846FFF775FF009BDB68B3F1FF3F09D0F7
:10B8F000009BDB681846FFF791FF009BDB6818464A
:10B90000FFF755FF019B1868009BD968009B9B6857
:10B910001A46FFF799FE00BF03B05DF804FB000074
:10B9200000B583B001900B468DF80330019B1B6876
:10B930004FF48E711846FFF7DFFD019B1B684FF433
:10B94000A2711846FFF7D8FD019B1B680E491846E7
:10B95000FFF7F9FD019B1B681846FFF77DFD0346C5
:10B960001A469DF8033019461046FFF77DFD019BEE
:10B970001B681846FFF770FD03461846FFF7A0FD49
:10B9800000BF03B05DF804FB8000020000B583B087
:10B990000190019B1B6808491846FFF7EEFD019BCB
:10B9A0001B681846FFF758FD03461846FFF796FD3B
:10B9B00000BF03B05DF804FB8402020000B587B04D
:10B9C0000190019B1B681846FFF71EFE0590019B26
:10B9D0001B681846FFF720FE0490019B1B68184661
:10B9E000FFF722FE0390019B1B681846FFF724FE19
:10B9F0000290019B1B681846FFF7F8FD019B1B682E
:10BA00001846FFF730FE059BB3F1FF3F02D00598C3
:10BA1000FFF7F3FE049BB3F1FF3F02D00498FFF75A
:10BA2000ECFE029BB3F1FF3F02D00298FFF7E5FE68
:10BA3000039BB3F1FF3F02D00398FFF7DEFE00BF88
:10BA400007B05DF804FB000000B587B003900291D9
:10BA50000192029B002B03D12D49AA2002F088FEFF
:10BA6000039B1B791A462C2302FB03F3294A134438
:10BA7000059300230493059B93F82A30002B03D0F1
:10BA800008230493049B3EE0039B1A68039B1B79E5
:10BA90001946214B53F8213019461046FFF790F90B
:10BAA0000346002B03D011230493049B2BE002993F
:10BAB0000398FFF7D1FE059B019A5A60029B1A6911
:10BAC000059B1A60059B5B68002B05D0029B1B7FC2
:10BAD00019460398FFF724FF039B1B681846FFF7DE
:10BAE00064FD059B00229A61059B0022DA61059B9B
:10BAF000002283F82920059B00225A61059B012220
:10BB000083F82A20049B184607B05DF804FB00BFA9
:10BB100078910300E02D0020DC91030000B585B092
:10BB20000190019B1B791A462C2302FB03F3114A57
:10BB300013440393019B1B681846FFF73FFD039BCB
:10BB40005B68002B02D00198FFF720FF0198FFF7F8
:10BB500035FF019B1B681846FFF774F9039B002211
:10BB600083F82A20039B00225A6000BF05B05DF8CD
:10BB700004FB00BFE02D002000B585B001900091CE
:10BB80004FF48E710198FFF7B7FC009B9A68009BF9
:10BB90001B6A13441B788DF80F30009B1B6A5A1CDC
:10BBA000009B1A629DF80F3019460198FFF772FD4D
:10BBB00000BF05B05DF804FB00B585B001900091B1
:10BBC000009B5B69039316E0009B93F82830DBB27F
:10BBD000002B01D0002314E04FF48E710198FFF781
:10BBE000A0FC034683F00103DBB2002BECD10099EB
:10BBF0000198FFF7C1FF009B1B6A039A9A42EBD89A
:10BC00000123184605B05DF804FB000000B587B0BD
:10BC1000039002910192039B1B791A462C2302FB8D
:10BC200003F33C4A13440493049B93F82A30012BFA
:10BC300004D039494FF48C7002F09AFD029B002B1E
:10BC400004D1354940F2191002F092FD019B002BFE
:10BC500004D131494FF48D7002F08AFD039800F051
:10BC60005DF80346002B03D011230593059B4CE0A0
:10BC7000049B019A5A61049B029A9A60049B0022D9
:10BC80001A62049B002283F8282000230593039B5B
:10BC90001B684FF48E711846FFF72EFC039B1B6840
:10BCA00008211846FFF703FD039B1B6804991846FB
:10BCB000FFF762FF049B5B68002B25D1039B1B6889
:10BCC00004991846FFF778FF034683F00103DBB2BF
:10BCD000002B02D00F23059313E000BF039B1B68CA
:10BCE0004FF48E711846FFF71CFC034683F00103E6
:10BCF000DBB2002BF2D1039B1B680C211846FFF727
:10BD0000D6FC049B00225A61059B184607B05DF8DB
:10BD100004FB00BFE02D00207891030082B0019069
:10BD2000019B1B791946074A2C2301FB03F313449B
:10BD300014331B68002B14BF01230023DBB2184609
:10BD400002B07047E02D002000B583B00190019B48
:10BD50001B684FF492711846FFF7CEFB019B1B68DE
:10BD60004FF484711846FFF7C7FB019B1B68002145
:10BD70001846FFF79CFC00BF03B05DF804FB10B54C
:10BD800082B001900091009B9B69002B08D14FF479
:10BD900084710198FFF7B0FB0198FFF772FC13E084
:10BDA0004FF484710198FFF7A7FB009BDA68009BB2
:10BDB0005B6AD4180198FFF764FC03462370009B6C
:10BDC0005B6A5A1C009B5A6202B010BD00B589B074
:10BDD000039002910192039B1B791A462C2302FBCC
:10BDE00003F37F4A13440693039B1B7919467C4A4D
:10BDF0002C2301FB03F313442A331B78012B04D0BB
:10BE000078494FF4B67002F0B3FC029B002B04D1CA
:10BE1000744940F26D1002F0ABFC019B002B04D181
:10BE200070494FF4B77002F0A3FC00238DF81F3067
:10BE3000069B5B68002B06D0039B1B684FF40171C7
:10BE40001846FFF79AFB069B9B69002B15D0069BB3
:10BE5000DB69002B0ED0069B5B68002B06D0039B92
:10BE60001B684FF401711846FFF76DFB1123059312
:10BE7000059BB0E001238DF81F309DF81F3083F043
:10BE80000103DBB2002B0CD0069B019A9A61069B42
:10BE9000029ADA60069B00225A62069B0022DA614F
:10BEA00005E0069B029A1A61069B019ADA61069BDD
:10BEB00093F8293083F00103DBB2002B09D09DF801
:10BEC0001F3083F00103DBB2002B02D00398FFF791
:10BED0003BFF069B5B68002B73D1039B1B684FF4F1
:10BEE000A2711846FFF708FB039B1B684FF4927181
:10BEF0001846FFF716FB03468DF81330039B1B68AB
:10BF00004FF484711846FFF70CFB03468DF812308E
:10BF1000039B1B684FF4A2711846FFF702FB034610
:10BF20008DF811309DF8123083F00103DBB2002B45
:10BF30000DD09DF8113083F00103DBB2002B06D049
:10BF40009DF8133083F00103DBB2002BCCD19DF8B8
:10BF50001330002B0FD19DF81130002B0BD1039B18
:10BF60001B6806991846FFF70AFF069B9A69069B0D
:10BF70005B6A9A42B8D8069B00229A619DF81330FA
:10BF8000002B03D003230593059B24E09DF811307B
:10BF9000002B03D00F230593059B1CE0069B93F811
:10BFA0002930002B06D0039B1B6800211846FFF7A1
:10BFB0007EFB0DE0039B1B6804211846FFF777FB0F
:10BFC00006E0039B1B684FF401711846FFF7BBFAAC
:10BFD00000230593059B184609B05DF804FB00BFDC
:10BFE000E02D00207891030000B589B00390029104
:10BFF000019201238DF81030029B0693019B05935B
:10C00000039B5B68039A116804AA1046984700BF17
:10C0100009B05DF804FB00B587B0019000910023E2
:10C020008DF80830009B0493019B9B680393019B50
:10C0300000225A61019B5B68019A116802AA1046AE
:10C04000984700BF07B05DF804FB00B58BB00190C6
:10C0500000914FF400710198FFF77FFA0346002B1F
:10C0600039D04FF492710198FFF75BFA0346002B29
:10C0700031D04FF492710198FFF73EFA4FF40171FD
:10C080000198FFF77AFA009B93F8293083F00103B7
:10C09000DBB2002B03D004210198FFF708FB022339
:10C0A0008DF80C300198FFF772FA03460693009B57
:10C0B0009B690593009BDB680493009B00229A61B7
:10C0C000009B0022DA61009B5B68009A116803AA5A
:10C0D0001046984752E004210198FFF73EFA0346C4
:10C0E000002B4BD04FF484710198FFF71AFA0346E6
:10C0F000002B43D000990198FFF741FE009B9A69FD
:10C10000009B5B6A9A4239D1009BDB69002B19D0F6
:10C11000009BDB680993009B5B6A0893009BDA69CC
:10C12000009B9A61009B1A69009BDA60009B0022C9
:10C13000DA61009B00225A62099A08990098FFF779
:10C1400053FF1BE0009B93F8293083F00103DBB21F
:10C15000002B03D004210198FFF7A9FA4FF40171D5
:10C160000198FFF70AFA009B00229A61009B596A26
:10C17000009BDB681A460098FFF736FF4FF48E717C
:10C180000198FFF7CEF90346002B24D0009B5B6992
:10C190000793009B1B6A079A9A420DD9009B93F85C
:10C1A0002830DBB283F00103DBB2002B04D000990E
:10C1B0000198FFF7E1FC0EE04FF48E710198FFF754
:10C1C0009BF9009B5B69002B05D0009B5B691946BE
:10C1D0000098FFF720FF4FF4A2710198FFF7A1F933
:10C1E0000346002B1CD04FF4A2710198FFF784F98D
:10C1F000009B93F82930002B03D000210198FFF712
:10C2000056FA009B9B69002B0AD0009B00229A6182
:10C21000009B596A009BDB681A460098FFF7E4FE12
:10C2200000BF0BB05DF804FB08B503490348FFF7F6
:10C230000CFF00BF08BD00BFE02D00200020004023
:10C2400082B003468DF807309DF8073003F01F02D7
:10C2500005499DF907305B09012000FA02F241F817
:10C26000232000BF02B0704700E100E082B0034627
:10C270008DF807309DF8073003F01F0206499DF93D
:10C2800007305B09012000FA02F2203341F8232035
:10C2900000BF02B0704700BF00E100E082B003467B
:10C2A00000918DF807309DF90730002B0CDA009BC8
:10C2B000DAB20C499DF8073003F00F03043B52013A
:10C2C000D2B20B441A7609E0009BDAB206499DF916
:10C2D00007305201D2B20B4483F8002300BF02B0F2
:10C2E000704700BF00ED00E000E100E082B0019087
:10C2F000019B03F06043B3F1005F0CBF01230023F7
:10C30000DBB2184602B0704782B00190019B1B0B54
:10C310005BB2184602B0704700B583B003460A46C8
:10C320008DF8073013468DF806309DF80630012B46
:10C3300003D99DF80630032B0BD99DF80630042B4A
:10C3400003D99DF80630072B03D908496B2002F06A
:10C350000FFA9DF806209DF9073011461846FFF7A1
:10C360009DFF00BF03B05DF804FB00BFE091030038
:10C3700000B583B003468DF807309DF907301846A5
:10C38000FFF75EFF00BF03B05DF804FB00B583B0AC
:10C3900003468DF807309DF907301846FFF766FF12
:10C3A00000BF03B05DF804FB84B001900B46ADF80C
:10C3B0000230BDF80230019A134400221A60BDF821
:10C3C0000230019A13441B680393039B00BF04B01F
:10C3D000704782B001900B46ADF80230BDF80230D4
:10C3E000019A13441B68002B14BF01230023DBB206
:10C3F000184602B0704782B001900091019BD3F8BB
:10C400000022009B1A43019BC3F8002200BF02B028
:10C41000704782B001900091019BD3F80022009BED
:10C42000DB431A40019BC3F8002200BF02B07047F3
:10C4300082B001900091019B009AC3F8042300BFD1
:10C4400002B0704782B001900091019B009AC3F83E
:10C45000082300BF02B0704784B00190019BD3F85D
:10C4600080340393019B039AC3F88024039B1846EE
:10C4700004B0704782B00190019B0822C3F80025E8
:10C4800000BF02B0704782B00190019B0022C3F848
:10C49000002500BF02B0704784B003900291019262
:10C4A000039B029AC3F80C25039B019AC3F8142539
:10C4B00000BF04B0704700B583B001904FF0FF3269
:10C4C0004FF0FF310198FFF7E7FF00BF03B05DF8C1
:10C4D00004FB82B00190019BD3F80C35184602B0E2
:10C4E000704782B00190019BD3F81435184602B012
:10C4F000704782B00190019BD3F80835184602B00E
:10C50000704782B00190019BD3F81035184602B0F5
:10C51000704784B0039002910192039B029AC3F882
:10C520000825039B019AC3F8102500BF04B070478B
:10C5300000B583B001904FF0FF324FF0FF3101980A
:10C54000FFF7E7FF00BF03B05DF804FB82B0019086
:10C550000B468DF803309DF80330019A13440122F5
:10C560001A6000BF02B0704782B001900B468DF890
:10C57000033013468DF802309DF803209DF80230F9
:10C580001343DBB21A46019BC3F86C2500BF02B00F
:10C59000704782B001900091019B009AC3F8242556
:10C5A00000BF02B0704784B0039002910192029ADA
:10C5B000039BC3F84425039B019AC3F8482500BF99
:10C5C00004B0704782B00190019BD3F84C351846F7
:10C5D00002B0704784B0039002910192029A039BCB
:10C5E000C3F83425039B019AC3F8382500BF04B073
:10C5F000704782B00190019BD3F83C35184602B0D9
:10C600007047000000B583B00190019B1B682F2B81
:10C6100004D90B4940F2CD1002F0AAF8019B1B6827
:10C620001F2B02D84FF0A04306E0019B1B6803F0CC
:10C630001F02019B1A60034B184603B05DF804FB10
:10C64000189203000003005000B585B00190084621
:10C6500011461A4603468DF803300B468DF802301A
:10C6600013468DF8013001AB1846FFF7CBFF03905E
:10C670009DF803209DF802305B001A439DF80130BD
:10C680009B001A439DF818301B0242EA03019DF8F3
:10C690001C301B04019A1943039B02F5E07243F816
:10C6A000221000BF05B05DF804FB00B585B0039013
:10C6B000002301930023009300230122012103980A
:10C6C000FFF7C2FF00BF05B05DF804FB00B585B001
:10C6D00003900B468DF80B309DF80B300022019231
:10C6E00000220092002200210398FFF7ADFF00BF57
:10C6F00005B05DF804FB00B585B0039000230193FD
:10C70000002300930023012200210398FFF79CFFE0
:10C7100000BF05B05DF804FB00B585B0019001AB2A
:10C720001846FFF76FFF0390019B012202FA03F303
:10C730001946039800F004F800BF05B05DF804FB4B
:10C7400082B001900091019B009AC3F8082500BFB8
:10C7500002B0704700B583B001900091009B1B6848
:10C76000B3F1FF3F09D0009B1B681846FFF7D4FFC9
:10C77000009B1B681846FFF798FF009B5B68B3F1AE
:10C78000FF3F05D0009B5B6800211846FFF79EFF26
:10C79000019B1A68009B9B6919461046FFF7F9FE3A
:10C7A000019B1868009B597D009B1B7D1A46FFF773
:10C7B000DBFE019B1868009B1968009B5B681A46AA
:10C7C000FFF76AFE009B1B7D012B22D1009B9B681B
:10C7D000B3F1FF3F05D0009B9B6800211846FFF78F
:10C7E00075FF009BDB68B3F1FF3F09D0009BDB685E
:10C7F0001846FFF791FF009BDB681846FFF755FFCF
:10C80000019B1868009BD968009B9B681A46FFF73C
:10C8100080FE00BF03B05DF804FB000000B583B0EC
:10C8200001900B468DF80330019B1B684FF4887113
:10C830001846FFF7B9FD019B1B684FF4907118462D
:10C84000FFF7B2FD019B1B684FF492711846FFF78A
:10C85000ABFD019B1B684FF4A2711846FFF7A4FDC6
:10C86000019B1B684FF4AC711846FFF79DFD019BBF
:10C870001B680F491846FFF7DBFD019B1B68184634
:10C88000FFF742FD03461A469DF80330194610464D
:10C89000FFF742FD019B1B681846FFF735FD034675
:10C8A0001846FFF765FD00BF03B05DF804FB00BF4D
:10C8B0001003420000B583B00190019B1B6808493A
:10C8C0001846FFF7BFFD019B1B681846FFF71CFDCC
:10C8D00003461846FFF75AFD00BF03B05DF804FB9E
:10C8E0001003420000B587B00190019B1B681846F9
:10C8F000FFF7EFFD0590019B1B681846FFF7F1FD60
:10C900000490019B1B681846FFF7F3FD0390019B01
:10C910001B681846FFF7F5FD0290019B1B6818463F
:10C92000FFF7C9FD019B1B681846FFF701FE059B39
:10C93000B3F1FF3F02D00598FFF7DDFE049BB3F192
:10C94000FF3F02D00498FFF7D6FE029BB3F1FF3FF2
:10C9500002D00298FFF7CFFE039BB3F1FF3F02D056
:10C960000398FFF7C8FE00BF07B05DF804FB0000A6
:10C9700000B587B0039002910192029B002B03D176
:10C980002B49CF2001F0F4FE039B1B791A46134676
:10C99000DB0013449B00274A1344059300230493B0
:10C9A000059B93F82030002B03D008230493049BAD
:10C9B0003AE0039B1A68039B1B7919461E4B53F8F8
:10C9C000213019461046FEF7FBF90346002B03D031
:10C9D00011230493049B27E002990398FFF7BAFE02
:10C9E000059B019A5A60029B1A69059B1A60059B78
:10C9F0005B68002B05D0029B1B7F19460398FFF74D
:10CA00000DFF039B1B681846FFF734FD059B0022B2
:10CA10009A61059B0022DA61059B00225A61059B01
:10CA2000012283F82020049B184607B05DF804FB20
:10CA3000509203000C2E0020B892030000B585B080
:10CA40000190019B1B791A461346DB0013449B009F
:10CA5000244A13440393039B5B68002B02D0019884
:10CA6000FFF728FF019B1B6820211846FFF7D1FC28
:10CA7000019B1B6804211846FFF768FD019B1B689A
:10CA80004FF4AC711846FFF78FFC019B1B680C211B
:10CA90001846FFF75BFD00BF019B1B684FF4AC71AC
:10CAA0001846FFF796FC034683F00103DBB2002B28
:10CAB000F2D1019B1B681846FFF7E5FC0198FFF7D0
:10CAC00011FF019B1B681846FEF7BCF9039B00226F
:10CAD00083F82020039B00225A6000BF05B05DF858
:10CAE00004FB00BF0C2E002000B589B0039002911A
:10CAF0000192039B1B791A461346DB0013449B00EB
:10CB0000574A13440693069B93F82030012B04D018
:10CB1000544940F22D1001F02BFE029B002B04D152
:10CB200050494FF4977001F023FE019B002B04D174
:10CB30004C4940F22F1001F01BFE039B1B79002B88
:10CB400003D1019BB3F5803F04D346494FF498705D
:10CB500001F00EFE0298FFF7C9FB034683F00103C4
:10CB6000DBB2002B03D010230793079B73E00398DD
:10CB700000F07AF80346002B03D011230793079B9C
:10CB800069E0069B019A5A61069B029A9A6000230B
:10CB90000793039B1B684FF490711846FFF704FC42
:10CBA000039B1B684FF4AC711846FFF7FDFB039B1A
:10CBB0001868069B9968069B5B691A46FFF7F3FCA9
:10CBC000039B1B6808211846FFF7C0FC069B5B68A7
:10CBD000002B3FD1039B1B684FF490711846FFF761
:10CBE000F8FB03468DF81730039B1B684FF4AC71BC
:10CBF0001846FFF7EEFB03468DF816309DF8173008
:10CC000083F00103DBB2002B06D09DF8163083F0D1
:10CC10000103DBB2002BDDD19DF81630002B02D0D2
:10CC20000F23079313E0039B1B680C211846FFF7A3
:10CC30008DFC00BF039B1B684FF4AC711846FFF7D7
:10CC4000C8FB034683F00103DBB2002BF2D1069B45
:10CC500000225A61079B184609B05DF804FB00BF2B
:10CC60000C2E00205092030082B00190019B1B7992
:10CC70001946084A0B46DB000B449B00134414334F
:10CC80001B68002B14BF01230023DBB2184602B03F
:10CC9000704700BF0C2E002000B589B003900291B0
:10CCA0000192039B1B791A461346DB0013449B0039
:10CCB000864A13440593039B1B791946834A0B4606
:10CCC000DB000B449B00134420331B78012B04D062
:10CCD0007F494FF4C07001F04BFD029B002B04D143
:10CCE0007B4940F2811001F043FD019B002B04D1F0
:10CCF00077494FF4C17001F03BFD039B1B79002B7A
:10CD000003D1019BB3F5803F04D3714940F28310F6
:10CD100001F02EFD0298FFF7E9FA034683F00103C4
:10CD2000DBB2002B03D010230793079BCAE000233C
:10CD30008DF81B30059B5B68002B06D0039B1B689E
:10CD40004FF404711846FFF77DFB059B9B69002B90
:10CD500015D0059BDB69002B0ED0059B5B68002B73
:10CD600006D0039B1B684FF404711846FFF760FB65
:10CD700011230793079BA5E001238DF81B309DF835
:10CD80001B3083F00103DBB2002B09D0059B019A15
:10CD90009A61059B029ADA60059B0022DA6105E040
:10CDA000059B029A1A61059B019ADA610023079399
:10CDB000039B1B684FF488711846FFF7F5FA039B35
:10CDC0001B684FF4A2711846FFF7EEFA039B1B682D
:10CDD000019A02991846FFF7FDFB9DF81B3083F07E
:10CDE0000103DBB2002B06D0039B1B680021184611
:10CDF000FFF7ACFB05E0039B1B6820211846FFF7FB
:10CE0000FAFA039B1B791946304A0B46DB000B44A8
:10CE10009B00134404331B68002B4BD1039B1B68FE
:10CE20004FF488711846FFF7D4FA03468DF8133093
:10CE3000039B1B684FF4A2711846FFF7CAFA03461A
:10CE40008DF81230039B1B684FF492711846FFF760
:10CE5000C0FA03468DF811309DF8133083F00103BA
:10CE6000DBB2002B0DD09DF8123083F00103DBB252
:10CE7000002B06D09DF8113083F00103DBB2002BAC
:10CE8000CCD1039B1B791946104A0B46DB000B449F
:10CE90009B001344183300221A609DF81130002BB8
:10CEA00001D0032307939DF81230002B09D00F23E4
:10CEB000079306E0039B1B684FF404711846FFF7C5
:10CEC000B7FA079B184609B05DF804FB0C2E00204A
:10CED0005092030000B589B00390029101920123A2
:10CEE0008DF81030029B0693019B0593039B5B68B2
:10CEF000039A116804AA1046984700BF09B05DF86C
:10CF000004FB00B587B00190009100238DF8083034
:10CF1000009B0493019B9B680393019B00225A6131
:10CF2000019B5B68019A116802AA1046984700BFEE
:10CF300007B05DF804FB00B589B0019000914FF493
:10CF400092710198FFF745FA0346002B22D04FF467
:10CF500092710198FFF728FA02238DF808300198A2
:10CF6000FFF77AFA034605930198FFF742FB034661
:10CF70000493009BDB680393009B00229A61009B53
:10CF80000022DA61009B5B68009A116802AA1046D1
:10CF900098473BE04FF488710198FFF71AFA03466F
:10CFA000002B33D04FF488710198FFF7FDF90198F9
:10CFB000FFF71FFB0790009B9B69079A9A4225D1B8
:10CFC000009BDB69002B17D0009BDB6806932021B8
:10CFD0000198FFF71EFA009BDA69009B9A61009B9B
:10CFE0001A69009BDA60009B0022DA61069A0799B1
:10CFF0000098FFF76FFF09E0009B00229A61009BF9
:10D00000DB681A4607990098FFF764FF4FF4A27196
:10D010000198FFF7DEF90346002B18D04FF4A271F8
:10D020000198FFF7C1F9009B9B69002B0FD0009B73
:10D0300000229A61009B0022DA610198FFF7D9FA79
:10D040000146009BDB681A460098FFF743FF4FF448
:10D0500090710198FFF7BDF90346002B14D04FF4EF
:10D0600090710198FFF7A0F90C210198FFF76EFA73
:10D07000009B5B69002B07D00198FFF7A3FA0346DA
:10D0800019460098FFF73DFF4FF4AC710198FFF788
:10D09000A0F90346002B10D04FF4AC710198FFF7B4
:10D0A00083F9009B5B69002B07D00198FFF78AFA90
:10D0B000034619460098FFF724FF00BF09B05DF84A
:10D0C00004FB000008B503490348FFF734FF00BF25
:10D0D00008BD00BF0C2E00200020004082B0034697
:10D0E0008DF807309DF8073003F01F0205499DF9C0
:10D0F00007305B09012000FA02F241F8232000BF4B
:10D1000002B0704700E100E082B003468DF80730BE
:10D110009DF8073003F01F0206499DF907305B09AF
:10D12000012000FA02F2203341F8232000BF02B0B0
:10D13000704700BF00E100E082B0034600918DF827
:10D1400007309DF90730002B0CDA009BDAB20C494E
:10D150009DF8073003F00F03043B5201D2B20B4499
:10D160001A7609E0009BDAB206499DF907305201B0
:10D17000D2B20B4483F8002300BF02B0704700BF57
:10D1800000ED00E000E100E082B00190019B03F0BF
:10D190006043B3F1005F0CBF01230023DBB21846EC
:10D1A00002B0704782B00190019B1B0B5BB2184626
:10D1B00002B0704700B583B003460A468DF80730C9
:10D1C00013468DF806309DF80630012B03D99DF8E3
:10D1D0000630032B0BD99DF80630042B03D99DF89C
:10D1E0000630072B03D908496B2001F0C1FA9DF8DE
:10D1F00006209DF9073011461846FFF79DFF00BF36
:10D2000003B05DF804FB00BFBC92030000B583B01F
:10D2100003468DF807309DF907301846FFF75EFF8B
:10D2200000BF03B05DF804FB00B583B003468DF882
:10D2300007309DF907301846FFF766FF00BF03B0BF
:10D240005DF804FB82B001900B468DF803309DF829
:10D250000330019A134401221A6000BF02B07047E4
:10D2600084B001900B46ADF80230BDF80230019A4F
:10D27000134400221A60BDF80230019A13441B685F
:10D280000393039B00BF04B0704782B001900B462C
:10D29000ADF80230BDF80230019A13441B68002B30
:10D2A00014BF01230023DBB2184602B0704782B0DE
:10D2B00001900091019BD3F80022009BDB431A40B0
:10D2C000019BC3F8002200BF02B0704782B00190FA
:10D2D0000091019B009AC3F8042300BF02B070477D
:10D2E00082B001900091019B009AC3F8082300BF0F
:10D2F00002B0704782B00190019B0622C3F800255E
:10D3000000BF02B0704782B00190019B0022C3F8B9
:10D31000002500BF02B0704784B0039002910192D3
:10D32000039B029AC3F80825039B019AC3F80C25B6
:10D3300000BF04B0704782B001900091019B009A39
:10D34000C3F8242500BF02B0704784B00190019B50
:10D35000D3F8C4340393019B039AC3F8C424039BFA
:10D36000184604B0704782B001900B468DF8033028
:10D370009DF80320019BC3F8882500BF02B07047C9
:10D3800084B0039002910192029A039BC3F8442552
:10D39000039B019AC3F8482500BF04B0704784B0CE
:10D3A000039002910192029A039BC3F83425039BD8
:10D3B000019AC3F8382500BF04B0704782B00190CD
:10D3C0000091019B009AC3F8002200BF02B0704791
:10D3D00082B00190019BD3F84C35184602B07047DB
:10D3E00082B00190019BD3F83C35184602B07047DB
:10D3F00082B00190019B0122C3F8502500BF02B00A
:10D40000704782B00190019B0022C3F8502500BFF5
:10D4100002B0704782B00190019B0122C3F8402501
:10D4200000BF02B0704782B00190019B0022C3F898
:10D43000402500BF02B0704700B583B00190019B4A
:10D440001B682F2B04D90B4940F2CD1001F090F945
:10D45000019B1B681F2B02D84FF0A04306E0019BE5
:10D460001B6803F01F02019B1A60034B184603B0B0
:10D470005DF804FBF49203000003005000B585B092
:10D480000190084611461A4603468DF803300B46B4
:10D490008DF8023013468DF8013001AB1846FFF7C6
:10D4A000CBFF03909DF803209DF802305B001A43E8
:10D4B0009DF801309B001A439DF818301B0242EA88
:10D4C00003019DF81C301B04019A1943039B02F5CC
:10D4D000E07243F8221000BF05B05DF804FB00B510
:10D4E00085B00390002301930023009300230122C1
:10D4F00000210398FFF7C2FF00BF05B05DF804FBF1
:10D5000084B0019003230393019B03F00103002BDC
:10D5100002D04FF402430393019B03F00203002B5C
:10D5200002D048F201230393019B03F00403002B74
:10D5300002D048F202230393039B184604B07047BD
:10D5400000B585B00190009101238DF80F30009B4C
:10D550001B7B032B55D801A252F823F0D3D5020030
:10D56000EBD50200ABD502006DD50200009B9B6895
:10D57000324A934207D10198FFF72AFF0246009BE7
:10D580001B699A420DD1009B9B6840F20222934294
:10D5900039D10198FFF71CFF0246009B5B699A4254
:10D5A00031D000238DF80F302DE00198FFF710FFE8
:10D5B0000246009B1B699A4207D10198FFF710FFB2
:10D5C0000246009B5B699A421FD000238DF80F3002
:10D5D0001BE00198FFF7FCFE0246009B1B699A4284
:10D5E00015D000238DF80F3011E00198FFF7F8FEF9
:10D5F0000246009B1B699A420BD000238DF80F3026
:10D6000007E000BF06E000BF04E000BF02E000BF8B
:10D6100000E000BF9DF80F3083F00103DBB2002B68
:10D6200005D00198FFF76FFE0198FFF763FE9DF8A4
:10D630000F30184605B05DF804FB00BF000204007F
:10D6400000B58BB00590049103920293049B002BCC
:10D6500003D14A49E22001F08BF8049B1A68049B2D
:10D660005B689A4203D14549E32001F081F8059BAC
:10D670001B791A46342302FB03F3414A13440993EE
:10D68000099B93F82D30002B03D008230793079BA9
:10D6900070E0059B1A68059B1B791946394B53F8B6
:10D6A000213019461046FDF78BFB0346002B03D0B3
:10D6B00011230793079B5DE0099B039A1A60099B5E
:10D6C000029A5A60099B00229A60099B002283F803
:10D6D0003020099B002283F82F20049B5A7B099B52
:10D6E00083F83220049B18680023019306230093DB
:10D6F000032300220021FFF7C1FE049B586800238A
:10D70000019306230093032300220021FFF7B6FEB6
:10D71000059B1B680893049B1968049B5B681A4669
:10D720000898FFF7F9FD049B9B6819460898FFF7D6
:10D7300002FE099B1B68002B15D0059B1B68184631
:10D74000FFF730FD03461A46049B1B7B1946104623
:10D75000FFF730FD059B1B681846FFF723FD0346C6
:10D760001846FFF753FD099B012283F82D20002363
:10D770000793079B18460BB05DF804FB2C9303003E
:10D78000302E00209093030000B585B00190019BDE
:10D790001B791A46342302FB03F3204A13440393F4
:10D7A000039B93F82D30002B04D11D4940F231101A
:10D7B00000F0DEFF039B1B68002B08D0019B1B6859
:10D7C0001846FFF7EFFC03461846FFF72DFD0198BA
:10D7D00000F050F8019B1B681846FDF733FB039BD4
:10D7E00093F8323083F00103DBB2002B0DD0019BA4
:10D7F0001B68D3F808351846FFF771FE019B1B68BC
:10D80000D3F80C351846FFF76AFE039B002283F815
:10D810002D2000BF05B05DF804FB00BF302E0020B6
:10D820002C93030000B585B00190019B1B791A462B
:10D83000342302FB03F30D4A13440393039B93F831
:10D840002D30012B04D00A494FF4A57000F090FF51
:10D85000019B1B681846FFF74DFD039B022283F8CE
:10D860002D2000BF05B05DF804FB00BF302E002066
:10D870002C93030000B585B00190019B1B791A46DB
:10D88000342302FB03F3134A13440393039B93F8DB
:10D890002D30002B04D1104940F2551000F068FFE4
:10D8A000019B1B680293039B00229A600B4902981C
:10D8B000FFF716FD4FF4BC510298FFF7F8FC0298F1
:10D8C000FFF721FD039B012283F82D2000BF05B047
:10D8D0005DF804FB302E00202C93030002029C0113
:10D8E00000B583B001900091009B03F00103002B71
:10D8F00003D00198FFF77CFD02E00198FFF781FD5E
:10D90000009B03F00203002B03D00198FFF782FD78
:10D9100002E00198FFF787FD00BF03B05DF804FB4C
:10D9200030B589B0039002910192009300230793D0
:10D9300008238DF81B304FF48273ADF81830039B29
:10D94000002283F82E20019BDB681846FFF71CFCA1
:10D95000034683F00103DBB2002B03D010230793AF
:10D96000079BAFE1A0490298FFF7BAFC039B93F82D
:10D970002F30DBB2002B09D0039B9B68194602981D
:10D98000FFF7A4FC11230793079B9BE1009B03F087
:10D990000403002B06D1009B03F01003002B01D1E0
:10D9A000012300E0002303F00103DAB2039B83F8B4
:10D9B0002F20039B019A03F10C0415460FCD0FC4D1
:10D9C0002B682360009B1B0903F00103002B14BF8D
:10D9D00001230023DAB2039B83F83020019B5B789C
:10D9E00019460298FFF7BFFC4FF482710298FFF7C7
:10D9F00037FC4FF492710298FFF732FC00990298BD
:10DA0000FFF76EFF019B1B78032B00F2F38001A24E
:10DA100052F823F05BDB0200B5DB020001DB020001
:10DA200025DA0200009B03F01003002B04D06F499D
:10DA300040F2AB1000F09CFE009B03F00803002BAB
:10DA400004D06A494FF4D67000F092FE009B03F0B8
:10DA50000403002B04D0654940F2AD1000F088FEAD
:10DA6000019B1B691846FFF78FFB034683F00103F8
:10DA7000DBB2002B03D010230793079B22E14FF466
:10DA800080710298FFF79AFC019BD968019B5B6843
:10DA90001A460298FFF774FC4FF4A8710298FFF73A
:10DAA000DFFB4FF4B0710298FFF7DAFB4FF4A4717B
:10DAB0000298FFF7D5FB20210298FFF7C3FB08214E
:10DAC0000298FFF7BFFB00BF4FF4A8710298FFF761
:10DAD000DCFB034683F00103DBB2002BF4D14FF4EF
:10DAE000A8710298FFF7BCFB019B1969019B9B6819
:10DAF0001A460298FFF744FC039B3D4A9A607CE07B
:10DB0000019BD968019B5B681A460298FFF738FCB5
:10DB1000019B1B691846FFF737FB034683F001039F
:10DB2000DBB2002B03D010230793079BCAE0019BB5
:10DB30001969019B9B681A460298FFF730FC4FF465
:10DB400084510298FFF73AFC039B40F202229A604C
:10DB500020210298FFF776FB4FE0019BD968019BDB
:10DB60005B681A460298FFF70BFC009B03F020034A
:10DB7000002B11D04FF480710298FFF71FFC039B1C
:10DB80001B4A9A604FF4A4710298FFF769FB4FF4A7
:10DB9000A473ADF8183008E04FF400710298FFF755
:10DBA0000DFC039B40F202229A6020210298FFF7AD
:10DBB00049FB22E0019BD968019B5B681A460298E9
:10DBC000FFF7EDFB4FF480510298FFF7F7FB039B43
:10DBD00040F202229A6000238DF81B302021029827
:10DBE000FFF730FB09E000BF02029C012C93030009
:10DBF000000204000723079300BF009B03F0080303
:10DC0000002B09D1019B1B78032B05D09DF81B30FD
:10DC100019460298FFF716FB039B1B68002B28D0C0
:10DC2000009B03F00403002B03D0039B4FF400720E
:10DC30009A60039B9B6819460298FFF747FB40E0F8
:10DC40004FF492710298FFF720FB0346002B10D08F
:10DC50004FF492710298FFF703FB20210298FFF71F
:10DC6000F1FA14210298FFF7EDFA4FF48273ADF840
:10DC70001830BDF8183019460298FFF706FB034626
:10DC800083F00103DBB2002BDAD10298FFF75DFBD2
:10DC90000590039B002283F82F20059B002B04D0C6
:10DCA0000598FFF72DFC07900BE003990298FFF70A
:10DCB00047FC034683F00103DBB2002B01D00323B2
:10DCC0000793079B184609B030BD00BF00B587B069
:10DCD000039002910192039B1B79002B09D1029BB7
:10DCE0005B68B3F5803F04D2029B9B68B3F5803F2D
:10DCF00004D31B4940F22F2000F03AFD0023059386
:10DD0000039B1B791A46342302FB03F3154A134481
:10DD10000493049B1B68002B08D1029B1B78022BE9
:10DD200004D10F4940F2372000F022FD049B1B680C
:10DD3000002B08D1029B1B78032B04D108494FF418
:10DD40000E7000F015FD039B1968019B029A049860
:10DD5000FFF7E6FD0590059B184607B05DF804FB4C
:10DD60002C930300302E002000B58BB0039001925D
:10DD700000930B468DF80B3000238DF814309DF87E
:10DD80000B308DF81530009B069300230793019B01
:10DD90000893002309939DF83030002B01D02022F6
:10DDA00000E0002205AB19460398FFF78FFF0346FA
:10DDB00018460BB05DF804FB00B58BB003900192E0
:10DDC00000930B468DF80B3001238DF814309DF82D
:10DDD0000B308DF81530009B069300230793019BB1
:10DDE00008930023099305AB002219460398FFF717
:10DDF0006DFF034618460BB05DF804FB30B58BB0E1
:10DE000001900091009B1B68002B04D1864940F2D1
:10DE1000862000F0ADFC4FF492710198FFF735FABF
:10DE20000346002B2BD04FF492710198FFF718FA9C
:10DE30004FF482710198FFF728FA034683F001033B
:10DE4000DBB2002B1BD0009B9B6819460198FFF7A3
:10DE500047FA009B02229A60009B9B681946019832
:10DE6000FFF734FA20210198FFF7ECF9142101980B
:10DE7000FFF7E8F9009B012283F82E20D1E04FF450
:10DE800082710198FFF701FA0346002B4AD04FF444
:10DE900082710198FFF7E4F9009B04AC03F10C05D3
:10DEA0000FCD0FC42B682360009B93F82E3083F0B6
:10DEB0000103DBB2002B12D000990198FFF740FB61
:10DEC0000346002B14BF01230023DBB283F00103C0
:10DED000DBB203F00103DAB2009B83F82E204FF48B
:10DEE000B0710198FFF7BCF94FF4AE710198FFF7DC
:10DEF000B7F9009B93F8303083F00103DBB2002BBD
:10DF000004D1009B93F82E30002B4CD000210198B7
:10DF1000FFF754FA009B00229A6044490198FFF7EA
:10DF2000DFF940E04FF4A4710198FFF799F9009BE5
:10DF30001B7B002B1BD1009B04AC03F10C050FCD08
:10DF40000FC42B682360009B93F8303083F00103EB
:10DF5000DBB2002B27D000210198FFF72FFA009B9E
:10DF600000229A6031490198FFF7BAF91BE04FF49B
:10DF700000710198FFF722FA009B40F202229A609A
:10DF80002A490198FFF7ACF9009B9B681946019854
:10DF9000FFF79CF908210198FFF754F92021019817
:10DFA000FFF750F93DE00198FFF7CFF90990099B81
:10DFB00003F00203002B03D001238DF80C301DE089
:10DFC000099B03F00403002B03D002238DF80C30CF
:10DFD00014E0099B03F00103002B03D002238DF80A
:10DFE0000C300BE0009B93F82E30002B03D0042361
:10DFF0008DF80C3002E000238DF80C30009B93F874
:10E00000303083F00103DBB2002B03D0009B0022F1
:10E0100083F82F20009B1B68009A516803AA1046C2
:10E0200098470BB030BD00BF2C93030002029C0147
:10E0300008B503494FF04020FFF7E0FE00BF08BDE0
:10E04000302E002082B003468DF807309DF807304F
:10E0500003F01F0206499DF907305B09012000FA11
:10E0600002F2603341F8232000BF02B0704700BFC6
:10E0700000E100E0BFF34F8F00BF074BDB6803F404
:10E08000E0620549054B1343CB60BFF34F8F00BFE0
:10E0900000BF00BFFCE700BF00ED00E00400FA0590
:10E0A0003FDF704700BF184600B585B00190019B67
:10E0B000002B0CD0084B43F001030393019B9B0101
:10E0C0000293054B43F001030298984700E000BF1C
:10E0D00005B05DF804FB00BFA093030000B583B05A
:10E0E0000190019B1B682F2B04D90B4940F2CD10E6
:10E0F00000F03EFB019B1B681F2B02D84FF0A04392
:10E1000006E0019B1B6803F01F02019B1A60034B92
:10E11000184603B05DF804FBA89303000003005009
:10E1200000B585B00190084611461A4603468DF8A1
:10E1300003300B468DF8023013468DF8013001ABE9
:10E140001846FFF7CBFF03909DF803209DF802309F
:10E150005B001A439DF801309B001A439DF818306C
:10E160001B0242EA03019DF81C301B04019A19436B
:10E17000039B02F5E07243F8221000BF05B05DF882
:10E1800004FB00B585B003900023019300230093A6
:10E190000023012201210398FFF7C2FF00BF05B051
:10E1A0005DF804FB00B585B003900B468DF80B308D
:10E1B0009DF80B30002201920022009200220021E3
:10E1C0000398FFF7ADFF00BF05B05DF804FB00B595
:10E1D00085B00390002301930023009300230122C4
:10E1E00000210398FFF79CFF00BF05B05DF804FB1A
:10E1F00000B585B0019001AB1846FFF76FFF0390A3
:10E20000019B012202FA03F31946039800F02FF84C
:10E2100000BF05B05DF804FB00B585B0019001AB0F
:10E220001846FFF75BFF0390019B012202FA03F3FC
:10E230001946039800F025F800BF05B05DF804FB0F
:10E2400000B585B0019001AB1846FFF747FF03907A
:10E25000019A039B02F5E07253F822305B08DBB2AF
:10E2600003F00103DBB2184605B05DF804FB82B091
:10E2700001900091019B009AC3F8082500BF02B0ED
:10E28000704782B001900091019B009AC3F80C2561
:10E2900000BF02B0704772DF704700BF184673DFDF
:10E2A000704700BF184674DF704700BF184676DF1E
:10E2B000704700BF184677DF704700BF18467ADF07
:10E2C000704700BF18467CDF704700BF18468ADFE2
:10E2D000704700BF18468BDF704700BF18468FDFBE
:10E2E000704700BF184600B583B00190019B002B1A
:10E2F0000FD04FF47A70FFF7D7FE019B013B0193DB
:10E30000019B002B14BF01230023DBB2002B01D0A3
:10E31000EFE700BF03B05DF804FB0000014B1B6892
:10E32000184670471035002082B00190034B1B68DF
:10E330000133024A136000BF02B07047103500205D
:10E3400000B585B003468DF807309DF80730032BE4
:10E350001AD801A252F823F071E3020069E3020027
:10E3600079E3020081E30200114802F0EDFB0BE0CB
:10E37000104802F0E9FB07E00F4802F0E5FB03E07C
:10E380000E4802F0E1FB00BFF9F7EEFC0390039B9F
:10E390000293029B002B05D0094A4FF43D7102986D
:10E3A000F9F768F80123184605B05DF804FB00BFD3
:10E3B000E093030000940300209403004C940300B6
:10E3C0006C94030000B587B0019000230493019B77
:10E3D00003332A4A1360019B9B69294A1360019BFE
:10E3E0009A8B284B1A80254B1B681B78AB2B3ED190
:10E3F000224B1B6801331B78D02B38D1224B1B7862
:10E4000019461F4B1B680D331B781A461F4802F034
:10E410009BFB1B4B1B680D331A781B4B1B789A42D6
:10E4200025D007230593059B0D2B0DDC144B1A6893
:10E43000059B13441B781A460599154802F084FB86
:10E44000059B01330593EEE70D4B1B685A7B0E4B82
:10E450001A700D4B1B781946094B1B680D331B783E
:10E460001A460C4802F070FB0B4802F06DFB00F0FE
:10E4700043FB00BF07B05DF804FB00BF243C002055
:10E48000283C00202C3C0020E92E0020AC94030006
:10E49000E4940300F89403003095030000B585B0C0
:10E4A00001900091019B04330393019B1B881D2B5A
:10E4B00004D1039B04331846FFF784FF00BF05B067
:10E4C0005DF804FB00B583B00023009305F0C8FBA2
:10E4D00001906B461946012005F0BCFC01906B468B
:10E4E000184605F045FD019000BF03B05DF804FB40
:10E4F00000B583B00190184B01221A60174B1B68BE
:10E50000012B24D1164B1B68002B09DC154B012273
:10E510001A60124B00221A60134B01221A7016E087
:10E52000124B1B684FF47A7202FB03F3184600F09B
:10E5300021F80B4B1B68013B094A1360084B1B6811
:10E5400019460B4802F000FB074B00221A7000BF6F
:10E5500003B05DF804FB00BF403C0020483C0020B5
:10E560004C3C0020443C0020503C0020F82B002074
:10E5700034950300F0B583B00190154A0021154889
:10E58000F9F76AFB019BDA171C4615464FF00002AB
:10E590004FF00003EB0343EA5443E20312F57A76AB
:10E5A00043F100074FF4FA624FF00003304639465A
:10E5B00008F0BCFF02460B461346002219460648E7
:10E5C000F9F77EFB054B00221A6000BF03B0F0BDD7
:10E5D000F1E40200BCA10300B0340020403C002064
:10E5E00008B5064A01210648F9F736FB002210213A
:10E5F0000448F9F765FB00BF08BD00BF29E302002E
:10E60000C0A10300D034002000B595B004238DF8DC
:10E610004F305923ADF80430214B03931823ADF844
:10E62000083004AB3C220021184609F088F9002389
:10E630008DF810309DF84F308DF8133001AB0D93ED
:10E6400018220021174809F07AF9164B05221A7092
:10E65000144B00225A60134B00221A75124B1B6890
:10E660004FF47A7202FB03F3104A82FB0312121278
:10E67000DB17D31A1A460B4B9A600A4B00229A8179
:10E680000B4B196804AB0B4A184602F0FDFE054A15
:10E6900007490948FFF7FFFD00BF15B05DF804FB0F
:10E6A000E02B0020EC3B0020482B0020AD8BDB68EA
:10E6B000D02B0020D42B0020CC2B002008B5044BFD
:10E6C0001B7801211846FFF7EAFD00BF08BD00BF17
:10E6D000CC2B002008B5034B1B781846FFF7E3FD51
:10E6E00000BF08BDCC2B002000B583B000230093F1
:10E6F00005F0B6FA01906B461946012005F0AAFB19
:10E700006B46184605F034FC019000BF03B05DF87D
:10E7100004FB08B5FFF7D6FE00F0EEF900BF08BD18
:10E7200008B5F42200210D4809F009F90B4B4122EC
:10E730001A700A4B43225A70084B4B229A70074BAF
:10E740003122DA70064B1B88064A0449064805F058
:10E7500081F8064802F0F8F900BF08BDD03A002061
:10E76000982B0020A02B00207C2B00204895030034
:10E7700000B583B003460091ADF80630064802F0BC
:10E78000E3F9BDF80630009A19460448F8F772FE1E
:10E7900000BF03B05DF804FB5C950300EFBEADDE87
:10E7A00000B589B00190019B1B78002B40F092804E
:10E7B000019B9B8A1946494802F0C6F9002307933A
:10E7C000019B9B8A1A46079B93420CD2019B1A69B4
:10E7D000079B13441B781946414802F0B5F9079B83
:10E7E00001330793ECE73F4802F0AEF9019B1B6948
:10E7F00002331B78012B0CD13B4B01221A704FF0D6
:10E800008043B122C3F81C256420FFF76CFDFFF79D
:10E8100031FC019B1B6904331A78344B1A70019B3D
:10E820001B6905331A78324B1A70019B1B6906333A
:10E830001B781A464FF47A7302FB03F32D4A1360D8
:10E84000019B1B6907331B785AB22B4B1A70019B33
:10E850001B6908331B781A464FF47A7302FB03F3E3
:10E86000264A1360019B1B6909331B781A464FF433
:10E870007A7302FB03F3224A1360019B1B690A337C
:10E880001A78204B1A70002306930B230593059BDF
:10E890000E2B0FDC019B1A69059B1A44069B591C21
:10E8A0000691127808A90B4403F8102C059B01333C
:10E8B0000593ECE704A903AB0422184609F016F807
:10E8C000DDED037AFDEEE77A17EE902A0E4B1A6023
:10E8D000FFF726FF00BF09B05DF804FB7495030045
:10E8E000A095030030950300513C00201535002011
:10E8F00016350020A82B00204C2B0020B02B002028
:10E90000AC2B0020523C0020002C002000B585B02C
:10E910009DF80430012262F303038DF804309DF862
:10E920000430012262F307138DF80430124809F015
:10E9300082F803469AB201AB0F491846FFF7C3FCB1
:10E9400002AB08220021184608F0F9FF1023ADF8A9
:10E9500008303C23ADF80A300023ADF80C304FF4FA
:10E96000C873ADF80E3002AB1846FFF7A8FC00BF25
:10E9700005B05DF804FB00BFA895030000B583B0A7
:10E9800000230093002300936B461946094804F0C6
:10E9900079FC01AB04220021184608F0D0FF064B99
:10E9A000019301AB1946054804F0AEFE00BF03B069
:10E9B0005DF804FB90360020A1E702007C2B0020CC
:10E9C00000B583B00190019B1B78002B05D1054B4E
:10E9D0001B883B211846FFF76AFC00BF03B05DF8B7
:10E9E00004FB00BF982B002000B589B001AB1C22AE
:10E9F0000021184608F0A3FF002301934FF4A03331
:10EA000002934FF4F023039303238DF81030002377
:10EA1000ADF8123000238DF81430064B0693002316
:10EA2000079301AB184603F055FC00BF09B05DF831
:10EA300004FB00BFC1E9020000B585B00190009160
:10EA4000019B1B88562B42D0562B47DC3B2B37D0E3
:10EA50003B2B43DC212B25D0212B3FDC102B02D07C
:10EA6000112B0ED03AE0019B9A881F4B1A801E4B47
:10EA70001B8819461D4804F027FC1D4B01221A7003
:10EA80002DE0194B4FF6FF721A80174B1B883B2164
:10EA90001846FFF70CFC164B00221A70154B01228A
:10EAA0001A601CE000238DF80D3000238DF80C3027
:10EAB000019B9B8803AA11461846FFF710FC0EE045
:10EAC000019B9B8813211846FFF7F1FB07E0019B90
:10EAD0009B8813211846FFF7EAFB00E000BF00BF48
:10EAE00005B05DF804FB00BF982B00209036002095
:10EAF00075360020403C002008B5FFF7ECFB0349C9
:10EB00000348FFF7E4FB00BF08BD00BFC42B002093
:10EB1000B42B002000B585B00023039305F0A0F8C6
:10EB2000039003991D4802F00FF8039B0293029B88
:10EB3000002B05D01A4A40F2A2410298F8F79AFC3D
:10EB40000023019301AB184605F072F90390039975
:10EB5000144801F0F9FF019B1946134801F0F4FF36
:10EB600001AB1946012005F075F90346002B14BFCF
:10EB700001230023DBB2002B02D00C4801F0E4FF9C
:10EB800001AB184605F0F4F903900399034801F02E
:10EB9000DBFF00BF05B05DF804FB00BFB4950300C8
:10EBA0006C940300C4950300D8950300EC95030012
:10EBB00000B5ADB001ABAC220021184608F0BFFE95
:10EBC00002238DF8043000238DF8063005238DF8DC
:10EBD00007300123ADF850300C4B159301238DF80D
:10EBE00080304023239344F25063249300232A93DC
:10EBF00001AB1946064803F007F80121044802F06A
:10EC0000F6FF00BF2DB05DF804FB00BF9C2B002079
:10EC10009C36002000B583B001900091009B5A887B
:10EC2000124B1B889A4214D1009B1B8840F6772216
:10EC300093420ED1009B9B88033B9AB20C4B1A80E7
:10EC40000B4B1B8819460A4B1B881A46094801F0D2
:10EC50007BFF019B5B881946019B1B881A4606486F
:10EC600001F072FF00BF03B05DF804FB982B002099
:10EC70009A2B0020F89503001896030008B5054963
:10EC8000054804F018FAF721034804F03FFA00BFE2
:10EC900008BD00BF15EC02007C36002008B503213A
:10ECA000024803F08DF800BF08BD00BF9C3600206D
:10ECB00008B5FFF72FFFFFF729FEFFF7DFFFFFF78C
:10ECC0005DFEFFF775FFFFF78FFEFFF7E7FF044BD1
:10ECD00000221A70034801F037FF00BF08BD00BFD3
:10ECE000753600205496030082B00190019B082BDA
:10ECF00038D801A252F823F01DED020025ED0200E4
:10ED00002DED020035ED02003DED020045ED020063
:10ED10004DED020055ED02005DED0200154BD822CD
:10ED20001A7023E0134BE2221A701FE0114BEC2201
:10ED30001A701BE00F4BF0221A7017E00D4BF422F3
:10ED40001A7013E00B4BF8221A700FE0094BFC22EB
:10ED50001A700BE0074B00221A7007E0054B0422E3
:10ED60001A7003E0034B00221A7000BF00BF02B00C
:10ED7000704700BF5C3D0020124B0022C3F8002208
:10ED8000104B0022C3F810210E4B00221A600D4BCD
:10ED90000122DA600B4B01221A610A4B0122C3F8EF
:10EDA0000C21084BD3F81031002B0CBF012300239A
:10EDB000DBB2002B00D0F4E7024B0022C3F8102195
:10EDC00000BF70470010004008B5114B0122C3F886
:10EDD000FC2F0F4B0122C3F800220E4B93F9003099
:10EDE0001846FFF781FF0C4B1A78094BC3F80C2526
:10EDF0000A4B1A78064BC3F81025054A084B1B68C6
:10EE0000C2F80835024B01221A6000BF08BD00BFDE
:10EE1000001000404C2B00205C3D0020FC2B00200B
:10EE2000002C002000B583B0384B04221A70384BF8
:10EE3000D3F85036364A23F00103C2F85036344B2B
:10EE4000344AC3F81825324B0022C3F83425304B1E
:10EE50000022C3F82C252E4B0122C3F830252C4B61
:10EE6000CC22C3F824252A4B4FF0CC32C3F81C2502
:10EE7000274B294AC3F81425284BFF221A70002378
:10EE80008DF807309DF80730FF2B0BD09DF8073029
:10EE90000133224ACC21D1549DF8073001338DF83B
:10EEA0000730EFE71A4B1D4AC3F80425184B2122FF
:10EEB000C3F800221A4B93F900301846FFF714FFED
:10EEC000184B1A78124BC3F80C25104B1A78104BBC
:10EED000C3F810250E4A144B1B68C2F808350C4BBA
:10EEE0000022C3F80C210A4B01221A60084BD3F808
:10EEF0000C31002B0CBF01230023DBB2002B00D010
:10EF0000F4E700BF03B05DF804FB00BFFC2B00205A
:10EF100000100040FF000403080000015C3C0020DA
:10EF20004C2B00205C3D0020002C002010B584B04C
:10EF30000390FFF7F3F90346744A1360734B1B68A1
:10EF40001946734801F000FEFFF7B2FE0398FFF781
:10EF500011FB704801F0F8FD6F4B1B68002B03D0CC
:10EF60006E4B1B78002B01D0012300E00023002B07
:10EF700002D0FAF703F8EFE7694801F0E5FD694BC5
:10EF800093F854301846FFF78EF94FF47A70FFF774
:10EF9000AAF904F0B9FE4FF47A70FFF7A4F901F072
:10EFA000A3FB614B93F90030082B02DD5E4B072277
:10EFB0001A705E4B1B68642B06D95D4B1B78002BC7
:10EFC00002D15A4B11221A60574B93F900301C465C
:10EFD000584B1968584B1A68584B1868584B1B689F
:10EFE00000930346204600F0E5FA03465AB2554B1B
:10EFF0001A704E4B1B6803F5617307EE903AF8EEFA
:10F00000677A514BC3ED007A474B93F900301C46A9
:10F010004E4B19684E4B1A684E4B18684E4B1B6886
:10F0200000930346204600F0C5FA03465AB24B4B04
:10F030001A703D4B93F900301C46494B1968494BF7
:10F040001A68494B1868494B1B68009303462046D1
:10F0500000F0B0FA03465AB2454B1A70454B1B7884
:10F060001946454801F070FD444B1B681946444859
:10F0700001F06AFD2C4B93F900301946414801F02C
:10F0800063FD414B1B681946404801F05DFD404B54
:10F090001B6819463F4801F057FD3F4B1B78194646
:10F0A0003E4801F051FD214B1B6819463C4801F0D8
:10F0B0004BFD1F4B1B7819463A4801F045FD1B4B91
:10F0C0001B681946384801F03FFD244B93F9003086
:10F0D0001946364801F038FD254B93F900301946A2
:10F0E000334801F031FD234B1B78002B09D04FF042
:10F0F0008043B122C3F81C256420FFF7F4F8FEF723
:10F10000B9FFFFF7F1FA00BF04B010BD543C002076
:10F11000409803004C980300403C002075360020C6
:10F12000649803009C3600204C2B0020002C00200B
:10F130001635002098340020202B0020242B00209E
:10F14000282B00209C3400202C2B0020A0340020F1
:10F15000302B0020342B0020382B00209D34002041
:10F16000A83400203C2B0020402B0020442B002002
:10F17000A4340020513C00207C980300A82B0020E0
:10F180008898030098980300AC2B0020AC980300EB
:10F19000B02B0020BC980300523C0020D098030004
:10F1A000DC980300F49803001899030030990300D9
:10F1B0005099030008B5FAF76BFB0020FAF7C6FB7D
:10F1C000F9F7C6FE00BF08BD30B587B04FF08053D9
:10F1D000D3F8A8301B0ADBB263F03F03DBB28DF833
:10F1E00010304FF08053D3F8A830DBB28DF81130D7
:10F1F0004FF08053D3F8A4301B0EDBB28DF81230E1
:10F200004FF08053D3F8A4301B0CDBB28DF81330D1
:10F210004FF08053D3F8A4301B0ADBB28DF81430C2
:10F220004FF08053D3F8A430DBB28DF815309DF841
:10F2300010301C469DF811301D469DF812309DF887
:10F2400013209DF814109DF815000390029101926F
:10F2500000932B4622460549054808F094FA0449D4
:10F26000044801F071FC00BF07B030BD7099030085
:10F27000303C00209499030010B584B04FF08053C7
:10F28000D3F80431029302AB03934FF08053D3F8C9
:10F290000011039B03331B781846039B02331B7832
:10F2A0001C46039B01331B781A46039B1B78019372
:10F2B0000092234602460C4801F046FC4FF0805372
:10F2C000D3F808311946094801F03EFC4FF080534D
:10F2D0001B6E4FF08052526E1946054801F034FC07
:10F2E00000BF04B010BD00BFB4990300D099030063
:10F2F000E09903000000000000B585B04FF0FF3337
:10F3000003934FF0FF3302934FF0FF3301932C48E8
:10F3100001F01AFC76222B492B4805F0A1FC2B4961
:10F32000294805F089FD03460393284B1B681846BE
:10F3300007F018FC4FF00002254B07F079FA02465F
:10F340000B4610461946234BD3E9002307F070FA09
:10F3500002460B4643EC172B9FED151BB0EE470AF8
:10F36000F0EE670A07F0B0FF53EC102B4FF00000EF
:10F37000194907F0BDF902460B46104619460EA37F
:10F38000D3E9002307F0B8F902460B461349C1E957
:10F3900000230E4B1968114BD3E90023104801F0EC
:10F3A000D3FB4FF4FA70FEF79EFFB8E7AFF300808F
:10F3B000245174CC955BC83F0000000040A5E54097
:10F3C000409B0300042F0020682E0020C02E002048
:10F3D00000005940182B00200000F03FB82E0020FC
:10F3E000649B03000000000000B583B076225A49F8
:10F3F0005A4805F035FC5A49584805F01DFD584B50
:10F400001B68184607F0AEFB4FF00002554B07F0A3
:10F410000FFA02460B4610461946534BD3E9002318
:10F4200007F006FA02460B4643EC172B9FED461BEE
:10F43000B0EE470AF0EE670A07F046FF53EC102BD8
:10F440004FF00000494907F053F902460B461046B9
:10F4500019463FA3D3E9002307F04EF902460B46B5
:10F460004349C1E900233E4B1868414BD3E90023CF
:10F4700040490968009101463F4801F065FB3F4B58
:10F480001B68184607F06EFB394BD3E9002307F0E1
:10F49000B5FA0346002B12D0394B1B68184607F00B
:10F4A00061FB334BD3E9002307F0E0FA0346002B5E
:10F4B00005D0304B1B6801332E4A136002E02D4B00
:10F4C00000221A602F4B1B68184607F04BFB284B95
:10F4D000D3E9002307F092FA0346002B12D02A4BFF
:10F4E0001B68184607F03EFB214BD3E9002307F0C9
:10F4F000BDFA0346002B05D0244B1B680133234A79
:10F50000136002E0214B00221A601A4B1B68052B86
:10F5100002D11F4B01221A701C4B1B68052B02D114
:10F520001B4B00221A701A4B1B78002B03D019209A
:10F53000FEF772FE02E01920FEF75AFE42F210704A
:10F54000FEF7D1FE57E700BF245174CC955BC83F4E
:10F550000000000040A5E540042F0020682E002098
:10F56000C02E002000005940182B00200000F03F62
:10F57000B82E0020B02E0020A49B0300082B0020F2
:10F580000C2B0020102B0020142B0020B42E002068
:10F59000C42E002000B583B001900B468DF80330D7
:10F5A000034801F0D1FA00BF03B05DF804FB00BFCF
:10F5B000F89B030084B00390029101920093039A98
:10F5C000029BD31A0499009A8A1A03FB02F201994A
:10F5D000029BCB1A92FBF3F2009B1344184604B033
:10F5E0007047000082B00190024B01221A6000BFF8
:10F5F00002B070476033002008B50248F8F798FB66
:10F6000000BF08BDF0340020F0B585B001900023A4
:10F610000393FFF7F1FF164A00211648F8F71CFB89
:10F62000019B00221C4615464FF000024FF00003DC
:10F63000EB0343EA5443E20312F57A7643F1000701
:10F640004FF4FA624FF000033046394607F06EFF80
:10F6500002460B461346002219460748F8F730FBCE
:10F660000390064B00221A6000BF05B0F0BD00BF3A
:10F67000E5F50200C4A10300F0340020603300204F
:10F6800000B583B00A4801F05FFA0A4B00930A4BB9
:10F6900006220721094804F08FFE4FF4FA60FEF7B6
:10F6A00022FE064804F002FF00BF03B05DF804FB31
:10F6B000209C03006033002009F60200582F002030
:10F6C00008B50220FEF794FD4FF4FA60FEF70BFE3A
:10F6D000FFF7D6FF4FF47A70FEF705FE01210C48C4
:10F6E00004F0E2FF0B4801F02FFA0B49084804F040
:10F6F00095FF0A4801F028FA054804F0D7FE0448AF
:10F7000004F01CFF4FF47A70FEF7EDFDF7E700BF41
:10F71000582F0020409C0300689C0300889C030035
:10F7200008B5114801F010FAFFF744FDFFF74CFD52
:10F73000FFF7A2FD00F0D3FFFEF752FF0120FEF716
:10F74000AFFCFBF753F80346002B14BF0123002343
:10F75000DBB2002B02D0054801F0F6F96420FEF779
:10F76000C2FD0123184608BDE49D0300F09D03007F
:10F7700008B52020FEF705FD2020FEF74DFDC8202E
:10F78000FEF7B1FD2020FEF733FDC820FEF7ABFDEC
:10F79000F2E7000008B504F0B7FA1F4B01221A6027
:10F7A0004FF080430022C3F800214FF08043012234
:10F7B0001A604FF08043D3F80031002B0CBF0123B7
:10F7C0000023DBB2002B00D0F3E7144B0022C3F878
:10F7D0000022124B0022C3F81021104B00221A60A5
:10F7E0000E4B0122DA600D4B01221A610B4B0122F4
:10F7F000C3F80C21094BD3F81031002B0CBF0123A7
:10F800000023DBB2002B00D0F4E7044B0022C3F846
:10F81000102100BF08BD00BF00D000400010004014
:10F8200008B58148FFF782FB804B1B78002B08D07E
:10F830000220FEF7DDFC4FF4FA60FEF754FDFFF7FF
:10F840001FFF7B4B1B78022B11D1784B1B78002BB1
:10F850000DD1784B1B68002B09D1774B1B68002B0F
:10F8600005D1764B1B68002B01D1042341E1704B7D
:10F870001B78002B11D16D4B1B78002B0DD16D4BDC
:10F880001B68002B09D16C4B1B68002B05D16B4BFF
:10F890001B68002B01D103232BE1654B1B78032B45
:10F8A00011D1624B1B78002B0DD1624B1B68002BD2
:10F8B00009D1614B1B68002B05D1604B1B68002BE5
:10F8C00001D1052315E15A4B1B78022B11D1574B5F
:10F8D0001B78002B0DD1574B1B68002B09D1564BC1
:10F8E0001B68002B05DD554B1B68002B01D106233F
:10F8F000FFE04F4B1B78022B11D14C4B1B78002B98
:10F900000DD14C4B1B68002B09DD4B4B1B68002BAA
:10F9100005D14A4B1B68002B01DD0723E9E0444B6E
:10F920001B78032B11D1414B1B78002B0DD1414B80
:10F930001B68002B09DD404B1B68002B05D13F4B9A
:10F940001B68002B01DD0823D3E0394B1B78022B09
:10F9500011D1364B1B78002B0DD1364B1B68002B79
:10F9600009D1354B1B68002B05DD344B1B68002B80
:10F9700001DD0923BDE02E4B1B78022B11D12B4B4F
:10F980001B78002B0DD12B4B1B68002B09DD2A4B5C
:10F990001B68002B05DD294B1B68002B01DD0A23AA
:10F9A000A7E0234B1B78032B11D1204B1B78002B96
:10F9B0000DD1204B1B68002B09DD1F4B1B68002B52
:10F9C00005DD1E4B1B68002B01DD0B2391E0184B5E
:10F9D0001B78022B11D1154B1B78012B0DD1154B28
:10F9E0001B68002B09D1144B1B68002B05D1134B4E
:10F9F0001B68002B01D10C237BE00D4B1B78032BE4
:10FA00001ED10A4B1B78012B1AD10A4B1B68002B05
:10FA100016D1094B1B68002B12D1084B1B68002B19
:10FA20000ED10D2365E000BFC0D4010016350020C3
:10FA3000523C0020A82B0020B02B0020AC2B002033
:10FA40002D4B1B78022B11D12C4B1B78022B0DD187
:10FA50002B4B1B68002B09D12A4B1B68002B05D1AF
:10FA6000294B1B68002B01D10E2342E0224B1B784F
:10FA7000022B11D1214B1B78012B0DD1204B1B6880
:10FA8000002B09DD1F4B1B68002B05D11E4B1B688B
:10FA9000002B01DD0F232CE0174B1B78032B11D11A
:10FAA000164B1B78012B0DD1154B1B68002B09DD64
:10FAB000144B1B68002B05D1134B1B68002B01DD79
:10FAC000102316E00C4B1B78022B11D10B4B1B782B
:10FAD000022B0DD10A4B1B68002B09D1094B1B6867
:10FAE000002B05DD084B1B68002B01DD112300E016
:10FAF0000323184608BD00BF523C002016350020E5
:10FB0000A82B0020B02B0020AC2B002008B5FFF75D
:10FB100041FEFFF759F90323184608BD08B5FFF762
:10FB200039FEFFF77FF90323184608BD08B5044BDB
:10FB30001B68184600F0E6FD0623184608BD00BF06
:10FB4000B02B002008B5FFF725FEFFF73DF9144B59
:10FB50001B681846FEF70EFD124B1B68002B0CBFEE
:10FB600001230023DBB2002B02D0F9F707FAF3E7F9
:10FB700000F0BAFDFFF700F90B4B1B681846FEF7C3
:10FB8000F9FC084B1B68002B0CBF01230023DBB2E0
:10FB9000002B02D0F9F7F2F9F3E700F0A5FDD4E766
:10FBA000A82B0020403C0020AC2B002008B5FFF71C
:10FBB000F1FDFFF737F9144B1B681846FEF7DAFC26
:10FBC000124B1B68002B0CBF01230023DBB2002B60
:10FBD00002D0F9F7D3F9F3E700F086FDFFF7CCF890
:10FBE0000B4B1B681846FEF7C5FC084B1B68002B27
:10FBF0000CBF01230023DBB2002B02D0F9F7BEF9C2
:10FC0000F3E700F071FDD4E7A82B0020403C002072
:10FC1000AC2B002008B5FFF7BDFD0C4B1B68184648
:10FC200000F070FD0A4B1B681846FEF7A3FC094B59
:10FC30001B68002B0CBF01230023DBB2002B02D07A
:10FC4000F9F79CF9F3E700F04FFDE6E7B02B002051
:10FC5000AC2B0020403C002008B5FFF79BFDFFF7D0
:10FC6000B3F8174B1B681846FEF784FC154B1B684E
:10FC7000002B0CBF01230023DBB2002B02D0F9F7CD
:10FC80007DF9F3E700F030FDFFF776F80E4B1B68C7
:10FC90001846FEF76FFC0B4B1B68002B0CBF0123B3
:10FCA0000023DBB2002B02D0F9F768F9F3E700F08C
:10FCB0001BFD064B1B68184600F024FDCFE700BF74
:10FCC000A82B0020403C0020AC2B0020B02B0020B3
:10FCD00008B5FFF75FFDFFF7A5F8174B1B6818463F
:10FCE000FEF748FC154B1B68002B0CBF01230023BB
:10FCF000DBB2002B02D0F9F741F9F3E700F0F4FC96
:10FD0000FFF73AF80E4B1B681846FEF733FC0B4B17
:10FD10001B68002B0CBF01230023DBB2002B02D099
:10FD2000F9F72CF9F3E700F0DFFC064B1B681846E7
:10FD300000F0E8FCCFE700BFA82B0020403C0020EB
:10FD4000AC2B0020B02B002000B583B0094B1B6802
:10FD50001946094B93F900301A460023019300928B
:10FD60000B4601220121054804F028FEF9F706F9A7
:10FD7000FCE700BF002C00209D340020582F0020FD
:10FD800000B583B0094B1B681946094B93F9003045
:10FD90001A460123019300920B46012201210548D6
:10FDA00004F00CFEF9F7EAF8FCE700BF002C002095
:10FDB0009D340020582F002000B583B0094B1B68EC
:10FDC0001946094B93F900301A460023019300921B
:10FDD0000B4601220021054804F0F0FDF9F7CEF8AA
:10FDE000FCE700BF002C0020A4340020582F002086
:10FDF00000B583B0234B1B681946234B93F90030A1
:10FE00001A460023019300920B46012201211F484C
:10FE100004F0D4FD1E4B1B681846FEF7ABFB1D4BD0
:10FE20001B68002B0CBF01230023DBB2002B02D088
:10FE3000F9F7A4F8F3E700F057FC124B1B681946DA
:10FE4000114B93F900301A460023019300920B46A0
:10FE5000002201210D4804F0B1FD0F4B1B6818462C
:10FE6000FEF788FB0B4B1B68002B0CBF0123002304
:10FE7000DBB2002B02D0F9F781F8F3E700F034FC95
:10FE8000B8E700BF002C00209D340020582F002030
:10FE9000A82B0020403C0020AC2B002000B583B0F4
:10FEA000234B1B681946234B93F900301A46012354
:10FEB000019300920B46012201211F4804F07EFDB0
:10FEC0001E4B1B681846FEF755FB1D4B1B68002B8D
:10FED0000CBF01230023DBB2002B02D0F9F74EF850
:10FEE000F3E700F001FC124B1B681946114B93F924
:10FEF00000301A460123019300920B460022012193
:10FF00000D4804F05BFD0F4B1B681846FEF732FBF3
:10FF10000B4B1B68002B0CBF01230023DBB2002B13
:10FF200002D0F9F72BF8F3E700F0DEFBB8E700BFEB
:10FF3000002C00209D340020582F0020A82B0020EA
:10FF4000403C0020AC2B002000B583B0234B1B6845
:10FF50001946234B93F900301A460023019300926F
:10FF60000B46012200211F4804F028FD1E4B1B6890
:10FF70001846FEF7FFFA1D4B1B68002B0CBF012330
:10FF80000023DBB2002B02D0F8F7F8FFF3E700F014
:10FF9000ABFB124B1B681946114B93F900301A4604
:10FFA0000023019300920B46002200210D4804F02B
:10FFB00005FD0F4B1B681846FEF7DCFA0B4B1B6860
:10FFC000002B0CBF01230023DBB2002B02D0F8F77B
:10FFD000D5FFF3E700F088FBB8E700BF002C002056
:10FFE0009D340020582F0020A82B0020403C0020EA
:10FFF000AC2B00200000000000B587B0332219218F
:020000023000CC
:10000000794805F03BFE0346002B03D0774800F00B
:100010009BFD02E0764800F097FD0521724805F04F
:1000200032FF9DF80E306FF300038DF80E309DF80F
:100030000E306FF341038DF80E309DF80E306FF3E4
:1000400082038DF80E3000238DF80D3001238DF8DA
:100050000C3000211820FEF7A5F803AB654A1946BD
:100060001820FAF715FC0346002B14BF01230023C8
:10007000DBB2002B03D0604800F066FD03E00121F5
:100080005E4800F061FD01211820FAF77BFC56481C
:1000900005F09CFF40F6B83305931820FEF7D0F822
:1000A0000346002B04D0059B002B01DD012300E05B
:1000B0000023002B06D00A20FEF715F9059B013B13
:1000C0000593EAE7059B002B05D14D4800F03CFD68
:1000D000202006F0D9F9444805F004FE424BD3ED48
:1000E000027AF5EEC07AF1EE10FA03DD3E4B93EDA5
:1000F000027A04E03C4BD3ED027AB1EE677A3A4BD8
:10010000D3ED037AF5EEC07AF1EE10FA03DD364B4B
:10011000D3ED037A04E0344BD3ED037AF1EE677A42
:1001200037EE277A304BD3ED047AF5EEC07AF1EE54
:1001300010FA03DD2C4BD3ED047A04E02A4BD3ED07
:10014000047AF1EE677A77EE877ACDED047A049837
:1001500006F01CFD02460B462A49096800912A4810
:1001600000F0F2FC4FF4FA70FEF7BDF8049806F0C8
:100170000DFD19A3D3E9002306F040FC0346002B34
:1001800010D0049806F002FD15A3D3E9002306F071
:100190006DFC0346002B05D01A4B1B680133194A2E
:1001A000136002E0174B00221A60164B1B68052BE8
:1001B000CCBF01230023DBB2002B05D0134B01225F
:1001C0001A70134800F0C0FC104B1B78002B82D033
:1001D0001920FEF721F87EE79A9999999999FD3FA0
:1001E000666666666666FA3FC82E00201C9E03009F
:1001F000349E030095F502004C9E03006C9E0300A4
:10020000909E0300E42E0020B49E0300E02E002008
:10021000D89E030008B5074805F036FF4FF4FA7082
:10022000FEF761F8FFF768F8024805F069FF03235D
:10023000184608BDEC2E002008B5454B1B78002B56
:1002400006D0C820FEF74FF8424804F00FF903E04B
:10025000F7F786FFF8F71AF82620FDF7F3FE0720D8
:10026000FDF7F0FE0C20FDF7EDFE2320FDF7EAFE82
:100270000420FDF7E7FE0120FDF7E4FE0220FDF774
:10028000E1FE0820FDF7DEFE0920FDF7DBFE0A2077
:10029000FDF7D8FE304B02221A600620FDF7D2FE91
:1002A000C820FEF720F80220FDF7B6FF0320FDF777
:1002B000B3FF1E20FDF7B0FF1420FDF788FF1320C9
:1002C000FDF785FF0920FDF782FF0620FDF77FFF80
:1002D0000220FDF77CFF0520FDF779FF0320FDF7E5
:1002E00076FF0420FDF773FF1D20FDF770FF062049
:1002F000FDF76DFF0620FDF76AFF1520FDF767FF8C
:100300001220FDF764FF1020FDF761FF0F20FDF7BD
:100310005EFF0E20FDF75BFF0A20FDF758FF14205B
:10032000FDF755FF0D20FDF752FF0C4B00221A6020
:100330000A4B1B68094B01221A60094B00221A6004
:10034000074B1B68064B01221A60F8F717FEFCE703
:1003500016350020582F002084AC0740FC3F004099
:10036000FC4F004008B5FEF7B5F9182200211848E7
:1003700007F0E5FA164B49221A70154B54225A70B1
:10038000134B12229A70124B3422DA70104B562201
:100390001A710F4B78225A710E4B1A780C4B9A71C6
:1003A000FEF732F90C4B1B6A5BB21A4600210120A2
:1003B000FDF781FFFEF782F94FF47A70FDF793FFA6
:1003C000044B1B780133DAB2024B1A7000BF08BD30
:1003D000E02B0020E82E0020502B002008B5044818
:1003E00000F0B2FBFEF780F9FFF7BCFFFCE700BFAF
:1003F000009F030008B5044800F0A6FB4EF66020FD
:1004000000F080F9FAE700BF149F030008B5974B8E
:1004100000221A70954B1B78172B00F21F8101A246
:1004200052F823F08504030099040300AD0403008F
:10043000C1040300CD040300E1040300F50403003C
:10044000090503001D0503003105030045050300F0
:10045000590503006D0503008105030095050300A0
:10046000A9050300BD050300D1050300F90503003C
:100470000D060300210603003506030049060300AC
:10048000E50503007A4800F05FFBFFF749F90346F2
:100490001A46764B1A70E7E0764800F055FBFFF7F6
:1004A00067F903461A46714B1A70DDE0724800F096
:1004B0004BFBFFF7B5F903461A466C4B1A70D3E0B5
:1004C0006E4800F041FBFFF7B7FECDE06C4800F04E
:1004D0003BFBFFF71BFB03461A46644B1A70C3E055
:1004E000684800F031FBFFF719FB03461A465F4BE3
:1004F0001A70B9E0644800F027FBFFF717FB0346CA
:100500001A465A4B1A70AFE0604800F01DFBFFF727
:1005100019FB03461A46554B1A70A5E05C4800F0DB
:1005200013FBFFF743FB03461A46504B1A709BE040
:10053000584800F009FBFFF76DFB03461A464B4B8A
:100540001A7091E0544800F0FFFAFFF785FB03466C
:100550001A46464B1A7087E0504800F0F5FAFFF74C
:10056000B7FB03461A46414B1A707DE04C4800F039
:10057000EBFAFFF7E9FB03461A463C4B1A7073E0AF
:10058000484800F0E1FAFFF7FBFB03461A46374BF9
:100590001A7069E0444800F0D7FAFFF70DFC0346F3
:1005A0001A46324B1A705FE0404800F0CDFAFFF770
:1005B0001FFC03461A462D4B1A7055E03C4800F0CC
:1005C000C3FAFFF76BFC03461A46284B1A704BE040
:1005D000384800F0B9FAFFF7B7FC03461A46234B38
:1005E0001A7041E0344800F0AFFAFFF713FE0346FB
:1005F0001A461E4B1A7037E0304800F0A5FAFFF794
:10060000FBFC03461A46194B1A702DE02C4800F0EB
:100610009BFAFEF7E9FE03461A46144B1A7023E0D4
:10062000284800F091FAFFF74BF803461A460F4BA3
:100630001A7019E0244800F087FAFFF7CFFE03464E
:100640001A460A4B1A700FE0204800F07DFAFFF7B7
:10065000D1FE03461A46054B1A7005E01C4800F00F
:1006600073FAFFF7E9FD00BFD4E600BF642E002057
:10067000249F0300349F0300489F03005C9F0300F6
:100680006C9F0300849F03009C9F0300B09F0300A6
:10069000C89F0300E09F0300F49F03000CA0030029
:1006A00028A0030040A0030058A003006CA0030092
:1006B00084A003009CA00300B0A00300C0A003001E
:1006C000E4A0030004A1030020A1030030A1030063
:1006D0003CA1030008B5FDF7FEFD00BF08BD08B54D
:1006E000F7F77CFA00BF08BD08B50448F7F720FB10
:1006F000034B00221A6000BF08BD00BFB0340020C9
:10070000403C002000B583B00190184B00221A70C5
:10071000174B00221A70174B00221A70154B00223B
:100720001A70154B00221A70144B00221A70144BC9
:1007300000221A70FDF7EDFF0198FDF71BFF114B2A
:100740001B68002B0CBF01230023DBB2002B02D05F
:10075000F8F714FCF3E7FFF7BDFFFFF7C5FF03F061
:10076000D3FA00BF03B05DF804FB00BF7036002071
:100770007136002072360020733600207436002057
:10078000583C0020403C002000B585B00390029109
:10079000039B012B3AD1029B4FF6FF72934235D156
:1007A0001C4804F049FA1C4A1C491A4808F07CF815
:1007B0001B4805F05DFA4FF0CC730093022314221E
:1007C0001321184805F042FC164805F0B3FC034617
:1007D0001946154805F0EAFC144803F0B5FC144826
:1007E00003F08AFC134B1B686433134A1360124BEB
:1007F0001B689AB2114B5A800E4B1B689AB20F4B72
:100800009A800F4B1B689AB20C4BDA8000BF05B080
:100810005DF804FB682E0020000000004B4C030034
:10082000C82E0020EC2E0020042F0020643300206E
:1008300018350020A42B0020C43B0020B42B00203E
:10084000C83B002008B54FF6FF710120FFF79CFF61
:1008500008BD000000B583B01F4B0193019B02222D
:100860001A61019B02225A61019B1C4A9A61019BF9
:100870001B4ADA61019B4FF400721A62019B00224D
:100880009A62019B00225A62019B0022DA62019B5C
:10089000124A9A64019B134ADA64019B10221A657A
:1008A000019B00229A65019B00225A65019B002250
:1008B000DA65019B07330C49184607F073F8019B72
:1008C0000A49184607F06EF8019B20229A7100BF72
:1008D00003B05DF804FB00BF603D0020C8A1030029
:1008E000D83D0020D83F0020D4A10300D8A10300A8
:1008F00000B589B003900291019200230693039BF7
:10090000DB680593039B1B690493049A059B9A4239
:1009100005D9049A059BD31A013B079307E0039B73
:100920009A680499059BCB1A1344013B0793039BD8
:100930009A68059BD31A079A934228BF13460793D8
:10094000079A019B934228BF13460793039B5A685B
:10095000059B1344079A0299184606F0C7FF069AAA
:10096000079B13440693029A079B13440293019A30
:10097000079BD31A0193059A079B13440593039B86
:100980009B68059A9A4201D100230593039B059A1F
:10099000DA60019B002BB5D1069B184609B05DF8C3
:1009A00004FB00B589B0039002910192039BDB68C0
:1009B0000793039B9A68079BD31A0693069A019B99
:1009C0009A420ED9039B5A68079B1344019A0299D5
:1009D000184606F08BFF079A019B1A44039BDA60C6
:1009E0001AE0069B0593039B5A68079B1344059ADC
:1009F0000299184606F07AFF019A069BD31A0593CE
:100A0000039B5868029A069B1344059A194606F000
:100A10006DFF039B059ADA6000BF09B05DF804FB27
:100A200086B00190019B1B690493019BDB680393D3
:100A3000049A039B9A4208D8019B9A68039BD21A96
:100A4000049B1344013B059304E0049A039BD31ACF
:100A5000013B0593059B184606B0704700B589B069
:100A6000039002910192029B0693039B5A1C13462A
:100A70005B001344DB00204A13440593059B5B692C
:100A8000022B29D0022B2ED8002B02D0012B13D001
:100A900029E00598FFF7C4FF0490049A019B9A424D
:100AA00002D20023079321E0019B0793019A069944
:100AB0000598FFF776FF19E00598FFF7B1FF04905E
:100AC000019A049B934228BF13460793079A0699FD
:100AD0000598FFF766FF09E0019A06990598FFF768
:100AE00007FF079002E00023079300BF079B18460B
:100AF00009B05DF804FB00BF603D002000B587B081
:100B00000390029101920F4B1B78002B01D1FFF74C
:100B1000A1FE00238DF813300DF113031846F7F7EB
:100B200033FC019A02990398FFF798FF05909DF80E
:100B300013301846F7F73EFC059B184607B05DF8E2
:100B400004FB00BF603D00200FB400B5A3B025AB8F
:100B5000009301A8009B249A802106F0B9FE219001
:100B6000219B802B06DD01AB802219460020FFF778
:100B7000C5FF08E0219B002B05DD219A01AB19463A
:100B80000020FFF7BBFF219B184623B05DF804EB64
:100B900004B070476DDF704700BF184679DF7047BB
:100BA00000BF18467DDF704700BF184664DF7047FE
:100BB00000BF184682B003460091ADF80630BDF87C
:100BC0000630DAB2009B1A70BDF806301B0A9AB2E2
:100BD000009B0133D2B21A700223184602B070474C
:100BE00000B589B0039002911346ADF80630029B20
:100BF0001B8803F10902BDF806309A4201D90C2383
:100C000053E004AB1846FFF7C5FF0790079B069318
:100C1000069B002B01D0069B47E0029B1B881A46CF
:100C2000039B134408221A70029B1B8801339AB25B
:100C3000029B1A80029B1B881A46039B13441B22AB
:100C40001A70029B1B8801339AB2029B1A80029B86
:100C50001B881A46039B981804AB013306221946D9
:100C600006F044FE029B1B8806339AB2029B1A8050
:100C70009DF8103023F00103DBB2002B07D1029B5B
:100C80001B881A46039B134400221A7006E0029B3D
:100C90001B881A46039B134401221A70029B1B886F
:100CA00001339AB2029B1A800023184609B05DF8FE
:100CB00004FB00B589B0039002910192ADF80230B7
:100CC000039B1B78012B05D1039B5B78002B01D183
:100CD000072392E0019B1B889A1CBDF802309A42C0
:100CE0000ED8039B1B78012B0CD1019B1B881A4645
:100CF000039B5B7813449A1CBDF802309A4201D9D9
:100D00000C237AE0019B1B88BDF80220D31A9BB20A
:100D1000023BADF81C30BDF81C30ADF81230019B21
:100D20001B880233029A13440DF112021146184631
:100D3000FFF738FF0690069B0593059B002B01D01B
:100D4000059B5AE0039B1B78022B06D0039B5B7824
:100D50009AB2BDF812309A4209D3BDF81230BDF8EC
:100D60001C209A4203D309238DF81F3017E0082373
:100D70008DF81F30039B1B78012B0CD1039B5B78F4
:100D80009BB2BDF81C209A4205D3039B5B789BB2B3
:100D9000ADF8123003E0BDF81C30ADF81230BDF8EC
:100DA0001230FE2B01D90C2327E0BDF81230DAB245
:100DB000019B1B881946029B0B440132D2B21A7068
:100DC000019B1B8801339AB2019B1A80019B1B88EF
:100DD0001A46029B13449DF81F201A70019B1B8822
:100DE00001339AB2019B1A80019B1A88BDF8123018
:100DF00013449AB2019B1A800023184609B05DF88B
:100E000004FB00B589B0039002911346ADF806309B
:100E1000029B1B881A1DBDF806309A4201D90C238B
:100E20003BE00DF116031846FFF7B8FE0790079B4D
:100E30000693069B002B01D0069B2EE0029B1B888D
:100E40001A46039B134403221A70029B1B8801332A
:100E50009AB2029B1A80029B1B881A46039B13447A
:100E600019221A70029B1B8801339AB2029B1A80C6
:100E7000BDF81620029B1B881946039B0B4419469C
:100E80001046FFF797FE03461946029B1A888BB25D
:100E900013449AB2029B1A800023184609B05DF8E9
:100EA00004FB84B0029101921A4603468DF80F307C
:100EB0001346ADF80C30019B1B88DA1CBDF80C30D2
:100EC0009A4201D90C2328E0019B1B881A46029BF9
:100ED000134402221A70019B1B8801339AB2019BB2
:100EE0001A80019B1B881A46029B134401221A7028
:100EF000019B1B8801339AB2019B1A80019B1B88BE
:100F00001A46029B13449DF80F201A70019B1B8800
:100F100001339AB2019B1A800023184604B070472F
:100F200084B0029101921A4603468DF80F301346A1
:100F3000ADF80C30019B1B88DA1CBDF80C309A42CE
:100F400001D90C2328E0019B1B881A46029B1344FD
:100F500002221A70019B1B8801339AB2019B1A80EE
:100F6000019B1B881A46029B13440A221A70019B9C
:100F70001B8801339AB2019B1A80019B1B881A4679
:100F8000029B13449DF80F201A70019B1B880133AC
:100F90009AB2019B1A800023184604B0704700B52E
:100FA0008FB0039001930B468DF80B3013468DF8EC
:100FB0000A3000238DF83330109B1B88ADF8303099
:100FC00000230D9371E0039B5A680D9B9B001A440C
:100FD00005AB106818600DF11B0105AB0022184627
:100FE000FFF7E4FD0A900A9B0993099B002B01D0AF
:100FF000099B7CE09DF81B309DF80A209A4251D154
:101000009DF83330002B01D0002300E002238DF83F
:101010002330109B1B881A469DF81B301A449DF8FC
:1010200023301A44BDF844309A4201DD0C235EE0BF
:101030009DF8333083F00103DBB2002B16D0109BF8
:101040001B8801339AB2109B1A80109B1B881A468A
:10105000019B13449DF80B201A70109B1B880133D1
:101060009AB2109B1A8001238DF83330109B1B8895
:101070001A46019B1A440DF11B0105AB1846FFF7F8
:1010800095FD0A900A9B0793079B002B01D0079BB5
:101090002DE0109B1A889DF81B309BB213449AB226
:1010A000109B1A800D9B01330D93039B1B881A46DE
:1010B0000D9B934287DB9DF83330002B16D0109B9D
:1010C0001A88BDF83030D31A9BB2013BADF82E30F0
:1010D000BDF82E30FF2B01D90C2308E0BDF83030CD
:1010E000019A1344BDF82E20D2B21A70002318467C
:1010F0000FB05DF804FB00B58BB0059003930B4671
:101100008DF8133013468DF812309DF81310BDF88A
:10111000343001930C9B0093039B02220598FFF748
:101120003EFF0990099B0893089B002B01D0089B68
:1011300014E09DF81210BDF8343001930C9B00931D
:10114000039B10220598FFF72AFF0990099B07933C
:10115000079B002B01D0079B00E0002318460BB033
:101160005DF804FB82B00190019B1B88052B0AD916
:10117000019B1B88B3F5486F07D9019B1B884FF66D
:10118000FF72934201D0072325E0019B5B88052B6A
:101190000AD9019B5B88B3F5486F07D9019B5B882F
:1011A0004FF6FF72934201D0072314E0019B1B8886
:1011B0004FF6FF7293420DD0019B5B884FF6FF7292
:1011C000934207D0019B1A88019B5B889A4201D900
:1011D000072300E00023184602B0704700B587B02F
:1011E000039002910192ADF80230019B1B889A1D79
:1011F000BDF802309A4201D90C234DE00398FFF765
:10120000B1FF0590059B0493049B002B01D0049B28
:1012100042E0019B1B881A46029B134405221A7068
:10122000019B1B8801339AB2019B1A80019B1B888A
:101230001A46029B134412221A70019B1B88013329
:101240009AB2019B1A80039B1A88019B1B8819463E
:10125000029B0B4419461046FFF7ACFC03461946A7
:10126000019B1A888BB213449AB2019B1A80039B8C
:101270005A88019B1B881946029B0B44194610464D
:10128000FFF798FC03461946019B1A888BB213445A
:101290009AB2019B1A800023184607B05DF804FB40
:1012A00000B587B0039002910192ADF80230039B24
:1012B0009B8802330593019B1B881A46059B1344A8
:1012C0009A1CBDF802309A4201D90C2354E0059BC8
:1012D000FE2B01D90C234FE0059BDAB2019B1B8842
:1012E0001946029B0B440132D2B21A70019B1B8833
:1012F00001339AB2019B1A80019B1B881A46029BFC
:101300001344FF221A70019B1B8801339AB2019B80
:101310001A80039B1A88019B1B881946029B0B4469
:1013200019461046FFF746FC03461946019B1A88EA
:101330008BB213449AB2019B1A80039B9B88002BAB
:1013400019D0039B9B68002B01D1072314E0019B5C
:101350001B881A46029B9818039B9968039B9B88DD
:101360001A4606F0C3FA019B1A88039B9B88134414
:101370009AB2019B1A800023184607B05DF804FB5F
:1013800000B589B0039002910192ADF80230039B41
:101390009B6A002B01D1072372E000238DF81F30D8
:1013A00066E0039B996A9DF81F2013465B00134477
:1013B0009B000B440693069B9B8802330593059B79
:1013C000FE2B01D90C235BE0059BDAB2019B1B8845
:1013D0001946029B0B440132D2B21A70019B1B8842
:1013E00001339AB2019B1A80019B1B881A46029B0B
:1013F000134416221A70019B1B8801339AB2019B79
:101400001A80069B1A88019B1B881946029B0B4475
:1014100019461046FFF7CEFB03461946019B1A8872
:101420008BB213449AB2019B1A80069B9B88002BB7
:1014300019D0069B9B68002B01D1072320E0019B5C
:101440001B881A46029B9818069B9968069B9B88E6
:101450001A4606F04BFA019B1A88069B9B88134498
:101460009AB2019B1A809DF81F3001338DF81F300E
:10147000039B93F82C309DF81F209A4291D30023B0
:10148000184609B05DF804FB00B595B005900491CD
:10149000039200231393039B1B88ADF84A30039BF0
:1014A00000221A80059B93F82D30002B0ED0BDF83A
:1014B0004A301A4603990498FFF792FB1390139B46
:1014C0001193119B002B01D0119BD8E0059B9B78B9
:1014D000002B0ED0BDF84A301A4603990498FFF746
:1014E00090FC1390139B1093109B002B01D0109B2A
:1014F000C5E0059BDB78002B10D0059BDB7858B24C
:10150000BDF84A30039A0499FFF7CBFC1390139B64
:101510000F930F9B002B01D00F9BB0E0059B5B68E6
:10152000002B11D0059B5B6893F90000BDF84A3091
:10153000039A0499FFF7F4FC1390139B0E930E9BF0
:10154000002B01D00E9B9AE0059B1B89002B14D029
:10155000059B03F10800BDF84A300193039B0093FB
:10156000049B06220221FFF7C6FD1390139B0D93E7
:101570000D9B002B01D00D9B81E0059B1B8A002B4E
:1015800014D0059B03F11000BDF84A300193039B72
:101590000093049B07220321FFF7ADFD1390139BDB
:1015A0000C930C9B002B01D00C9B68E0059B1B8BC4
:1015B000002B14D0059B03F11800BDF84A300193AD
:1015C000039B0093049B15221421FFF794FD1390B5
:1015D000139B0B930B9B002B01D00B9B4FE0059BA8
:1015E0001B6A002B0FD0059B186ABDF84A30039A7E
:1015F0000499FFF7F3FD1390139B0A930A9B002BAA
:1016000001D00A9B3BE0059B5B6A002B0FD0059B3A
:10161000586ABDF84A30039A0499FFF741FE1390C7
:10162000139B0993099B002B01D0099B27E0059B85
:1016300093F82C30002B0ED0BDF84A30039A049951
:101640000598FFF79DFE1390139B0893089B002BB2
:1016500001D0089B13E0059B1B78002B0ED0BDF832
:101660004A30039A04990598FFF723FB1390139BC4
:101670000793079B002B01D0079B00E0139B1846A4
:1016800015B05DF804FB86B0039001921A460B4634
:10169000ADF80A3013468DF80930039B002B02D0B9
:1016A000019B002B01D100234DE00023ADF8163043
:1016B0000CE0BDF81630039A13441B789AB2BDF8BB
:1016C000163013449BB20133ADF81630019B1B88D2
:1016D000BDF816209A4209D3BDF816300133039A9B
:1016E00013441B789DF809209A4205D0BDF81620B6
:1016F000BDF80A309A42DCD3BDF81620BDF80A3096
:101700009A4201D300231EE0BDF816300233ADF833
:101710001430BDF81630039A13441B789BB2013B7A
:10172000ADF81230BDF81420BDF812301A44BDF8DF
:101730000A309A4201DD002305E0019BBDF8142028
:101740001A80BDF81230184606B0704700B585B053
:1017500001900B46ADF8023013468DF8013000239E
:10176000ADF80C309DF8013003AABDF802100198C5
:10177000FFF789FF0346ADF80E30BDF80E30002BA1
:1017800001D1002304E0BDF80C301A46019B13443C
:10179000184605B05DF804FB72DF704700BF1846BD
:1017A00073DF704700BF184682B00190019B93F829
:1017B0003034184602B0704784B001900023039380
:1017C0000AE0019A039B13441B78002B01D00123EC
:1017D00006E0039B01330393039B052BF1D9002300
:1017E000184604B07047000082B003468DF80730F9
:1017F0009DF807305A1C074B83FB02135910D3176F
:10180000C91A0B469B000B44D11ACBB2184602B042
:10181000704700BF6766666682B001900091009BCA
:10182000DB7B012B04D1009B9A88019BA3F8242425
:1018300000BF02B0704700B585B001900091019BD8
:10184000002283F82E24009B9A88019BB3F824344D
:101850009A4216D1019B1B7983F00103DBB2002B66
:101860000FD00121019800F0ABFA0390039B002BED
:1018700007D0019B9B6B002B03D0019B9B6B0398B4
:10188000984700BF05B05DF804FB00B585B0019036
:101890000091009B1B88262B1ED1009B1B7A012BDD
:1018A00003D0009B1B7A022B17D1019B9B78184613
:1018B000FFF79AFF03461946019800F081FA03905A
:1018C000039B002B09D0019B9B6B002B05D0019B38
:1018D0009B6B0398984700E000BF05B05DF804FBE0
:1018E00000B585B001900B468DF80330019B03F2E3
:1018F00027431846FFF760FF03468DF80F309DF829
:101900000330013B032B33D801A252F823F000BF70
:101910002119030045190300591903006519030033
:10192000019B9B79002B0DD0019B93F8243083F011
:101930000103DBB2002B05D09DF80F30002B01D046
:10194000012316E0019BDB79002B05D09DF80F30B9
:10195000002B01D002230CE0019B1B7A002B01D04D
:10196000032306E0019B5B7A002B01D0042300E0F7
:101970000023184605B05DF804FB00BF82B001905B
:101980000091019B012283F83120019B0022C3F8C2
:101990002024019B03F22642009B5A60009B0022F8
:1019A0009A60009B02221A70009B80229A81002379
:1019B000184602B0704782B001900091019B02224C
:1019C00083F83120019B93F82430002B03D0009B37
:1019D00007221A7002E0009B03221A70019B1B6908
:1019E0009AB2009B9A81019B0022C3F82024019B9C
:1019F00003F22642009B5A60019BDA68009B9A60C2
:101A00000023184602B0704700B583B00190019BD7
:101A10005B79002B0FD0019B93F82E3483F00103E8
:101A2000DBB2002B07D00198FFF7BEFE0346002B68
:101A300001D0012300E0002303F00103DBB21846CC
:101A400003B05DF804FB00B585B001900B468DF83E
:101A50000330019BD3F81004019BB3F81434012226
:101A60001946FFF773FE0390039B002B03D0039BE3
:101A70009DF803201A70019B03F15400019B03F5AC
:101A80008261019B3C331A46FFF786FE03461846E7
:101A900005B05DF804FB00B585B001900091019B95
:101AA0005A69009B9A60019B9B699AB2009B9A813C
:101AB000019B93F82430002B04D0019B062283F86D
:101AC0003C2003E0019B012283F83C200198FFF7B2
:101AD0009BFF0346002B13D0009B02221A750421A2
:101AE0000198FFF7B0FF0390039B0293029B002B2A
:101AF00001D0029B0FE0019B052283F8312003E017
:101B0000019B032283F83120019B03F58262019B34
:101B1000C3F820240023184605B05DF804FB00B587
:101B200085B001900091019BDA69009B9A60019B4E
:101B30001B6A9AB2009B9A81019B93F82430002B78
:101B400004D0019B062283F83C2003E0019B012284
:101B500083F83C200198FFF757FF0346002B13D072
:101B6000009B02221A7504210198FFF76CFF039075
:101B7000039B0293029B002B01D0029B0FE0019B71
:101B8000062283F8312003E0019B042283F83120F0
:101B9000019B03F58262019BC3F8202400231846B1
:101BA00005B05DF804FB82B00190019B9B78002B8F
:101BB00006D0019B93F82030002B01D0002300E0D9
:101BC0000123184602B0704784B00190019B93F83E
:101BD0002430002B03D0EE23ADF80E3002E01F239B
:101BE000ADF80E30BDF80E30184604B0704782B024
:101BF00001900B468DF80330019B9DF8032083F87C
:101C0000302000BF02B0704730B587B0019000911E
:101C1000009B002B02D0019B002B01D10E23B8E0CA
:101C2000009B78331846FFF7BEFF034683F001039D
:101C3000DBB2002B01D00723ABE0019B00229A709E
:101C4000019A009B141D03F178050FCD0FC40FCD31
:101C50000FC495E8070084E80700019B002283F881
:101C60003020009BD3F8A420019B5A63009BD3F83B
:101C7000A820019B9A63019B4FF6FF72A3F82424CE
:101C8000019B03F58262019BC3F82024019B03F2B0
:101C9000264307220021184605F051FE019B1B78C0
:101CA00083F00103DBB2002B03D0019BFF2283F8FA
:101CB0005420019B03F15502019BC3F810240198A5
:101CC000FFF782FF03461A46019BA3F814240098ED
:101CD000019B03F15501019B03F214431A46FFF7E0
:101CE000D3FB0590059B0493049B002B01D0049B20
:101CF0004FE0019B03F23122019BC3F818240198A5
:101D0000FFF762FF03461A46019BA3F81C24009BC1
:101D100003F13C00019BD3F81814019B03F21C4310
:101D20001A46FFF7B1FB0590059B0393039B002B1D
:101D300001D0039B2DE0019B012283F85120019BE0
:101D40009B699AB2019BA3F84820019B012283F86A
:101D50003C20019B00221A64019B002283F8502042
:101D6000019B5A69019B5A64019B03F15400019B3A
:101D70003C331A460021FFF70FFD0590059B0293A7
:101D8000029B002B01D0029B03E0019B01221A70F1
:101D9000059B184607B030BD82B00190019B1B68BF
:101DA000012B07D0019B1B68022B03D0019B1B68F2
:101DB000042B01D1012300E00023184602B0704734
:101DC00000B585B001900B468DF80330019B1B7860
:101DD00083F00103DBB2002B01D0082309E1019B52
:101DE0009DF803209A70019B03F2264307220021ED
:101DF000184605F0A4FD019B9B79002B03D0019BA5
:101E00009B78012B0FD0019BDB79002B03D0019B2A
:101E10009B78012B07D0019BDB79002B14D0019B11
:101E20009B78022B10D1019B5B6B002B08D0019B90
:101E3000012283F82D24019B5B6B0820984703E067
:101E4000019B002283F82D249DF803301946019848
:101E5000FFF746FD03461A46019B9A70019B5B6B98
:101E6000002B20D0019B9B78032B03D0019B9B78F8
:101E7000042B18D1019B5B79002B14D0019B93F8A4
:101E80002E3483F00103DBB2002B0CD0019B002227
:101E900083F83024019B012283F82F24019B5B6B84
:101EA0000720984703E0019B002283F82F24019B21
:101EB0003C3318220021184605F041FD019B012208
:101EC00083F83C20019B2C331846FFF765FF03463F
:101ED000002B06D0019BDB6ADAB2019B83F851200C
:101EE00003E0019B012283F85120019B93F82430E9
:101EF000002B12D0019B28331846FFF74DFF0346F5
:101F0000002B06D0019B9B6ADAB2019B83F852201A
:101F100003E0019B012283F85220019B002283F8F9
:101F20005020019B9B78042B31D801A252F823F05A
:101F3000851F0300451F0300551F0300651F030095
:101F4000751F0300019B3C3319460198FFF716FDEE
:101F500003901DE0019B3C3319460198FFF72BFDD0
:101F6000039015E0019B3C3319460198FFF793FD60
:101F700003900DE0019B3C3319460198FFF7CFFD1C
:101F8000039005E0019B002283F8312000E000BFB0
:101F9000019B9B78002B20D0019B03F15400019BF7
:101FA000D3F82014019B3C331A46FFF7F5FB03904E
:101FB000039B002B01D0039B1BE0019B93F8542053
:101FC000019B93F8303019461046FFF7E9FB039068
:101FD000039B002B01D0039B0BE0019B5B6B002B51
:101FE00006D0019B5B6B019A92F83120104698470E
:101FF0000023184605B05DF804FB00BF00B585B0AE
:1020000001900091009B0393019B1B88262B10D00D
:10201000262B13DC102B02D0112B05D00EE00199DA
:102020000398FFF7F9FB0AE001990398FFF703FC17
:1020300005E001990398FFF728FC00E000BF00BF0E
:1020400005B05DF804FB75DF704700BF184676DF0A
:10205000704700BF18467ADF704700BF18467BDF25
:10206000704700BF1846000084B00346ADF8063044
:102070000023039316E00F49039A13469B00134471
:102080009B000B441B88BDF806209A4207D1039A97
:1020900013469B0013449B00064A134406E0039B2F
:1020A00001330393039B002BE5D00023184604B0B3
:1020B000704700BF0840002082B001900B46ADF889
:1020C0000230019BBDF802201A80019B00221A7287
:1020D000019B054903F10A020B4603CB10605160D6
:1020E00000BF02B0704700BF3840002082B00190AE
:1020F000019B4FF6FF721A8000BF02B0704788B094
:102100000390029111461A460B46ADF8063013466D
:10211000ADF80430039B9B881A46BDF80630134483
:102120000793039B9B881946039B9B88BDF8062059
:10213000934228BF13469BB2CB1A0693039BDB88BE
:102140001A46BDF8043013440593039BDB881946F7
:10215000039BDB88BDF80420934228BF13469BB243
:10216000CB1A0493029B5A88039B1B889A4205D37F
:10217000029B5A88039B5B889A4201D900231CE08A
:10218000029B9B881A46069B934205D8029B9B881C
:102190001A46079B934201D200230EE0029BDB8884
:1021A0001A46049B934205D8029BDB881A46059B7E
:1021B000934201D2002300E00123184608B0704783
:1021C00000B583B00190064B9B69002B03D0044BF4
:1021D0009B690198984700BF03B05DF804FB00BFFE
:1021E0001C40002000B585B003460091ADF80630D4
:1021F000BDF8063000991846FFF725FF0390039BB2
:10220000002B05D0039B112B02D00398FFF7D8FFBA
:10221000039B002B0CBF01230023DBB2184605B043
:102220005DF804FB00B589B00190019B0793079B03
:102230009BB21846FFF718FF0690069B002B42D072
:10224000069B1A7A224B1B7B9A4215D2079B9AB2A5
:10225000069B0A3319461046FFF7C4FF03468DF864
:1022600013309DF81330002B2DD0069B1B7A0133C1
:10227000DAB2069B1A7226E0069B00221A72144BF1
:102280001B7C002B0FD0079B9BB23B211846FFF70E
:10229000DEFE0590059B002B05D0059B082B02D088
:1022A0000598FFF78DFF0A4B5B69002B0BD00023CD
:1022B0008DF80C30079B9BB2ADF80E30044B5B6978
:1022C00003AA1046984700BF09B05DF804FB00BFA1
:1022D0001C40002030B587B00190019B002B01D13C
:1022E0000E2353E02B4A019B14461D460FCD0FC40D
:1022F00095E8070084E80700264B274A1A60019BEF
:102300001B68002B11D0019B1B681846FFF7A3FE2A
:102310000490049B002B01D0049B37E0019B1A68BA
:102320001D4B1068516803C308E01B48FFF797FE78
:102330000490049B002B01D0049B27E0002305930D
:1023400020E0059A13469B0013449B00134A134454
:1023500003930398FFF7CAFE059B5B01104A1A44DA
:10236000039B5A60039B04330E4A00211846F5F77D
:1023700073FC0490049B002B01D0032306E0059B13
:1023800001330593059B002BDBD00023184607B0D3
:1023900030BD00BF1C400020384000200840002015
:1023A000E83F00202522030000B587B003460091D6
:1023B000ADF80630009B5B7A002B1AD1009B1B7A8C
:1023C000002B03D1164B5B68059302E0144B9B680E
:1023D0000593009B5B68BDF8062005991846F5F744
:1023E0006FFC0490049B002B16D00498FFF7E8FEC6
:1023F00012E0009B00221A72094B5B69002B0BD084
:1024000001238DF80C30BDF80630ADF80E30044BCA
:102410005B6903AA1046984700BF07B05DF804FB4C
:102420001C40002000B585B00190019BDB7B8DF83E
:102430000F30019B9B88ADF80C309DF80F30012BBD
:102440002CD14FF6FF70FFF70FFE0290029B002B7E
:1024500003D10420FFF7B4FE21E0BDF80C3019468B
:102460000298FFF729FE029B03F10A00019B03F18A
:1024700010014FF6FF7340F2F312FFF740FE0346E0
:102480001A46029B5A72074BDB89002B07D1BDF815
:102490000C3002991846FFF787FF00E000BF05B037
:1024A0005DF804FB1C40002000B587B00190019B43
:1024B0009B88ADF81630BDF816301846FFF7D4FDEE
:1024C0000490049B002B0ED0049B5B681846F5F724
:1024D0002FFC0390039B002B02D00398FFF770FEA4
:1024E0000498FFF703FE00BF07B05DF804FB00008F
:1024F00000B587B00190019B06330593059B1A88B0
:10250000194BDB899A422BD1059B5B89022B27D182
:10251000019B9B88ADF81230BDF812301846FFF7CA
:10252000A3FD0390039B002B1AD0059B0C33184688
:1025300000F074FA0346002B06D0BDF81230039960
:102540001846FFF731FF0BE0039B5B681846F5F771
:10255000EFFB0290029B002B02D00298FFF730FEA7
:1025600000BF07B05DF804FB1C40002000B585B03B
:102570000190019B9B88ADF80E30BDF80E301846D7
:10258000FFF772FD0290029B002B15D0029B03F116
:102590000A00019B03F108014FF6FF7340F2F312AA
:1025A000FFF7ADFD03461A46029B5A72BDF80E3086
:1025B00002991846FFF7F8FE00BF05B05DF804FB6E
:1025C00000B583B001900091019B1B88502B12D065
:1025D000502B18DC122B12D0122B14DC102B02D033
:1025E000112B04D00FE00198FFF71CFF0CE00198BD
:1025F000FFF75AFF08E00198FFF77AFF04E001981F
:10260000FFF7B4FF00E000BF00BF03B05DF804FBBC
:1026100030B58FB00190009100230293009B002BF6
:102620001AD000230D9314E06B460D991846F6F767
:10263000E2FB0346002B09D0029B5A1C02920D9A22
:1026400092B25B000EA90B4423F82C2C0D9B013396
:102650000D930D9B132BE7D9019B1D4602AC0FCCAC
:102660000FC50FCC0FC594E8070085E80700019857
:102670000FB030BD00B583B00346ADF80630BDF8ED
:102680000630132B01D900230CE0BDF806301946A3
:102690000648F6F77FFBBDF8063019460448F6F702
:1026A00079FB0123184603B05DF804FB4840002085
:1026B0004440002000B585B00346ADF80630002345
:1026C00003930DE0039B9B00094A13440433BDF8B8
:1026D000062011461846F6F775FB039B013303935A
:1026E000039B1D2BEED900BF00BF05B05DF804FBB6
:1026F0004040002000B583B00346ADF80630BDF879
:10270000063019460348F6F75DFB00BF03B05DF8DD
:1027100004FB00BF4840002030B59BB0184B9B68BD
:10272000DB431893164B5A6818AB11461846F6F758
:1027300092FB189A6B4611461846FFF769FF0DACDD
:102740006D460FCD0FC40FCD0FC495E8070084E888
:102750000700002319930BE0199B5B001AAA13448E
:1027600033F8303C1846FFF7A5FF199B0133199346
:102770000D9B199A9A42EFD300BF00BF1BB030BD2A
:102780004040002000B583B001900B46ADF8023008
:1027900013468DF801309DF80130002B06D0BDF8AE
:1027A000023019460198F6F7F5FA05E0BDF8023057
:1027B00019460198F6F706FB00BF03B05DF804FB6D
:1027C00000B585B001900091019B9B88ADF80E305B
:1027D000019B1B88103B0A2B00F2888001A252F853
:1027E00023F000BF112803004D280300ED2803004B
:1027F000ED280300ED280300ED280300ED28030079
:10280000ED280300ED280300B72803005928030032
:10281000FFF782FFBDF80E301846FFF72BFF034687
:1028200083F00103DBB2002B05D0324AF0210420F3
:10283000F4F720FE57E0019BDB7B012B53D0BDF862
:102840000E3019462C48F6F7A5FA4CE0BDF80E30CC
:102850001846FFF74FFF49E0019B1B7AC3F30313B0
:10286000DBB28DF80D309DF80D30032B8CBF0123AA
:102870000023DAB2BDF80E3019462048FFF782FF78
:102880009DF80D30022B8CBF01230023DAB2BDF876
:102890000E3019461A48FFF775FF9DF80D30012BD1
:1028A0008CBF01230023DAB2BDF80E30194615485B
:1028B000FFF768FF1AE0019B1B7A002B15D1019BE3
:1028C0005B7AC3F3C003DBB2002B14BF01230023E8
:1028D0008DF80C309DF80C20BDF80E3019460748D5
:1028E000FFF750FF01E000BF00E000BF00BF05B0F0
:1028F0005DF804FBE0A103004C400020584000209C
:10290000544000205040002000B583B00346ADF88D
:102910000630BDF80630132B01D9002306E0BDF8C0
:10292000063019460348F6F766FA0346184603B020
:102930005DF804FB4440002000B583B00346ADF8C9
:102940000630BDF806301846FFF7DEFF0346002BC1
:1029500002D0BDF8063000E01423184603B05DF83D
:1029600004FB00B587B003900B460192ADF80A3026
:10297000019B002B01D10E2338E0019B00221A603D
:10298000039B002B01D10E2330E0039B1B68002B1F
:1029900001D10E232AE0039BDB8803F003039BB2E3
:1029A000002B01D0072321E0BDF80A301846FFF7BD
:1029B000C3FF03468DF817309DF81730142B01D153
:1029C000052313E0039B1B799DF817209A4201D33E
:1029D00004230BE0039B1B689DF817200399C9880B
:1029E00001FB02F21A44019B1A600023184607B04B
:1029F0005DF804FB82B00190019B1B781AB2019B29
:102A000001331B781B021BB213431BB29BB2184647
:102A100002B07047AADF704700BF184600B585B006
:102A200001900198FFF7E6FF0346ADF80E30BDF8C0
:102A30000E3003F00103002B14BF01230023DBB28F
:102A4000184605B05DF804FB82B0034600918DF88E
:102A50000730009A13786FF303031370009A13780A
:102A60006FF3071313709DF80730052B5BD801A295
:102A700052F823F08D2A0300A32A0300BD2A030085
:102A8000D72A0300F12A03000B2B0300009A1378C6
:102A90006FF303031370009A13786FF30713137027
:102AA00040E0009A1378012161F303031370009A48
:102AB0001378012161F30713137033E0009A137840
:102AC000012161F303031370009A1378022161F36B
:102AD0000713137026E0009A1378012161F30303B2
:102AE0001370009A1378032161F30713137019E030
:102AF000009A1378022161F303031370009A13788C
:102B0000012161F3071313700CE0009A137802217E
:102B100061F303031370009A1378022161F3071322
:102B2000137000BF00BF00BF02B0704700B595B082
:102B3000034602910192ADF80E30029B9B78002B68
:102B400003D101238DF81E3003E0029B9B788DF8A2
:102B50001E30029B1B88ADF81C3006AB03220021FF
:102B6000184604F0ECFE029B5B7C06AA1146184650
:102B7000FFF76AFF029B9A7C06AB013319461046A9
:102B8000FFF762FF029BDA7B9DF81A3062F3C30302
:102B90008DF81A30029B1A7C9DF81A3062F30413E8
:102BA0008DF81A30029B1A7B9DF81A3062F30003ED
:102BB0008DF81A30029B1B7D002B01D0022200E011
:102BC00001229DF81A3062F342038DF81A300DABE2
:102BD0001C220021184604F0B2FE029B5B7B03F02E
:102BE0001003DBB2002B06D1029B5B7B03F02003BA
:102BF000DBB2002B24D004AB03220021184604F0E2
:102C00009EFE029BDA7C04AB013319461046FFF7A7
:102C10001BFF9DF81030012262F303038DF8103082
:102C20009DF81030012262F307138DF810309DF8E3
:102C30001230012262F342038DF8123004AB12937A
:102C4000029B5B7B8DF83430029B9B7B8DF835308B
:102C500008AB14220021184604F071FE07AB08935C
:102C600006AB0993029B9B88ADF82C30029B9B68B6
:102C7000002B06D0029BDB88ADF82830029B9B68B6
:102C80000C93029B9B69002B4FD005AB03220021C4
:102C9000184604F054FE029B9B691B88ADF83C303B
:102CA000029B9B695B88ADF83E30029B9B695B6829
:102CB0000E9305AB1193029B9B691B7B05AA1146E2
:102CC0001846FFF7C1FE029B9B695A7B05AB013397
:102CD00019461046FFF7B8FE029B9B699A7A9DF849
:102CE000163062F3C3038DF81630029B9B69DA7AC3
:102CF0009DF8163062F304138DF81630029B9B6921
:102D00001A7A9DF8163062F300038DF81630029B94
:102D10009B699B7B002B01D0022200E001229DF8E1
:102D2000163062F342038DF81630029BDB69002BEC
:102D300002D0029BDB69109308AA0DA9BDF80E0012
:102D4000019BFFF767FE0346184615B05DF804FBCC
:102D500090DF704700BF1846A5DF704700BF1846D8
:102D6000B5DF704700BF184682B00190019BF72283
:102D70001A80019B17225A80019B00221A71019B25
:102D800000225A71019BFB229A71019B1B22DA716E
:102D900000BF02B0704700B589B003460A46ADF8DF
:102DA00006301346ADF80430BDF80430ADF81430E9
:102DB000BDF80430ADF816300023ADF8183000230C
:102DC000ADF81A3003AB00221A609A8003AA05A955
:102DD000BDF806301846FFF7BBFF0790079B002B96
:102DE00002D0BDF80C30002B079B184609B05DF8E7
:102DF00004FB00B587B001900091009B9B88ADF863
:102E00001630BDF81630DB00019A134406330493E4
:102E1000019B1A79049B9A71009BDB7B012B02D0EA
:102E2000022B05D009E0019B1A88049B1A8004E05C
:102E3000019B5A88049B1A8000BF049B1A88049B3C
:102E40005B889A4215D9049B1A88BDF81630114642
:102E50001846FFF781FF0390039B002B03D1049BCF
:102E600001225A7105E0039B112B02D1049B012220
:102E70001A71049B9A79049BDB799A4208D9049BC6
:102E80009B799AB2BDF8163011461846FFF783FFBA
:102E900000BF07B05DF804FB00B583B0019000915E
:102EA000009B9B88DB00019A134406331846FFF70A
:102EB0005BFF00BF03B05DF804FB00B587B0019075
:102EC0000091009B9B88ADF81630009B5B89ADF8A4
:102ED0001430BDF81630DB00019A13440633049316
:102EE000049B1B88BDF81420934228BF13469AB256
:102EF000049B5A80049B5B88172B38BF17239AB218
:102F0000049B5A80019B1B69002B15D0049B5B79A5
:102F1000002B11D040F67723ADF80830BDF81630FD
:102F2000ADF80A30049B5B88ADF80C30019B1B693F
:102F300002AA114601989847049B00225A71049BEB
:102F400000221A7100BF07B05DF804FB00B589B01C
:102F500001900091009B9B88ADF81E30009BDB88A0
:102F6000ADF81C30BDF81E30DB00019A1344063367
:102F70000693BDF81C30172B38BF1723ADF81C3053
:102F8000069B1B88BDF81C20934228BF13469AB2AB
:102F9000069B5A80069B00221A71069B1A88BDF870
:102FA0001E3011461846FFF7DBFE0590069B5B7945
:102FB000002B16D1019B1B69002B13D040F6772301
:102FC000ADF80C30BDF81E30ADF80E30069B5B88B6
:102FD000ADF81030019B1B6903AA11460198984770
:102FE00000E000BF09B05DF804FB30B591B001907E
:102FF0000091009B04AC1D1D0FCD0FC40FCD0FC45D
:1030000095E8070084E80700BDF81030ADF83E30C1
:10301000BDF81420BDF83E30D1B2019ADB00134454
:103020000A465A73019B1B69002B19D002AB002280
:103030001A609A804DF67A23ADF80830BDF83E301C
:10304000ADF80A30BDF83E30019ADB0013445B7BDB
:103050008DF80C30019B1B6902AA11460198984714
:1030600000BF11B030BD00B587B001900091009B4A
:1030700004330593059B1B88DB00019A1344063338
:103080000493059B9B888DF80F30049B9B799DF8DA
:103090000F20934228BF13468DF80E30059B1B88E6
:1030A0009DF80E2092B211461846FFF774FE00BF3D
:1030B00007B05DF804FB00B585B001900091019B5D
:1030C000002B01D10E231DE0019B009A1A61019B88
:1030D000F7221A80019BF7225A80019BFB221A716A
:1030E000002303930AE0039BDB00019A1344063399
:1030F0001846FFF739FE039B01330393039B002B14
:10310000F1D00023184605B05DF804FB82B00190B1
:103110000B46ADF80230019B002B01D10E230EE0CF
:10312000BDF80230162B03D9BDF80230F72B01D9B8
:10313000072304E0019BBDF802201A8000231846F3
:1031400002B0704700B587B001900091009B0593D5
:10315000019B9B88ADF81230BDF81230002B40F077
:103160008480019B1B88552B48D0552B55DC242B84
:1031700032DC102B51DB103B142B4ED801A252F83D
:1031800023F000BFDF310300E93103001B320300ED
:103190001B3203001B3203001B3203001B320300EF
:1031A0001B3203001B3203001B3203001B320300DF
:1031B0001B3203001B3203001B3203001B320300CF
:1031C0001B3203001B3203001B3203001B320300BF
:1031D00011320300073203003A2B0AD01DE0019997
:1031E0000598FFF706FE19E001990598FFF754FED0
:1031F00014E001990598FFF760FE0FE0019905982A
:10320000FFF7A4FE0AE001990598FFF7EEFE05E03E
:1032100001990598FFF727FF00E000BFBDF81230C5
:10322000059ADB0013449B7A002B1FD0BDF81230A7
:10323000059ADB001344DA88BDF8123011461846AF
:10324000FFF78AFD0390039B002B0FD1BDF81230CE
:10325000059ADB00134400229A72BDF81230059AD9
:10326000DB0013440122DA7200E000BF07B05DF812
:1032700004FB00BFB0DF704700BF184666DF704731
:1032800000BF184682B001900091019B002B01D134
:103290000E2316E0009B002B01D10E2311E0019BB1
:1032A0001B78DE2B01D108230BE0009B1A68019BE1
:1032B0005A60019BDE221A70019B4FF6FF725A8002
:1032C0000023184602B0704782B001900B46ADF85B
:1032D0000230019B002B01D10E230AE0019B1B78D9
:1032E000DE2B01D0082304E0019BBDF802205A80A8
:1032F0000023184602B0704700B585B00190019BCD
:103300001B7A002B18D0019B5B8800211846FFF721
:10331000B5FF0390039B002B03D1019B00221A727F
:103320000AE0039B112B03D1019B01221A7203E0D7
:10333000019B5B680398984700BF05B05DF804FBEC
:1033400000B583B001900091009B1B79012B0BD13C
:10335000009B1A88019B5B889A4205D1019B012240
:103360001A720198FFF7C8FF00BF03B05DF804FBB5
:1033700082B00190009100BF02B0704700B589B0E3
:1033800001900091009B1A88019B5B889A4236D17C
:10339000009B02330793079B1B78022B31D1079BBD
:1033A0001B7A042B07D0079B1B7A062B03D0079BA5
:1033B0001B7A052B27D102AB00221A605A609A6053
:1033C000DA6002238DF808304FF4C073ADF80C308A
:1033D000079B1B7A052B02D10023ADF80C30009B14
:1033E0001B8802AA11461846FFF744FF0690069B69
:1033F000002B09D0019B5B680698984704E000BF4A
:1034000002E000BF00E000BF09B05DF804FB00B5BA
:1034100085B001900091009B002B40D0019B002BB8
:103420003FD0009B0393039B1B78DE2B3BD1019B7A
:103430009A88039B5B889A4202D10398FFF75CFF4E
:10344000019B1B88512B18D0512B2EDC112B1BD02C
:10345000112B2ADC012B02D0022B07D025E0019B87
:10346000043319460398FFF76BFF21E0019B0433F7
:1034700019460398FFF77CFF1AE0019B04331946B5
:103480000398FFF77BFF13E0019B9A88039B5B88FF
:103490009A420CD1039B4FF6FF725A8007E000BF9F
:1034A00006E000BF04E000BF02E000BF00E000BF94
:1034B00005B05DF804FBA8DF704700BF1846ADDF1C
:1034C000704700BF1846AEDF704700BF184662DF86
:1034D000704700BF184600B58FB0019000910023DF
:1034E0000393019B5869009B9B8803AA1946FFF729
:1034F00038FA0D9005AB08220021184604F01FFA97
:1035000004AB06930223ADF814300023ADF8163057
:10351000009B9888019B1B8905AA1946FFF7CFFFDE
:103520000D900D9B002B26D1019B9B69002B22D077
:10353000069B1846FFF772FA0346002B1BD0039B2D
:10354000002B02D0039B01221A7007AB1822002126
:10355000184604F0F4F902238DF81C30019B0893FF
:10356000009B9B88ADF82430039B0A93019B9B69C9
:1035700007AA1046984700BF0FB05DF804FB00B5DE
:103580008DB001900091009B06330B93019B58690D
:10359000009B9B8803AA1946FFF7E3F90A9004AB46
:1035A00018220021184604F0CAF9019B0593009BDC
:1035B0009B88ADF81830039B07930B9B1A88019BDF
:1035C0001B899A4225D10B9B5B89022B21D1039B3E
:1035D000002B38D00B9B0C331846FFF71FFA03461D
:1035E000002B06D0039B01221A7002238DF81030A5
:1035F00005E0039B00221A7003238DF81030019B15
:103600009B69002B1FD0019B9B6904AA1046984719
:1036100019E00B9B1A88019B9B899A4214D1019B4C
:103620009B69002B10D000238DF810300B9B0C33BE
:1036300008930B9B5B89ADF82430019B9B6904AA1E
:103640001046984700E000BF00BF0DB05DF804FBD6
:1036500000B58BB001900091019B5869009B9B883D
:1036600002AA1946FFF77DF90990099B002B1AD190
:10367000029B1B78002B17D003AB182200211846A1
:1036800004F05DF901238DF80C30019B0493009B3D
:103690009B88ADF81430029B0693019B9B6903AA9B
:1036A0001046984700E000BF0BB05DF804FB00B582
:1036B00085B001900091009B002B1ED0019B002B38
:1036C0001BD0009B0393019B1B88572B10D0572BBB
:1036D00015DC102B02D0502B05D010E00199039877
:1036E000FFF7F9FE0CE001990398FFF748FF07E0A8
:1036F00001990398FFF7ACFF02E000BF00E000BFB4
:1037000005B05DF804FB000010B592B00190009187
:103710004F4B0AAC0FCB84E80F00019B002B01D16B
:103720000E2391E0009B002B01D10E238CE0009B27
:103730001A68019B9A61019A0AAB11461846FFF775
:10374000C6FE1190119B1093109B002B01D0109B73
:103750007AE0019B1B788DF83A300123ADF83830C0
:10376000019B9A1C0EAB19460120FFF7A4FE119095
:10377000119B0F930F9B002B01D00F9B64E002ABBA
:1037800020220021184604F0DAF80223ADF80830B0
:10379000019B1B788DF80A30F423ADF80C3001231F
:1037A000ADF80E3001238DF814309DF8153043F03C
:1037B00008038DF815309DF8153043F004038DF89B
:1037C000153001238DF8193001238DF81A30019B33
:1037D0005888019B03F10C0202AB1946FFF7A6F9CA
:1037E0001190119B002B01D0119B2DE002AB2022E8
:1037F0000021184604F0A3F80323ADF80830019B1C
:103800001B788DF80A30F423ADF80C300123ADF8A5
:103810000E3001238DF814309DF8153043F010035D
:103820008DF8153001238DF8193001238DF81A30E9
:1038300001238DF81B30019B5888019B1A1D02AB98
:103840001946FFF773F90346184612B010BD00BFC2
:1038500048A2030000B58DB0039002910192ADF82B
:103860000230039B002B01D10E2342E0039B5B69D6
:1038700005AABDF802101846FFF773F80B900B9BD2
:103880000A930A9B002B01D00A9B32E0BDF802305C
:103890004FF6FF72934202D0059B002B01D1052306
:1038A00027E0059B1B7883F00103DBB2002B01D0DE
:1038B00008231EE0019B1B88F42B01D9072318E085
:1038C00006AB10220021184604F039F8039B9B88B0
:1038D000ADF81830029B0993019B089301238DF8E2
:1038E0001A3006AABDF8023011461846FFF7EBFD64
:1038F000034618460DB05DF804FB000082B0034695
:103900008DF807309DF8073003F01F0205499DF937
:1039100007305B09012000FA02F241F8232000BFC2
:1039200002B0704700E100E082B003468DF8073036
:103930009DF8073003F01F0206499DF907305B0927
:10394000012000FA02F2203341F8232000BF02B028
:10395000704700BF00E100E082B003468DF80730F9
:103960009DF90730002B0BDA0B4A9DF8073003F066
:103970000F03043B13441B7EDBB25B09DBB208E0A0
:10398000064A9DF90730134493F80033DBB25B0914
:10399000DBB2184602B0704700ED00E000E100E045
:1039A00000B583B00190019B002B03D10449C420D2
:1039B000FAF7DEFE019B5B68184603B05DF804FB76
:1039C00058A2030010DF704700BF184611DF704790
:1039D00000BF184682B003468DF807309DF90730C6
:1039E0001F2B0CDC9DF907300F4A22FA03F303F07A
:1039F0000103002B14BF01230023DBB210E09DF96B
:103A000007303F2B0BDC9DF90730203B012202FAE7
:103A100003F3002B14BF01230023DBB200E00123DA
:103A2000184602B0704700BFFC06FFBD82B001908F
:103A3000019B072B07D8EC22019B42FA03F303F00A
:103A40000103002B01D1002300E00123184602B03E
:103A50007047000000B583B003468DF807309DF92C
:103A600007301846FFF7B6FF0346002B02D142F29B
:103A700001032EE09DF907301846FFF76DFF03465E
:103A80001846FFF7D3FF0346002B02D142F2020390
:103A90001FE0124B9B68002B15D09DF907305B0986
:103AA0000E4A52F823209DF8073003F01F0301212E
:103AB00001FA03F319469DF907305B090A430749E8
:103AC00041F8232004E09DF907301846FFF716FF60
:103AD0000023184603B05DF804FB00BFF02C002063
:103AE00000B583B003468DF807309DF907301846BE
:103AF000FFF770FF0346002B02D142F201031FE0E3
:103B0000114B9B68002B15D09DF907305B090E4ABD
:103B100052F823109DF8073003F01F03012202FA28
:103B200003F3DA439DF907305B090A40064941F87F
:103B3000232004E09DF907301846FFF7F5FE002327
:103B4000184603B05DF804FBF02C002000B587B0E8
:103B500003468DF8073002AB14491846F5F732FAE0
:103B600017E002AB1846FFF71BFF0590059B1B688B
:103B70000493059B59689DF80720049B10469847BD
:103B80000346002B01D111230BE002AB1846F5F7D9
:103B900043FA02AB1846FFF703FF0346002BE0D1C0
:103BA0000023184607B05DF804FB00BF20A3030004
:103BB00000B587B003468DF8073002AB11491846AF
:103BC000F5F700FA12E002AB1846FFF7E9FE0590A0
:103BD000059B1B680493059B59689DF80720049B6F
:103BE0001046984702AB1846F5F716FA02AB18468E
:103BF000FFF7D6FE0346002BE5D100BF00BF07B09C
:103C00005DF804FB2CA3030000B583B01620FFF77A
:103C100021FF0190019B0093009B002B04D0044ADC
:103C2000A1210098F3F726FC00BF03B05DF804FB68
:103C3000B4A2030000B583B01620FFF751FF019036
:103C4000019B0093009B002B04D0044AAD210098F7
:103C5000F3F710FC00BF03B05DF804FBB4A203004F
:103C600000B585B0234B1B78002B01D008233CE026
:103C7000214B01221A700020FFF768FF0346112B29
:103C800001D1002331E00020FFF792FF1B4B1B689E
:103C9000029300238DF807300DF107031846F4F75F
:103CA00073FB02AB16491846FFF78CFE0390039B8B
:103CB000002B0CBF01230023DAB20E4B1A709DF8C3
:103CC00007301846F4F776FB039B002B01D0039BCB
:103CD0000BE0094B00221A700A4B00221A70FFF702
:103CE00093FF0120FFF764FF0023184605B05DF83D
:103CF00004FB00BFBC400020BE4000201CA303000A
:103D000091740200BD40002000B583B01D4B1B78AC
:103D100083F00103DBB2002B01D008232EE01A4B05
:103D200001221A700120FFF711FF0346112B01D168
:103D3000002323E00220FFF73BFF00238DF8033030
:103D40000DF103031846F4F71FFBFFF73FFE019048
:103D50000C4B00221A709DF803301846F4F72AFB2A
:103D6000019B002B01D0019B08E0074B00221A7039
:103D7000FFF760FF0320FFF71BFF0023184603B087
:103D80005DF804FBBC400020BE400020014B1B78C6
:103D900018467047BC40002000B585B06B461149FD
:103DA0001846F5F70FF910E06B461846FFF7F8FDD7
:103DB0000390039B1B680293039B5A68029B104667
:103DC00098476B461846F5F727F96B461846FFF7F4
:103DD000E7FD0346002BE7D100BF00BF05B05DF84B
:103DE00004FB00BF38A3030008B5FFF7D5FF00BFF1
:103DF00008BD60DF704700BF184669DF704700BF2D
:103E0000184661DF704700BF1846000000B583B058
:103E10000190019B002B03D10449C420FAF7A8FCB0
:103E2000019B5B68184603B05DF804FB44A30300E4
:103E300082B00190019B002B01D10E2304E0044BC2
:103E40001A46019B1A600023184602B0704700BF53
:103E5000E82A002000B587B0034600918DF80730AE
:103E60000098FFF7E5FF0590059B002B01D0059B0F
:103E70007AE002AB0C220021184603F060FD9DF8A9
:103E800007308DF8083001238DF80A300623ADF88D
:103E90000C30009B1A6802AB19462020FFF7ADFFDB
:103EA000059002AB0C220021184603F048FD0123C7
:103EB0008DF8093000238DF80A3000238DF80B307F
:103EC000009B1A6802AB19464020FFF796FF059049
:103ED00002AB0C220021184603F031FD9DF807309B
:103EE0008DF80830F723ADF80A30009B1A6802AB52
:103EF00019462320FFF781FF059002AB0C22002119
:103F0000184603F01CFD01238DF80830009B1A6849
:103F100002AB19460120FFF770FF059002AB0C229F
:103F20000021184603F00BFD4FF4B0630293009B91
:103F30001A6802AB1946A120FFF75FFF059002AB9C
:103F40000C220021184603F0FAFC9DF808306FF3AC
:103F500000038DF80830009B1A6802AB1946A020B8
:103F6000FFF74BFF05900023184607B05DF804FBF0
:103F700000B585B00190019B1B6803930198FFF782
:103F800038FF0290019B1B68039A9A42029B002B08
:103F900002D1044B01221A70029B184605B05DF84D
:103FA00004FB00BFBF40002000B5ADF5077D86AB28
:103FB000A3F505731860244B1B7883F00103DBB273
:103FC000002B3BD14FF4FA73ADF806320DF2062206
:103FD00002AB11461846FFF714FF8590859B002B16
:103FE00003D0859B052B22D129E002AB84937FABC4
:103FF00016491846F4F7E6FF11E07FAB1846FFF7C5
:1040000005FF8390839B1B688293839B5A68829BE6
:104010001146849898477FAB1846F4F7FDFF7FABB5
:104020001846FFF7F3FE0346002BE6D1CAE7084A1D
:1040300040F239118598F3F71DFA00E000BF0DF545
:10404000077D5DF804FB00BFBF4000200CA4030007
:10405000A0A3030000B583B00190019B002B03D106
:104060000449C420FAF784FB019B5B68184603B03F
:104070005DF804FB18A403004BDF704700BF18462F
:1040800000B589B0019004AB1846FFF7F5FF079023
:10409000079B002B03D0079B052B20D124E002AB0C
:1040A00013491846F4F78EFF11E002AB1846FFF7EC
:1040B000D1FF0690069B1B680593049A069B5968DE
:1040C000059B1046984702AB1846F4F7A5FF02ABD4
:1040D0001846FFF7BFFF0346002BE6D1D3E7054A9A
:1040E0006B210798F3F7C6F900BF09B05DF804FB30
:1040F000E0A4030074A4030082B00190019B184661
:1041000002B0704700B58FB0039002910093134640
:104110008DF8073000230D93029B09939DF807301B
:104120000A93009B0B939DF840300C93039B043340
:1041300009A900221846F7F783F80D900D9B184641
:104140000FB05DF804FB000082B00190034A019BB0
:104150001A60019B184602B0704700BFF4A4030028
:1041600082B00190FB23184602B0704700B583B0BF
:104170000190019B93F82030DBB2012B14BF012387
:104180000023DBB2002B08D000220121019800F0AF
:1041900039F8019B012283F820200123184603B03F
:1041A0005DF804FB00B583B00190019B93F82030CB
:1041B000DBB2052B14BF01230023DBB2002B0DD093
:1041C00007220121019800F01DF88022402101986A
:1041D00000F018F8019B052283F82020019B93F83A
:1041E0002030DBB2052B0CBF01230023DBB2002BF8
:1041F00000D0F3E7019B9B7EDBB2184603B05DF86D
:1042000004FB000000B589B003900B468DF80B301D
:1042100013468DF80A309DF80B3063F07F03DBB254
:104220008DF818309DF80A308DF81930104B0022A7
:104230001A70039B186905AB06A90222009202229C
:10424000FFF760FF0790079B002B01D0079B0BE057
:10425000074B1B78DBB2002B0CBF01230023DBB222
:10426000002B00D0F4E7079B184609B05DF804FB6B
:104270001435002000B585B00190019B002B0CD0B7
:10428000084B43F001030393019B9B010293054BF1
:1042900043F001030298984700E000BF05B05DF8C5
:1042A00004FB00BF00A5030000B583B00190019B93
:1042B000002B0FD04FF47A70FFF7DCFF019B013B1E
:1042C0000193019B002B14BF01230023DBB2002BC1
:1042D00001D0EFE700BF03B05DF804FB00B583B089
:1042E0000190F3F7C9FF0346002B14BF01230023FD
:1042F000DBB2002B01D0012300E00023184603B0FD
:104300005DF804FB00B585B001900091009803F0C2
:1043100092FB029000230393039B029A9A4213D9C3
:10432000039B009A13441B781846F3F775FF034666
:10433000002B14BF01230023DBB2002B00D0EFE7DA
:10434000039B01330393E7E76420FFF7ADFF00BF52
:1043500005B05DF804FB00B585B001900DF10F03C9
:104360001846F3F71FFF0346002B14BF0123002359
:10437000DBB2002B00D0F1E79DF80F30184605B0F6
:104380005DF804FB00B583B00190019B1B78022B04
:1043900003D10748FCF7D8FB06E0019B1B78012BF3
:1043A00002D10448FCF7D0FB00BF03B05DF804FB6A
:1043B000D4A60300F0A6030000B585B003900291D7
:1043C00001920093019A0299039800F011F8F3F713
:1043D000C7FE054A009B1360044A069B136000BF9A
:1043E00005B05DF804FB00BFC4400020C8400020B9
:1043F00000B58FB003900291019208AB00221A60C1
:104400005A609A60DA601A615A610A230A930B2390
:104410000B93104B0D93029B0893019B09930E4B3A
:1044200004934FF4806305930C4B06934FF4806321
:10443000079304A908A80223094AF3F701FE0346DB
:10444000DAB2084B1A700848FCF77EFB00BF0FB0C9
:104450005DF804FB00E0D701CC400020CC440020F4
:1044600085430300C04000200CA7030000B583B0C3
:1044700001900B48FCF768FB002344F620620949D1
:10448000019800F0D9F9019B19460748FCF75CFB3D
:10449000F3F766FEF3F7FAFE00BF03B05DF804FB26
:1044A00030A7030044A7030050A7030000B583B062
:1044B00001901A48FCF748FB002344F62062184993
:1044C000019800F0B9F9019B19461648FCF73CFB2E
:1044D0000A20FFF7E9FE1448FCF736FB002344F6F8
:1044E00020621249019800F0A7F9019B1946104873
:1044F000FCF72AFB0A20FFF7D7FE002344F62062D0
:104500000C49019800F098F9019B19460A48FCF7FC
:104510001BFB00BF03B05DF804FB00BF5CA70300FA
:1045200070A7030050A703007CA7030094A7030013
:10453000A4A70300C0A70300D4A7030000B589B057
:1045400001904FF0FF33069300238DF817302D486C
:10455000FCF7FAFA002344F620622B49019800F098
:104560006BF903468DF81730019B19462748FCF775
:10457000EBFA9DF81730012B08D1019B184603F088
:104580005AFA0346002B01D0012300E00023002B40
:1045900032D0019B1E49184603F064F904901C496F
:1045A000002003F05FF904901949002003F05AF944
:1045B0000490049B002B1FD004991648FCF7C4FA02
:1045C00007238DF80F30002307939DF80F30079ACB
:1045D0009A4211DA104A079B52F823301946049880
:1045E00003F002FA0690069B002B01D1069B05E022
:1045F000079B01330793E8E74FF0FF33184609B0F4
:104600005DF804FB58A8030070A8030050A703003E
:1046100080A8030084A80300042C002000B5ADF29C
:104620000C4D0DF58163A3F2044318600DF5816311
:10463000A3F5816319600DF58163A3F581631968A2
:104640001648FCF781FA02AB4FF48062002118464D
:1046500003F075F90DF58163A3F5816302A81B686A
:104660000F4A4FF4806103F07AF802A90DF58163D7
:10467000A3F20440002344F62062006800F0DCF856
:104680000DF58163A3F204431B6819460548FCF746
:104690005BFA00BF0DF20C4D5DF804FB00AA0300AD
:1046A0000CAA030050A7030000B583B001900B468D
:1046B0008DF803309DF80330012B0FD14A48FCF7E9
:1046C00043FA002344F620624849019800F0B4F808
:1046D000019B19464648FCF737FA2CE09DF8033059
:1046E000022B12D14348FCF72FFA4348FCF72CFA6F
:1046F000002344F620624149019800F09DF8019B97
:1047000019463B48FCF720FA15E09DF80330032BCF
:1047100011D13B48FCF718FA3748FCF715FA00238B
:1047200044F620623749019800F086F8019B19464B
:104730002F48FCF709FA0A20FFF7B6FD3248FCF7CC
:1047400003FA002344F620623049019800F074F81F
:10475000019B19462648FCF7F7F90A20FFF7A4FD4C
:104760002B48FCF7F1F9002344F62062294901980F
:1047700000F062F8019B19462748FCF7E5F90A208A
:10478000FFF792FD2548FCF7DFF9002344F620628D
:104790002349019800F050F8019B19462148FCF785
:1047A000D3F90A20FFF780FD002344F620621E495A
:1047B000019800F041F8019B19461C48FCF7C4F928
:1047C0000A20FFF771FD002344F620621849019882
:1047D00000F032F8019B19461648FCF7B5F900BF06
:1047E00003B05DF804FB00BF14AA030034AA030061
:1047F00050A7030050AA030070AA03007CAA03007C
:1048000098AA0300B8AA0300A4A80300B8A803004C
:10481000D4AA0300E8AA030004AB030014AB03000E
:1048200028AB030034AB0300C0A70300D4A70300E8
:1048300048AB03005CAB030000B587B00390029166
:1048400001920093029B002B05D0F3F789FC02999B
:104850000398FFF757FD039B4FF480620021184631
:1048600003F06DF8274B1B6800221A60264B1B686B
:104870000198984700230593224B1B681B68002B67
:104880000CBF01230023DBB2002B35D00398FFF7C8
:1048900025FD0346002BEFD00398FFF75CFD034690
:1048A0008DF81330059B40F2FD32934208DD174826
:1048B000FCF74AF9039B002283F8FF2300231CE046
:1048C000059B5A1C0592039A9DF81310D154039A24
:1048D000009B002B01D0009B00E00D4B19461046B9
:1048E00002F09EFF0346002B14BF01230023DBB21E
:1048F000002BC1D0012300E00023184607B05DF86B
:1049000004FB00BFC8400020C4400020D0AD03001D
:10491000FCAD030088B001900091114B0693104B41
:104920000793104B0593079A059B9A4212D0079A5A
:1049300002AB07CA83E80700029B009A9A4205DD92
:10494000039B009A9A4201DC049B05E0079B0C3311
:104950000793E8E74FF0FF33184608B0704700BFF1
:1049600008A50300BCA5030088B001900091114B7D
:104970000693104B0793104B0593079A059B9A4299
:1049800012D0079A02AB07CA83E80700029B009A7D
:104990009A4205DD039B009A9A4201DC049B05E0E4
:1049A000079B0C330793E8E74FF0FF33184608B036
:1049B000704700BFBCA5030070A6030010B5ADF59D
:1049C000046D0DF50464A4F6240420600DF5046064
:1049D000A0F6280001600DF50461A1F62C010A6023
:1049E0000DF50462A2F5036213600DF63C010DF5AE
:1049F0000463A3F628030A22186802F0A3FE0DF64A
:104A000038010DF50463A3F62C030A22186802F09E
:104A100099FE0DF50463A3F503631A6813469B0022
:104A200013445B00043B0DF62C010A22184602F0E9
:104A300089FE0DF624030A221946DDF8480802F023
:104A400081FE0DF50463A3F628031B68012B12D128
:104A50000DF50463A3F503620DF50463A3F62403C7
:104A600011681868FFF756FF0DF634030A2219463D
:104A700002F068FE29E00DF50463A3F628031B6825
:104A8000002B22D10DF50463A3F503620DF5046339
:104A9000A3F6240311681868FFF766FF034619465A
:104AA0004548FCF751F80DF50463A3F503620DF5D5
:104AB0000463A3F6240311681868FFF755FF0DF689
:104AC00034030A22194602F03DFE0DF224434FF44E
:104AD00080620021184602F032FF09AB4FF4806279
:104AE0000021184602F02BFF344802F0A4FF0246D2
:104AF0000DF224433149184602F0F8FE9DF84C3877
:104B0000002B15D10DF63C0209A80DF624030393E2
:104B10000DF62C0302930DF6340301930DF63803C2
:104B200000931346264A4FF4806102F018FE18E005
:104B30009DF84C38012B14D10DF63C0209A80DF656
:104B4000240303930DF62C0302930DF63403019313
:104B50000DF63803009313461A4A4FF4806102F0B1
:104B6000FEFD09A90DF224434FF48062184602F0BD
:104B70002EFE0DF2244319461348FBF7E5FFC8202B
:104B8000FFF792FB0DF224410DF50463A3F6240018
:104B9000002344F620620068FFF74EFE0DF5046323
:104BA000A3F624031B6819460848FBF7CDFF00BF96
:104BB0000DF5046D10BD00BF1CAE03002CAE03004C
:104BC00038AE03005CAE030080AE030050A70300C4
:104BD00000B585B00190019B002B0CD0084B43F031
:104BE00001030393019B9B010293054B43F00103D7
:104BF0000298984700E000BF05B05DF804FB00BFD5
:104C0000A0AE030000B583B00190019B002B0FD034
:104C10004FF47A70FFF7DCFF019B013B0193019B8E
:104C2000002B14BF01230023DBB2002B01D0EFE7E0
:104C300000BF03B05DF804FB82B00190019B01222C
:104C40005A70019B184602B0704700B583B00190BE
:104C5000019800F022F8019B184603B05DF804FBB0
:104C600000B585B00390029113468DF80730039B81
:104C700000225A70039B012283F83820039B029A7A
:104C8000DA63039B9DF8072083F84020039800F027
:104C9000E6F900BF05B05DF804FB00B583B00190F4
:104CA000019800F004F800BF03B05DF804FB00B504
:104CB00087B00390039B5B78002B02D06FF0010359
:104CC0002CE00021039800F071FB0346ADF816308C
:104CD000BDF91630002B02D0BDF916301EE00123BD
:104CE0000093022309220121039800F02BFF0346C1
:104CF000ADF81630BDF91630002B02DABDF91630CA
:104D00000CE001230093022309220021039800F004
:104D100019FF0346ADF81630BDF91630184607B036
:104D20005DF804FB00B583B001900091019B5B79B5
:104D30001A460099019800F005F80346184603B09A
:104D40005DF804FB00B587B00390029113468DF81F
:104D500007309DF807301946039800F035F80346F0
:104D6000ADF81630BDF91630002B02D0BDF9163063
:104D700024E0039B5B799BB21A460021039800F064
:104D800038FC03461A460F4BA3FB0223DB089BB2F9
:104D90001846FFF737FF0A20FFF734FF0299039800
:104DA00000F0D4F80346ADF81630BDF91630002BEC
:104DB00002D00398FFF77BFFBDF91630184607B005
:104DC0005DF804FBCDCCCCCC00B583B001900B4694
:104DD0008DF80330019B5B78002B02D06FF001034C
:104DE00026E0019B1B78002B02D06FF002031FE02E
:104DF000019B5B799DF803209A4211D09DF8033006
:104E00001A460021019800F003FB0346002B14BF53
:104E100001230023DBB2002B02D04FF0FF3307E069
:104E2000002301220021019800F08EFA034600BF02
:104E3000184603B05DF804FB00B583B00190009103
:104E4000019BDB791A460099019800F005F80346AA
:104E5000184603B05DF804FB00B587B003900291DB
:104E600013468DF807309DF807301946039800F077
:104E700035F80346ADF81630BDF91630002B02D0D8
:104E8000BDF9163024E0039BDB799BB21A46002162
:104E9000039800F0AEFB03461A460F4BA3FB022318
:104EA000DB089BB21846FFF7ADFE0A20FFF7AAFE0B
:104EB0000299039800F04AF80346ADF81630BDF9A0
:104EC0001630002B02D00398FFF7F1FEBDF9163023
:104ED000184607B05DF804FBCDCCCCCC00B583B050
:104EE00001900B468DF80330019B5B78002B02D0BC
:104EF0006FF0010326E0019B1B78002B02D06FF0BE
:104F000002031FE0019BDB799DF803209A4211D038
:104F10009DF803301A460021019800F0F6FA034686
:104F2000002B14BF01230023DBB2002B02D04FF073
:104F3000FF3307E0012300220021019800F004FA6A
:104F4000034600BF184603B05DF804FB00B585B00A
:104F500001900091019B5B78002B02D06FF0010360
:104F60004CE0019B1B78012B0BD0022B13D10523A6
:104F700020220821019800F04BFE0346ADF80E30C8
:104F80000CE0042310220821019800F041FE0346A2
:104F9000ADF80E3002E06FF002032FE0BDF90E30E5
:104FA000012B0DD0012B27DCB3F1FF3F02D0002BEA
:104FB00003D021E04FF0FF3320E06FF003031DE04A
:104FC000019B1B788DF80D30019B00221A709DF813
:104FD0000D30012B07D0022B0BD10099019800F066
:104FE00031FB03460AE00099019800F069FB034693
:104FF00004E04FF0FF3301E04FF0FF33184605B0F7
:105000005DF804FB00B585B00190019B5B78002B37
:1050100002D06FF001031EE0A5220E21019800F0DE
:105020001BFD96220F21019800F016FD022262213D
:10503000019800F011FD00220E21019800F00CFDF6
:1050400000220F21019800F007FD03AB19460198DB
:10505000FFF768FE0023184605B05DF804FB00B5B5
:1050600089B0039000230F220D21039800F0D0FD9A
:105070000346ADF81E30BDF91E30002B03D0039B54
:1050800001225A7069E0BDF81E30DAB2039B9A70B3
:105090000423F0220D21039800F0BAFD0346ADF879
:1050A0001C30BDF91C30002B03DA039B01225A701F
:1050B00053E0BDF81C30DAB2039BDA70072380227C
:1050C0002821039800F0A4FD0346ADF81A30BDF97D
:1050D0001A30002B03DA039B01225A703DE0BDF821
:1050E0001A30DAB2039B1A72BDF81A30D9B207230C
:1050F000009380230722039800F024FD03469BB20F
:10510000DB0BDBB2002B03D0039B01225A7024E09F
:10511000039800F025F803469BB2DB0BDBB2002BB3
:1051200003D0039B01225A7017E00398FFF7BFFDDD
:1051300003220221039800F06BF903220221039855
:1051400000F0E3F905AB19460398FFF7EBFD039870
:10515000FFF7ADFD0398FFF755FF09B05DF804FBBD
:1051600000B589B0019003AB12221021019800F024
:105170001DFC0346ADF81E30BDF91E30112B02DCBC
:105180004FF0FF33DCE09DF80C301B019DF80D2043
:105190001209D2B213431A46019BDA60019BDB6805
:1051A00003F40063002B06D0019BDB68A3F580535A
:1051B0001A46019BDA60019BDB685B081A46019B7B
:1051C000DA609DF80D301B0203F470639DF80E2029
:1051D00013431A46019B1A61019B1B6903F4006388
:1051E000002B06D0019B1B69A3F580531A46019B37
:1051F0001A619DF80F301A039DF810301B011343FC
:105200009DF811201209D2B213431A46019B5A612C
:10521000019B5B6903F40023002B06D0019B5B69B3
:10522000A3F580131A46019B5A619DF811301B04A7
:1052300003F470229DF812301B0213439DF81320D3
:1052400013431A46019B9A61019B9B6903F4002357
:10525000002B06D0019B9B69A3F580131A46019B86
:105260009A619DF814301B029DF8152013431A46CD
:10527000019BDA61019BDB6903F40043002B06D03C
:10528000019BDB69A3F580331A46019BDA619DF827
:1052900016301B029DF8172013431A46019B1A6211
:1052A000019B1B6A03F40043002B06D0019B1B6A81
:1052B000A3F580331A46019B1A629DF818301B0231
:1052C0009DF8192013431A46019B5A62019B5B6AA1
:1052D00003F40043002B06D0019B5B6AA3F58033E7
:1052E0001A46019B5A629DF81A301B029DF81B203A
:1052F00013431A46019B9A62019B9B6A03F4004385
:10530000002B06D0019B9B6AA3F580331A46019BB4
:105310009A629DF81C301B029DF81D2013431A460B
:10532000019BDA62019BDB6A03F40043002B06D089
:10533000019BDB6AA3F580331A46019BDA620023E6
:10534000184609B05DF804FB00B585B00190084629
:1053500011461A4603468DF803300B468DF802308D
:1053600013468DF801309DF803309B00DBB203F04B
:105370000403DAB29DF802305B00DBB203F00203F3
:10538000DBB21343DAB29DF8013003F00103DBB264
:1053900013438DF80F309DF80F301946019800F037
:1053A00005F80346184605B05DF804FB00B583B068
:1053B00001900B468DF803309DF8033003F007038E
:1053C0008DF803309DF80330032B03D09DF8033094
:1053D000042B02D14FF0FF3316E09DF803301A463C
:1053E0000821019800F038FB0346002B14BF01236D
:1053F0000023DBB2002B02D04FF0FF3304E0019B0F
:105400009DF803201A700023184603B05DF804FBD2
:1054100000B587B003900B468DF80B3013468DF81E
:105420000A309DF80B3003F007038DF80B309DF820
:105430000A3003F007038DF80A309DF80B301B018A
:105440008DF815309DF815209DF80A3013438DF81E
:105450001530039B1B7ADB01DAB29DF8153013433C
:105460008DF815309DF815301A460721039800F085
:10547000F3FA0346ADF81630BDF91630002B02D012
:105480004FF0FF333DE09DF80A30032B0BD9032387
:105490000093082309220121039800F053FB0346DF
:1054A000ADF816300AE003230093082309220021F7
:1054B000039800F047FB0346ADF81630BDF91630EF
:1054C000002B08D1039B9DF80B201A71039B9DF8BC
:1054D0000A205A7113E0039B1B799DF80B209A4216
:1054E00005D1039B5B799DF80A209A4207D0039B64
:1054F0001979039B5B791A460398FFF789FFBDF979
:105500001630184607B05DF804FB00B587B003906D
:105510000B468DF80B3013468DF80A309DF80B3092
:1055200003F007038DF80B309DF80A3003F00703F2
:105530008DF80A309DF80B301B018DF815309DF861
:1055400015209DF80A3013438DF815309DF815305D
:105550001A460621039800F07FFA0346ADF816308C
:10556000BDF91630002B02D04FF0FF333DE09DF81F
:105570000A30032B0BD902230093042309220121B3
:10558000039800F0DFFA0346ADF816300AE0022374
:105590000093042309220021039800F0D3FA034664
:1055A000ADF81630BDF91630002B08D1039B9DF8DD
:1055B0000B209A71039B9DF80A20DA7113E0039B7C
:1055C0009B799DF80B209A4205D1039BDB799DF8CE
:1055D0000A209A4207D0039B9979039BDB791A46EC
:1055E0000398FFF792FFBDF91630184607B05DF833
:1055F00004FB82B001900B46ADF802301346ADF8C3
:105600000030BDF8023003F00703ADF80230BDF8FA
:10561000003003F00703ADF80030BDF8023014226B
:1056200002FA03F39AB2BDF80010BDF802300B4441
:10563000102101FA03F39BB213449BB2184602B047
:105640007047000000B587B0019000911B4B1B888C
:10565000ADF80C3000238DF80E3003AB032203218C
:10566000019800F0A3F90346ADF81230BDF91230ED
:10567000032B02D04FF0FF331BE09DF80C301A04CF
:105680009DF80D301B0213439DF80E201343059324
:10569000059B03F40003002B03D0059B03F17F431C
:1056A00005930599019800F049F80246009B1A609D
:1056B0000023184607B05DF804FB00BFC8AE030026
:1056C00000B587B0019000911B4B1B88ADF80C30E2
:1056D00000238DF80E3003AB03220021019800F067
:1056E00065F90346ADF81230BDF91230032B02D034
:1056F0004FF0FF331BE09DF80C301A049DF80D307D
:105700001B0213439DF80E2013430593059B03F4DE
:105710000003002B03D0059B03F17F4305930599FC
:10572000019800F053F80246009B1A6000231846C7
:1057300007B05DF804FB00BFC8AE030030B585B00C
:1057400001900091009801F00DFA02460B46CDE958
:105750000223019B5B791A461B4B53F822301846F3
:1057600001F000FA02460B46DDE9020101F060F8A3
:1057700002460B46CDE902230199DDE90223C1E986
:105780000C23019BDB68184601F0ECF904460D463A
:10579000019B1B69184601F0E5F9DDE9022300F0E1
:1057A000ABFF02460B462046294600F07FFE02462C
:1057B0000B46CDE90223DDE9020101F0ADF9034614
:1057C000184605B030BD00BFA8AE03002DE9F04F6C
:1057D00085B001900091009801F0C4F902460B4693
:1057E000CDE90223019BDB791A464D4B53F8223059
:1057F000184601F0B7F902460B46DDE9020101F057
:1058000017F802460B46CDE90223019B5B69184657
:1058100001F0A8F904460D46019B9B69184601F06A
:10582000A1F906460F46019B5B6A184601F09AF9FA
:1058300080468946019BDB6A184601F093F9DDE951
:10584000022300F059FF02460B464046494600F04D
:105850002DFE02460B4610461946DDE9022300F0F4
:105860004BFF02460B463046394600F01FFE02460B
:105870000B4610461946DDE9022300F03DFF0246C3
:105880000B462046294600F011FE02460B46924682
:105890009B46019BD3E90C45019BDB69184601F04F
:1058A00061F906460F46019B1B6A184601F05AF93A
:1058B00080468946019B9B6A184601F053F9DDE951
:1058C000022300F019FF02460B464046494600F00D
:1058D000EDFD02460B4610461946DDE9022300F0B5
:1058E0000BFF02460B463046394600F0DFFD02460C
:1058F0000B462046294600F0FFFE02460B46504666
:10590000594600F0D3FD02460B46CDE90223DDE9FE
:10591000020101F001F90346184605B0BDE8F08F19
:10592000A8AE030000B583B001900B468DF803309C
:10593000019BDA6B019B93F840301946104600F04A
:10594000D1FC019BDB6B9DF803201146184600F04B
:105950005FFD019BDB6B0021184600F0E9FC019B19
:10596000D86B019B93F840100123012200F032FC18
:105970000346002B14BF01230023DBB2002B07D00A
:10598000019BDB6B184600F067FD03461BB207E086
:105990000548FBF7D9F8402000F076FD4FF0FF33C3
:1059A000184603B05DF804FBCCAE030000B587B029
:1059B000039001930B468DF80B3013468DF80A3097
:1059C000019B002B01D1002342E0039BDA6B039B78
:1059D00093F840301946104600F084FC039BDB6BC3
:1059E0009DF80B201146184600F012FD039BDB6B5F
:1059F0000021184600F09CFC039BD86B039B93F896
:105A000040109DF80A20012300F0E4FB0346ADF8A6
:105A100014300023ADF81630BDF91620BDF914304E
:105A20009A4213DA039BDB6B184600F015FD014622
:105A3000BDF91630019A1344CAB21A70BDF9163076
:105A40009BB201339BB2ADF81630E5E7BDF91430D7
:105A5000184607B05DF804FB00B583B001900B4613
:105A60008DF8033013468DF802309DF802209DF822
:105A700003100023019800F005F80346184603B010
:105A80005DF804FB00B583B00190084611461A4644
:105A900003468DF803300B468DF8023013468DF81F
:105AA0000130019BDA6B019B93F840301946104698
:105AB00000F018FC019BDB6B9DF803201146184693
:105AC00000F0A6FC019BDB6B9DF8022011461846F6
:105AD00000F09EFC019BDB6B184600F08DFC03463A
:105AE000002B0CBF01230023DBB2002B08D014488D
:105AF000FBF72AF8402000F0C7FC4FF0FF331AE014
:105B00009DF80130002B01D1002314E09DF80330F3
:105B100019460198FFF706FF03461A469DF8023022
:105B20009A420CBF01230023DBB2002B01D00023DB
:105B300001E04FF0FF33184603B05DF804FB00BFEF
:105B4000CCAE030000B585B00390084611461A4656
:105B500003468DF80B300B468DF80A3013468DF84E
:105B600009309DF809009DF80A209DF80B100023CC
:105B700001939DF8183000930346039800F005F850
:105B80000346184605B05DF804FB00B585B00190EA
:105B9000084611461A4603468DF803300B468DF829
:105BA000023013468DF801309DF8023019460198F5
:105BB000FFF7B8FE0346ADF80E30BDF90E30002BEE
:105BC00002DABDF90E301FE0BDF80E305AB29DF971
:105BD0000130DB435BB213405AB29DF803109DF8CD
:105BE000183001FA03F359B29DF901300B405BB252
:105BF00013435BB2DAB29DF81C309DF80210019895
:105C0000FFF740FF034600BF184605B05DF804FBF0
:105C100000B585B00190084611461A4603468DF836
:105C200003300B468DF8023013468DF801309DF895
:105C3000033019460198FFF775FE0346ADF80E30A4
:105C4000BDF90E30002B02DABDF90E300CE0BDF8C4
:105C50000E30DAB29DF802301340DBB21A469DF8DE
:105C6000013042FA03F31BB2184605B05DF804FB9D
:105C700082B00190019B184602B0704700B585B014
:105C800001900B468DF8033013468DF802309DF9D4
:105C90000320019B1A750F21019800F051F903466A
:105CA0008DF80F309DF80F209DF802309A4207D0F2
:105CB0009DF80F309DF8022019460948FAF744FF75
:105CC0002F222021019800F007F9002223210198BA
:105CD00000F002F90123184605B05DF804FB00BF8F
:105CE000E8AE030000B585B00190019B93F9143034
:105CF000DBB219465A4800F0F5FAA821584800F0DE
:105D000087FB574800F078FB019B93F91430DBB216
:105D100006221946524800F0CFFA514800F09CFB89
:105D200003461AB2019B1A804D4800F095FB0346CA
:105D30009BB21902019BB3F900200BB213431AB2B4
:105D4000019B1A80464800F087FB03461AB2019B6C
:105D50005A80434800F080FB03469BB21902019B26
:105D6000B3F902200BB213431AB2019B5A803C488C
:105D700000F072FB03461AB2019B9A80384800F08B
:105D80006BFB03469BB21902019BB3F904200BB2D3
:105D900013431AB2019B9A80019800F063F80346FE
:105DA0008DF80D300123ADF80E309DF80D30032B2A
:105DB00003D140F25553ADF80E309DF80D30022B53
:105DC00003D14FF48053ADF80E309DF80D30012B08
:105DD00003D141F6FE73ADF80E309DF80D30002B67
:105DE00003D143F6FC73ADF80E30019BB3F90030DC
:105DF00007EE903AF8EEE76ABDF80E3007EE903AFB
:105E0000B8EEE77AC6EE877A019BC3ED027A019B72
:105E1000B3F9023007EE903AF8EEE76ABDF80E30BB
:105E200007EE903AB8EEE77AC6EE877A019BC3EDAB
:105E3000037A019BB3F9043007EE903AF8EEE76A73
:105E4000BDF80E3007EE903AB8EEE77AC6EE877AE4
:105E5000019BC3ED047A00BF05B05DF804FB00BFF1
:105E6000042F002000B583B001902321019800F099
:105E700067F803461B09DBB203F00303DBB21846E5
:105E800003B05DF804FB00B585B001900B468DF8BA
:105E900003302021019800F053F803468DF80F30AD
:105EA0009DF80F3003F00F038DF80F309DF803308D
:105EB0001B015AB29DF90F3013435BB28DF80F30BE
:105EC0009DF80F301A462021019800F005F800BF18
:105ED00005B05DF804FB000000B585B001900B46ED
:105EE0008DF8033013468DF80230019B93F914307E
:105EF000DBB21946104800F0F5F99DF80330194659
:105F00000D4800F085FA9DF8023019460A4800F065
:105F10007FFA094800F070FA03460393039B002BB5
:105F200005D10648FAF710FE202000F0ADFA00BFB8
:105F300005B05DF804FB00BF042F002020AF030074
:105F400000B585B001900B468DF80330019B93F9A5
:105F50001430DBB219461B4800F0C4F99DF8033039
:105F60001946184800F054FA164800F045FA03465E
:105F70000393039B002B05D11348FAF7E5FD20207E
:105F800000F082FA019B93F91430DBB2012219462A
:105F90000C4800F091F903460393039B002B05D1B5
:105FA0000948FAF7D1FD202000F06EFA054800F00C
:105FB00053FA03468DF80B309DF80B30184605B0A8
:105FC0005DF804FB042F002020AF030000B585B06E
:105FD000019026210198FFF7B3FF03468DF80F309B
:105FE00031210198FFF7ACFF0346184605B05DF874
:105FF00004FB000000B583B001900091019B1B7869
:10600000022B0CD0022B12DC002B0FD0012B0ED157
:106010000A48FAF799FD0A4B01221A7007E009486D
:10602000FAF792FD064B01221A7000E000BF064B02
:1060300001221A7000BF03B05DF804FB60AF0300DB
:10604000CD48002084AF0300CC48002084B00390EA
:10605000029101928DF80330039B029A1A60039B10
:10606000019A5A60039B9DF803201A72039B049ABD
:10607000DA60039B4FF040221A61039B00221A75DD
:10608000039B184604B0704700B589B00190194BC6
:106090001B78002B29D1019B5B680393019B1B6834
:1060A0000493019B1B7A8DF8183000238DF819306A
:1060B000019BDB680593019B03F1100003A90023FA
:1060C0000D4AF7F7BDFA0790079B002B04D00B4A47
:1060D00029210798F1F7CEF9019B10331846F7F7FD
:1060E000A1FB044B01221A7000E000BF09B05DF86B
:1060F00004FB00BFCE480020F55F0300A8AF0300FB
:1061000000B583B001900A4B1B7883F00103DBB22A
:10611000002B08D1019B10331846F7F735FB044BD1
:1061200000221A7000E000BF03B05DF804FB00BF5E
:10613000CE48002082B00190019B1033184602B077
:106140007047000000B585B00190019B002B0CD07A
:10615000084B43F001030393019B9B010293054B02
:1061600043F001030298984700E000BF05B05DF8D6
:1061700004FB00BF30B0030000B583B00190019B69
:10618000002B0FD04FF47A70FFF7DCFF019B013B2F
:106190000193019B002B14BF01230023DBB2002BD2
:1061A00001D0EFE700BF03B05DF804FB82B00190BF
:1061B0000091019B009A1A60019B00225A72019B78
:1061C0000022DA72019B00229A71019B184602B0EC
:1061D0007047000000B585B00190084611461A4688
:1061E00003468DF803300B468DF8023013468DF8C8
:1061F0000130019B00229A72019B00225A7247F2E1
:10620000305303939DF80230002B01D1002346E068
:10621000254B00221A70254B00221A70019B18682A
:10622000019B03F10C029DF802309DF80310F7F773
:10623000C3FD0290029B002B2BD11B4B1B78DBB2C2
:10624000002B04D1039B002B01DD012300E0002380
:10625000002B06D00120FFF78FFF039B013B039328
:10626000EBE7114B1B78DBB2012B06D10F4B1B78F0
:10627000DBB2002B01D1012300E00023002B04D06E
:10628000019B9DF802209A7207E00948FAF75CFC2E
:1062900003E002990748FAF757FC019B9B7A1846DE
:1062A00005B05DF804FB00BFCC480020CD480020BD
:1062B00038B0030060B0030000B583B001900B4616
:1062C0008DF8033013468DF802309DF802209DF8BA
:1062D000031001230198FFF77DFF0346184603B022
:1062E0005DF804FB00B583B001900B468DF80330D8
:1062F000019B9DF803201A72019B0022DA72019B18
:1063000000225A72019B2C3320220021184601F0F2
:1063100016FB019B0C3320220021184601F00FFBD5
:10632000019B01229A7100BF03B05DF804FB0000DD
:1063300010B586B003900B468DF80B30039B0022FE
:106340009A7147F230530593274B00221A70274B5E
:1063500000221A70039B1868039B197A039B03F1B0
:106360002C02039BDB7A1C46002300932346F7F79D
:10637000FBFC0490049B002B07D004991C48FAF7FF
:10638000E3FB039B0022DA7228E0184B1B78DBB298
:10639000002B04D1059B002B01DD012300E000232D
:1063A000002B06D00120FFF7E7FE059B013B05937C
:1063B000EBE70E4B1B78DBB2002B04D00A4B1B78AB
:1063C000DBB2012B01D1012300E00023002B05D01B
:1063D000039B0022DA720748FAF7B6FB039BDB7ACD
:1063E000184606B010BD00BFCD480020CC480020A4
:1063F00088B00300ACB0030000B583B00190002169
:106400000198FFF795FF0346184603B05DF804FBBB
:1064100082B001900B468DF80330019B9B7983F08D
:106420000103DBB2002B03D1019BDB7A1F2B01D9C7
:1064300000230EE0019BDB7A5A1CD1B2019AD17283
:106440001A46019B13449DF8032083F82C20019BDE
:10645000DB7A184602B0704782B00190019B5A7AED
:10646000019B9B7A9A4201D1002309E0019B5B7A50
:106470005A1CD1B2019A51721A46019B13441B7BDC
:10648000184602B07047000082B00346ADF80630EF
:10649000054B1B889AB2BDF8063013439AB2024BE3
:1064A0001A8000BF02B07047D048002030B591EA92
:1064B000030F00F18480841A71EB030C05D21219CA
:1064C00053EB0C03001B71EB0C0140F2000CCFF6F8
:1064D000E07C1CEA430F54D0BCEB410F61D90C0D9A
:1064E000A4EB135E31EA0C0141F4801133EA0C0392
:1064F00043F48013DEF1200C2AD303FA0CF5401983
:1065000041F1000122FA0EF5401923FA0EF5694116
:1065100012FA0CF2CD0208D349085FEA30005FEAB4
:10652000320228BF42F001020134013C5FEA500C04
:1065300072F1004250F1000051EB04514FF400138E
:1065400013EB410F38BF30BD090D0905002030BDE8
:10655000BEF1200EBEF1200F1ED223FA0EF5401917
:1065600041F10001CEF1200C124218BF012203FAC2
:106570000CF52A43CEE711EA5C0F04BF002000218E
:1065800030BD1CEA410F04BF01F00041002030BDC6
:1065900001F00041002030BD21F4801101EB0451D5
:1065A00030BD004218BF41F00101BCEB410F08BFF4
:1065B00030BD4FF0FE4141F47801002030BD83F042
:1065C0000043841A71EB030E07D28EF0004E001BBD
:1065D00071EB0E01121953EB0E0340F2000CCFF6D3
:1065E000E07C1CEA430FC6D0BCEB410F72D90C0D06
:1065F000A4EB135EC90241EA5051C00241F00041D0
:10660000DB0243EA5253D20243F00043DEF1200C96
:1066100041D312FA0CF522FA0EF203FA0CF542EA13
:10662000050218BF42F0010223FA0EF3801A9941C5
:10663000E30AC4F30A0411F0404F03D418D0013C1C
:1066400040004941013C23D44205C00A40EA415080
:10665000C90A51EAC3715FEA500C72F1004250F16D
:10666000000051EB045130BD01002FD00020203C30
:106670000029F9D0B1FA81FCDCF1200E11FA0CF1FD
:1066800030FA0EF510FA0CF02943A4EB0C04D9E70C
:106690000020D90730BDAEF1200EBEF1200F0DD283
:1066A000CEF1200C03FA0CF533FA0EF32A4318BF8F
:1066B00043F00103C01A61F10001B9E721F0004184
:1066C000C00A40EA4150C90A01EB045130BD002024
:1066D000002130BD004218BF41F00101BCEB410F69
:1066E0007FF467AFBCEB430F3FF463AF30BD00BF37
:1066F00083F00043FFF7DABEF0B540F2FF7681EA9F
:10670000030C16EA115E1EBFB64516EA1355B542D4
:106710005AD021EA465141F48011A1FB024723EAF5
:10672000465343F48013AE44A0FB03650CF0004CC9
:1067300036197D41A1FB034747F10003A0FB021777
:10674000F619654153F10003094218BF46F00106EE
:1067500040F2FE74B3F5007F13D2AEF5806EA6450D
:106760002BD24CEA0331280341EA155140EA165076
:106770003203450872F1004250F1000051EB0E5116
:10678000F0BDAEF2FF3EA64517D24CEAC321E802A7
:1067900041EA555140EA5650F202450872F1004272
:1067A00050F1000051EB0E51F0BD0CF0004141F0F2
:1067B000FE4141F470010020F0BD1EEA0E0FF4D539
:1067C0000CF000410020F0BD16EA115F04BF01F09B
:1067D00000410020004218BF41F0010116EA135F9A
:1067E00004BF03F000430022124218BF43F001032C
:1067F00006EA1354B44218BF9EEA060F03D00CF009
:1068000000410020F0BD21F0004123F00043B1EB36
:10681000065F06D8B3EB065F03D8002918BF002B2C
:10682000C3D140F20001C7F6F8710020F0BD00BFEF
:106830002DE9F04391EA030E0EF0004E40F20007FE
:10684000CFF6E07717EA41051EBF95EA070F17EA72
:10685000430595EA070F00F0A1807F0D17EA135654
:1068600023EA475343F4801317EA115521EA4751AD
:1068700041F48011AD1B05F2FD354FEAD31C1CF12C
:10688000010C4FF00047B7FBFCF77F01A2FB079C10
:106890000024E3FB07C4DCF1000CD9F100097CF112
:1068A000000CA0FB07620020E1FB072000275FEA45
:1068B000C628E0FB0987760D46EAC226520DF61976
:1068C00000277A41E0FB0C625FEAC823E2FB09374C
:1068D0005FEA585848EAC628760D18EB07080021E9
:1068E0004E41E2FB0C8602EBC020DA02E6FB0921F6
:1068F0005B0D43EAC8235FEA58585B18002758EB42
:106900000708E6FB0C38D102E8FB0917520D42EAF2
:10691000C3225B0DD21900277B41E8FB0C2308EB57
:10692000C6265FEAC128E3FB0987490D41EAC22177
:10693000520DC91942F10002E3FB0C12470019EB9A
:1069400008095CEB010C72EB040453EBC62047EB27
:1069500056530026B3F5000F7641AD190236D6F135
:10696000200910FA09F4F04013FA09F21043F34039
:10697000E40F001943F10003B3F5001F24BF5B08C7
:10698000013540F2FE77BD4204D24EEA055119446A
:10699000BDE8F0832D4224D5714626E0004218BFA1
:1069A00041F00101124218BF43F00103B7EB410F60
:1069B0002CBFB7EB430F1BE0B7EB410F04BFB7EBA6
:1069C000430F15E017EA410F04BF17EA430F0FE02A
:1069D00017EA410FE0D017EA430F02D0B7EB430F9D
:1069E000DAD04EF0FE4141F470010020BDE8F083A2
:1069F00040F20001C7F6F871F7E700BF4FF4001C42
:106A00001CEB410F98BF1CEB430F11D851EA030C4C
:106A100050EA4C0C5CEA020C0CD004D282428B414E
:106A20008041013070479042994180410130704768
:106A300000207047012070474FF4001C1CEB410FF1
:106A400098BF1CEB430F0CD850EA410C08BF52EA28
:106A5000430C08D0904208BF99420CBF012000208F
:106A60007047002070470120704700BF4FF4001CA2
:106A70001CEB410F98BF1CEB430F11D851EA030CDC
:106A800050EA4C0C5CEA020C0CD004D290429941C2
:106A900080410130704782428B4180410130704714
:106AA00000207047012070474FF4001C1CEB410F81
:106AB00098BF1CEB430F11D851EA030C50EA4C0C61
:106AC0005CEA020C0AD004D282428B4180414042EF
:106AD0007047904299418041404270470020704782
:106AE0004FF4001C1CEB410F98BF1CEB430F11D857
:106AF00051EA030C50EA4C0C5CEA020C0AD004D2B6
:106B00009042994180414042704782428B4180418E
:106B10004042704700207047C1F30A5340F21E42C2
:106B2000D21A0EDD202A0AD8CB0243EA505040F098
:106B30000040D04090EAE170B0EBE1707047002077
:106B400070474B00004218BF43F0010313F5001FCC
:106B500088BF21F0004111F0004058BF6FF00040A5
:106B6000704700BF80B110F0004248BFD0F1000074
:106B7000120D02F21D42B0FA80F18840521AC30A87
:106B8000400503EB0251704701007047C0F3C75145
:106B900091B142004FEA40704FEAD2014FEA310111
:106BA00001F16051B2F17F4F38BF704701F1605180
:106BB00018BF41F40021704710F0004100207047D9
:106BC00001F000428B1AA3F16051B1F5801F0ADB7E
:106BD000B1F17F6F09D242EAC102C10071F10041F7
:106BE00042EB507070471046704701285B4113F527
:106BF000001F04D842F0FE4040F400007047C90076
:106C000041EA507040EA020040F4800040F08040C9
:106C1000704700BF10EE100A4FEA4000B0F17F4FFE
:106C20000CBF01200020704710EE100A4100002028
:106C3000B1F17F4F18BF50EB0000704751EC100BC3
:106C40000128494111F5001F8CBF01200020704729
:106C500010EE100A00F00040704700BF51EC100B1E
:106C600021F0004141EC100B704700BFB0EEC00AAC
:106C7000704700BF00B510EE100A00F003F800EEF8
:106C8000100A00BD4FF07F43B3EB400F22D9410003
:106C900008BF704703EA4002120E7F3A14DB172A3E
:106CA000A8BF70474FF6FF73C0F27F03D34018426E
:106CB00020EA030018BF10F0004F08BF70474FF4E0
:106CC0000001D1404018704710F0004F0CBF002069
:106CD0000248704718BF024870470000000080BF9C
:106CE0000000C07F00B5014610EE100A00F003F866
:106CF00000EE100A00BD4FF07F43B3EB400F98BF8A
:106D0000704713EA400207D0120E7E3A0A6020EA6A
:106D1000530040F07C5070470A6000F0004070471C
:106D200000B5014610EE100A00F003F800EE100A5C
:106D300000BD4FF07F43B3EB400F98BF704713EA9D
:106D4000400204BF00F00040704711EB1262DCBF4C
:106D500000F000407047FF2A3CBF00EBC150704775
:106D600040004FEA330070472DE9F04155EC104BDD
:106D70008046002210EE100A0023294610EE106A09
:106D8000FFF75AFE30B1002345EC104BC8F8003035
:106D9000BDE8F08125F0FF4323F4E00343F07F5783
:106DA000C5F30A5347F40017A3F2FE3347EC106B08
:106DB000C8F80030BDE8F0812DE9704355EC104B68
:106DC0000646002210EE100A0023294610EE108A13
:106DD000FFF732FEB0B9C5F30A53334440F2FE72F6
:106DE000934213DC002E01DB002B0FDB002B09DDAF
:106DF00025F0FF4222F4E00242EA035949EC108BED
:106E0000BDE870839FED060BBDE8708300F090FC39
:106E1000074B1B6803609FED040BBDE8708300BF48
:106E20000000000000000000000000000000F07FF3
:106E3000FCB00300000000002DE9704355EC104B3E
:106E4000FFF7FCFE002840F0A7806AA3D3E90023E7
:106E500020462946FFF728FE002840F0A48067A3BB
:106E6000D3E9002320462946FFF73AFE18B19FEDEB
:106E7000540BBDE8708345EC104BFFF7EFFE61A3A8
:106E8000D3E9002351EC100BFFF72AFE002840F055
:106E900087800022002320462946FFF7E7FD4FF0B8
:106EA0000008002800F08880DFF8409157A3D3E95C
:106EB000002320462946FFF71FFC42464B46FFF7BA
:106EC000F5FAFFF729FE0646FFF74CFE51A3D3E97A
:106ED000002380468946FFF70FFC02460B462046FA
:106EE0002946FFF705FC4DA3D3E9002304460D46D0
:106EF00040464946FFF700FC02460B46204629461D
:106F0000FFF7D4FA02460B4680468946FFF7F4FBAA
:106F100044A3D3E9002304460D46FFF7EDFB43A34A
:106F2000D3E90023FFF7C2FA22462B46FFF7E4FB22
:106F30002D4B0022FFF7BAFA42464B46FFF7DCFB27
:106F400021A3D3E900238046894620462946FFF73E
:106F5000D3FB1FA3D3E90023FFF7A8FA22462B4651
:106F6000FFF7CAFB214B0022FFF7A0FA42464B462F
:106F7000FFF7BEFB02460B4640464946FFF758FC6A
:106F80001A4B0022FFF792FA013641EC100B304603
:106F9000FFF712FFBDE8708345EC104BBDE870832E
:106FA0009FED0D0B65E700F0C3FB114B1B68036001
:106FB0009FED0B0BBDE87083DFF8789076E700BF9C
:106FC00000000000000000000938DE6F993F403FDC
:106FD000B35142718E71AC3F000000000000F03FE1
:106FE000000000000000F07F0000D03F0000E03F04
:106FF000FCB00300EF39FAFE422E8640D2BC7ADDA7
:107000002B2386C02342920CA19CC73B3CF92F9EA8
:107010002C15F73F000000000030E63FA80C615C33
:1070200010D02B3F1CDC586FA452F13EE0F6B36F3A
:10703000E4707C3F0000E0BF2DE9F04F85B055ECD7
:10704000104BFFF7FBFD002840F0C3800022002317
:1070500020462946FFF7F0FC002840F0BF800022C0
:10706000002320462946FFF73BFD002840F0B18071
:1070700045EC104B03A8FFF777FE55EC104B78A3B7
:10708000D3E9002310EE100A2946FFF70DFD002872
:1070900040F0A9800399704B4E1E204629460022DD
:1070A0000396FFF725FB04460D4645EC104B4FF0C9
:1070B000FF30FFF781FE684B51EC100B0022FFF709
:1070C000F5F902460B4620462946FFF7B1FB02467A
:1070D0000B4606460F46FFF70FFB4BA3D3E90023F1
:1070E00004460D46FFF708FB49A3D3E90023FFF749
:1070F000DDF949A3D3E90023804689462046294685
:10710000FFF7F6FA22462B46FFF7F6FA44A3D3E937
:107110000023FFF7CBF942464B4682468B4620467A
:107120002946FFF7E9FA40A3D3E90023FFF7E0FA85
:1071300052465B468046894620462946FFF7DCFAE0
:107140003BA3D3E90023FFF7D3FA02460B464046A0
:107150004946FFF76DFB02460B4620462946FFF7DE
:10716000CBFA32463B46FFF7C7FA02460B46039876
:10717000CDE90023FFF7F6FCDDE9002304460D46C8
:1071800030463946FFF792F92BA3D3E90023064690
:107190000F4620462946FFF7AFFA02460B46304617
:1071A0003946FFF783F902460B4620462946144626
:1071B0001D4623A3D3E90023FFF79EFA02460B46A0
:1071C00020462946FFF772F941EC100B05B0BDE8E7
:1071D000F08F9FED1D0B05B0BDE8F08F9FED1C0BF0
:1071E00005B0BDE8F08F0022204629461B4BFFF773
:1071F0007FFA024645EC104B4FF0FF3014460D4627
:1072000057E700BFAFF3008029BD56B31544E9BF6F
:10721000EDAF16204A6230400FCE674B80D541401B
:107220007E2615FA838073409AB5B312FF0750404B
:1072300077900D9CFE0B8840A80C615C10D02BBF92
:10724000000000000030E63F000000000000F87F72
:10725000000000000000F0FF0000E03F0000F03FF1
:10726000CD3B7F669EA0E63F9FED147AB4EE470AC1
:10727000F1EE10FAF0EE407A12D010EE102AC2F3BE
:10728000C7537F3B11D4162B12DC0D4921FA03F3AF
:1072900022EA030207EE102A026030EE470A704726
:1072A000B0EE470A80ED007A704780ED007A7047B3
:1072B000B0EE470AC0ED007A704700BF0000000042
:1072C000FFFF7F00000000002DE9F04157EC116B3B
:1072D0002DED028B544B11EE100A0022394655EC6D
:1072E000104BFFF7A9FB002847D1002200232046BE
:1072F0002946FFF7A1FB88B100220023304639461A
:10730000FFF77CFB002842D19FED418BB0EE480A8D
:10731000F0EE680ABDEC028BBDE8F08139463046DC
:10732000FFF7FAFB8046FFF71DFC32463B46FFF7AE
:1073300083FBD8BB0022002320462946FFF7D0FB61
:1073400028BB45EC104BFFF789FCFFF775FE304674
:1073500053EC102B3946FFF7CFF941EC100BFFF738
:107360006BFDB0EE408AF0EE608AB0EE480AF0EEB7
:10737000680ABDEC028BBDE8F08145EC184BB0EE1D
:10738000480AF0EE680ABDEC028BBDE8F0819FED83
:10739000228B00F0CDF9B0EE480AF0EE680ABDECA1
:1073A000028B224B1B680360BDE8F081B8F1000F2F
:1073B0001EDB28D018F0010F9FED198B22462B46BB
:1073C00005D051EC180BFFF797F941EC180B5FEA69
:1073D000680822462B462046294697D0FFF78CF9AD
:1073E00018F0010F04460D4622462B46EFD0E8E781
:1073F00022462B460C490020FFF71AFAC8F1000874
:1074000004460D46D6E79FED068B7FE7AFF300807D
:107410000000000000000000000000000000F0FF7D
:10742000000000000000F03F0000F03FF8B0030053
:1074300000B52DED028BF5EE400AF1EE10FA83B0A7
:107440004BD0B0EE608AF0EE408AFFF7EDFB30B132
:10745000B0EE680A03B0BDEC028B5DF804FBB0EE41
:10746000480AFFF7E1FB002843D1F5EE408AF1EE30
:1074700010FAEDD0B0EE680AFFF7CCFB00283FD140
:10748000B0EE480AFFF7C6FB0028E1D1B0EE480A8B
:10749000FFF7ECFBB0EE408A88EE880A01A8FFF700
:1074A000E3FEDDED017AF5EEC08AB0EE680AF1EE9A
:1074B00010FAA8EE670AB1EE487A24DDB4EEC08A6D
:1074C000F1EE10FA98BF30EE480AB5EEC00AF1EEC0
:1074D00010FABFD530EE080ABCE700F029F9114BCD
:1074E0009FED110A1B68036003B0BDEC028B5DF8D1
:1074F00004FBB0EE480A03B0BDEC028B5DF804FB60
:107500009FED090AA6E7B4EEC70AF1EE10FA98BF9C
:1075100030EE080AB5EEC00AF1EE10FA9ADD30EE50
:10752000480A97E7F8B003000000C07F53EA020C56
:1075300061D02DE9F04BB3FA83F51E0007BFB2FA14
:1075400082F502FA05F403FA05F41646C5F12005A2
:107550001EBF22FA05F73C43203556EA044C4FEA99
:10756000144418BF0134A3464FF00009C8469042A6
:1075700071EB030C39D3094207BFB0FA80F700FA68
:1075800007F6B1FA81F701FA07F6C7F120071EBF27
:1075900020FA07FC46EA0C062037B6FBFBFC7F1BF3
:1075A000103F07F01F04C4F120060CFA04F42CFA73
:1075B00006F644BF34460026202FA4BF26460024EA
:1075C00054EA060C08BF012418EB040849EB06092D
:1075D000A4FB027CC01B06FB02CC04FB03CC71EBBA
:1075E0000C01904271EB030CC5D20B460246494692
:1075F0004046BDE8F08BB2FBF3F20000002816DB3A
:10760000002817DD0022B7EE000A0C4B10F0010F26
:107610001CBFD3ED007A20EE270A40100433002867
:10762000F4DC4AB1F7EE007A87EE800A70474042F8
:107630000122E8E7B7EE000A704700BF00B103007F
:1076400010B504460846A2684AB12368616803F190
:10765000010C8C4508BF00208B4208D2D054E3684F
:107660002BB121686268914201D221469847236874
:107670000133236010BD70B54C1E09D41646C5B247
:1076800029463046FFF7DCFF013CB4F1FF3FF7D15C
:1076900070BD10F0100F08D108B510F4007F14BFB2
:1076A00030202020FFF7E7FF08BD704730B5864641
:1076B00008463BB10C462D2304F8013BCEF1000EE9
:1076C000A44602E00C46FBE7AC46BEFBF2F502FB2B
:1076D00015E37146AE46092B8CBF57333033DBB20E
:1076E000654605F8013B9142EED200232B709CF8D1
:1076F000003022780CF8012904F8013BA445F6D8A3
:1077000030BD0028B8BF404270470000064B1B68E0
:107710001F2B01D901207047044A42F8230001338E
:10772000014A13600020704758490020D4480020C7
:1077300000B5EFF74DFE024B18445DF804FB00BFA7
:107740000C00000008B50A2A01D1002803DB002341
:10775000FFF7ACFF08BD0123FFF7A8FFFAE70CB461
:1077600000B587B008AA52F8043B059203900020A8
:1077700004900291194601A800F08EF907B05DF857
:1077800004EB02B070470EB400B586B007AA52F8F9
:10779000041B05920390002304936FF000430293AF
:1077A00001A800F079F906B05DF804EB03B070476A
:1077B000037833B1CAB29A4208D010F8013F002BC7
:1077C000F9D111F0FF0F18BF002070477047037800
:1077D00083B184461CF8013F002BFBD163469444DF
:1077E0001A46634508D011F8012B03F8012B002A33
:1077F000F6D103E08446F1E7002313707047037865
:1078000053B159B10144034613F8012F12B18B4211
:10781000FAD10B46181A70470346FBE70346F9E70F
:1078200010B50C78D4B103783BB9002016E09CF871
:1078300000309BB110F8013F8BB10378002BF9D0D9
:1078400001F1010C864622469A42F3D11EF8013F0F
:10785000002BECD01CF8012B002AF5D110BD002024
:10786000FCE7000070B50D46044660B1217841B1D7
:107870002846FFF79DFF034650B114F8011F002969
:10788000F6D1002320E0EFF7A3FD104B1C58EDE7E5
:107890002178C9B126462846FFF78AFF48B916F86D
:1078A000011F0029F7D1EFF793FD084B1E50234627
:1078B0000AE03378002BF6D0002306F8013BEFF7FF
:1078C00087FD024B1E502346184670BD080000007D
:1078D00010B584B00C461146029000220392019428
:1078E0001A46684600F0D8F804B010BD844640EA55
:1078F000010313F0030F18D18446202A0BD32DE97E
:10790000F007B1E8F807A0E8F807A2F12002202A62
:10791000F7D2BDE8F007042A07D351F8043B40F83A
:10792000043BA2F10402042AF7D2002A05D011F880
:10793000013B00F8013B013AF9D1604670478446AB
:10794000002A2DD010F0030F04D000F8011B013ADB
:1079500026D0F7E7C9B241EA012141EA0141202AD4
:1079600012D3A2F120022DE9F0030B460C460D467E
:107970000E460F4688468946A0E8FA03203AFBD215
:10798000BDE8F00320320BD0042A05D340F8041BD5
:10799000043A05D0042AF9D200F8011B013AFBD1C0
:1079A00060467047024610F0030F16D111F0030F26
:1079B00013D12DE9F0004FF001374FF0803351F82B
:1079C000044BA4EB070525EA04051D4002D142F84B
:1079D000044BF4E7A1F10401F0BC11F8013B02F8FB
:1079E000013B002BF9D1704710F0030F19D111F0B2
:1079F000030F16D12DE970004FF001364FF08033A0
:107A000050F8044B51F8045BAC4205D1A4EB0605D9
:107A100025EA04051D40F3D0A0F10400A1F1040102
:107A200070BC10F8012B11F8013BD21A01D1002BC8
:107A3000F7D11046704700F1010110F0030F11D08B
:107A400010F8012B002A23D010F0030F0AD010F8F1
:107A5000012B002A1CD010F0030F03D010F8012BCB
:107A6000002A15D02DE970004FF001324FF080331D
:107A700050F8044BA4EB020525EA04051D4000D193
:107A8000F6E7A0F1040070BC10F8012B002AFBD12E
:107A9000A0EB0100704700002DE9F04F2DED048BA5
:107AA0008BB083460592002303600D4615F8011B39
:107AB000002900F09686DFED988A4E4600F083BEDE
:107AC0004FF0000807E05E2866D148F4805801E0D6
:107AD00048F040081D462B4613F8010B3028F2D819
:107AE0001F2838D9A0F12002102A34D801A151F85A
:107AF00022F000BFD17A0300577B0300577B0300BD
:107B0000397B0300577B0300577B0300577B03003F
:107B10003F7B0300577B0300577B0300577B030029
:107B2000457B0300577B03004B7B0300577B03001F
:107B3000577B0300517B030048F08008CAE748F4F4
:107B40000048C7E748F02008C4E748F01008C1E73C
:107B500048F40078BEE72A281ED1059A111D059128
:107B60001768002FBCBF7F4248F010081878AB1C84
:107B700027EAE7772E2824D00025742845D07A28D4
:107B800043D06C2800F0C2804C2800F0C7806828E1
:107B900000F0D58003933BE0A0F13002D2B2092A75
:107BA00088BF0027E4D8002707EB8707303800EBB1
:107BB000470713F8010BA0F13002D2B2092AF3D91A
:107BC000D6E718782A280AD1059A111D059115685B
:107BD00058780233002DD0DB48F48078CDE70133AC
:107BE000A0F13002D2B2092A88BF0025F4D80025BE
:107BF00005EB8505303800EB450513F8010BA0F1C6
:107C00003002D2B2092AF3D9E4E713F8010B039347
:107C1000782800F28680DFE810F0F6058400840002
:107C20008400840084008400840084008400840034
:107C30008400840084008400840084008400840024
:107C40008400840084008400840084008400840014
:107C50008400840084008400840084008400840004
:107C600084008400A00084008400840084008400D8
:107C700084008400840084008400840084008400E4
:107C800084008400840084008400840084008400D4
:107C900084008400840084008400840084008400C4
:107CA00084008400BE01DB01E001840084008400C4
:107CB00084008400840084008400840084008400A4
:107CC00084008400840084008400190184008400FE
:107CD0008400840084008400840084008400840084
:107CE000A6004E01C001DD01E20184004E018400C6
:107CF000840084008400B6003C01000184008400FC
:107D0000CB0084004701840084001B0113F8010BA1
:107D1000039348F001087BE70000C84248F00108DF
:107D20000393B04B1C68002C00F0498505AB019310
:107D300000953B4642465946A04700F040BD1878A2
:107D4000682804D00133039348F0040860E748F042
:107D500008089A1C039258785AE725215846FFF7DD
:107D60006FFC00F02CBD059B1A1D05921C78013F8D
:107D70005A4639464046FFF78CFC21465846FFF7E5
:107D80005FFCC14639E018F0080F08D0DBF800208E
:107D9000059B191D05911B681A7000F010BD059B0D
:107DA0001A1D05921B68DBF800201A6000F007BD61
:107DB000059B1A1D05921B688B4C002B18BF1C4697
:107DC00028F4007918F4807F22D029462046FFF756
:107DD00016FD05467F1B5A4639464846FFF759FCB3
:107DE0006E1E55B126462C4416F8011B5846FFF767
:107DF00027FCB442F8D14FF0FF3619F0100F00F015
:107E0000DE845A4639462020FFF735FC00F0D7BC07
:107E10002046FFF710FE0546DCE7059B1A1D05927C
:107E20001B6818F0800F0CBF0026232648F48078CA
:107E300008251A46002B00F0A28406AB002408F4A3
:107E40000050DFF8A8C1AE4600F05FBC48F400580F
:107E500018F0800F1BD043F2780643F258037828BD
:107E600018BF1E4618F4807F01D028F4007818F45B
:107E7000804F32D0059B1A1D05921B6818F0040F25
:107E80001FD01BB2002B20DA5B422D262DE00026EE
:107E9000E8E718F0800F0CBF0026302618F4807F2A
:107EA000E5D028F40078E2E718F4807F07D028F4C2
:107EB00000780026DBE748F480480026D7E7002654
:107EC000D5E718F0080FDDD0DBB218F0200F60D135
:107ED00018F0400F18BF202607E0059B1A1D0592D9
:107EE0001B6818F0040F4FD09BB218F4807F00F08D
:107EF000E18328F400785838202800F22D8401A26C
:107F000052F820F0337E030059870300598703009D
:107F100059870300598703005987030059870300D5
:107F200059870300598703005987030059870300C5
:107F300059870300DB860300598703005987030034
:107F40005987030059870300DB8603005987030024
:107F50005987030059870300598703005987030095
:107F6000B9860300337E0300598703005987030055
:107F70005987030059870300DB86030059870300F4
:107F800059870300337E030018F0080FADD0DBB231
:107F9000ABE72B26A9E748F4005848F48068059B16
:107FA000073323F0070303F108020592D3E9000128
:107FB000FEF706FE08EE100A18F4807F18D0C5B947
:107FC00008F44065B5F5406F14BF0025012510E0A9
:107FD00048F4005848F40068E1E748F4005848F4D1
:107FE0004068DCE75449002018B10300E8B0030002
:107FF0000625B0EE480AFEF70DFE002840F0BC80D2
:10800000B0EE480AFEF710FE8246002840F0CD8010
:10801000B0EE480AFEF71CFE002840F0CF8018EEB4
:10802000103A08EE103A09A800EE103AFEF75AFE90
:10803000099B03EB43039B4A82FB0312DB17C3EB51
:10804000A2030993B5EE408AF1EE10FA40F0C08029
:1080500008F44064B4F5806F0AD0B4F5406F40F086
:10806000E581099BAB4203DA13F1040F80F2DE8154
:1080700009984042FFF7C2FA28EE008A8DED048A83
:10808000B5EE408AF1EE10FA36D0B0EE480AFEF7AF
:10809000C1FD002840F0B280F2EE047AB4EEE78A27
:1080A000F1EE10FA0FDB099B0133F2EE047A1A4667
:1080B00088EE278A0133B4EEE78AF1EE10FAF6DA99
:1080C0008DED048A0992DDED047AB7EE007AF4EEC4
:1080D000C77AF1EE10FA0FD5099B013BF2EE046A64
:1080E0001A4667EEA67A013BF4EEC77AF1EE10FA73
:1080F000F6D4CDED047A099225B1B4F5406F08BFEE
:1081000005F1FF356842FFF779FAF6EE007A60EE86
:10811000277A9DED047A77EE877AB2EE047AF4EE50
:10812000C77AF1EE10FA80F28280B0EE678A002DF5
:1081300000F0928008F40863B3F5006F7FD028F454
:1081400000696B1DFF1A013F18F4805F00F06B811E
:10815000099A554B83FB0213A3EBE27303EB430332
:10816000D31A0233042B00F25C81DFE813F0AD0078
:1081700052019700AD005201B5EEC08AF1EE10FA3F
:108180000CD418F4005F494C494B08BF1C4618F04A
:10819000200F08BF013428F4807811E618F4005F3E
:1081A000444C454B08BF1C46F5E718F4005F434CB0
:1081B000434B08BF1C4628F4807801E648F060086D
:1081C000F1EE487A17EE903A2BE7099B01330993B9
:1081D00009980130FFF712FAB4EEC08AF1EE10FAF6
:1081E000F3DC02E0099B013B09930998FFF706FACB
:1081F000B4EEC08AF1EE10FAF4D429E7B5EEC08AE5
:10820000F1EE10FA0CD418F4005F284C284B08BF8C
:108210001C4618F0200F08BF013428F48078CFE501
:1082200018F4005F234C244B08BF1C46F5E7099B5C
:1082300001330993B2EE047A87EE878A77E7092D36
:10824000A8BF09252846FFF7D9F960EE087AFCEEA9
:10825000E77A17EE903A43B928F40069053F18F021
:1082600080053FF471AF55466DE7164AA2FB031235
:10827000D20802EB8202B3EB420F7FF460AF1149E8
:10828000A1FB0323DB08013DE6D0A1FB0302D208DA
:1082900002EB8202B3EB420FF2D050E74FF0010A3B
:1082A0001BE000BF676666665655555530B1030042
:1082B00038B1030020B1030028B1030040B103002E
:1082C00044B10300CDCCCCCCF2EE047A27EE888A00
:1082D000013A0992013F4FF0020A25EAE57518F0CC
:1082E000600F18BF07F1FF370998FFF70AFA6328F4
:1082F000C8BF07F1FF37F0EE487ABCEEC87A17EE38
:10830000104AB8EE478A37EEC88A27EAE77619F4AA
:10831000047F00F0248119F0200F00F02C8119F067
:10832000400F14BF2D212B215846FFF789F919F072
:10833000100F00F029810AF10053013BC44A02EBFF
:10834000C30800272B4655469A46013DD8F8003011
:10835000D8F80420A8F108089C4277EB0201C0F08D
:108360001F8130210131C9B2E41A9C4277EB02002F
:10837000F8D25846FFF764F9002DE6D1554619F4B6
:10838000006440F00F81002D40F01B8119F0800F38
:1083900040F03C8219F4806F2FD019F4005F14BFB5
:1083A000452165215846FFF74BF9099B002BC0F288
:1083B00063812B215846FFF743F90999632900F39C
:1083C00063810999A34C84FB0132C917C1EBA20157
:1083D0003031C9B25846FFF733F9099B84FB0324B7
:1083E000D917C1EBA40101EB8101A3EB410303F118
:1083F0003001C9B25846FFF723F9002E00F0DF81A3
:108400002024013E21465846FFF71AF9002EF8D1E4
:10841000D5E128EE888A023A0992023F4FF0030A1A
:108420005BE7B24659E74FF0010A58E718F4806F4E
:1084300029D0099B0E2B25DC0133EC1A092CA8BF8F
:10844000092418F0800F01D025461CE0AB426AD009
:10845000F6EE009AB2EE049A2046FFF7CFF828EE27
:10846000000A30EE290AFEF705FCF0EE490AFEF795
:10847000DFFFB5EE400AF1EE10FA56D1013CEBD128
:10848000254600E0554628F48069099B6842A3F11F
:1084900008028242C8BFA3F10900FFF7AFF84FF00E
:1084A000FF30FEF73DFC38EE008AB0EE489A09989E
:1084B0000130FFF7A3F8B4EEC08AF1EE10FA02DB48
:1084C000099B013309930998002840DB09282EDC19
:1084D000FCEEC97A17EE904AB8EE678A39EE488A00
:1084E0000023099300202646092C35D95A4B4FF01A
:1084F000010A0AF1010A53F8081F5A688E4270EB0C
:108500000202F6D205EB0A03099A1344FF1A08F097
:1085100080032B4318BF07F1FF3718F0600F18BF17
:1085200007F1FF37F1E62546ADE72546ABE7A0F1B9
:1085300009030993C0F10900FFF760F829EE009ADA
:10854000FCEEC97A17EE904A08EE10AACAE700249A
:1085500009944FF0010AD5E74FF0010AD2E7002F46
:108560007FF7D9AE2027013E39465846FFF768F815
:10857000002EF8D1CFE619F0400F3FF4D8AE2021FD
:108580005846FFF75DF8D2E6002E3FF4D4AE302710
:10859000013E39465846FFF753F8002EF8D1CAE697
:1085A0003021E6E6099B002B7FF7EDAE3027013B3B
:1085B000099339465846FFF743F8099B002BF6DC30
:1085C000E1E62E215846FFF73BF82F46092DA8BFBC
:1085D000092727EAE777ED1BACB10998381AFFF7AE
:1085E0000DF820EE088AFCEEC87A17EE904ABFB369
:1085F000DFF85CA007F10057013F0AEBC70800272E
:10860000CDF8109015E03846FEF7F8FF20EE088A06
:10861000FCEEC87A17EE904AE9E70131C9B2E41AD4
:108620009C4277EB0200F8D25846FFF709F8D14593
:1086300014D0D8F80030D8F80420C146A8F10808B2
:108640009C4277EB020101D33021E6E73021EBE7D2
:1086500048B103006766666650B10300DDF810900C
:10866000002D3FF497AE3024013D21465846FEF7D9
:10867000E7FF002DF8D18DE62D215846FEF7E0FFEB
:10868000099B5B42099398E6644C84FB0132C9174D
:10869000C1EB62113031C9B25846FEF7D1FF099BD8
:1086A00084FB0321DA17C2EB6112642101FB123350
:1086B000099386E601251EE41A460024002B4CD0BF
:1086C00006A9002403F00703303301F8013B01340D
:1086D000D2081346002AF5D13FE019460024002BAA
:1086E0003BD0002408F4004E4FF02C09DFF834C1D1
:1086F0007346AE461D4621E002F00F01484D695C0D
:1087000003F8011B0134120906D00028F4D002F04E
:108710000F011CF80110F3E775461EE00AAB1819AB
:10872000ACFB0132D20802EB8203A1EB43033033EE
:1087300000F8103C013409290CD91146002DEDD068
:1087400004F00303032BE9D10AAB234403F8109C84
:108750000134E3E7754600E000242D1B25EAE575AA
:108760007F1B3F1BFF2E0CD9023FC6F30721584643
:10877000FEF766FFF1B25846FEF762FF03E0002401
:10878000EBE7002E48D15A4639464046FEF781FFB6
:108790005A4629463020FEF76EFF661E0CD406AE00
:1087A000013C344421785846FEF74AFFB44204F1B4
:1087B000FF34F7D14FF0FF3618F0100F0BD1039DA7
:1087C00015F8011B69B125293FF47AA95846FEF72F
:1087D00037FF0395F3E75A4639462020FEF74BFF53
:1087E000EDE7DBF808303BB1DBF80020DBF80410E4
:1087F0008A423CBF00219954DBF800000BB0BDEC6D
:10880000048BBDE8F08F4FF0FF30F7E72E2158467C
:10881000FEF716FF2F46DEE6013FABE71F85EB5163
:10882000D8B00300CDCCCCCC094B1B687BB170B564
:10883000084E094D064C013B55F8232056F82300FD
:1088400090472368013B2360002BF4D170BD704733
:108850005C490020E04900206049002038B5054609
:108860000C460D4B1B682BB10B4B1B681F2B08D9FB
:10887000012038BD0948FEF749FF0028F4D0012047
:10888000F7E7074A42F82350064A42F823400133EB
:10889000014A13600020ECE75C49002029880300AE
:1088A00060490020E049002008B50B460146184603
:0688B000FFF7D4FF08BD34
:0888B800F99A02000000000023
:1088C000C127030000000000453103007C36002072
:1088D000FD1F03009C360020C1250300000000009E
:1088E000AF3603007C2B00200F34030090360020AD
:1088F0009DE402000000000039EA020000000000D0
:0489000041E302004D
:08890400219B020000000000AD
:10890C00A93F0300000000008140030000000000AC
:04891C004508030007
:1089200000000000C02C0020E1760200433A5C55B4
:10893000736572735C706B5C446F63756D656E74A8
:10894000735C4769744875625C547261636B465727
:108950005F4643435C3372645F70617274795C6E2E
:108960005246355F53444B5F31365C636F6D706FB9
:108970006E656E74735C6C69627261726965735C5A
:1089800074696D65725C6170705F74696D65723277
:108990002E63000001000600FFFFFFFFFFFFFFFF47
:1089A000FFFFFFFFFFFFFFFF0000000000000000CF
:1089B0000000D60106010000433A5C5573657273EE
:1089C0005C706B5C446F63756D656E74735C476956
:1089D000744875625C547261636B46575F464343EB
:1089E0005C3372645F70617274795C6E5246355F9D
:1089F00053444B5F31365C636F6D706F6E656E74A0
:108A0000735C6C69627261726965735C75617274C2
:108A10005C6170705F756172745F6669666F2E630A
:108A200000000000433A5C55736572735C706B5CC8
:108A3000446F63756D656E74735C476974487562E5
:108A40005C547261636B46575F4643435C337264A8
:108A50005F70617274795C6E5246355F53444B5F50
:108A600031365C636F6D706F6E656E74735C6C69CC
:108A7000627261726965735C7574696C5C61707057
:108A80005F7574696C5F706C6174666F726D2E6374
:108A9000000000002E2E2F3372645F7061727479B3
:108AA0002F6E5246355F53444B5F31362F696E74DB
:108AB0006567726174696F6E2F6E7266782F6E7261
:108AC00066785F676C75652E680000002E2E2F3368
:108AD00072645F70617274792F6E5246355F5344D1
:108AE0004B5F31362F6D6F64756C65732F6E7266D8
:108AF000782F68616C2F6E72665F7274632E6800E7
:108B0000433A5C55736572735C706B5C446F63755C
:108B10006D656E74735C4769744875625C5472610C
:108B2000636B46575F4643435C3372645F706172A8
:108B300074795C6E5246355F53444B5F31365C63EB
:108B40006F6D706F6E656E74735C6C69627261726A
:108B50006965735C74696D65725C6472765F72746A
:108B6000632E630000000000000000000000000011
:108B70000338FDD8704700002E2E2F3372645F70CB
:108B8000617274792F6E5246355F53444B5F3136B4
:108B90002F636F6D706F6E656E74732F6C69627288
:108BA00061726965732F6578706572696D656E7441
:108BB000616C5F73656374696F6E5F766172732F4A
:108BC0006E72665F73656374696F6E5F69746572F8
:108BD0002E6800002E2E2F3372645F7061727479DC
:108BE0002F6E5246355F53444B5F31362F636F6DA6
:108BF000706F6E656E74732F6C69627261726965F5
:108C0000732F6D757465782F6E72665F6D74782E34
:108C100068000000433A5C55736572735C706B5C6E
:108C2000446F63756D656E74735C476974487562F3
:108C30005C547261636B46575F4643435C337264B6
:108C40005F70617274795C6E5246355F53444B5F5E
:108C500031365C636F6D706F6E656E74735C6C69DA
:108C6000627261726965735C7077725F6D676D7453
:108C70005C6E72665F7077725F6D676D742E6300F5
:108C8000008903000489030004000000433A5C5596
:108C9000736572735C706B5C446F63756D656E7445
:108CA000735C4769744875625C547261636B4657C4
:108CB0005F4643435C3372645F70617274795C6ECB
:108CC0005246355F53444B5F31365C636F6D706F56
:108CD0006E656E74735C6C69627261726965735CF7
:108CE0006578706572696D656E74616C5F736563DC
:108CF00074696F6E5F766172735C6E72665F7365C6
:108D00006374696F6E5F697465722E6300000000A2
:108D1000433A5C55736572735C706B5C446F63754A
:108D20006D656E74735C4769744875625C547261FA
:108D3000636B46575F4643435C3372645F70617296
:108D400074795C6E5246355F53444B5F31365C63D9
:108D50006F6D706F6E656E74735C6C696272617258
:108D60006965735C736F72746C6973745C6E726640
:108D70005F736F72746C6973742E6300433A5C5551
:108D8000736572735C706B5C446F63756D656E7454
:108D9000735C4769744875625C547261636B4657D3
:108DA0005F4643435C3372645F70617274795C6EDA
:108DB0005246355F53444B5F31365C696E7465676C
:108DC000726174696F6E5C6E7266785C6C65676107
:108DD00063795C6E72665F6472765F636C6F636BFF
:108DE0002E630000433A5C55736572735C706B5C74
:108DF000446F63756D656E74735C47697448756222
:108E00005C547261636B46575F4643435C337264E4
:108E10005F70617274795C6E5246355F53444B5F8C
:108E200031365C696E746567726174696F6E5C6E11
:108E30007266785C6C65676163795C6E72665F64AC
:108E400072765F756172742E630000002E2E2F33D0
:108E500072645F70617274792F6E5246355F53444D
:108E60004B5F31362F696E746567726174696F6E1E
:108E70002F6E7266782F6E7266785F676C75652EDE
:108E800068000000433A5C55736572735C706B5CFC
:108E9000446F63756D656E74735C47697448756281
:108EA0005C547261636B46575F4643435C33726444
:108EB0005F70617274795C6E5246355F53444B5FEC
:108EC00031365C6D6F64756C65735C6E7266785C70
:108ED000647269766572735C7372635C6E726678D5
:108EE0005F636C6F636B2E63000000002E2E2F33C8
:108EF00072645F70617274792F6E5246355F5344AD
:108F00004B5F31362F696E746567726174696F6E7D
:108F10002F6E7266782F6E7266785F676C75652E3D
:108F2000680000002E2E2F3372645F7061727479B6
:108F30002F6E5246355F53444B5F31362F6D6F6451
:108F4000756C65732F6E7266782F68616C2F6E7208
:108F5000665F6770696F2E680000000000000050B7
:108F600000030050433A5C55736572735C706B5C30
:108F7000446F63756D656E74735C476974487562A0
:108F80005C547261636B46575F4643435C33726463
:108F90005F70617274795C6E5246355F53444B5F0B
:108FA00031365C6D6F64756C65735C6E7266785C8F
:108FB000647269766572735C7372635C6E726678F4
:108FC0005F6770696F74652E63000000433A5C55FB
:108FD000736572735C706B5C446F63756D656E7402
:108FE000735C4769744875625C547261636B465781
:108FF0005F4643435C3372645F70617274795C6E88
:109000005246355F53444B5F31365C6D6F64756C0F
:1090100065735C6E7266785C647269766572735CA7
:109020007372635C7072735C6E7266785F70727379
:109030002E6300002E2E2F3372645F70617274797C
:109040002F6E5246355F53444B5F31362F696E7435
:109050006567726174696F6E2F6E7266782F6E72BB
:1090600066785F676C75652E680000002E2E2F33C2
:1090700072645F70617274792F6E5246355F53442B
:109080004B5F31362F6D6F64756C65732F6E726632
:10909000782F68616C2F6E72665F6770696F2E68DB
:1090A00000000000433A5C55736572735C706B5C42
:1090B000446F63756D656E74735C4769744875625F
:1090C0005C547261636B46575F4643435C33726422
:1090D0005F70617274795C6E5246355F53444B5FCA
:1090E00031365C6D6F64756C65735C6E7266785C4E
:1090F000647269766572735C7372635C6E726678B3
:109100005F7370696D2E63002E2E2F3372645F7053
:10911000617274792F6E5246355F53444B5F31361E
:109120002F696E746567726174696F6E2F6E7266F7
:10913000782F6E7266785F676C75652E6800000028
:109140002E2E2F3372645F70617274792F6E5246C7
:10915000355F53444B5F31362F6D6F64756C6573AB
:109160002F6E7266782F68616C2F6E72665F677003
:10917000696F2E6800000000433A5C557365727396
:109180005C706B5C446F63756D656E74735C47698E
:10919000744875625C547261636B46575F46434323
:1091A0005C3372645F70617274795C6E5246355FD5
:1091B00053444B5F31365C6D6F64756C65735C6EE8
:1091C0007266785C647269766572735C7372635CF4
:1091D0006E7266785F756172742E630029C2020038
:1091E0002E2E2F3372645F70617274792F6E524627
:1091F000355F53444B5F31362F696E74656772611A
:1092000074696F6E2F6E7266782F6E7266785F6704
:109210006C75652E680000002E2E2F3372645F700F
:10922000617274792F6E5246355F53444B5F31360D
:109230002F6D6F64756C65732F6E7266782F686121
:109240006C2F6E72665F6770696F2E680000000099
:10925000433A5C55736572735C706B5C446F637505
:109260006D656E74735C4769744875625C547261B5
:10927000636B46575F4643435C3372645F70617251
:1092800074795C6E5246355F53444B5F31365C6D8A
:109290006F64756C65735C6E7266785C6472697617
:1092A0006572735C7372635C6E7266785F7561720F
:1092B00074652E6300000000C5D002002E2E2F33EF
:1092C00072645F70617274792F6E5246355F5344D9
:1092D0004B5F31362F696E746567726174696F6EAA
:1092E0002F6E7266782F6E7266785F676C75652E6A
:1092F000680000002E2E2F3372645F7061727479E3
:109300002F6E5246355F53444B5F31362F6D6F647D
:10931000756C65732F6E7266782F68616C2F6E7234
:10932000665F6770696F2E6800000000433A5C5505
:10933000736572735C706B5C446F63756D656E749E
:10934000735C4769744875625C547261636B46571D
:109350005F4643435C3372645F70617274795C6E24
:109360005246355F53444B5F31365C6D6F64756CAC
:1093700065735C6E7266785C647269766572735C44
:109380007372635C6E7266785F7477696D2E6300CA
:1093900031E00200000000000000000000000000BA
:1093A0000338FDD8704700002E2E2F3372645F7093
:1093B000617274792F6E5246355F53444B5F31367C
:1093C0002F6D6F64756C65732F6E7266782F686190
:1093D0006C2F6E72665F6770696F2E680000000008
:1093E0004E52465F5057525F4D474D545F4556545D
:1093F0005F505245504152455F5359534F464600C6
:109400004E52465F5057525F4D474D545F4556543C
:109410005F505245504152455F57414B45555000B2
:10942000456E746572696E67204446552C20796FCD
:1094300075206D6179206861766520746F2066699A
:1094400078207468697320636F6465004E52465FCC
:109450005057525F4D474D545F4556545F505245EB
:10946000504152455F52455345540000433A5C55C4
:10947000736572735C706B5C446F63756D656E745D
:10948000735C4769744875625C547261636B4657DC
:109490005F4643435C6663635F6F6E79785F335FFB
:1094A000736D5C6D61696E2E637070006265666FCE
:1094B000726520657175616C697A696E673A206FB3
:1094C0006C645F627974653A20253032782C2061B3
:1094D00064765F646174615B31335D3A20253032BC
:1094E000780A00006164765F646174615B25645D85
:1094F0003A253032780A0000616674657220657121
:1095000075616C697A696E673A206F6C645F627925
:1095100074653A20253032782C206164765F64616E
:1095200074615B31335D3A20253032780A000000E7
:109530000A000000736B69707065642073656E6467
:10954000696E672025640A004E6F746966696564F8
:1095500020776974682041434B0A0000536F66749A
:1095600064657669636520617373657274656421EF
:109570000A0000000A5265636569766564206461CB
:1095800074612028256420627974657329206672CD
:109590006F6D20424C45204E55533A20000000008C
:1095A000253032583A000000434F4E4649475F4449
:1095B000555400006572726F7220636F64653A20C3
:1095C00025640A0072616D206572726F7220636F8C
:1095D00064653A2025640A0072616D5F737461727C
:1095E000743A2030782025780A00000075642066DF
:1095F00061696C0A0000000044617461206C656E52
:109600002069732073657420746F20307825582882
:109610002564290A00000000415454204D5455206F
:1096200065786368616E676520636F6D706C6574E3
:1096300065642E2063656E7472616C2030782578C5
:10964000207065726970686572616C203078257869
:109650000A00000055445F53746172742E2E2E214F
:109660000A0000001B5B33346D424C45205261649C
:10967000696F2053656C65637465640A1B5B306DAC
:10968000000000001B5B33326D43656C6C2052613F
:1096900064696F2053656C65637465640A1B5B3095
:1096A0006D0000001B5B33326D43656C6C204357CB
:1096B00020526164696F205472616E736D69740A1F
:1096C0001B5B306D000000001B5B33346D424C456A
:1096D00020526164696F205472616E736D69740AFF
:1096E0001B5B306D000000001B5B33336D43656C0A
:1096F0006C2F424C4520526164696F20536C656544
:10970000700A1B5B306D00001B5B33326D43454CB0
:109710004C20496E74657276616C20526164696F89
:1097200020726563656976650A1B5B306D00000019
:109730001B5B33356D2D2D2D2D2D2D2D7363616EFE
:109740004475726174696F6E3A2025640A1B5B3040
:109750006D0000001B5B33346D424C452052616448
:10976000696F205363616E0A1B5B306D000000005F
:10977000446F206E6F74206D65617375726520741F
:10978000656D70657261747572650A001B5B3332BA
:109790006D4C6F526120526164696F205472616E2A
:1097A000736D69740A1B5B306D0000001B5B333204
:1097B0006D43656C6C20496E74657276616C2052E5
:1097C0006164696F20726563656976650A1B5B3049
:1097D0006D0000001B5B33326D43656C6C204D6F78
:1097E00064756C6174656420526164696F205472A1
:1097F000616E736D69740A1B5B306D001B5B3332E5
:109800006D43656C6C204D6F64756C61746564208C
:10981000526164696F20526563656976650A1B5BF6
:10982000306D00005273736954483A253032582C19
:109830002042617474563A253032580A0000000004
:109840006D696C6C69732025640A0000706F776520
:1098500072206D676D742D3E20656E7472696E673F
:109860000A000000706F776572206D676D742D3E81
:109870002065786974696E670A0000004F54413AA8
:109880002025640A0000000061647654696D653A21
:109890002025640A00000000626C6574786C6576AF
:1098A000656C2864293A2025640A0000736C65659C
:1098B0007054696D653A2025640A00007363616E17
:1098C0004475726174696F6E3A2025640A00000065
:1098D0004D4F44453A2025640A0000001B5B333499
:1098E0006D6368616E6E656C3A2025640A1B5B309F
:1098F0006D0000001B5B33356D43656C6C2052615D
:1099000064696F205458206F722052583A202564A1
:109910000A1B5B306D0000001B5B33356D636861B3
:109920006E6E656C3A2025640A1B5B306D0000008A
:109930001B5B33356D63656C6C706F7765726C653E
:1099400076656C3A2025640A1B5B306D00000000D0
:109950001B5B33356D63656C6C7278706F77657205
:109960006C6576656C3A2025640A1B5B306D0000DF
:109970004D4143203D20253032583A253032583A67
:10998000253032583A253032583A253032583A2567
:109990003032580025730A005363616E3A20256403
:1099A000094164763A20256409536C6565703A2054
:1099B00025640A006E524625782056617269616EF0
:1099C000743A2025632563256325630A000000009F
:1099D0007061636B6167653A2025780A00000000BA
:1099E00044657649443A20257825780A000000002D
:1099F0001B5B33326D4C6F52612035207365636F92
:109A00006E64204357205472616E736D69740A1B33
:109A10005B306D001B5B33326D4C6F526120436FC6
:109A20006E74696E756F7573204357205472616E42
:109A3000736D69740A1B5B306D000000FFFFFFFF50
:109A400002FF000000000040000000004C6F526167
:109A500020726164696F20696E6974206661696C47
:109A600065640A00545820706F77657220636861DE
:109A70006E67656420746F3A2025640A0000000058
:109A80001B5B33326D4C6F526120436F6E74696E95
:109A9000756F7573205472616E736D69740A1B5B08
:109AA000306D000069643D25732D2D2D2D2D6865C9
:109AB0006C6C6F001B5B33326D4C6F526120496ED2
:109AC00074657276616C205472616E736D69740A8C
:109AD0001B5B306D000000001B5B33326D4C6F521E
:109AE0006120496E74657276616C205472616E7388
:109AF0006D6974310A1B5B306D0000001B5B3332F3
:109B00006D4C6F526120436F6E74696E756F757323
:109B100020526563656976650A1B5B306D00000045
:109B20001B5B33326D4C6F526120496E74657276E7
:109B3000616C20526563656976650A1B5B306D0058
:109B4000496E736964652070726573737572652000
:109B500073656E736F722066756E6374696F6E0ADB
:109B6000000000004453503331302070726573732D
:109B7000757265203D2025642050612028313031E8
:109B8000333235206B5061292C20416C7469747517
:109B900064653A20252E326620286D6574657273DF
:109BA000290A0000445350333130207072657373BA
:109BB000757265203D2025642050612028313031A8
:109BC000333235206B5061292C20416C74697475D7
:109BD00064653A20252E326620286D65746572739F
:109BE000292C20636F6E73656375746976655F7881
:109BF0003A2025640A0000002D2D2D2D2D2D2D2D10
:109C00002D3E204D6F74696F6E20496E74657272BF
:109C1000757074205452494747455245440A000024
:109C20001B5B34366D496E697469616C697A696E63
:109C300067206D6F64656D0A1B5B306D000000006E
:109C400041637469766174696E672054532E3438A9
:109C500020746573742070726F66696C65206F6E16
:109C6000206573696D0A000041542B4353494D3DF3
:109C700031362C22383043323030303030334534B6
:109C800030313032220000004163746976617465BE
:109C9000640A00001B5B33356D63656C6C20496E94
:109CA00074657276616C20526563656976650A1B1E
:109CB0005B306D0053746F7070696E672068616C03
:109CC0006C206566666563742074696D65720A0050
:109CD00048616C6C206566666563742074696D65A7
:109CE00072206576656E742068616E646C65720AB8
:109CF000000000004E6F7420656E6F7567682073FA
:109D000077697065730A00005374617274696E67D5
:109D10002068616C6C206566666563742074696D8B
:109D2000657220666F72202564206D696C6C6973A2
:109D300065636F6E64730A006170705F74696D654E
:109D4000725F63726561746520666F722068616C12
:109D50006C206566666563742074696D6572206643
:109D600061696C65643A2025640A00006170705F67
:109D700074696D65725F737461727420666F7220AE
:109D800068616C6C206566666563742074696D65D6
:109D900072206661696C65643A2025640A000000DF
:109DA00068616C6C207472696767657265640A002B
:109DB0006E7266785F6770696F74655F696E5F6900
:109DC0006E6974206661696C656420666F722068D4
:109DD000616C6C206566666563742073656E736F75
:109DE000720A00004F50414C5F315F315F580A00EA
:109DF0002121215741524E3A204E52462067706928
:109E00006F7465206661696C656420746F20696E8B
:109E1000697469616C697A650A0000004C495333C2
:109E2000444820496E697420537563636573730AEF
:109E3000000000004C4953334448206E6F742049A1
:109E40006E697469616C697A65640A004C495333C0
:109E5000444820414343454C20494E5420696E6993
:109E600074206661696C6564200A00004C495333B4
:109E7000444820414343454C20494E5420696E6973
:109E800074207375636365656465642025640A00E6
:109E90002121215741524E3A204C49533344482006
:109EA000496E74657272757074204572726F720AB1
:109EB0000000000074656D705F6163633A20252EB9
:109EC00032662C207375737461696E5F636F756E93
:109ED000743A2025640A0000464C414720697320EB
:109EE0007365740A0000000054434120496E746594
:109EF00072727570742064657465637465640A00B9
:109F0000626561636F6E2066756E6374696F6E0A59
:109F1000000000005363616E2066756E6374696FA4
:109F20006E0A000053544154455F534F435F494EFE
:109F300049540A0053544154455F424F4152445FD3
:109F4000494E49540A00000053544154455F47416B
:109F500054545F5345525645520A000053544154DD
:109F6000455F534C4545500A00000000535441548E
:109F7000455F424C455F434F4E545F43575F5458D3
:109F80000A00000053544154455F424C455F434F23
:109F90004E545F4D43575F54580A00005354415488
:109FA000455F424C455F434F4E545F52580A000094
:109FB00053544154455F424C455F494E545F4357AB
:109FC0005F54580A0000000053544154455F424C0E
:109FD000455F494E545F4D43575F54580A00000097
:109FE00053544154455F424C455F494E545F52586B
:109FF0000A00000053544154455F424C455F494EAE
:10A00000545F43575F54585F52580A0053544154A9
:10A01000455F424C455F494E545F4D43575F54582E
:10A020005F52580A0000000053544154455F4C549D
:10A03000455F434F4E545F43575F54580A0000003A
:10A0400053544154455F4C54455F434F4E545F4D0C
:10A0500043575F54580A000053544154455F4C54D1
:10A06000455F434F4E545F52580A000053544154C9
:10A07000455F4C54455F494E545F43575F54580AFF
:10A080000000000053544154455F4C54455F494E15
:10A09000545F4D43575F54580A00000053544154D5
:10A0A000455F4C54455F494E545F52580A000000CA
:10A0B00053544154455F44454255470A000000004F
:10A0C00053544154455F414343454C4552415449E3
:10A0D0004F4E5F414952504C414E455F4D4F4445B4
:10A0E0000A00000053544154455F505245535355A4
:10A0F00052455F414952504C414E455F4D4F44459A
:10A100000A00000053544154455F4D4F44454D5F94
:10A110004E4554574F524B5F434F4E4649470A00F6
:10A1200053544154455F424541434F4E0A0000009D
:10A1300053544154455F5343414E0000444546410A
:10A14000554C543A2053544154455F534C45455067
:10A150000A0000004C6F526120726164696F2069CF
:10A160006E697420737563636573730A0000000081
:10A17000667265713A2025640A0000007077723AB1
:10A180002025640A0000000048656C6C6F20576F42
:10A19000726C642C2054686973206973204C6F7250
:10A1A00061204D6F64756C617465642043617272E7
:10A1B00069657220576176650A0D0000B034002091
:10A1C000D0340020F03400205465726D696E616CEB
:10A1D00000000000525454005345474745520000C8
:10A1E000433A5C55736572735C706B5C446F637566
:10A1F0006D656E74735C4769744875625C54726116
:10A20000636B46575F4643435C3372645F706172B1
:10A2100074795C6E5246355F53444B5F31365C63F4
:10A220006F6D706F6E656E74735C626C655C636F8E
:10A230006D6D6F6E5C626C655F636F6E6E5F737485
:10A240006174652E630000009ECADC240EE5A9E05F
:10A2500093F3A3B50000406E2E2E2F3372645F700F
:10A26000617274792F6E5246355F53444B5F3136BD
:10A270002F636F6D706F6E656E74732F6C69627291
:10A2800061726965732F6578706572696D656E744A
:10A29000616C5F73656374696F6E5F766172732F53
:10A2A0006E72665F73656374696F6E5F6974657201
:10A2B0002E680000433A5C55736572735C706B5C8A
:10A2C000446F63756D656E74735C4769744875623D
:10A2D0005C547261636B46575F4643435C33726400
:10A2E0005F70617274795C6E5246355F53444B5FA8
:10A2F00031365C636F6D706F6E656E74735C736F17
:10A3000066746465766963655C636F6D6D6F6E5CC2
:10A310006E72665F7364682E6300000001000007C0
:10A320001C8903001C890300080000000489030045
:10A330000C890300080000000C8903001C8903003D
:10A34000080000002E2E2F3372645F7061727479E2
:10A350002F6E5246355F53444B5F31362F636F6D1E
:10A36000706F6E656E74732F6C696272617269656D
:10A37000732F6578706572696D656E74616C5F735B
:10A38000656374696F6E5F766172732F6E72665F5C
:10A3900073656374696F6E5F697465722E6800001F
:10A3A000433A5C55736572735C706B5C446F6375A4
:10A3B0006D656E74735C4769744875625C54726154
:10A3C000636B46575F4643435C3372645F706172F0
:10A3D00074795C6E5246355F53444B5F31365C6333
:10A3E0006F6D706F6E656E74735C736F66746465A9
:10A3F000766963655C636F6D6D6F6E5C6E72665FD0
:10A400007364685F626C652E63000000C08803009F
:10A4100000890300080000002E2E2F3372645F7045
:10A42000617274792F6E5246355F53444B5F3136FB
:10A430002F636F6D706F6E656E74732F6C696272CF
:10A4400061726965732F6578706572696D656E7488
:10A45000616C5F73656374696F6E5F766172732F91
:10A460006E72665F73656374696F6E5F697465723F
:10A470002E680000433A5C55736572735C706B5CC8
:10A48000446F63756D656E74735C4769744875627B
:10A490005C547261636B46575F4643435C3372643E
:10A4A0005F70617274795C6E5246355F53444B5FE6
:10A4B00031365C636F6D706F6E656E74735C736F55
:10A4C00066746465766963655C636F6D6D6F6E5C01
:10A4D0006E72665F7364685F736F632E6300000063
:10A4E000B8880300C08803000800000000000000D6
:10A4F00000000000614103006D410300A54103001D
:10A500000338FDD87047000080070000BC0700003A
:10A51000010000003A07000076070000020000007A
:10A52000AE060000F906000003000000AE060000C1
:10A53000DB060000040000003803000051030000A7
:10A5400005000000700300009303000008000000F5
:10A55000BB020000CC0200000C0000000903000058
:10A56000130300000D0000002F0300003E03000055
:10A57000120000003E0300004D0300001300000025
:10A58000400300005E030000140000003A070000D2
:10A590007B070000190000002E030000510300009B
:10A5A0001A000000BF020000EC0200001C000000C6
:10A5B000AE060000F4060000420000003E08000065
:10A5C0007A080000010000008A070000C6070000AA
:10A5D000020000000D070000580700000300000003
:10A5E0003E0800006B080000040000006503000046
:10A5F0007E030000050000009D030000C003000072
:10A6000008000000D9020000EA0200000C0000006F
:10A61000EA020000F40200000D0000006B030000DD
:10A620007A030000120000003E0300004D0300000A
:10A6300013000000170300003503000014000000A1
:10A640008A070000CB070000190000005B03000030
:10A650007E0300001A000000F60200002303000041
:10A660001C0000003E0800009808000042000000A6
:10A6700022676C6F62616C646174612E696F742211
:10A6800000000000226962617369732E696F742291
:10A690000000000022686F6C6F6772616D2200001D
:10A6A0002262726F616462616E642200226D326D9B
:10A6B0002E74656C75732E696F7422002274656147
:10A6C0006C220000226D326D2E636F6D2E617474EA
:10A6D0007A220000212121205741524E3A204E4239
:10A6E000496F5420436F6D6D206572726F720A005E
:10A6F000212121205741524E3A204E42496F542089
:10A700004669666F206572726F720A004E42496F29
:10A71000542053657269616C206D6F64756C65209F
:10A72000696E697469616C697A65640D0A0000007C
:10A7300073656E64696E672041542B4346554E3DE8
:10A74000300A000041542B4346554E3D300D0A005F
:10A750005265706C79203D2025730A0073656E6424
:10A76000696E672041542B4346554E3F0A00000056
:10A7700041542B4346554E3F0D0A000073656E64ED
:10A78000696E672020415425485756455253494F1A
:10A790004E0A0000415425485756455253494F4EE2
:10A7A0000D0A00004E5246393136302048572056A7
:10A7B000657273696F6E206973203D2025730A00EE
:10A7C0004154255853595354454D4D4F44453F0D21
:10A7D0000A0000004E524639313630205359535446
:10A7E000454D204D4F4445206973203D2025730A77
:10A7F0000000000073656E64696E67204154254E49
:10A8000043454C4C4D4541530A0000004154254EF0
:10A8100043454C4C4D4541530D0A000073656E6431
:10A82000696E672041542358544350434F4E4E3F66
:10A830000A00000041542358544350434F4E4E3FAA
:10A840000D0A00002B58544350434F4E4E3A2031CE
:10A850000D0A4F4B0D00000073656E64696E672032
:10A8600041542B434744434F4E543F0A00000000DD
:10A8700041542B434744434F4E543F0D0A000000C0
:10A880002C0000004E42496F5420436F6E6E65638A
:10A8900074656420746F204E6574776F726B3A2014
:10A8A00025730A0073656E64696E672041542B43FB
:10A8B00046554E3D310A000041542B4346554E3D0E
:10A8C000310D0A0073656E64696E67204154235828
:10A8D0004750533D312C330A0000000041542358A7
:10A8E0004750533D312C330D0A00000073656E64F0
:10A8F000696E672041542358534F434B45543D31B3
:10A900002C320A0041542358534F434B45543D3198
:10A910002C320D0A0000000073656E64696E6720BA
:10A9200041542358534F434B45543D312C310A0079
:10A9300041542358534F434B45543D312C310D0A5C
:10A940000000000073656E64696E672041542358EF
:10A95000534F434B45543D300A000000436C6F7326
:10A96000696E6720536F636B65740A004154235806
:10A97000534F434B45543D300D0A0000415423587A
:10A9800042494E443D25730D0A00000073656E6414
:10A99000696E672025730000415423585443504387
:10A9A0004F4E4E3D222573222C25730D0A000000C8
:10A9B000436F756C646E277420636F6E6E6563748D
:10A9C00020746F2054435020536572766572205274
:10A9D00065706C79203D2025730A0000436F6E6E10
:10A9E000656374656420746F20544350205365720E
:10A9F000766572205265706C79203D2025730A00BF
:10AA000073656E64696E672025730A0025730D0AED
:10AA10000000000073656E64696E6720415425581C
:10AA200053595354454D4D4F44453D312C312C30F5
:10AA30002C300A004154255853595354454D4D4F1D
:10AA400044453D312C312C302C300D0A00000000E3
:10AA500073656E64696E6720415425585359535489
:10AA6000454D4D4F44453D302C312C302C320A00A1
:10AA70004E424F4954204F4E4C590A0041542558DC
:10AA800053595354454D4D4F44453D302C312C3096
:10AA90002C320D0A0000000073656E64696E672039
:10AAA0004154255853595354454D4D4F44453D311C
:10AAB0002C302C302C310A00415425585359535412
:10AAC000454D4D4F44453D312C302C302C310D0A35
:10AAD0000000000073656E64696E672041542B436B
:10AAE00052534D0A0000000041542B4352534D3D38
:10AAF0003137362C31323235382C302C302C313045
:10AB00000D0A00005265706C79206973203D202584
:10AB1000730A000073656E64696E6720415425589E
:10AB200049434349440A0000415425584943434995
:10AB3000440D0A0053494D20494343494420697359
:10AB4000203D2025730A00004154255844454550B6
:10AB50005345415243483D310D0A00004E5246399B
:10AB600031363020584445455053454152434820E2
:10AB70006973203D2025730A0000000041542358CA
:10AB800055445053454E44544F3D2235302E3131BB
:10AB9000362E392E313939222C323434322C2225BA
:10ABA00073220D0A000000002D2D2D3E204E42493B
:10ABB0006F542073656E64696E67207564702064DD
:10ABC0006174613A20257300415423585544505311
:10ABD000454E44544F3D222573222C25732C2225AB
:10ABE00073220D0A0000000041542358544350536F
:10ABF000454E443D2225732573220D0A00000000B6
:10AC00002D2D2D3E204E42496F542073656E646990
:10AC10006E67207463702064617461203D20257329
:10AC20000000000041542358544350524543563DC0
:10AC300025732C25730D0A000A0000005265636518
:10AC4000697665205443502044617461204C656EE0
:10AC5000206973202564205265706C79203D202581
:10AC6000730A0A002358544350524543563A200071
:10AC7000526563656976696E67205544502064614A
:10AC800074612066726F6D20436C6F75640A0000FA
:10AC9000415423585544505245435646524F4D3D1A
:10ACA0002235302E3131362E392E313939222C329F
:10ACB0003434332C3130302C31300D0A0000000098
:10ACC0005265636569766564205265706C79203DD4
:10ACD0002025730A00000000415423585544505267
:10ACE00045435646524F4D3D222573222C25732C49
:10ACF00025732C257300000041542B434553510DFF
:10AD00000A0000005369676E616C205175616C69BF
:10AD100074792069732025730A0000004E43454C66
:10AD20004C4D4541532072657475726E6564203DCB
:10AD30002025730A000000004552524F52000000C7
:10AD400041542B43434C4B3F0D0A000043434C4BB3
:10AD50002072657475726E6564203D2025730A004B
:10AD6000220000002F0000003A0000002D0000002B
:10AD700043656C6C2052657475726E65642054690D
:10AD80006D653A2025733A25733A25732C2044616A
:10AD900074653A2025735C25735C25730A000000F6
:10ADA00041542B43455245473F0D0A0041542B4324
:10ADB0004F50533F0D0A0000434F505320726574AB
:10ADC00075726E6564203D2025730A0025780000A9
:10ADD0004E42496F5420436F6D6D616E6420526521
:10ADE00073706F6E736520427566666572204F766C
:10ADF0006572666C6F770A0A000000004F4B0D0009
:10AE00002D2D2D2D2D2D3E204345524547205245B9
:10AE100053502069730A000025730A0052582042DB
:10AE2000616E643A2025640A0000000041542558F0
:10AE30005246544553543D0025732C25732C2573DD
:10AE40002C25732C25732C312C342C302C302C30A9
:10AE50002C302C302C300D0A0000000025732C25DE
:10AE6000732C25732C25732C25732C312C302C310D
:10AE70002C312C302C312C302C300D0A00000000ED
:10AE80002D2D2D3E204E42496F542073656E64690E
:10AE90006E672043572064617461203D2025730054
:10AEA0000338FDD8704700000000080000001800BB
:10AEB000000038000000780000E0030000E0070018
:10AEC00000E00F0000E01F000000000021212157DA
:10AED00041524E3A204450533331302049324320BE
:10AEE0004572726F720A00004C4953334448207215
:10AEF000657475726E65642077726F6E6720646525
:10AF0000766963652069642C202530327820736867
:10AF10006F756C6420626520253032780A0000006D
:10AF20002121215741524E3A204C49533344482065
:10AF3000493243204572726F720A000041636320F8
:10AF40005468726573686F6C642073657474696E9D
:10AF500067204D61736B2069732025780A0000001B
:10AF60002121215741524E3A2049324320577261E4
:10AF7000707065722061646472206E61636B210A77
:10AF8000000000002121215741524E3A204932430E
:10AF900020577261707065722064617461206E6107
:10AFA000636B210A00000000433A5C5573657273BD
:10AFB0005C706B5C446F63756D656E74735C476940
:10AFC000744875625C547261636B46575F464343D5
:10AFD0005C49324346696C65735C6932635F7772C2
:10AFE00061707065722E63707000000049324320FA
:10AFF000646576696365206465746563746564205F
:10B000006174206164647265737320307825782ED2
:10B01000000000004E6F204932432064657669636A
:10B02000652077617320666F756E642E00000000E6
:10B030000338FDD8704700002121214552524F525C
:10B040003A20493243205265717565737420467207
:10B050006F6D2054696D6564206F75740A0000007F
:10B060002121214552524F523A2049324320526504
:10B0700071756573742046726F6D204572726F72C0
:10B080002069732025780A002121214552524F5210
:10B090003A2049324320456E64205472616E736DCC
:10B0A000697373696F6E2025780A0000212121459C
:10B0B00052524F523A2049324320456E6420547216
:10B0C000616E736D697373696F6E2054696D656429
:10B0D000206F75740A000000303132333435363752
:10B0E00038396162636465663031323334353637FE
:10B0F0003839414243444546210000002200000007
:10B10000000020410000C84200401C4620BCBE4C4C
:10B11000CA1B0E5AAEC59D74286E756C6C29000052
:10B120002D494E46000000002D696E6600000000AB
:10B130002B494E46000000002B696E66000000009F
:10B140004E414E006E616E000100000000000000E4
:10B150000A00000000000000640000000000000081
:10B16000E8030000000000001027000000000000BD
:10B17000A08601000000000040420F000000000017
:10B18000809698000000000000E1F5050000000036
:10B1900000CA9A3B0000000000E40B5402000000CB
:10B1A00000E87648170000000010A5D4E800000071
:10B1B00000A0724E1809000000407A10F35A0000F7
:10B1C0000080C6A47E8D03000000C16FF2862300BC
:10B1D00000008A5D78456301000064A7B3B6E00D06
:08B1E0000000E8890423C78A7E
:10B1E8000010014011000400000000000020004091
:10B1F8000000000000200040000000000090D00384
:10B20800CEFFFFFF204E0000204E000030750000EA
:10B218000000000000AA8F400800000005000000A0
:10B228001400000000C0644408000000CEFFFFFFC7
:10B23800170000000800000081FFFFFFE7FFFFFF85
:10B24800FA00000007000000D8FFFFFFE2FFFFFF41
:10B25800ECFFFFFFF0FFFFFFF4FFFFFFF8FFFFFF2A
:10B26800FCFFFFFF0000000004000000783600200B
:10B2780001000400000000000000000000000000C1
:10B288000000000000000000742B002000000000F7
:10B29800FFFF140001000200040000006400000029
:10B2A800E803000070170000E80300000001000038
:10B2B800000000000000000000000000CC3B00205F
:10B2C8001F000000FF000000043C00201F000000D9
:10B2D80000000000000000004954000000000000C9
:10B2E8000000000000000000000000000000000056
:10B2F8003C000000040000002800000070A60300C5
:10B3080084A6030094A60300A0A60300ACA603002D
:08B31800BCA60300C4A603005B
:040000032000735D09
:00000001FF
