:020000022000DC
:10600000000001205D630200B9630200BB6302006F
:10601000BD630200BF630200C16302000000000014
:10602000000000000000000000000000C363020048
:10603000C563020000000000C7630200C9630200DC
:10604000F1890200CB630200CD960200E5A00200B8
:1060500039A50200CB630200ED930200CB6302007E
:10606000CB630200CB630200CB630200CB63020070
:10607000CB630200CB630200CB630200CB63020060
:10608000CB63020011750200CB630200CB630200F8
:10609000CB630200CB63020035D50200CB63020064
:1060A000CB630200CB630200CB630200CB63020030
:1060B000CB630200CB630200000000000000000080
:1060C000CB630200CB630200CB630200CB63020010
:1060D000CB630200CB630200CB6302000000000030
:1060E00000000000000000000000000000000000B0
:1060F00000000000000000000000000000000000A0
:10610000000000000000000000000000000000008F
:10611000000000000000000000000000000000007F
:10612000000000000000000000000000000000006F
:10613000000000000000000000000000000000005F
:10614000000000000000000000000000000000004F
:10615000000000000000000000000000000000003F
:10616000000000000000000000000000000000002F
:10617000000000000000000000000000000000001F
:10618000000000000000000000000000000000000F
:1061900000000000000000000000000000000000FF
:1061A00000000000000000000000000000000000EF
:1061B00000000000000000000000000000000000DF
:1061C00000000000000000000000000000000000CF
:1061D00000000000000000000000000000000000BF
:1061E00000000000000000000000000000000000AF
:1061F000000000000000000000000000000000009F
:10620000354936480A1A02D0072291438D4634494F
:1062100034480A1A06D00722914381F309880222E2
:1062200082F3148830483149314A00F044F831484B
:106230003149324A00F03FF831483249324A00F0E1
:106240003AF832483249334A00F035F83248334997
:10625000334A00F030F833483349344A00F02BF821
:1062600033483449344A00F026F83448344900228F
:1062700000F02CF833483449002200F027F8334866
:106280003349091A082902DB002202604160314AC1
:1062900090471F481F49884205D00268043003B464
:1062A000904703BCF7E700208646EC46002000211B
:1062B000294A9047FEE7884207D0521A05D0037852
:1062C00001300B700131013AF9D17047884202D098
:1062D00002700130FAE770470000012000E0002062
:1062E0000000012000000120A0150300D82A002092
:1062F0003C2B0020D0630200D06302003CFF020070
:10630000A0150300D82A0020D82A0020A0FF0200F0
:10631000A0FF0200A4FF0200A0FF0200A0FF0200F5
:10632000A0FF0200A4FF0200A4FF0200A0150300CA
:10633000041603003C2B00203C2B00203C2B0020AB
:106340002C3C00202C3C0020303C0020303C002025
:10635000305C002085630200A5B2020000F036B870
:106360000F484FF00701884385460E4880470E4886
:10637000016841F470010160BFF34F8FBFF36F8F6D
:10638000FFF73EBF09480A490A4A884207D0521A15
:1063900005D0037801300B700131013AF9D1704713
:1063A00000000120A57B020088ED00E0A0FF0200B4
:1063B000D82A0020D82A0020FEE7FEE7FEE7FEE705
:1063C000FEE7FEE7FEE7FEE7FEE7FEE7FFF7C8BFF2
:1063D00000487047243C002086B00390029101924F
:1063E00001238DF817309DF81730214A039B136065
:1063F0001F4A029B53601E4A019B9360039B44F219
:106400000102934213D0039B44F20202934221D132
:10641000019B174AD360164BDB681B881A46144B46
:106420009A61134BDB685B68114AD36112E0019BF0
:106430000F4A13610E4B1B699B680D4A53610C4B4D
:106440001B691B680A4A9361094B1B695B68084A10
:10645000D36100BF72B600BF00BF9DF81730DBB23A
:10646000002BFAD162B600BF00BF06B0704700BF74
:106470003C2B002000B583B002900091019244F2C1
:10648000010071466A4600F003F803B000BD00BF8A
:1064900000B587B003900291019272B600BF039BD2
:1064A00044F20202934217D0039B44F20202934249
:1064B00018D8039B44F20102934210D0039B44F28C
:1064C000010293420ED8039B012B0DD0039B41F296
:1064D000010293420AD005E0019B059307E0019B6E
:1064E000049304E000BF02E000BF00E000BF084BDF
:1064F0001B6803F00103002B00D000BE019A029933
:106500000398FFF769FF00BF07B05DF804FB00BF09
:10651000F0ED00E0F0B583B0124800F0DFFF034675
:1065200018464FF00001104BD3E90023861841EBC9
:106530000307CDE900670D4BD3E90023DDE9000136
:10654000994208BF904207D2DDE9002312F180741E
:1065500043F10005CDE90045DDE900231046194669
:1065600003B0F0BDD82A0020682B0020702B00203B
:1065700088B001900091019B0793009B0693079BB5
:10658000D3E90223CDE90423069BD3E90223CDE915
:106590000223DDE90423DDE90201994208BF9042AC
:1065A0002CBF01230023DBB2184608B0704700005F
:1065B00030B585B00190019B5B69002B03D12B495D
:1065C000A22004F047FB00238DF80F30284B1B78E6
:1065D000002B45D0019B002B42D0019B1B7FDBB2DF
:1065E000002B3DD0FFF796FF019BD3E90223994290
:1065F00008BF90422CD3019B1B69002B02D1019B49
:1066000000221A77019B5B69019A926910469847AC
:10661000019B1B69002B23D0019B1B7FDBB2002B4E
:106620001ED0019BD3E90201019B1B691A464FF062
:106630000003841841EB0305019BC3E90245019B5C
:1066400019460C4801F0E8F901238DF80F3007E0F6
:10665000019B1946074801F0DFF901238DF80F303F
:106660009DF80F30184605B030BD00BFB0FF0200E6
:10667000602B0020A4FF0200F0B589B001900091CA
:106680000D230793009B00221A70019BD3E902455A
:10669000FFF740FF02460B46A61A65EB0307CDE95C
:1066A0000467DDE90423012A73F100031BDB049B6B
:1066B000B3F5350F05D300F0B7FA0246154B134476
:1066C00003E0019BD3E90223134603934FF496039F
:1066D000039A0021104800F003FE0790079B002B4F
:1066E00005D1012313E000210B4800F0D1FE079BE8
:1066F0000D2B07D10198FFF75BFF03461A46009B5D
:106700001A7003E00549F52004F0A4FA00231846A6
:1067100009B0F0BDFFFFB400D82A0020B0FF02008E
:1067200000B583B0044801F0B1F90190019B18460F
:1067300003B05DF804FB00BFA4FF020000B583B006
:10674000044801F0C5F90190019B184603B05DF8BB
:1067500004FB00BFA4FF020000B583B0FFF7E0FF19
:106760000190019B002B02D0019B00221A77019B14
:10677000002BF3D100BF00BF03B05DF804FB0000A5
:10678000054BD3E9002312F1807043F10001024B65
:10679000C3E9000100BF7047682B002000B583B03B
:1067A0000190134B1B68002B1DD0019800F096FE42
:1067B0000F4B1B68D3E90223134623F07F4319468E
:1067C00000F026FA0346B3F5960F04D309494FF4B7
:1067D000957004F03FFA064B1B681846FFF7E8FE79
:1067E000034B00221A6000BF03B05DF804FB00BF3A
:1067F0005C2B0020B0FF020000B583B00190FFF7D2
:1068000089FE02460B460349C1E9002300BF03B0DD
:106810005DF804FB702B002000B587B00190FFF7F6
:106820008DFF049000238DF81730049B002B48D077
:106830002B4B1B68002B03D101238DF8173019E077
:10684000049BD3E90201264B1B68D3E9022399423A
:1068500008BF90420ED201238DF81730204B1B68E1
:106860001B7FDBB2002B05D01D4B1B6819461D4852
:1068700001F0D2F89DF81730002B2AD0FFF750FF17
:1068800004900DF10F0319460498FFF7F5FE034637
:10689000002B12D0124B1B68002B02D1019800F084
:1068A0002BFC0F4A049B13609DF80F3083F001030B
:1068B000DBB2002BB3D000BF0EE0094B00221A6000
:1068C000ADE7074B1B68002B05D1019800F02AFCAF
:1068D00001E000BF00E000BF00BF07B05DF804FBAF
:1068E0005C2B0020A4FF020000B587B001902C4A69
:1068F00003AB1946104600F0EEFE059048E0059BFC
:106900001B78022B2ED0022B32DC002B02D0012B65
:1069100014D02DE0059B5B681B7FDBB283F0010385
:10692000DBB2002B26D0059B5B6801221A77059B02
:106930005B6819461B4801F06FF81BE0059B5A681D
:10694000194B1B689A4203D1174B00221A6012E0C0
:10695000059B5B681946134801F0CEF803468DF895
:10696000133008E0FFF7F8FE104B01221A7002E026
:1069700000BF00E000BF0A4A03AB1946104600F012
:10698000C3FE074A03AB1946104600F0A4FE05906B
:10699000059B002BB3D100BF00BF07B05DF804FB1F
:1069A000D02B0020A4FF02005C2B0020602B0020D5
:1069B00000B583B00190019800F05DFD0346002B07
:1069C00001D0FFF7DDFE0021019800F072FD0346C3
:1069D000002B02D00198FFF7E1FE0121019800F0A1
:1069E00068FD0346002B02D00198FFF705FF0198D0
:1069F000FFF77AFF0198FFF70FFF00BF03B05DF8C4
:106A000004FB000008B5024800F075FD00BF08BD9A
:106A1000D82A002000B585B0034600918DF80730D4
:106A2000114A02AB1946104600F028FE0390039B62
:106A3000002B13D0039B9DF807201A70039B009A2C
:106A40005A60094A02AB1946104600F030FE034670
:106A5000002B01D0FFF7D6FF002300E004231846E7
:106A600005B05DF804FB00BFD02B002000B583B05B
:106A7000164B1B680093164808235822154900F04E
:106A8000CAFD0190019B002B01D0019B19E06B46D0
:106A9000114A1946114800F0CFFA0190019B002BD2
:106AA00001D0019B0DE001210C4800F0D3FC012333
:106AB0000B4A0121094800F04BFB0A4B01221A70D6
:106AC000019B184603B05DF804FB00BF1C000300E7
:106AD000D02B0020782B0020B1690200D82A00209A
:106AE000FFFF7F00602B002000B587B003900B46AE
:106AF00001928DF80B30039B002B04D1134940F217
:106B00002E2004F0A7F8019B002B04D10F4940F27E
:106B10002F2004F09FF8019B002B01D1072310E0E8
:106B2000039B1B680593059B019A5A619DF80B30E6
:106B3000012B0CBF01230023DBB21A46059B1A610F
:106B40000023184607B05DF804FB00BFB0FF020049
:106B500030B587B0039002910192039B002B04D1C2
:106B6000154940F23E2004F075F8039B0593059B00
:106B70001B7FDBB2002B01D000231AE0059B019A9A
:106B80009A61FFF7C7FC029B1A464FF00003841876
:106B900041EB0305059BC3E90245059B1B69002BDF
:106BA00002D0059B029A1A6105990020FFF732FF77
:106BB0000346184607B030BDB0FF020000B585B0EF
:106BC0000190019B002B04D109494FF4157004F08A
:106BD00041F8019B0393039B00221A77039901203C
:106BE000FFF718FF0346184605B05DF804FB00BF29
:106BF000B0FF020008B5054B00221A7000210220E8
:106C0000FFF708FF0346184608BD00BF602B0020B1
:106C100082B001900091019A009BD31A23F07F4328
:106C2000184602B07047000008B5034800F056FC53
:106C30000346184608BD00BFD82A002082B0EFF3F3
:106C400010830093009B019372B600BF019B18460E
:106C500002B0704762B600BF00BF704700B585B094
:106C60000190FFF7EBFF0390164B9B68002B1BD1A5
:106C7000144B01229A60144BD3F88020134B13401D
:106C8000104A1360104B114AC3F880200E4BD3F802
:106C900084300C4A53600C4B4FF0FF32C3F8842011
:106CA000019B00221A7002E0019B01221A70039BD3
:106CB000002B01D1FFF7CEFF0023184605B05DF889
:106CC00004FB00BFE42B002000E100E0FC06FFBD58
:106CD00000B585B003468DF80730104B9B68002B3C
:106CE00016D09DF80730002B12D1FFF7A7FF0390B5
:106CF0000B4A0A4B1B681360094A084B5B685360D8
:106D0000064B00229A60039B002B01D1FFF7A2FFE4
:106D10000023184605B05DF804FB00BFE42B0020FB
:106D200000E100E000B583B0019000F02BF80346CD
:106D3000012B03D00549432003F08CFF0198FFF796
:106D40008DFF00BF03B05DF804FB00BF200003000F
:106D500000B583B003468DF8073000F013F8034602
:106D6000012B03D00649512003F074FF9DF8073032
:106D70001846FFF7ADFF00BF03B05DF804FB00BF8E
:106D80002000030084B0EFF305830193019BC3F35C
:106D900008030393039B002B0DD1EFF3148300939F
:106DA000009B0293029B03F00103002B0CBF012305
:106DB0000023DBB200E00123184604B07047000056
:106DC00082B003468DF807309DF8073003F01F02AC
:106DD00005499DF907305B09012000FA02F241F8EC
:106DE000232000BF02B0704700E100E082B00346FC
:106DF0008DF807309DF8073003F01F0206499DF912
:106E000007305B09012000FA02F2403341F82320E9
:106E100000BF02B0704700BF00E100E082B003464F
:106E200000918DF807309DF90730002B0CDA009B9C
:106E3000DAB20C499DF8073003F00F03043B52010E
:106E4000D2B20B441A7609E0009BDAB206499DF9EA
:106E500007305201D2B20B4483F8002300BF02B0C6
:106E6000704700BF00ED00E000E100E000B583B036
:106E700003460A468DF8073013468DF806309DF814
:106E80000630012B03D99DF80630032B0BD99DF852
:106E90000630042B03D99DF80630072B03D9084987
:106EA0006B2003F0D7FE9DF806209DF907301146B0
:106EB0001846FFF7B3FF00BF03B05DF804FB00BF47
:106EC0009400030000B583B003468DF807309DF9A8
:106ED00007301846FFF774FF00BF03B05DF804FBEE
:106EE00000B585B00190019B002B0AD0074B43F001
:106EF00001030393019B9B010293039B0298984714
:106F000000E000BF05B05DF804FB00BF70010300A6
:106F100084B0039002910192039B029A02F5A87239
:106F2000019943F8221000BF04B0704782B001906D
:106F30000091019B009A02F5A87253F8223018467E
:106F400002B0704782B001900091019B009AC3F893
:106F5000042300BF02B0704782B001900091019BF2
:106F6000009AC3F8082300BF02B0704782B00190B6
:106F70000B46ADF80230BDF80230019A13441B688D
:106F8000184602B0704784B001900B46ADF802304D
:106F9000BDF80230019A134400221A60BDF8023095
:106FA000019A13441B680393039B00BF04B070470E
:106FB00082B00190019BD3F80435184602B07047A7
:106FC00000B583B001900091009BB3F5805F04D3BE
:106FD00006494FF4BE7003F03DFE019B009AC3F8D2
:106FE000082500BF03B05DF804FB00BFCC00030020
:106FF00082B001900B468DF803309DF80320019B71
:1070000013441A460123136000BF02B0704782B0D8
:1070100001900091019B009AC3F8442300BF02B085
:10702000704782B001900091019B009AC3F84823F9
:1070300000BF02B07047000000B587B00390029116
:107040000192039B002B03D12849552003F002FE37
:10705000029B002B03D12549562003F0FBFD019B29
:10706000002B03D12149572003F0F4FD039B5B79EA
:1070700019461F4A019B42F82130039B5B791D4A48
:10708000DB0013441B79002B03D008230593059BD9
:1070900027E0039B1A68029B1B8819461046FFF7DE
:1070A0008FFF039B93F90420029B9B78194610469F
:1070B000FFF7DCFE039B93F904301846FFF702FF4D
:1070C000039B5B790B4ADB00134401221A71039B7B
:1070D0005B791946074A039B42F831300023059338
:1070E000059B184607B05DF804FB00BF00010300D4
:1070F000F02B0020F42B002000B583B00190019B01
:10710000002B03D10649872003F0A4FD019B1B68D7
:1071100000211846FFF76CFF00BF03B05DF804FBC9
:107120000001030000B583B00190019B002B03D147
:1071300006498D2003F08EFD019B1B680421184633
:10714000FFF756FF00BF03B05DF804FB000103002A
:1071500000B587B00390029101928DF80330039B34
:10716000002B03D12149962003F074FD4FF48032A7
:10717000029B02FA03F30593029B50339BB29B00E0
:10718000ADF81230019B23F07F430193039B1B68F2
:1071900005991846FFF7E0FE039B1B680599184602
:1071A000FFF73FFF039B1B68BDF8122011461846EE
:1071B000FFF7E9FE039B1B68019A02991846FFF747
:1071C000A7FE039B1B6805991846FFF720FF9DF853
:1071D0000330002B05D0039B1B6805991846FFF769
:1071E000B1FE00BF07B05DF804FB00BF0001030063
:1071F00000B585B00390029113468DF80730039BCC
:10720000002B03D10B49A92003F024FD039B1B682D
:1072100002991846FFF7FBFE9DF80730002B05D0BA
:10722000039B1B6802991846FFF78CFE00BF05B050
:107230005DF804FB0001030000B583B001900091EC
:10724000019B002B03D10A49B32003F003FD019BEE
:107250001B6800991846FFF7E4FE019B1B68009924
:107260001846FFF779FE00BF03B05DF804FB00BFCE
:107270000001030000B583B001900B46ADF8023069
:10728000019B002B03D10F49BA2003F0E3FC019BC3
:107290001B68BDF8022011461846FFF767FE03463B
:1072A000002B09D0019B1B68BDF80220114618462F
:1072B000FFF769FE012300E00023184603B05DF8E4
:1072C00004FB00BF0001030082B001900091019A0D
:1072D000009BD31A23F07F43184602B0704700008A
:1072E00000B58BB00390029101920093039B002B99
:1072F00003D15749CD2003F0ADFC4FF48032029BFF
:1073000002FA03F30993029B50339BB29B00ADF842
:107310002230019B23F07F43019309990398FFF7E3
:107320008BFF039B1B681846FFF742FE0790039BE9
:107330001B6802991846FFF7F9FD0690039B1B682E
:10734000079A02991846FFF7E3FD039B1B68BDF8F7
:10735000222011461846FFF716FE07990698FFF7F8
:10736000B3FF0346012B0AD11020FFF7B9FD039BA1
:107370001B68BDF8222011461846FFF704FE039B48
:107380001B681846FFF714FE079007990198FFF74E
:107390009BFF0590039B1B6809991846FFF737FE72
:1073A000059B012B15D1039B1868019B01331A46DD
:1073B0000299FFF7ADFD1020FFF792FD039B1B68BC
:1073C0001846FFF7F5FD0246079B934235D00D2383
:1073D00039E0039B1B68019A02991846FFF798FD54
:1073E000039B1B681846FFF7E3FD0790019B013BD9
:1073F00007991846FFF768FF0590009BC3F1FF133C
:1074000003F57F43059A9A4201D90D231BE0059BA2
:10741000002B12D1039B1868019B01331A46029975
:10742000FFF776FD039B1B681846FFF7C1FD024678
:10743000079B934201D00D2305E00122099903988F
:10744000FFF7D6FE002318460BB05DF804FB00BF23
:107450000001030000B583B001900B468DF80330A6
:107460009DF803301A4602210198FFF7C1FE00BFC4
:1074700003B05DF804FB00B583B001904FF4827156
:107480000198FFF7F7FE0346184603B05DF804FBCA
:1074900000B583B0019000914FF48032009B02FA56
:1074A00003F319460198FFF7C7FE00BF03B05DF86C
:1074B00004FB00B585B001900091009B50339BB256
:1074C0009B00ADF80E30BDF80E3019460198FFF75D
:1074D000D1FE0346184605B05DF804FB00B583B045
:1074E0000190019B1B681846FFF762FD0346184692
:1074F00003B05DF804FB00B583B00190019B93F9E4
:1075000004301846FFF772FC00BF03B05DF804FBBF
:1075100008B5044B1B68044A12681046984700BF20
:1075200008BD00BFF02B0020F42B002086B0019096
:107530000091019B53E8011F8AB2D88902449889BF
:10754000824228BF121A1889824202BFBFF32F8FCE
:10755000002307E0C2EA010243E801200028E9D144
:107560004FF001038DF80F30059002910492029ABA
:10757000009B1A609DF80F30DBB2184606B07047CA
:1075800084B00190019951E8013FC3EA034341E807
:107590000132002AF7D10392029300BF04B0704772
:1075A00086B001900091019B53E8021F1FFAA1F2DF
:1075B000D888824202BFBFF32F8F00230DE0D88905
:1075C00002449889824228BF121AC1EA024243E863
:1075D00002200028E8D14FF001038DF80F3005900C
:1075E00002910492029A009B1A609DF80F30DBB260
:1075F000184606B0704784B00190019951E8023FE7
:10760000C3EA234341E80232002AF7D103920293EE
:1076100000BF04B0704784B00390029111461A462F
:107620000B46ADF806301346ADF80430029B002B34
:1076300001D10E231FE0BDF80630BDF80420B3FBD6
:10764000F2F102FB01F29B1A9BB2002B01D009233D
:1076500011E0039B029A1A60039B00225A60039B6D
:1076600000229A60039BBDF806209A81039BBDF817
:107670000420DA810023184604B0704700B585B0B5
:1076800001900091009B19460198FFF74FFF0346B8
:10769000002B07D0019B1B68009A128813440393A8
:1076A000039B00E00023184605B05DF804FB00B51D
:1076B00083B001900091009B1A88009B5B889A42DE
:1076C00004D10198FFF75CFF012300E00023184676
:1076D00003B05DF804FB00B585B001900091009BFC
:1076E00019460198FFF75CFF0346002B07D0019B6A
:1076F0001B68009A528813440393039B00E0002305
:10770000184605B05DF804FB00B583B00190009108
:10771000009B1A88009B5B889A4204D10198FFF76E
:107720006AFF012300E00023184603B05DF804FB64
:1077300000B585B001900091009B5B099B00019A08
:107740001A44009B03F01F03012101FA03F31946B9
:10775000104600F036F8039000BF05B05DF804FB5A
:1077600000B585B001900091009B5B099B00019AD8
:107770001A44009B03F01F03012101FA03F3DB43CA
:107780001946104600F035F8039000BF05B05DF8CB
:1077900004FB82B001900091009B5B099B00019A61
:1077A00013441A68009B03F01F0322FA03F303F04B
:1077B0000103002B14BF01230023DBB2184602B0E3
:1077C000704710B487B001900091019B009A53E874
:1077D000004F44EA020043E8000191F0000FF6D1A7
:1077E000059404900391049B184607B05DF8044B80
:1077F000704710B487B001900091019B009A53E844
:10780000004F04EA020043E8000191F0000FF6D1B6
:10781000059404900391049B184607B05DF8044B4F
:107820007047000082B003468DF807309DF807309E
:1078300003F01F0206499DF907305B09012000FA99
:1078400002F2603341F8232000BF02B0704700BF4E
:1078500000E100E000B583B00190019B002B03D153
:107860000649722003F0F6F9019B00221A60BFF36B
:107870005F8F00BF00BF03B05DF804FBD4010300BD
:1078800041DF704700BF184600B585B000238DF872
:1078900003300DF103031846FFF744FAF1EE103AF6
:1078A0000193019B0393039B23F09F030293029B8D
:1078B000E1EE103A00BFBFF35F8F00BF2620FFF755
:1078C000B1FF9DF803301846FFF742FA039B03F01F
:1078D0000703002B03D004497D2003F0BBF900BF50
:1078E00005B05DF804FB00BF1402030008B5064BA9
:1078F00000221A700548FFF7ADFF0549054800F062
:107900002FF80023184608BD002C0020FC2B002077
:1079100088020300042C002000B583B0FFF7B4FFF9
:1079200005F0DAFD0346002B0ED0FFF7A9FF01900A
:10793000019B002B0ED0019B022B0BD007494FF46B
:10794000B07003F087F905E020BF00BF40BF00BF63
:1079500020BF00BF00BF03B05DF804FB14020300AA
:1079600000B583B001900091019B002B03D1104919
:10797000502003F06FF9009B002B03D10C495120DC
:1079800003F068F9019B009A1A60019B1B681A6852
:10799000019B5A60019B5A68019B1B685B689A4275
:1079A00002D1019B00225A6000BF03B05DF804FBC6
:1079B0009402030000B583B00190019B002B03D11A
:1079C0001449632003F046F9019B1B68002B03D187
:1079D0001049642003F03EF9019B5B68002B14D032
:1079E000019B5B681A46019B1B689B6813441A46FF
:1079F000019B5A60019B5A68019B1B685B689A4215
:107A000004D1019B00225A6000E000BF03B05DF882
:107A100004FB00BF9402030000B585B00190009103
:107A2000019B002B03D118493A2003F013F9009B66
:107A3000002B03D114493B2003F00CF9019B5B6838
:107A400003930FE0019B9B68039A1268009910460C
:107A50009847034683F00103DBB2002B07D1039B59
:107A60001B680393039B1B68002BEBD100E000BF56
:107A7000039B1A68009B1A60039B009A1A6000BF60
:107A800005B05DF804FB00BF1C03030000B585B022
:107A90000190019B002B03D10C49512003F0DAF82F
:107AA000019B5B681B680393019B5B681B68002B51
:107AB00006D0019B5B681A68019B5B6812681A60BC
:107AC000039B184605B05DF804FB00BF1C030300D0
:107AD00000B583B00190019B002B03D105495D20C7
:107AE00003F0B8F8019B5B681B68184603B05DF8AB
:107AF00004FB00BF1C03030000B585B0019000919A
:107B0000019B002B03D11649692003F0A3F8009BC9
:107B1000002B03D112496A2003F09CF800238DF852
:107B20000F30019B5B6802930FE0029B1B68009A79
:107B30009A4207D1009B1A68029B1A6001238DF8B4
:107B40000F3006E0029B1B680293029B1B68002B10
:107B5000EBD19DF80F30184605B05DF804FB00BF6F
:107B60001C030300BFF34F8F00BF074BDB6803F418
:107B7000E0620549054B1343CB60BFF34F8F00BF55
:107B800000BF00BFFCE700BF00ED00E00400FA0505
:107B9000024B034A1A6000BF704700BFE02A002072
:107BA0000090D00308B500F097F90346002B06D0EB
:107BB000B74B1B681B0AB74A03F01F03136000F0A2
:107BC000B7F90346002B02D0B34BB44A1A6000F059
:107BD000CBF90346002B06D0B14B1B685B0BB14AB7
:107BE00003F00703136000F0EBF90346002B05D008
:107BF000AD4BDB68AC4A23F08073D36000F0FCF936
:107C00000346002B0ED04FF080430022C3F80C2116
:107C10004FF080430022C3F810214FF08043002230
:107C2000C3F8382500F014FA0346002B02D09F4B0E
:107C300003221A6000F028FA0346002B0BD09C4B5D
:107C400005221A609B4B01221A609B4B00221A608E
:107C50009A4B3F221A6000F033FA0346002B76D08D
:107C60004FF08053964AD3F80434C2F820354FF0D1
:107C70008053934AD3F80834C2F824354FF0805328
:107C80008F4AD3F80C34C2F828354FF080538C4A11
:107C9000D3F81034C2F82C354FF08053884AD3F80B
:107CA0001434C2F830354FF08053854AD3F8183475
:107CB000C2F834354FF08053814AD3F81C34C2F8EF
:107CC00040354FF080537E4AD3F82034C2F8443513
:107CD0004FF080537A4AD3F82434C2F848354FF035
:107CE0008053774AD3F82834C2F84C354FF080538C
:107CF000734AD3F82C34C2F850354FF08053704A91
:107D0000D3F83034C2F854354FF080536C4AD3F86E
:107D10003434C2F860354FF08053694AD3F83834B0
:107D2000C2F864354FF08053654AD3F83C34C2F84A
:107D300068354FF08053624AD3F84034C2F86C354E
:107D40004FF080535E4AD3F84434C2F8703500F0E7
:107D5000D3F90346002B05D05A4B1B685A4A03F04F
:107D60004F03136000F0F4F90346002B0DD04FF0E1
:107D70008043D3F8003403F00103002B05D04FF00B
:107D800080436FF00102C3F8002400F00DFA0346AF
:107D9000002B05D04D4B1B684C4A43F480631360A5
:107DA0004B4BD3F888304A4A43F47003C2F888300A
:107DB000BFF34F8F00BFBFF36F8F00BF4FF0102393
:107DC000D3F80C3203F00103012B25D1414B0122E2
:107DD000C3F8042500BF3F4BD3F80034002BFAD082
:107DE0004FF01023D3F80C324FF0102223F0010390
:107DF000C2F80C3200BF374BD3F80034002BFAD056
:107E0000344B0022C3F8042500BF324BD3F80034B2
:107E1000002BFAD0FFF7A6FE4FF01023D3F8003264
:107E2000002B05DB4FF01023D3F80432002B2BDAA4
:107E3000284B0122C3F8042500BF264BD3F8003499
:107E4000002BFAD04FF010231522C3F8002200BFF8
:107E5000204BD3F80034002BFAD04FF0102315221A
:107E6000C3F8042200BF1B4BD3F80034002BFAD018
:107E7000184B0022C3F8042500BF164BD3F800347A
:107E8000002BFAD0FFF76EFEFFF782FE00BF08BDA1
:107E9000240300104035014074C007400DF0ADBA16
:107EA000440200103C050040F0ED00E0A005004059
:107EB00010560040885600401856004014560040A6
:107EC00000C0004058020010E40E00403C17004083
:107ED00000ED00E000E00140124B1B68DBB2062B16
:107EE0001DD1114B1B6803F00F03002B17D10F4B53
:107EF0001B6803F0F003302B01D1012310E00B4B82
:107F00001B6803F0F003402B01D1012308E0074B6D
:107F10001B6803F0F003502B01D1012300E0002384
:107F200018467047E00F00F0E40F00F0E80F00F093
:107F30000A4B1B68DBB2062B0DD1094B1B6803F003
:107F40000F03002B07D1074B1B6803F0F003302B06
:107F500001D1012300E0002318467047E00F00F034
:107F6000E40F00F0E80F00F0124B1B68DBB2062BA9
:107F70001DD1114B1B6803F00F03002B17D10F4BC2
:107F80001B6803F0F003302B01D1012310E00B4BF1
:107F90001B6803F0F003402B01D1012308E0074BDD
:107FA0001B6803F0F003502B01D1012300E00023F4
:107FB00018467047E00F00F0E40F00F0E80F00F003
:107FC0000A4B1B68DBB2062B0DD1094B1B6803F073
:107FD0000F03002B07D1074B1B6803F0F003302B76
:107FE00001D1012300E0002318467047E00F00F0A4
:107FF000E40F00F0E80F00F0124B1B68DBB2062B19
:108000001DD1114B1B6803F00F03002B17D10F4B31
:108010001B6803F0F003302B01D1012310E00B4B60
:108020001B6803F0F003402B01D1012308E0074B4C
:108030001B6803F0F003502B01D1012300E0002363
:1080400018467047E00F00F0E40F00F0E80F00F072
:108050000A4B1B68DBB2062B0DD1094B1B6803F0E2
:108060000F03002B07D1074B1B6803F0F003302BE5
:1080700001D1012300E0002318467047E00F00F013
:10808000E40F00F0E80F00F00A4B1B68DBB2062B90
:108090000DD1094B1B6803F00F03002B07D1074BD1
:1080A0001B6803F0F003302B01D1012300E0002313
:1080B00018467047E00F00F0E40F00F0E80F00F002
:1080C0000A4B1B68DBB2062B0DD1094B1B6803F072
:1080D0000F03002B07D1074B1B6803F0F003502B55
:1080E00001D1012300E0002318467047E00F00F0A3
:1080F000E40F00F0E80F00F0124B1B68DBB2062B18
:108100001DD1114B1B6803F00F03002B17D10F4B30
:108110001B6803F0F003302B01D1012310E00B4B5F
:108120001B6803F0F003402B01D1012308E0074B4B
:108130001B6803F0F003502B01D1012300E0002362
:1081400018467047E00F00F0E40F00F0E80F00F071
:10815000124B1B68DBB2062B1DD1114B1B6803F0C1
:108160000F03002B17D10F4B1B6803F0F003302BCC
:1081700001D1012310E00B4B1B6803F0F003402BEF
:1081800001D1012308E0074B1B6803F0F003502BDB
:1081900001D1012300E0002318467047E00F00F0F2
:1081A000E40F00F0E80F00F0064B1B68062B05D12A
:1081B000054B1B68062B01D1012300E00023184664
:1081C000704700BF300100103401001082B0034638
:1081D0008DF807309DF8073003F01F0206499DF91E
:1081E00007305B09012000FA02F2203341F8232016
:1081F00000BF02B0704700BF00E100E008B505F025
:108200006BF9034683F00103DBB2002B03D1054970
:10821000792002F01FFD00F0D1FB034B00229A7081
:1082200000BF08BD900303000C2C002000B583B0F4
:1082300000230193144B1B78002B02D0852301935C
:108240001CE0114B00229A600F4B00225A600E4B2B
:1082500000221A610C4B0022DA600C4800F058FB37
:10826000019005F039F9034683F00103DBB2002BDE
:1082700001D000F073FB044B01221A70019B1846D9
:1082800003B05DF804FB00BF0C2C002055840200F5
:1082900084B001900091019B1B68039306E0039A50
:1082A000009B9A420DD0039B1B680393039B002BFA
:1082B000F5D1019B1A68009B1A60019B009A1A6015
:1082C00000E000BF04B0704784B00190019B1B68C0
:1082D0000393039B002B03D0039B1A68019B1A6036
:1082E000039B184604B0704700B585B00190294B38
:1082F0001B78002B03D12849E92002F0ABFC254B69
:108300009B78DBB2002B19D0019B002B03D0019B83
:108310005B680120984700238DF80F300DF10F03A3
:108320001846FEF7FFFC1B4BDB680133194AD3608C
:108330009DF80F301846FEF70BFD1EE000238DF868
:108340000E300DF10E031846FEF7ECFC019B002BDE
:1083500003D001991148FFF79BFF0E4BDB68002B00
:1083600001D100F00FFB0B4BDB680133094AD360EE
:108370009DF80E301846FEF7EBFC064BDB68002B31
:1083800004D1054940F2051002F064FC00BF05B0BD
:108390005DF804FB0C2C0020900303001C2C002033
:1083A00000B583B0164B1B78002B04D115494FF450
:1083B000857002F04FFC124BDB68002B04D1114991
:1083C00040F20B1002F046FC00238DF807300DF14F
:1083D00007031846FEF7A6FC094BDB68013B084A79
:1083E000D360074BDB68002B01D1FFF707FF9DF837
:1083F00007301846FEF7ACFC00BF03B05DF804FB85
:108400000C2C00209003030000B585B003468DF8C6
:1084100007309DF80730002B02D10C4B039301E08D
:108420000B4B03930398FFF74FFF0290029B002B27
:1084300006D0029B5B689DF8072010469847F1E73D
:1084400000BF00BF05B05DF804FB00BF142C002086
:108450001C2C002000B583B003468DF807309DF832
:108460000730002B05D10A4B01225A700020FFF77C
:10847000CBFF9DF80730012B05D1054B01229A70E7
:108480000120FFF7C1FF00BF03B05DF804FB00BF90
:108490000C2C002000B583B001900091019B002BB3
:1084A00005D1054B01225A700020FFF7ADFF00BF38
:1084B00003B05DF804FB00BF0C2C002000B585B0B4
:1084C000034600918DF807309DF80730032B29D023
:1084D000032B35DC002B02D0012B04D030E0002030
:1084E000FFF774FE2DE000238DF80F300DF10F0320
:1084F0001846FEF717FC154B1B7883F00103DBB21F
:10850000002B01D0FFF792FE104BDB6801330F4ABE
:10851000D3600E4B01229A709DF80F301846FEF77B
:1085200017FC0EE0094B1B78002B04D1084940F2E0
:10853000452002F08FFB00F011FAFFF731FF00E059
:1085400000BF00BF05B05DF804FB00BF0C2C00208D
:108550009003030000B589B001900091009B079340
:10856000019B1B788DF80830019B5B680393019B8E
:108570009B68DBB28DF81030019BDB680593019B93
:108580001B69DBB28DF81830074A079B52F823307D
:108590000649079A51F8221002AA1046984700BFD0
:1085A00009B05DF804FB00BF202C00202C2C00201B
:1085B00010B58AB00390029101920093039B1B783F
:1085C00009932249099B019A41F823202049099BDC
:1085D000009A41F82320002308931E4B04AC0FCBD4
:1085E00084E80F00029B1B788DF81030029B5B78AB
:1085F0008DF81130029B9B788DF81230029BDB784E
:108600008DF81330029B1B798DF81530029B5B7936
:108610008DF81630029B9B680693029B1B7B8DF89E
:108620001C30029B5B7B8DF81D30039B181D019B4A
:10863000002B01D0084A00E00022099B04A901F0A8
:10864000D1FA0890089B18460AB010BD202C0020D3
:108650002C2C0020FC0303005585020082B0034649
:108660008DF807309DF8073003F01F0205499DF98A
:1086700007305B09012000FA02F241F8232000BF15
:1086800002B0704700E100E082B0034600918DF82F
:1086900007309DF90730002B0CDA009BDAB20C4949
:1086A0009DF8073003F00F03043B5201D2B20B4494
:1086B0001A7609E0009BDAB206499DF907305201AB
:1086C000D2B20B4483F8002300BF02B0704700BF52
:1086D00000ED00E000E100E082B00190019B1B0B87
:1086E0005BB2184602B0704700B583B003460A4635
:1086F0008DF8073013468DF806309DF80630012BB3
:1087000003D99DF80630032B0BD99DF80630042BB6
:1087100003D99DF80630072B03D908496B2002F0D6
:1087200099FA9DF806209DF9073011461846FFF783
:10873000ABFF00BF03B05DF804FB00BF0C040300F7
:1087400000B583B003468DF807309DF90730184611
:10875000FFF784FF00BF03B05DF804FB82B003465F
:108760008DF807300F4A9DF90730002B00DA1F33D0
:108770005B115BB252F823209DF90730594203F098
:108780001F0301F01F0158BF4B425BB222FA03F3F3
:1087900003F00103002B14BF01230023DBB21846B2
:1087A00002B0704700E100E082B001904FF08042DB
:1087B000019BC2F8043300BF02B0704782B0019041
:1087C0004FF08042019BC2F8083300BF02B07047EF
:1087D00082B003468DF807309DF8073003F18043DF
:1087E00001221A6000BF02B0704784B00346ADF8A2
:1087F0000630BDF8063003F1804300221A60BDF850
:10880000063003F180431B680393039B00BF04B051
:10881000704782B00346ADF80630BDF8063003F16C
:1088200080431B68002B14BF01230023DBB21846D2
:1088300002B0704782B001904FF08042019BC2F8B5
:10884000183500BF02B070474FF08043D3F818349A
:108850001B0C03F00103002B14BF01230023DBB228
:108860001846704700B583B006238DF807304FF0E7
:108870008040FFF731FF03461846FFF76FFF0346BE
:1088800083F00103DBB2002B13D04FF08040FFF7E1
:1088900023FF03461A469DF8073019461046FFF796
:1088A00023FF4FF08040FFF717FF03461846FFF7FE
:1088B00047FF00BF03B05DF804FB000084B0124B1B
:1088C000DB680393104A039B43F08073D3600F4B24
:1088D0001B6802930D4A029B43F0010313600B4B8C
:1088E0005B68019300BF094B5A68019BD31AB3F52B
:1088F0000A5FF8D3054A029B1360034A039BD360C7
:1089000000BF04B0704700BFF0ED00E0001000E0D1
:1089100000B585B00190019B002B03D10D49A42027
:1089200002F098F9002303930B4B1B79002B02D024
:108930008523039308E0084A019B1360064B01223C
:108940001A71054B00225A71039B184605B05DF859
:1089500004FB00BF44040300382C002008B5074B7B
:108960001B79002B03D10649BD2002F073F9FFF7F4
:1089700079FF0120FFF75EFF00BF08BD382C002003
:108980004404030008B50B4B1B79002B03D10A49A3
:10899000EA2002F05FF94FF48270FFF726FF022011
:1089A000FFF702FFFFF78AFF0820FFF711FF00BF64
:1089B00008BD00BF382C00204404030008B50A4B52
:1089C0001B79002B03D10949F72002F043F90C2051
:1089D000FFF7FEFE00BFFFF737FF0346002BFAD17B
:1089E00000BF00BF08BD00BF382C002044040300B6
:1089F00008B54FF48070FFF70CFF0346002B14D02E
:108A00004FF48070FFF7F1FE0120FFF7D7FE114B06
:108A10005B7983F00103DBB2002B06D00D4B012202
:108A20005A710C4B1B68002098474FF48270FFF777
:108A3000F0FE0346002B0AD04FF48270FFF7D5FEFC
:108A40000220FFF7BBFE034B1B680120984700BFC5
:108A500008BD00BF382C002082B003468DF80730D7
:108A60009DF8073003F01F0205499DF907305B09A7
:108A7000012000FA02F241F8232000BF02B0704743
:108A800000E100E082B0034600918DF807309DF9C7
:108A90000730002B0CDA009BDAB20C499DF8073046
:108AA00003F00F03043B5201D2B20B441A7609E0E3
:108AB000009BDAB206499DF907305201D2B20B444D
:108AC00083F8002300BF02B0704700BF00ED00E054
:108AD00000E100E000B583B003460A468DF8073098
:108AE00013468DF806309DF80630012B03D99DF80A
:108AF0000630032B0BD99DF80630042B03D99DF8C3
:108B00000630072B03D908496B2002F0A3F89DF823
:108B100006209DF9073011461846FFF7B3FF00BF46
:108B200003B05DF804FB00BFB004030000B583B0E0
:108B300003468DF807309DF907301846FFF78CFF84
:108B400000BF03B05DF804FB00B583B00346ADF889
:108B50000630BDF80630184600F026F803461B68BC
:108B6000012B0CBF01230023DBB2184603B05DF8D4
:108B700004FB00B585B00346ADF80630BDF80630FD
:108B8000184600F011F803461A4600231360BDF89A
:108B90000630184600F008F803461B680393039B51
:108BA00000BF05B05DF804FB82B00346ADF80630A7
:108BB000BDF8063003F1804303F5C043184602B008
:108BC0007047000082B00190034A019BC2F8043351
:108BD00000BF02B0704700BF0060004082B001904B
:108BE000034BD3F80423019B1340184602B070478F
:108BF0000060004082B00190084A019B03F5A27317
:108C000052F82330054943F00102019B03F5A2739A
:108C100041F8232000BF02B0704700BF0060004051
:108C200084B00390029113468DF80730144A039BD9
:108C300003F5A27352F82330114923F4473323F488
:108C40004073039A02F5A27241F822300C4A039B4A
:108C500003F5A27352F82320029B1B0203F4F85180
:108C60009DF807301B0403F440330B4304491A43B7
:108C7000039B03F5A27341F8232000BF04B07047A3
:108C80000060004082B00190054A019B03F5A27389
:108C900052F823301B0A03F01F03184602B0704736
:108CA0000060004082B00190064A019B03F5A27368
:108CB00052F823301B0C03F00303DBB2184602B05A
:108CC000704700BF0060004000B583B00190019B79
:108CD0001B681F2B04D9054940F2CD1001F0BAFFE3
:108CE0004FF0A043184603B05DF804FBE80403000E
:108CF00000B585B00190084611461A4603468DF826
:108D000003300B468DF8023013468DF8013001AB6D
:108D10001846FFF7D9FF03909DF803209DF8023015
:108D20005B001A439DF801309B001A439DF81830F0
:108D30001B0242EA03019DF81C301B04019A1943EF
:108D4000039B02F5E07243F8221000BF05B05DF806
:108D500004FB00B585B003900B468DF80B309DF8F1
:108D60000B30002201920022009200220021039881
:108D7000FFF7BEFF00BF05B05DF804FB00B585B08E
:108D8000019001AB1846FFF79FFF0390019A039BE8
:108D900002F5E07253F8223023F002030293019AA5
:108DA000039B02F5E072029943F8221000BF05B060
:108DB0005DF804FB00B585B001900B468DF80330DB
:108DC00001AB1846FFF780FF0390019A039B02F561
:108DD000E07253F82230019A23F44031039B02F5EC
:108DE000E07243F82210019A039B02F5E07253F8F7
:108DF00022309DF8032012041146019A1943039B67
:108E000002F5E07243F8221000BF05B05DF804FBE4
:108E100000B585B0019001AB1846FFF755FF0390F0
:108E2000039800F020F80246019B22FA03F303F0B6
:108E30000103184605B05DF804FB00B585B001904C
:108E400001AB1846FFF740FF0390019A039B02F520
:108E5000E07253F822301B0C03F00303DBB2184618
:108E600005B05DF804FB82B00190019BD3F810358A
:108E7000184602B07047000000B587B00390029119
:108E800001924FF0A0430493039A029B1344012BD9
:108E900004D9124940F2FD2001F0DCFE039B05934A
:108EA00011E0059B9B0006AA134453F8083C1846A2
:108EB000FFF7D9FF0246019B1A60019B043301931F
:108EC000059B01330593039A029B1344059A9A422A
:108ED000E7D300BF00BF07B05DF804FBE804030060
:108EE00084B001900091009B0393019BDB080293E7
:108EF000019B03F0070301930122019B02FA03F394
:108F00000399029A0A4412781340184604B0704735
:108F100084B001900091009B0393019BDB080293B6
:108F2000019B03F007030193039A029B13441B78F0
:108F30005AB20121019B01FA03F35BB2134359B208
:108F4000039A029B1344CAB21A7000BF04B0704760
:108F500082B001900C4A019B1344303393F90030E6
:108F6000002B09DB084A019B1344303393F900308E
:108F7000072B01DC012300E0002303F00103DBB237
:108F8000184602B0704700BF402C002082B001900C
:108F9000064A019B1344303393F90030072BCCBFB2
:108FA00001230023DBB2184602B07047402C00209A
:108FB00082B00190064A019B1344303393F900308C
:108FC000DB43DBB2DB09DBB2184602B0704700BFFF
:108FD000402C002084B00390029101928DF8033060
:108FE000029B59B20E4A039B134430330A461A704F
:108FF0000B49029B019A41F823209DF8033083F02E
:109000000103DBB2002B08D0029B083B039A51B24C
:10901000034A13440A4683F8502000BF04B0704747
:10902000402C002082B00190044A019B134430334D
:10903000FF221A7000BF02B0704700BF402C002012
:1090400000B583B0019004490198FFF761FF00BFAC
:1090500003B05DF804FB00BF942C002082B00190A7
:10906000044A019B1344303393F90030184602B090
:10907000704700BF402C002082B00190034A019B42
:1090800052F82330184602B0704700BF402C002031
:1090900000B589B00390029113468DF80730FF2385
:1090A0008DF81F309DF80730002B01D0002300E021
:1090B000082305939DF80730002B01D0082300E01A
:1090C0000C230493059B069314E00F4A069B52F869
:1090D0002330B3F1FF3F0AD19DF80730029A069979
:1090E0000398FFF777FF069B8DF81F3006E0069B7D
:1090F00001330693069A049B9A42E6D39DF91F30EA
:10910000184609B05DF804FB402C002082B00346ED
:109110008DF807309DF80730094A4FF0FF3142F8CB
:1091200023109DF80730072B07D99DF80730083B1F
:10913000034A1344FF2283F8502000BF02B0704757
:10914000402C002000B583B0254B93F85830002BFD
:1091500003D008230093009B3EE000238DF80730E6
:1091600009E09DF807301846FFF75CFF9DF80730CF
:1091700001338DF807309DF807301F2BF1D90023FC
:109180008DF8073009E09DF807301846FFF7BEFF5D
:109190009DF8073001338DF807309DF807300B2B11
:1091A000F1D9042200210F4805F049FF06210620CD
:1091B000FFF790FC0620FFF7B9FC4FF4BE70FFF7F5
:1091C000D8FC4FF00040FFF7FDFC054B012283F86F
:1091D000582000230093009B184603B05DF804FB61
:1091E000402C0020942C002000B587B00390029101
:1091F0000192039B1F2B04D9364940F2072001F04E
:1092000029FD002305930398FFF7D2FE0346002BA8
:1092100002D00823059357E0029B9B78C3F34003D9
:10922000DBB21A4601990398FFF732FF03468DF827
:1092300013309DF91330B3F1FF3F43D0029B9B786D
:10924000C3F38003DBB283F00103DBB2002B13D046
:10925000029B9B7803F00103DBB2002B03D0039841
:10926000FFF78CFD05E0029B5B7819460398FFF73A
:1092700070FD0398FFF7E4FE029B9B7803F0020366
:10928000DBB2002B08D09DF91300029B1B781A4615
:109290000399FFF7C5FC17E09DF91330083B0E4A10
:1092A000134493F95010029B1B789B015AB29DF90D
:1092B0001330083B0A4351B2074A13440A4683F865
:1092C000502001E004230593059B184607B05DF884
:1092D00004FB00BF20050300402C002000B589B02E
:1092E00001900B468DF80330019B1F2B04D93D499B
:1092F00040F2372001F0AEFC0198FFF759FE03461B
:10930000002B04D137494FF40E7001F0A3FC0198F3
:10931000FFF73CFE0346002B2FD00198FFF79EFE7F
:109320000346083B304A134493F950308DF80F3010
:109330009DF80F309B098DF80E309DF80E30032BF1
:109340000BD10198FFF764FD0346002B01D00323E6
:1093500000E002238DF81F3008E09DF80E30012B4D
:1093600001D1022300E003238DF81F309DF81F3048
:1093700019460198FFF71EFD30E00198FFF7E8FD60
:109380000346002B2AD00198FFF768FE0346069398
:10939000069B9BB240339BB29B00ADF81630069BF8
:1093A0001846FFF727FCBDF816301846FFF7E1FB1B
:1093B0009DF80330002B11D00198FFF74FFE0346B4
:1093C0001846FFF759FE0490049B002B06D001229B
:1093D000069B02FA03F31846FFF7F4FB00BF09B03F
:1093E0005DF804FB20050300402C002000B595B07B
:1093F00000231393002303934FF48073ADF846309A
:10940000012310930023129321E0BDF84630184643
:10941000FFF79AFB0346002B0ED01098FFF7DEFBF8
:109420000346002B08D0BDF846301846FFF7A1FBD5
:10943000139A109B13431393109B5B001093BDF87A
:1094400046300433ADF84630129B01331293129B21
:10945000072BDAD94FF4BE70FFF776FB0346002BDB
:109460000DD04FF4BE70FFF784FB139B43F0004315
:10947000139303AB1A4601210020FFF7FDFC139B59
:10948000DBB2002B29D0012310930023129321E09B
:10949000109A139B1340002B16D01298FFF7F2FB83
:1094A0000D901298FFF7FEFB03468DF833301298AB
:1094B000FFF7E2FD0B900B9B002B05D09DF83320AE
:1094C0000B9B11460D989847109B5B001093129BC5
:1094D00001331293129B072BDAD9139B002B80F2D6
:1094E000EE8000238DF83B300023029300230F937E
:1094F0000AE00F9B9B0014AA13444FF0FF3243F87D
:109500004C2C0F9B01330F930F9B002BF1D00023AA
:109510008DF83B300023129378E06B4A129B134482
:10952000503393F900308DF82B309DF82B3023F019
:10953000C0030993644A129B1344503393F90030DB
:10954000B3F1FF3F5FD001AB19460998FFF7C8FCA4
:109550000346002B57D09DF82B309B098DF8233004
:109560000998FFF77BFD03461846FFF785FD079036
:10957000079B002B03D19DF82330032B43D19DF88B
:109580002330032B04D102AB19460998FFF7C0FC26
:109590000998FFF752FC03468DF81B3003AB1946C0
:1095A0000998FFF79DFC0590059B002B03D09DF8C3
:1095B0001B30022B06D0059B002B24D19DF81B30BD
:1095C000032B20D19DF82330032B13D19DF81B30A2
:1095D000022B01D1032300E002238DF813309DF804
:1095E000133019460998FFF7E5FB9DF83B3001332E
:1095F0008DF83B30079B002B05D09DF82320079B5F
:10960000114609989847129B01331293129B032B22
:1096100083D99DF83B30002B4CD001238DF83A3094
:109620006B461A4601210020FFF726FC00230F930A
:1096300014E00F9B9B0014AA134453F8502C0F9B6B
:109640009B0014A90B4453F8443C9A4203D00023D6
:109650008DF83A3005E00F9B01330F930F9B002BE1
:10966000E7D09DF83A30002B03D000238DF83B3033
:1096700020E000230F931AE00F9B9B0014AA1344D1
:1096800053F8502C0F9B9B0014A90B4443F8442C17
:109690000F9B9B0014AA134453F8482C0F9B9B006C
:1096A00014A90B4443F84C2C0F9B01330F930F9BD1
:1096B000002BE1D09DF83B30002B7FF428AF00BF9A
:1096C00015B05DF804FB00BF402C002008B5064B28
:1096D0001B68002B03D10549512001F0BBFA024B56
:1096E0001B68984700BF08BD9C2C00208C05030018
:1096F00082B00190019B044A934201D1034B00E0E8
:109700000023184602B07047002000409C2C002027
:1097100000B587B001900091019B002B03D11C493B
:10972000772001F097FA0198FFF7E2FF0490049B7D
:10973000002B25D000238DF8173000238DF80B3037
:109740000DF10B031846FDF7EDFA049B1B79002B76
:1097500003D001238DF8173005E0049B009A1A60AE
:10976000049B01221A719DF80B301846FDF7F0FAA0
:109770009DF81730002B03D011230393039B02E0C5
:1097800000230393039B184607B05DF804FB00BF5A
:109790008C05030082B003468DF807309DF8073032
:1097A00003F01F0205499DF907305B09012000FA0B
:1097B00002F241F8232000BF02B0704700E100E050
:1097C00082B0034600918DF807309DF90730002BD9
:1097D0000CDA009BDAB20C499DF8073003F00F0356
:1097E000043B5201D2B20B441A7609E0009BDAB274
:1097F00006499DF907305201D2B20B4483F8002389
:1098000000BF02B0704700BF00ED00E000E100E0E3
:1098100082B00190019B03F06043B3F1005F0CBF85
:1098200001230023DBB2184602B0704782B00190DA
:10983000019B1B0B5BB2184602B0704700B583B0AA
:1098400003460A468DF8073013468DF806309DF81A
:109850000630012B03D99DF80630032B0BD99DF858
:109860000630042B03D99DF80630072B03D908498D
:109870006B2001F0EFF99DF806209DF907301146A5
:109880001846FFF79DFF00BF03B05DF804FB00BF63
:10989000F805030000B583B003468DF807309DF945
:1098A00007301846FFF776FF00BF03B05DF804FBF2
:1098B00082B001900B468DF803309DF80330019A79
:1098C000134401221A6000BF02B0704784B00190B7
:1098D0000B46ADF80230BDF80230019A1344002265
:1098E0001A60BDF80230019A13441B680393039B6E
:1098F00000BF04B0704782B001900B46ADF8023053
:10990000BDF80230019A13441B68002B14BF0123D9
:109910000023DBB2184602B0704782B0019000917C
:10992000019B009AC3F8042300BF02B0704782B0C5
:1099300001900091019B009AC3F8082300BF02B078
:10994000704782B00190019B0722C3F8002500BF39
:1099500002B0704784B00390029101920093039B80
:10996000029AC3F80825039B019AC3F80C25039BB0
:10997000009AC3F8102500BF04B0704782B0019070
:109980000091009A019BC3F8242500BF02B07047E4
:1099900084B0039002910192029A039BC3F844257C
:1099A000039B019AC3F8482500BF04B0704784B0F8
:1099B000039002910192029A039BC3F83425039B02
:1099C000019AC3F8382500BF04B0704784B00190F5
:1099D0000B468DF8033013468DF802309DF80230A7
:1099E000002B14BF01230023DBB203939DF8033047
:1099F000032B10D0032B13DC012B02D0022B05D03C
:109A00000EE0039B43F0020303930AE0039B43F041
:109A10000403039305E0039B43F00603039300E074
:109A200000BF019B039AC3F8542500BF04B07047E0
:109A300082B001900B468DF803309DF80320019B06
:109A4000C3F8C02500BF02B0704782B00190019BEF
:109A50000122C3F8502500BF02B0704782B00190C8
:109A6000019B0022C3F8502500BF02B0704782B0AE
:109A70000190019B0122C3F8402500BF02B070474E
:109A800082B00190019B0022C3F8402500BF02B0C4
:109A90007047000000B583B00190019B1B681F2B2D
:109AA00004D9054940F2CD1001F0D4F84FF0A0439D
:109AB000184603B05DF804FB3006030000B585B01E
:109AC0000190084611461A4603468DF803300B46AE
:109AD0008DF8023013468DF8013001AB1846FFF7C0
:109AE000D9FF03909DF803209DF802305B001A43D4
:109AF0009DF801309B001A439DF818301B0242EA82
:109B000003019DF81C301B04019A1943039B02F5C5
:109B1000E07243F8221000BF05B05DF804FB00B509
:109B200085B00390002301930023009300230122BA
:109B300001210398FFF7C2FF00BF05B05DF804FBE9
:109B400000B585B003900B468DF80B309DF80B30B7
:109B50000022019200220092002200210398FFF7C8
:109B6000ADFF00BF05B05DF804FB00B585B0019006
:109B700001AB1846FFF78EFF0390019B012202FA0A
:109B800003F31946039800F018F800BF05B05DF81C
:109B900004FB00B585B0019001AB1846FFF77AFFD2
:109BA0000390019B012202FA03F31946039800F087
:109BB0000EF800BF05B05DF804FB82B00190009183
:109BC000019B009AC3F8082500BF02B0704782B01D
:109BD00001900091019B009AC3F80C2500BF02B0D0
:109BE0007047000000B58DB0059004910392029378
:109BF000049B002B03D17049AD2001F02BF8059B8D
:109C00001B791A461346DB0013449B006B4A13442E
:109C10000993099B1B7F002B03D008230793079B05
:109C2000C5E0059B1B680893059B1A68059B1B797B
:109C30001946634B53F8213019461046FFF768FD6B
:109C40000346002B03D011230793079BAFE0099B2A
:109C5000039A1A60099B029A5A60049B1B7B012B92
:109C600005D8049B1B781846FFF793FF04E0049B7C
:109C70001B781846FFF779FF049B1B7818460023D2
:109C8000019300230093002300220121FFF716FF18
:109C9000049B5B78FF2B09D0049B5B780B930B989C
:109CA000FFF777FF0B98FFF73AFF02E04FF0FF3323
:109CB0000B93049B9B78FF2B07D0049B9B780A9304
:109CC00001210A98FFF73CFF02E04FF0FF330A93AF
:109CD000049B9A78099B83F82020049BDA78099BDF
:109CE000DA77049BDB78FF2B17D0049B1B79002BC2
:109CF00005D0049BDB781846FFF74BFF04E0049B7C
:109D0000DB781846FFF731FF049BDB781846FFF736
:109D100006FF049B1A79099B9A77049B1B781946C6
:109D20000A9B0B9A0898FFF715FE049B9B6819463F
:109D30000898FFF723FE049B197B049B5B7B1A4664
:109D40000898FFF743FE049B9B7919460898FFF794
:109D50006FFE099B1B68002B03D040210898FFF77A
:109D6000DCFD0898FFF7EDFD099B1B68002B15D063
:109D7000059B1B681846FFF759FD03461A46049BCE
:109D80005B7919461046FFF759FD059B1B6818467D
:109D9000FFF74CFD03461846FFF77CFD099B0022A8
:109DA0005A77099B01221A7700230793079B1846CD
:109DB0000DB05DF804FB00BF68060300A42C002072
:109DC000D406030000B583B00190019BDB7FFF2B1D
:109DD0000ED0019B9B7F002B05D0019BDB7F18469B
:109DE000FFF7D7FE04E0019BDB7F1846FFF7BDFEBF
:109DF000019B00225A77019B00221A72019B1B686B
:109E0000019A02F10800019A52681146984700BF72
:109E100003B05DF804FB00B583B001900B468DF8EC
:109E200003309DF8033083F00103DBB2002B04D034
:109E300040210198FFF77BFD03E040210198FFF7E7
:109E40006CFD00BF03B05DF804FB00B583B001906A
:109E50000091009B03F00103002B03D00198FFF752
:109E6000F4FD02E00198FFF7F9FD009B03F0020307
:109E7000002B03D00198FFF7FAFD02E00198FFF7ED
:109E8000FFFD00BF03B05DF804FB00B587B0039091
:109E9000029101920093019B1B68002B0AD0019B49
:109EA0001B681846FFF7B4FC034683F00103DBB2DE
:109EB000002B0ED1019B9B68002B11D0019B9B684E
:109EC0001846FFF7A5FC034683F00103DBB2002B25
:109ED00006D0029B00225A7710230593059B54E07D
:109EE000019B1968019B5B681A460398FFF750FDB8
:109EF000019B9968019BDB681A460398FFF757FDA1
:109F00004FF48C710398FFF7E1FC00990398FFF779
:109F10009CFF009B03F00803002B03D11021039842
:109F2000FFF7C6FC029B1B68002B1FD100BF4FF43C
:109F30008C710398FFF7DFFC034683F00103DBB26B
:109F4000002BF4D1029BDB7FFF2B1BD0029B9B7F5E
:109F5000002B05D0029BDB7F1846FFF71AFE11E0AD
:109F6000029BDB7F1846FFF700FE0BE0009B03F02F
:109F70000403002B0CBF01230023DBB21946039816
:109F8000FFF749FF00230593059B184607B05DF8CE
:109F900004FB000010B586B0039002910192039B70
:109FA0001B791A461346DB0013449B00394A1344BD
:109FB0000593059B1B7F002B04D1374940F23220CB
:109FC00000F048FE029B1B68002B08D1029B5B68D7
:109FD000002B04D0304940F2332000F03BFE029BBE
:109FE0009B68002B08D1029BDB68002B04D02A4918
:109FF0004FF40D7000F02EFE039B1B79002B07D150
:10A00000029BDB68FF2B03D8029B5B68FF2B04D904
:10A01000214940F2352000F01DFE00230493059BEA
:10A020005B7FDBB2002B03D011230493049B2EE053
:10A03000059B1B68002B07D0019B03F01403002B2A
:10A0400002D1059B01225A77059B029A03F10C0469
:10A0500013460FCB84E80F00059BDB7FFF2B0ED050
:10A06000059B9B7F002B05D0059BDB7F1846FFF7E8
:10A070007CFD04E0059BDB7F1846FFF78AFD039B10
:10A080001868019B029A0599FFF7FFFE03461846E0
:10A0900006B010BDA42C00206806030000B583B0F4
:10A0A000019000914FF48C710198FFF724FC034656
:10A0B000002B10D04FF48C710198FFF707FC009B28
:10A0C0001B68002B04D106494FF4277000F0C2FD35
:10A0D0000098FFF777FE00BF03B05DF804FB00BFF8
:10A0E0006806030008B503490348FFF7D7FF00BF20
:10A0F00008BD00BFA42C00200030004082B00190B9
:10A100000B468DF803309DF80330019A1344012269
:10A110001A6000BF02B0704784B001900B46ADF8E2
:10A120000230BDF80230019A134400221A60BDF8D3
:10A130000230019A13441B680393039B00BF04B0D1
:10A14000704782B001900B46ADF80230BDF8023086
:10A15000019A13441B68002B14BF01230023DBB2B8
:10A16000184602B0704782B001900091019B009A9E
:10A17000C3F8042300BF02B0704782B00190009181
:10A18000019B009AC3F8082300BF02B0704782B059
:10A190000190019B0622C3F8002500BF02B0704762
:10A1A00082B00190019B0022C3F8002500BF02B0DD
:10A1B000704784B00190019BD3F8C4340393019B92
:10A1C000039AC3F8C424039B184604B0704782B0B6
:10A1D00001900091019B009AC3F8002200BF02B0D9
:10A1E000704782B00190019BD3F84C35184602B0FD
:10A1F000704782B00190019BD3F83C35184602B0FD
:10A200007047000000B585B00190009101238DF8E2
:10A210000F30009B1B7B032B55D801A252F823F073
:10A2200097A20200AFA202006FA2020031A20200B8
:10A23000009B9B68324A934207D10198FFF7D1FFF8
:10A240000246009B1B699A420DD1009B9B6840F21D
:10A250000222934239D10198FFF7C3FF0246009BC7
:10A260005B699A4231D000238DF80F302DE00198C0
:10A27000FFF7B7FF0246009B1B699A4207D101987E
:10A28000FFF7B7FF0246009B5B699A421FD000238D
:10A290008DF80F301BE00198FFF7A3FF0246009BEB
:10A2A0001B699A4215D000238DF80F3011E00198F8
:10A2B000FFF79FFF0246009B1B699A420BD00023C9
:10A2C0008DF80F3007E000BF06E000BF04E000BFDC
:10A2D00002E000BF00E000BF9DF80F3083F00103F3
:10A2E000DBB2002B05D00198FFF75AFF0198FFF76A
:10A2F0004EFF9DF80F30184605B05DF804FB00BF17
:10A300000002040030B58BB001900091009B1B68E7
:10A31000002B04D1864940F2862000F09BFC4FF4CC
:10A3200092710198FFF70DFF0346002B2BD04FF4DD
:10A3300092710198FFF7F0FE4FF482710198FFF7D8
:10A3400000FF034683F00103DBB2002B1BD0009B10
:10A350009B6819460198FFF710FF009B02229A6044
:10A36000009B9B6819460198FFF7FDFE202101988C
:10A37000FFF7C4FE14210198FFF7C0FE009B0122E5
:10A3800083F82E20D1E04FF482710198FFF7D9FEB7
:10A390000346002B4AD04FF482710198FFF7BCFEB0
:10A3A000009B04AC03F10C050FCD0FC42B68236098
:10A3B000009B93F82E3083F00103DBB2002B12D008
:10A3C00000990198FFF71EFF0346002B14BF0123DD
:10A3D0000023DBB283F00103DBB203F00103DAB246
:10A3E000009B83F82E204FF4B0710198FFF794FE84
:10A3F0004FF4AE710198FFF78FFE009B93F8303059
:10A4000083F00103DBB2002B04D1009B93F82E30C4
:10A41000002B4CD000210198FFF7D9FE009B0022B1
:10A420009A6044490198FFF7A8FE40E04FF4A471F8
:10A430000198FFF771FE009B1B7B002B1BD1009B3B
:10A4400004AC03F10C050FCD0FC42B682360009BF7
:10A4500093F8303083F00103DBB2002B27D00021CA
:10A460000198FFF7B4FE009B00229A6031490198E1
:10A47000FFF783FE1BE04FF400710198FFF7A7FE82
:10A48000009B40F202229A602A490198FFF775FE6C
:10A49000009B9B6819460198FFF765FE082101980B
:10A4A000FFF72CFE20210198FFF728FE3DE00198E0
:10A4B000FFF77FFE0990099B03F00203002B03D0F6
:10A4C00001238DF80C301DE0099B03F00403002BE1
:10A4D00003D002238DF80C3014E0099B03F0010334
:10A4E000002B03D002238DF80C300BE0009B93F877
:10A4F0002E30002B03D004238DF80C3002E0002313
:10A500008DF80C30009B93F8303083F00103DBB200
:10A51000002B03D0009B002283F82F20009B1B6898
:10A52000009A516803AA104698470BB030BD00BF8F
:10A530004807030002029C0108B503494FF0402080
:10A54000FFF7E0FE00BF08BDC82C002030DF7047D9
:10A5500000BF184631DF704700BF184600B585B010
:10A560000190019B002B0CD0084B43F00103039397
:10A57000019B9B010293054B43F00103029898470E
:10A5800000E000BF05B05DF804FB00BFC00703009A
:10A5900000B583B00190019B1B681F2B04D90549AE
:10A5A00040F2CD1000F056FB4FF0A043184603B028
:10A5B0005DF804FBC807030000B585B001900846AC
:10A5C00011461A4603468DF803300B468DF80230CB
:10A5D00013468DF8013001AB1846FFF7D9FF039001
:10A5E0009DF803209DF802305B001A439DF801306E
:10A5F0009B001A439DF818301B0242EA03019DF8A4
:10A600001C301B04019A1943039B02F5E07243F8C6
:10A61000221000BF05B05DF804FB00B585B00390C3
:10A620000B468DF80B309DF80B3000220192002272
:10A630000092002200210398FFF7BEFF00BF05B083
:10A640005DF804FB76DF704700BF18468ADF70476D
:10A6500000BF18468BDF704700BF18468FDF70477A
:10A6600000BF184600B583B00190019B002B0FD0AE
:10A670004FF47A70FFF772FF019B013B0193019B3E
:10A68000002B14BF01230023DBB2002B01D0EFE726
:10A6900000BF03B05DF804FB014B1B681846704710
:10A6A000F02E002082B00190034B1B680133024A58
:10A6B000136000BF02B07047F02E002000B585B0D7
:10A6C00003468DF807309DF80730032B1AD801A2F6
:10A6D00052F823F0EDA60200E5A60200F5A602005E
:10A6E000FDA60200114801F0DDF80BE0104801F072
:10A6F000D9F807E00F4801F0D5F803E00E4801F063
:10A70000D1F800BFFCF776FA0390039B0293029BFB
:10A71000002B05D0094A40F22E210298FBF7AAFE31
:10A720000123184605B05DF804FB00BF00080300D4
:10A7300020080300400803006C0803008C08030095
:10A7400070B58CB0059000230893059B0333784ABD
:10A750001360059B9B69774A1360059B9A8B764B28
:10A760001A80764B1B7883F00103DBB2002B00F0DC
:10A77000F980704B1B6805331A78714B1B789A422D
:10A7800040F09C816B4B1B6806331A786C4B5B78EE
:10A790009A4240F09381674B1B6807331A78694BE4
:10A7A0001B789A4240F08A81624B1B6808331A7802
:10A7B000644B5B789A4240F081815F4B1A88624B10
:10A7C0001B889A4240F07A814FF0FF330893089B30
:10A7D000B3F1FF3F40F095805C4B00221A70544B60
:10A7E0001B681B781C46524B1B6801331B781D46A7
:10A7F0004F4B1B6802331B781E464D4B1B680333BF
:10A800001B781A464A4B1B6804331B781946484B81
:10A810001B6805331B781846059B93F91330039387
:10A8200002900191009233462A462146484801F0A1
:10A8300039F805230B930B9B002B15DB3C4B1A6857
:10A840000B9B1344434A127810461978424A34232A
:10A8500003FB00F31A440B9B134448330A461A7057
:10A860000B9B013B0B93E6E73A4B1B78184600F035
:10A870007DFD304B1B6809331A78364B1B78184620
:10A8800051B2354A342303FB00F3134457330A46CD
:10A890001A70304B1B7819462F4A342303FB01F3FF
:10A8A0001344573393F9003019462C4800F0FAFF4F
:10A8B000204B1B680A331A78264B1B78194607EE83
:10A8C000902AF8EE677A244A342303FB01F31344F9
:10A8D0006433C3ED007A1F4B1B7819461E4A34239C
:10A8E00003FB01F3134464331B68184604F0F6F8C5
:10A8F00002460B461A4800F0D5FF164B00221A708C
:10A90000DCE0089800F032FD124B1B780A930A9B9A
:10A91000002B00F3D380104A0A9B342101FB03F380
:10A920001344683300221A800A9B01330A93EEE72E
:10A93000D4340020D8340020DC34002052300020F1
:10A94000E82A0020EC2A0020342B0020EE2A0020E8
:10A95000E008030050300020E03400200C09030020
:10A9600018090300584B1B6807331A78574B1B789C
:10A970009A4240F0A380544B1B6808331A78534B1B
:10A980005B789A4240F09A80514B1B680021184630
:10A9900000F030FD0346B3F1FF3F0CBF012300235D
:10A9A000DBB2002B00F08A80494B1B681B781C46E9
:10A9B000474B1B6801331B781D46454B1B68023310
:10A9C0001B781E46424B1B6803331B781A46404BCC
:10A9D0001B6804331B7819463D4B1B6805331B78F5
:10A9E0001846059B93F9133003930290019100924E
:10A9F00033462A462146374800F054FF0523099381
:10AA0000099B002B15DB324B1A68099B1344324A11
:10AA1000127810461978314A342303FB00F31A44A4
:10AA2000099B134448330A461A70099B013B09935A
:10AA3000E6E7294B1B781846059B93F91310274A24
:10AA4000342303FB00F3134457330A461A70224B96
:10AA50001B781946214A342303FB01F3134457336F
:10AA600093F9003019461E4800F01CFF164B1B6876
:10AA70000A331A78184B1B78194607EE902AF8EE1D
:10AA8000677A164A342303FB01F313446433C3ED9E
:10AA9000007A114B1B781946104A342303FB01F34B
:10AAA000134464331B68184604F018F802460B463A
:10AAB0000C4800F0F7FE084B00221A7000F042F933
:10AAC00000BF0CB070BD00BFD8340020EC2A0020BD
:10AAD000D4340020E008030050300020E03400208F
:10AAE0000C0903001809030000B585B0019000911E
:10AAF000019B04330393019B1B881D2B04D1039BF3
:10AB000004331846FFF71CFE00BF05B05DF804FBD8
:10AB100000B583B00190184B01221A60174B1B68D7
:10AB2000012B24D1164B1B68002B09DC154B01228D
:10AB30001A60124B00221A60134B01221A7016E0A1
:10AB4000124B1B684FF47A7202FB03F3184600F0B5
:10AB500021F80B4B1B68013B094A1360084B1B682B
:10AB600019460B4800F09EFE074B00221A7000BFEA
:10AB700003B05DF804FB00BFD0360020D8360020BB
:10AB8000DC360020D4360020E0360020382B0020B0
:10AB90002409030030B583B00190154A00211548FF
:10ABA000FBF7A2FF019B18464FEAE0714FF000024D
:10ABB0004FF00003CB0343EA5043C20312F57A740B
:10ABC00043F100054FF4FA624FF000032046294696
:10ABD00004F00AF902460B461346002219460648BD
:10ABE000FBF7B6FF054B00221A6000BF03B030BD73
:10ABF00011AB0200B80E0300B02E0020D0360020AA
:10AC000008B5064A01210648FBF76EFF0022102115
:10AC10000448FBF79DFF00BF08BD00BFA5A60200CA
:10AC2000BC0E0300D02E002000B583B0002300939B
:10AC300002F0FEFB01906B461946012002F0B0FCC9
:10AC40006B46184602F03AFD019000BF03B05DF874
:10AC500004FB000000B583B003460091ADF8063058
:10AC6000064800F01FFEBDF80630009A1946044859
:10AC7000FBF700FC00BF03B05DF804FB4C090300C8
:10AC8000EFBEADDE00B585B001900091019B1B8841
:10AC9000562B42D0562B47DC3B2B37D03B2B43DC8B
:10ACA000212B25D0212B3FDC102B02D0112B0ED0D5
:10ACB0003AE0019B9A881F4B1A801E4B1B8819464D
:10ACC0001D4802F057F81D4B01221A702DE0194B58
:10ACD0004FF6FF721A80174B1B883B211846FFF76F
:10ACE000B1FC164B00221A70154B01221A601CE0B1
:10ACF00000238DF80D3000238DF80C30019B9B88CC
:10AD000003AA11461846FFF7A9FC0EE0019B9B8899
:10AD100013211846FFF796FC07E0019B9B8813213F
:10AD20001846FFF78FFC00E000BF00BF05B05DF8DC
:10AD300004FB00BF142B00206C3000205130002099
:10AD4000D036002008B5FFF785FC03490348FFF71C
:10AD50007DFC00BF08BD00BF2C2B00201C2B002059
:10AD600008B5FDF763FA0020FDF7BEFAFCF7BEFD5B
:10AD700000BF08BD30B587B04FF08053D3F8A8307E
:10AD80001B0ADBB263F03F03DBB28DF810304FF0EB
:10AD90008053D3F8A830DBB28DF811304FF08053D8
:10ADA000D3F8A4301B0EDBB28DF812304FF0805375
:10ADB000D3F8A4301B0CDBB28DF813304FF0805366
:10ADC000D3F8A4301B0ADBB28DF814304FF0805357
:10ADD000D3F8A430DBB28DF815309DF810301C4646
:10ADE0009DF811301D469DF812309DF813209DF8F6
:10ADF00014109DF8150003900291019200932B46C8
:10AE000022460549054804F0BDF80449044800F00D
:10AE100049FD00BF07B030BD5C0C0300C036002008
:10AE2000800C030010B584B04FF08053D3F8043188
:10AE3000029302AB03934FF08053D3F80011039BAE
:10AE400003331B781846039B02331B781C46039B75
:10AE500001331B781A46039B1B780193009223460B
:10AE600002460C4800F01EFD4FF08053D3F8083125
:10AE70001946094800F016FD4FF080531B6E4FF045
:10AE80008052526E1946054800F00CFD00BF04B018
:10AE900010BD00BFA00C0300BC0C0300CC0C0300D1
:10AEA00000B583B02F4800F0FDFC2F4803F08AF86E
:10AEB000002201212C4803F019FA002240212A48DF
:10AEC00003F014FA30224121274803F00FFA274BF0
:10AED00093F9003000221946234803F0BDF8002200
:10AEE0000421214803F002FA002205211E4803F044
:10AEF000FDF900238DF8073001238DF8063030214D
:10AF0000194803F0C1F903465BB203F06F035BB26B
:10AF10009DF80720012A01D1002201E06FF07F0295
:10AF200013435AB29DF806301B015BB213435BB268
:10AF3000DBB21A4630210C4803F0D8F931210A4817
:10AF400003F0A2F903461A463121074803F0CEF96F
:10AF500000220021044802F033FF00BF03B05DF877
:10AF600004FB00BF000D03006C2D0020A02E00206C
:10AF700008B53220FFF776FB024803F023F800BF44
:10AF800008BD00BF6C2D002010B586B00021062042
:10AF9000FFF743FB3220FFF765FB154B01AC0FCBEE
:10AFA00084E80F0002238DF8073005238DF8063062
:10AFB00003238DF8053004238DF804304FF000533F
:10AFC000039300238DF8113001A90023094A0A4890
:10AFD000FDF7EEFA0590059B002B05D0074A40F2DD
:10AFE00034710598FBF746FA00BF06B010BD00BFEC
:10AFF000280D0300BDB40200C00E03008C0803003E
:10B0000008B506221749184802F082FC034683F06F
:10B010000103DBB2002B04D0144800F043FC0023F2
:10B020001EE0134B93F90030002219460E4803F03E
:10B0300013F80F4B93F9003019460E4800F032FC1C
:10B040004FF47A70FFF70EFB0B4B1B6807EE903A3C
:10B05000F8EEE77AB0EE670A034802F005FF012335
:10B06000184608BDC00E03006C2D0020380D0300EB
:10B07000A02E0020500D0300E42A00200000000054
:10B0800030B589B00DF103031846FFF75FFA0346A8
:10B0900007939DF80330002B03D002217A48FFF775
:10B0A00059FA794B1B789DF81B209A420ED10DF16D
:10B0B00003031846FFF74AFA034605939DF8033049
:10B0C000002B03D001217048FFF744FA6E4B5B78E8
:10B0D0009DF813209A420ED10DF103031846FFF795
:10B0E00035FA034603939DF80330002B03D001216A
:10B0F0006648FFF72FFA644B1A78654BA3FB0213DF
:10B1000099080B469B000B44D31ADAB25E4B1A70B7
:10B110005D4B5B785A085F49A1FB021252086E2111
:10B1200001FB02F29B1ADAB2574B5A70564B1B784E
:10B13000184603F0BFFC04460D46534B5B78184697
:10B1400003F0B8FC4EA3D3E9002303F003FB02464F
:10B150000B462046294603F0DBF902460B46104613
:10B16000194603F0D5FC03464B4A13604A4BD3ED16
:10B17000007A9DED027A77EE677AF5EEC07AF1EE0D
:10B1800010FA07DD444BD3ED007A9DED027A77EE9D
:10B19000677A08E0404BD3ED007A9DED027A77EEB6
:10B1A000677AF1EE677A17EE900A03F097FC4FF09A
:10B1B00000023A4B03F050FC0346002B49D00DF13E
:10B1C00003031846FFF7C2F9034601939DF80330C5
:10B1D000002B03D002212C48FFF7BCF92A4B1A7828
:10B1E0002B4BA3FB021399080B469B000B44D31A6D
:10B1F000DAB2254B1A70244B5B785A082549A1FB1B
:10B20000021252086E2101FB02F29B1ADAB21E4BA7
:10B210005A701D4B1B78184603F04CFC04460D4633
:10B22000194B5B78184603F045FC15A3D3E90023BE
:10B2300003F090FA02460B462046294603F068F9CF
:10B2400002460B461046194603F062FC0346124ABA
:10B2500013600D4B1B788DF81B300B4B5B788DF812
:10B2600013300D4B1B6802930B4BD3ED007A9FED0F
:10B270000C7A77EE877AB0EE670A09B030BD00BF6E
:10B280007B14AE47E17A843FA42E0020A52E002037
:10B29000CDCCCCCC95204F09A82E00200000D03F6B
:10B2A0000000664400B583B0FDF74CFF0190019BA0
:10B2B0000093009B002B05D01F4A40F61E0100980A
:10B2C000FBF7D8F8FFF74CFDFFF754FDFFF7AAFD99
:10B2D00000F0E0F8FFF794FCFFF7A6FCFFF754FE40
:10B2E000164B14221A70FFF78BFE9FED150A1548B6
:10B2F00002F0BAFDFFF7D4FDFFF7C2FEF0EE407A90
:10B30000B0EE670A0F4802F0AFFDFFF7C9FDC82095
:10B31000FFF740FC0C4B1B68002B0CBF01230023E4
:10B32000DBB2002B02D0FCF7F7FAF3E700F0B8F835
:10B33000FFF71EFEE0E700BF8C080300A02E0020F0
:10B3400000A066446C2D0020D036002082B0019011
:10B35000054BB3F8E0301A46019B42FA03F303F0C1
:10B360000103184602B07047E034002000B583B0F6
:10B3700001900198FFF7EAFF0346002B0CBF012361
:10B380000023DBB2002B22D0174BB3F8E0301AB207
:10B390000121019B01FA03F31BB213431BB29AB2C2
:10B3A000114BA3F8E020FFF777F902460F4B1B681B
:10B3B000D31A0F4AA2FB03239B0998B20A4A019BA6
:10B3C000342101FB03F31344743302461A80064A06
:10B3D000019B342101FB03F31344683300221A80DC
:10B3E00000BF03B05DF804FBE0340020E436002029
:10B3F000D34D621000B585B00190009100230393F6
:10B40000039B002B20DC039B342202FB03F1009AF8
:10B4100013461B019B1ADB000B4440330D4A1344B7
:10B42000083306221946019800F016F80346002B4F
:10B4300014BF01230023DBB2002B01D0039B05E0E6
:10B44000039B01330393DBE74FF0FF33184605B04E
:10B450005DF804FBE034002086B003900291019275
:10B4600000230593059A019B9A420FDA059B039AE4
:10B4700013441A78059B02990B441B789A4201D019
:10B48000002304E0059B01330593EBE701231846F5
:10B4900006B0704708B5FBF7E9FA00BF08BD000029
:10B4A00008B50448FBF78AFB034B00221A6000BF73
:10B4B00008BD00BFB02E0020D036002082B0019021
:10B4C0000091034B01221A7000BF02B0704700BF09
:10B4D000F42E002000B583B001900B468DF80330A8
:10B4E0009DF80330012B03D1044802F0F1FA00E08B
:10B4F00000BF00BF03B05DF804FB00BF6C2D00204F
:10B5000000B585B003900291039B012B32D1029BC1
:10B510004FF6FF7293422DD1184802F0BBFF4FF057
:10B52000CC730093022307220821154802F0B8FFCC
:10B53000134802F0D3FF03461946124802F0D5FF24
:10B54000114802F0D9F9114802F07AF9104B1B6842
:10B550006433104A13600F4B1B689AB20E4B5A802B
:10B560000B4B1B689AB20C4B9A800C4B1B689AB21F
:10B57000094BDA8000BF05B05DF804FBFC2C00200D
:10B58000002D0020182D00206C2D0020F82E00200A
:10B59000182B0020AC3400201C2B0020B0340020DD
:10B5A00008B54FF6FF710120FFF7AAFF08BD0000A4
:10B5B00000B583B01F4B0193019B02221A61019BCE
:10B5C00002225A61019B1C4A9A61019B1B4ADA6163
:10B5D000019B4FF400721A62019B00229A62019B48
:10B5E00000225A62019B0022DA62019B124A9A648D
:10B5F000019B134ADA64019B10221A65019B002209
:10B600009A65019B00225A65019B0022DA65019B25
:10B6100007330C49184603F045FD019B0A491846BB
:10B6200003F040FD019B20229A7100BF03B05DF83A
:10B6300004FB00BFE8360020D00E03006037002076
:10B6400060390020DC0E0300E00E030000B589B075
:10B6500003900291019200230693039BDB680593FC
:10B66000039B1B690493049A059B9A4205D9049A8B
:10B67000059BD31A013B079307E0039B9A68049943
:10B68000059BCB1A1344013B0793039B9A68059BC8
:10B69000D31A079A934228BF13460793079A019B30
:10B6A000934228BF13460793039B5A68059B134494
:10B6B000079A0299184603F099FC069A079B1344CF
:10B6C0000693029A079B13440293019A079BD31A8D
:10B6D0000193059A079B13440593039B9B68059A66
:10B6E0009A4201D100230593039B059ADA60019BDE
:10B6F000002BB5D1069B184609B05DF804FB00B5D8
:10B7000089B0039002910192039BDB680793039B2E
:10B710009A68079BD31A0693069A019B9A420ED900
:10B72000039B5A68079B1344019A0299184603F039
:10B730005DFC079A019B1A44039BDA601AE0069BA2
:10B740000593039B5A68079B1344059A0299184670
:10B7500003F04CFC019A069BD31A0593039B58688F
:10B76000029A069B1344059A194603F03FFC039B7B
:10B77000059ADA6000BF09B05DF804FB86B001905D
:10B78000019B1B690493019BDB680393049A039B51
:10B790009A4208D8019B9A68039BD21A049B1344CF
:10B7A000013B059304E0049A039BD31A013B0593E4
:10B7B000059B184606B0704700B589B0039002910A
:10B7C0000192029B0693039B5A1C13465B00134491
:10B7D000DB00204A13440593059B5B69022B29D0AB
:10B7E000022B2ED8002B02D0012B13D029E0059874
:10B7F000FFF7C4FF0490049A019B9A4202D20023EF
:10B80000079321E0019B0793019A06990598FFF79A
:10B8100076FF19E00598FFF7B1FF0490019A049BA9
:10B82000934228BF13460793079A06990598FFF796
:10B8300066FF09E0019A06990598FFF707FF079050
:10B8400002E00023079300BF079B184609B05DF88C
:10B8500004FB00BFE836002000B587B003900291DA
:10B8600001920F4B1B78002B01D1FFF7A1FE0023A3
:10B870008DF813300DF113031846FBF753FA019AB4
:10B8800002990398FFF798FF05909DF8133018462A
:10B89000FBF75EFA059B184607B05DF804FB00BF96
:10B8A000E83600200FB400B5A3B025AB009301A883
:10B8B000009B249A802103F08BFB2190219B802BFD
:10B8C00006DD01AB802219460020FFF7C5FF08E026
:10B8D000219B002B05DD219A01AB19460020FFF7C3
:10B8E000BBFF219B184623B05DF804EB04B0704702
:10B8F00086B0039001921A460B46ADF80A30134603
:10B900008DF80930039B002B02D0019B002B01D145
:10B9100000234DE00023ADF816300CE0BDF81630E2
:10B92000039A13441B789AB2BDF8163013449BB2A5
:10B930000133ADF81630019B1B88BDF816209A42E2
:10B9400009D3BDF816300133039A13441B789DF8D0
:10B9500009209A4205D0BDF81620BDF80A309A4257
:10B96000DCD3BDF81620BDF80A309A4201D300237B
:10B970001EE0BDF816300233ADF81430BDF81630B5
:10B98000039A13441B789BB2013BADF81230BDF80B
:10B990001420BDF812301A44BDF80A309A4201DD75
:10B9A000002305E0019BBDF814201A80BDF8123079
:10B9B000184606B0704700B585B001900B46ADF84B
:10B9C000023013468DF801300023ADF80C309DF89D
:10B9D000013003AABDF802100198FFF789FF034662
:10B9E000ADF80E30BDF80E30002B01D1002304E07D
:10B9F000BDF80C301A46019B1344184605B05DF89B
:10BA000004FB72DF704700BF184673DF704700BF4A
:10BA1000184682B00190019B93F83034184602B06A
:10BA2000704784B00190002303930AE0019A039BBE
:10BA300013441B78002B01D0012306E0039B013344
:10BA40000393039B052BF1D90023184604B07047DC
:10BA500082B003468DF807309DF807305A1C074B1B
:10BA600083FB02135910D317C91A0B469B000B44D2
:10BA7000D11ACBB2184602B0704700BF676666663F
:10BA800082B001900091009BDB7B012B04D1009BD5
:10BA90009A88019BA3F8242400BF02B0704700B528
:10BAA00085B001900091019B002283F82E24009B19
:10BAB0009A88019BB3F824349A4216D1019B1B79D2
:10BAC00083F00103DBB2002B0FD00121019800F0BD
:10BAD000AFF90390039B002B07D0019B9B6B002BBE
:10BAE00003D0019B9B6B0398984700BF05B05DF89E
:10BAF00004FB00B585B001900091009B1B88262BAC
:10BB00001ED1009B1B7A012B03D0009B1B7A022BBA
:10BB100017D1019B9B781846FFF79AFF03461946F9
:10BB2000019800F085F90390039B002B09D0019B3D
:10BB30009B6B002B05D0019B9B6B0398984700E003
:10BB400000BF05B05DF804FB00B585B001900B4661
:10BB50008DF80330019B03F227431846FFF761FF7E
:10BB600003468DF80F309DF80330013B032B33D88B
:10BB700001A252F823F000BF89BB0200ADBB020056
:10BB8000C1BB0200CDBB0200019B9B79002B0DD0F5
:10BB9000019B93F8243083F00103DBB2002B05D026
:10BBA0009DF80F30002B01D0012316E0019BDB79BB
:10BBB000002B05D09DF80F30002B01D002230CE0A4
:10BBC000019B1B7A002B01D0032306E0019B5B7ACB
:10BBD000002B01D0042300E00023184605B05DF8D7
:10BBE00004FB00BF82B001900091019B012283F809
:10BBF0003120019B0022C3F82024019B03F226423E
:10BC0000009B5A60009B00229A60009B02221A70DF
:10BC1000009B80229A810023184602B0704782B0B0
:10BC200001900091019B022283F83120019B93F83F
:10BC30002430002B03D0009B07221A7002E0009BE7
:10BC400003221A70019B1B699AB2009B9A81019B87
:10BC50000022C3F82024019B03F22642009B5A6075
:10BC6000019BDA68009B9A600023184602B0704777
:10BC700000B583B00190019B5B79002B0FD0019B35
:10BC800093F82E3483F00103DBB2002B07D0019828
:10BC9000FFF7BFFE0346002B01D0012300E0002385
:10BCA00003F00103DBB2184603B05DF804FB00B5F6
:10BCB00085B001900B468DF80330019BD3F810043A
:10BCC000019BB3F8143401221946FFF774FE039068
:10BCD000039B002B03D0039B9DF803201A70019B4C
:10BCE00003F15400019B03F58261019B3C331A462A
:10BCF000FFF787FE0346184605B05DF804FB00B564
:10BD000085B001900091019B5A69009B9A60019B4C
:10BD10009B699AB2009B9A81019B93F82430002B77
:10BD200004D0019B062283F83C2003E0019B012202
:10BD300083F83C200198FFF79BFF0346002B13D0AC
:10BD4000009B02221A7504210198FFF7B0FF0390AF
:10BD5000039B0293029B002B01D0029B0FE0019BEF
:10BD6000052283F8312003E0019B032283F8312070
:10BD7000019B03F58262019BC3F82024002318462F
:10BD800005B05DF804FB00B585B001900091019B02
:10BD9000DA69009B9A60019B1B6A9AB2009B9A81A8
:10BDA000019B93F82430002B04D0019B062283F8DA
:10BDB0003C2003E0019B012283F83C200198FFF71F
:10BDC00057FF0346002B13D0009B02221A75042153
:10BDD0000198FFF76CFF0390039B0293029B002BDB
:10BDE00001D0029B0FE0019B062283F8312003E083
:10BDF000019B042283F83120019B03F58262019BA1
:10BE0000C3F820240023184605B05DF804FB82B077
:10BE10000190019B1B68012B03D0019B1B68022B27
:10BE200001D1012300E00023184602B07047000052
:10BE300000B585B001900B468DF80330019B1B784F
:10BE400083F00103DBB2002B01D0082309E1019B41
:10BE50009DF803209A70019B03F2264307220021DC
:10BE6000184603F0ECF8019B9B79002B03D0019B53
:10BE70009B78012B0FD0019BDB79002B03D0019B1A
:10BE80009B78012B07D0019BDB79002B14D0019B01
:10BE90009B78022B10D1019B5B6B002B08D0019B80
:10BEA000012283F82D24019B5B6B0820984703E057
:10BEB000019B002283F82D249DF803301946019838
:10BEC000FFF742FE03461A46019B9A70019B5B6B8B
:10BED000002B20D0019B9B78032B03D0019B9B78E8
:10BEE000042B18D1019B5B79002B14D0019B93F894
:10BEF0002E3483F00103DBB2002B0CD0019B002217
:10BF000083F83024019B012283F82F24019B5B6B73
:10BF10000720984703E0019B002283F82F24019B10
:10BF20003C3318220021184603F089F8019B0122B6
:10BF300083F83C20019B2C331846FFF768FF03462B
:10BF4000002B06D0019BDB6ADAB2019B83F85120FB
:10BF500003E0019B012283F85120019B93F82430D8
:10BF6000002B12D0019B28331846FFF750FF0346E1
:10BF7000002B06D0019B9B6ADAB2019B83F852200A
:10BF800003E0019B012283F85220019B002283F8E9
:10BF90005020019B9B78042B31D801A252F823F04A
:10BFA000F5BF0200B5BF0200C5BF0200D5BF020049
:10BFB000E5BF0200019B3C3319460198FFF712FED2
:10BFC00003901DE0019B3C3319460198FFF727FEC3
:10BFD000039015E0019B3C3319460198FFF78FFE53
:10BFE00003900DE0019B3C3319460198FFF7CBFE0F
:10BFF000039005E0019B002283F8312000E000BFA0
:10C00000019B9B78002B20D0019B03F15400019BE6
:10C01000D3F82014019B3C331A46FFF7F2FC03903F
:10C02000039B002B01D0039B1BE0019B93F8542042
:10C03000019B93F8303019461046FFF7E6FC039059
:10C04000039B002B01D0039B0BE0019B5B6B002B40
:10C0500006D0019B5B6B019A92F8312010469847FD
:10C060000023184605B05DF804FB00BF00B585B09D
:10C0700001900091009B0393019B1B88262B10D0FD
:10C08000262B13DC102B02D0112B05D00EE00199CA
:10C090000398FFF7F5FC0AE001990398FFF7FFFC0E
:10C0A00005E001990398FFF724FD00E000BF00BF01
:10C0B00005B05DF804FB000084B00346ADF806301F
:10C0C0000023039316E00F49039A13469B00134481
:10C0D0009B000B441B88BDF806209A4207D1039AA7
:10C0E00013469B0013449B00064A134406E0039B3F
:10C0F00001330393039B002BE5D00023184604B0C3
:10C10000704700BF7039002082B001900B46ADF837
:10C110000230019BBDF802201A80019B00221A7296
:10C12000019B054903F10A020B4603CB10605160E5
:10C1300000BF02B0704700BFA039002082B001905C
:10C14000019B4FF6FF721A8000BF02B0704788B0A3
:10C150000390029111461A460B46ADF8063013467D
:10C16000ADF80430039B9B881A46BDF80630134493
:10C170000793039B9B881946039B9B88BDF8062069
:10C18000934228BF13469BB2CB1A0693039BDB88CE
:10C190001A46BDF8043013440593039BDB88194607
:10C1A000039BDB88BDF80420934228BF13469BB253
:10C1B000CB1A0493029B5A88039B1B889A4205D38F
:10C1C000029B5A88039B5B889A4201D900231CE09A
:10C1D000029B9B881A46069B934205D8029B9B882C
:10C1E0001A46079B934201D200230EE0029BDB8894
:10C1F0001A46049B934205D8029BDB881A46059B8E
:10C20000934201D2002300E00123184608B0704792
:10C2100000B583B00190064B9B69002B03D0044B03
:10C220009B690198984700BF03B05DF804FB00BF0D
:10C230008439002000B587B003460091ADF8063080
:10C24000009B5B7A002B1AD1009B1B7A002B03D139
:10C25000164B5B68059302E0144B9B680593009BAB
:10C260005B68BDF8062005991846FAF771FC049042
:10C27000049B002B16D00498FFF7CAFF12E0009B26
:10C2800000221A72094B5B69002B0BD001238DF839
:10C290000C30BDF80630ADF80E30044B5B6903AAD4
:10C2A0001046984700BF07B05DF804FB84390020B2
:10C2B00000B585B00190019BDB7B8DF80F30019BB1
:10C2C0009B88ADF80C309DF80F30012B2CD14FF628
:10C2D000FF70FFF7F1FE0290029B002B03D10420B8
:10C2E000FFF796FF21E0BDF80C3019460298FFF7E2
:10C2F0000BFF029B03F10A00019B03F110014FF6B3
:10C30000FF7340F2F312FFF722FF03461A46029B27
:10C310005A72074BDB89002B07D1BDF80C3002990C
:10C320001846FFF787FF00E000BF05B05DF804FB8B
:10C330008439002000B587B00190019B9B88ADF83F
:10C340001630BDF816301846FFF7B6FE0490049B71
:10C35000002B0ED0049B5B681846FAF72FFC039065
:10C36000039B002B02D00398FFF752FF0498FFF7BE
:10C37000E5FE00BF07B05DF804FB000000B587B024
:10C380000190019B06330593059B1A88194BDB89A5
:10C390009A422BD1059B5B89022B27D1019B9B885D
:10C3A000ADF81230BDF812301846FFF785FE039045
:10C3B000039B002B1AD0059B0C33184600F070FA33
:10C3C0000346002B06D0BDF8123003991846FFF73C
:10C3D00031FF0BE0039B5B681846FAF7EFFB029016
:10C3E000029B002B02D00298FFF712FF00BF07B09C
:10C3F0005DF804FB8439002000B585B00190019BF5
:10C400009B88ADF80E30BDF80E301846FFF754FE8D
:10C410000290029B002B15D0029B03F10A00019BA6
:10C4200003F108014FF6FF7340F2F312FFF78FFE9E
:10C4300003461A46029B5A72BDF80E3002991846FE
:10C44000FFF7F8FE00BF05B05DF804FB00B583B050
:10C4500001900091019B1B88502B12D0502B18DCAF
:10C46000122B12D0122B14DC102B02D0112B04D063
:10C470000FE00198FFF71CFF0CE00198FFF75AFF4F
:10C4800008E00198FFF77AFF04E00198FFF7B4FF96
:10C4900000E000BF00BF03B05DF804FB30B58FB013
:10C4A0000190009100230293009B002B1AD00023DF
:10C4B0000D9314E06B460D991846FBF76AF9034695
:10C4C000002B09D0029B5A1C02920D9A92B25B007B
:10C4D0000EA90B4423F82C2C0D9B01330D930D9BBF
:10C4E000132BE7D9019B1D4602AC0FCC0FC50FCC17
:10C4F0000FC594E8070085E8070001980FB030BD2C
:10C5000000B583B00346ADF80630BDF80630132BF6
:10C5100001D900230CE0BDF8063019460648FBF7A8
:10C5200007F9BDF8063019460448FBF701F9012365
:10C53000184603B05DF804FBB0390020AC39002088
:10C5400000B585B00346ADF80630002303930DE037
:10C55000039B9B00094A13440433BDF8062011468F
:10C560001846FBF7FDF8039B01330393039B1D2B38
:10C57000EED900BF00BF05B05DF804FBA83900206C
:10C5800000B583B00346ADF80630BDF80630194655
:10C590000348FBF7E5F800BF03B05DF804FB00BFFC
:10C5A000B039002030B59BB0184B9B68DB43189323
:10C5B000164B5A6818AB11461846FBF71AF9189A29
:10C5C0006B4611461846FFF769FF0DAC6D460FCD5F
:10C5D0000FC40FCD0FC495E8070084E807000023BF
:10C5E00019930BE0199B5B001AAA134433F8303CF3
:10C5F0001846FFF7A5FF199B013319930D9B199A54
:10C600009A42EFD300BF00BF1BB030BDA839002055
:10C6100000B583B001900B46ADF8023013468DF89B
:10C6200001309DF80130002B06D0BDF802301946CC
:10C630000198FBF77DF805E0BDF802301946019836
:10C64000FBF78EF800BF03B05DF804FB00B585B0C2
:10C6500001900091019B9B88ADF80E30019B1B88D7
:10C66000103B0A2B00F2888001A252F823F000BF91
:10C670009DC60200D9C6020079C7020079C7020030
:10C6800079C7020079C7020079C7020079C70200A2
:10C6900079C7020043C70200E5C60200FFF782FF28
:10C6A000BDF80E301846FFF72BFF034683F0010359
:10C6B000DBB2002B05D0324AF0210420F9F7DAFE74
:10C6C00057E0019BDB7B012B53D0BDF80E301946A0
:10C6D0002C48FBF72DF84CE0BDF80E301846FFF75C
:10C6E0004FFF49E0019B1B7AC3F30313DBB28DF8C4
:10C6F0000D309DF80D30032B8CBF01230023DAB2DF
:10C70000BDF80E3019462048FFF782FF9DF80D3026
:10C71000022B8CBF01230023DAB2BDF80E3019467C
:10C720001A48FFF775FF9DF80D30012B8CBF0123D0
:10C730000023DAB2BDF80E3019461548FFF768FF3E
:10C740001AE0019B1B7A002B15D1019B5B7AC3F386
:10C75000C003DBB2002B14BF012300238DF80C3083
:10C760009DF80C20BDF80E3019460748FFF750FF22
:10C7700001E000BF00E000BF00BF05B05DF804FBB2
:10C78000E80E0300B4390020C0390020BC39002075
:10C79000B839002000B583B00346ADF80630BDF8C7
:10C7A0000630132B01D9002306E0BDF806301946E8
:10C7B0000348FAF7EEFF0346184603B05DF804FBA2
:10C7C000AC39002000B583B00346ADF80630BDF8A3
:10C7D00006301846FFF7DEFF0346002B02D0BDF8F7
:10C7E000063000E01423184603B05DF804FB00B5E2
:10C7F00087B003900B460192ADF80A30019B002BE5
:10C8000001D10E2338E0019B00221A60039B002B0C
:10C8100001D10E2330E0039B1B68002B01D10E23B6
:10C820002AE0039BDB8803F003039BB2002B01D0BB
:10C83000072321E0BDF80A301846FFF7C3FF03467F
:10C840008DF817309DF81730142B01D1052313E014
:10C85000039B1B799DF817209A4201D304230BE018
:10C86000039B1B689DF817200399C98801FB02F2FE
:10C870001A44019B1A600023184607B05DF804FBB8
:10C8800082B00190019B1B781AB2019B01331B7887
:10C890001B021BB213431BB29BB2184602B0704777
:10C8A00000B585B001900198FFF7EAFF0346ADF8A7
:10C8B0000E30BDF80E3003F00103002B14BF01232E
:10C8C0000023DBB2184605B05DF804FB90DF70472B
:10C8D00000BF1846A5DF704700BF1846B5DF704798
:10C8E00000BF184682B00190019BF7221A80019B7D
:10C8F00017225A80019B00221A71019B00225A7153
:10C90000019BFB229A71019B1B22DA7100BF02B0CE
:10C91000704700B589B003460A46ADF806301346A5
:10C92000ADF80430BDF80430ADF81430BDF8043073
:10C93000ADF816300023ADF818300023ADF81A30EA
:10C9400003AB00221A609A8003AA05A9BDF806303D
:10C950001846FFF7BBFF0790079B002B02D0BDF8DE
:10C960000C30002B079B184609B05DF804FB00B59E
:10C9700087B001900091009B9B88ADF81630BDF800
:10C980001630DB00019A134406330493019B1A7995
:10C99000049B9A71009BDB7B012B02D0022B05D0FC
:10C9A00009E0019B1A88049B1A8004E0019B5A88C5
:10C9B000049B1A8000BF049B1A88049B5B889A42E0
:10C9C00015D9049B1A88BDF8163011461846FFF792
:10C9D00081FF0390039B002B03D1049B01225A711A
:10C9E00005E0039B112B02D1049B01221A71049BC9
:10C9F0009A79049BDB799A4208D9049B9B799AB275
:10CA0000BDF8163011461846FFF783FF00BF07B088
:10CA10005DF804FB00B583B001900091009B9B88FA
:10CA2000DB00019A134406331846FFF75BFF00BF93
:10CA300003B05DF804FB00B587B001900091009B46
:10CA40009B88ADF81630009B5B89ADF81430BDF8BB
:10CA50001630DB00019A134406330493049B1B88B1
:10CA6000BDF81420934228BF13469AB2049B5A8003
:10CA7000049B5B88172B38BF17239AB2049B5A80FC
:10CA8000019B1B69002B15D0049B5B79002B11D0F7
:10CA900040F67723ADF80830BDF81630ADF80A300F
:10CAA000049B5B88ADF80C30019B1B6902AA114600
:10CAB00001989847049B00225A71049B00221A7126
:10CAC00000BF07B05DF804FB00B589B0019000918C
:10CAD000009B9B88ADF81E30009BDB88ADF81C30B6
:10CAE000BDF81E30DB00019A134406330693BDF8EF
:10CAF0001C30172B38BF1723ADF81C30069B1B8842
:10CB0000BDF81C20934228BF13469AB2069B5A8058
:10CB1000069B00221A71069B1A88BDF81E3011462A
:10CB20001846FFF7DBFE0590069B5B79002B16D1BC
:10CB3000019B1B69002B13D040F67723ADF80C3016
:10CB4000BDF81E30ADF80E30069B5B88ADF8103096
:10CB5000019B1B6903AA11460198984700E000BF9A
:10CB600009B05DF804FB30B591B001900091009BD5
:10CB700004AC1D1D0FCD0FC40FCD0FC495E80700E9
:10CB800084E80700BDF81030ADF83E30BDF8142041
:10CB9000BDF83E30D1B2019ADB0013440A465A7305
:10CBA000019B1B69002B19D002AB00221A609A80EE
:10CBB0004DF67A23ADF80830BDF83E30ADF80A30B6
:10CBC000BDF83E30019ADB0013445B7B8DF80C30DE
:10CBD000019B1B6902AA11460198984700BF11B03A
:10CBE00030BD00B587B001900091009B04330593E0
:10CBF000059B1B88DB00019A134406330493059BB5
:10CC00009B888DF80F30049B9B799DF80F209342F1
:10CC100028BF13468DF80E30059B1B889DF80E200B
:10CC200092B211461846FFF774FE00BF07B05DF8D8
:10CC300004FB000000B587B001900091009B0593B4
:10CC4000019B9B88ADF81230BDF81230002B40F0EC
:10CC50008480019B1B88552B48D0552B55DC242BF9
:10CC600032DC102B51DB103B142B4ED801A252F8B2
:10CC700023F000BFCFCC0200D9CC02000BCD0200C4
:10CC80000BCD02000BCD02000BCD02000BCD02003C
:10CC90000BCD02000BCD02000BCD02000BCD02002C
:10CCA0000BCD02000BCD02000BCD02000BCD02001C
:10CCB0000BCD02000BCD02000BCD02000BCD02000C
:10CCC00001CD0200F7CC02003A2B0AD01DE00199F9
:10CCD0000598FFF74CFE19E001990598FFF79AFEB9
:10CCE00014E001990598FFF7A6FE0FE00199059859
:10CCF000FFF7EAFE0AE001990598FFF734FF05E027
:10CD000001990598FFF76DFF00E000BFBDF81230F4
:10CD1000059ADB0013449B7A002B1FD0BDF812301C
:10CD2000059ADB001344DA88BDF812301146184624
:10CD3000FFF7D0FD0390039B002B0FD1BDF81230FD
:10CD4000059ADB00134400229A72BDF81230059A4E
:10CD5000DB0013440122DA7200E000BF07B05DF887
:10CD600004FB00BFB0DF704700BF184666DF7047A6
:10CD700000BF184682B001900B46ADF80230019B0F
:10CD8000002B01D10E230AE0019B1B78DE2B01D082
:10CD9000082304E0019BBDF802205A8000231846B6
:10CDA00002B0704700B585B00190019B1B7A002B43
:10CDB00018D0019B5B8800211846FFF7D7FF03902E
:10CDC000039B002B03D1019B00221A720AE0039BF4
:10CDD000112B03D1019B01221A7203E0019B5B68B6
:10CDE0000398984700BF05B05DF804FB00B583B019
:10CDF00001900091009B1B79012B0BD1009B1A889D
:10CE0000019B5B889A4205D1019B01221A7201980D
:10CE1000FFF7C8FF00BF03B05DF804FB82B00190CC
:10CE2000009100BF02B0704700B589B00190009139
:10CE3000009B1A88019B5B889A4236D1009B023383
:10CE40000793079B1B78022B31D1079B1B7A042B7E
:10CE500007D0079B1B7A062B03D0079B1B7A052B59
:10CE600027D102AB00221A605A609A60DA6002236E
:10CE70008DF808304FF4C073ADF80C30079B1B7A67
:10CE8000052B02D10023ADF80C30009B1B8802AAB1
:10CE900011461846FFF766FF0690069B002B09D047
:10CEA000019B5B680698984704E000BF02E000BF62
:10CEB00000E000BF09B05DF804FB00B585B001904B
:10CEC0000091009B002B40D0019B002B3FD0009B8A
:10CED0000393039B1B78DE2B3BD1019B9A88039B1A
:10CEE0005B889A4202D10398FFF75CFF019B1B8885
:10CEF000512B18D0512B2EDC112B1BD0112B2ADCDF
:10CF0000012B02D0022B07D025E0019B04331946E8
:10CF10000398FFF76BFF21E0019B04331946039848
:10CF2000FFF77CFF1AE0019B043319460398FFF7D3
:10CF30007BFF13E0019B9A88039B5B889A420CD18C
:10CF4000039B4FF6FF725A8007E000BF06E000BF68
:10CF500004E000BF02E000BF00E000BF05B05DF8E4
:10CF600004FBADDF704700BF184600B58FB00190DD
:10CF7000009100230393019B5869009B9B8803AA9F
:10CF80001946FFF734FC0D9005AB08220021184626
:10CF900002F055F804AB06930223ADF814300023D9
:10CFA000ADF81630009B9888019B1B8905AA19468D
:10CFB000FFF7D7FF0D900D9B002B26D1019B9B699E
:10CFC000002B22D0069B1846FFF76AFC0346002B75
:10CFD0001BD0039B002B02D0039B01221A7007ABCE
:10CFE00018220021184602F02AF802238DF81C307E
:10CFF000019B0893009B9B88ADF82430039B0A9308
:10D00000019B9B6907AA1046984700BF0FB05DF8C7
:10D0100004FB00B58DB001900091009B06330B938B
:10D02000019B5869009B9B8803AA1946FFF7DFFB09
:10D030000A9004AB18220021184602F000F8019B68
:10D040000593009B9B88ADF81830039B07930B9BBF
:10D050001A88019B1B899A4225D10B9B5B89022B65
:10D0600021D1039B002B38D00B9B0C331846FFF7C4
:10D0700017FC0346002B06D0039B01221A700223E3
:10D080008DF8103005E0039B00221A7003238DF801
:10D090001030019B9B69002B1FD0019B9B6904AA48
:10D0A0001046984719E00B9B1A88019B9B899A426E
:10D0B00014D1019B9B69002B10D000238DF81030F8
:10D0C0000B9B0C3308930B9B5B89ADF82430019BC1
:10D0D0009B6904AA1046984700E000BF00BF0DB04E
:10D0E0005DF804FB00B58BB001900091019B58697D
:10D0F000009B9B8802AA1946FFF779FB0990099BC0
:10D10000002B1AD1029B1B78002B17D003AB1822DF
:10D110000021184601F093FF01238DF80C30019B8C
:10D120000493009B9B88ADF81430029B0693019BEF
:10D130009B6903AA1046984700E000BF0BB05DF85A
:10D1400004FB00B585B001900091009B002B1ED020
:10D15000019B002B1BD0009B0393019B1B88572B2B
:10D1600010D0572B15DC102B02D0502B05D010E01F
:10D1700001990398FFF7F9FE0CE001990398FFF776
:10D1800048FF07E001990398FFF7ACFF02E000BFFA
:10D1900000E000BF05B05DF804FB000082B003466C
:10D1A0008DF807309DF8073003F01F0205499DF9FF
:10D1B00007305B09012000FA02F241F8232000BF8A
:10D1C00002B0704700E100E082B003468DF80730FE
:10D1D0009DF90730002B0BDA0B4A9DF8073003F05E
:10D1E0000F03043B13441B7EDBB25B09DBB208E098
:10D1F000064A9DF90730134493F80033DBB25B090C
:10D20000DBB2184602B0704700ED00E000E100E03C
:10D2100000B583B00190019B002B03D10449C420C9
:10D22000FDF718FD019B5B68184603B05DF804FB31
:10D23000540F030010DF704700BF184682B003464A
:10D240008DF807309DF907301F2B0CDC9DF9073056
:10D250000F4A22FA03F303F00103002B14BF01234A
:10D260000023DBB210E09DF907303F2B0BDC9DF96A
:10D270000730203B012202FA03F3002B14BF0123E5
:10D280000023DBB200E00123184602B0704700BF64
:10D29000FC06FFBD82B00190019B072B07D8EC2252
:10D2A000019B42FA03F303F00103002B01D1002399
:10D2B00000E00123184602B07047000000B583B0BB
:10D2C00003468DF807309DF907301846FFF7B6FF83
:10D2D0000346002B02D142F201032EE09DF90730F4
:10D2E0001846FFF771FF03461846FFF7D3FF0346C2
:10D2F000002B02D142F202031FE0124B9B68002B6D
:10D3000015D09DF907305B090E4A52F823209DF88D
:10D31000073003F01F03012101FA03F319469DF9B9
:10D3200007305B090A43074941F8232004E09DF9CF
:10D3300007301846FFF732FF0023184603B05DF8A8
:10D3400004FB00BFE42B002000B587B003468DF836
:10D35000073002AB14491846FAF702FB17E002AB9C
:10D360001846FFF755FF0590059B1B680493059B26
:10D3700059689DF80720049B104698470346002BE8
:10D3800001D111230BE002AB1846FAF713FB02ABF5
:10D390001846FFF73DFF0346002BE0D10023184657
:10D3A00007B05DF804FB00BF2010030000B587B094
:10D3B00003468DF8073002AB11491846FAF7D0FA48
:10D3C00012E002AB1846FFF723FF0590059B1B6890
:10D3D0000493059B59689DF80720049B10469847C5
:10D3E00002AB1846FAF7E6FA02AB1846FFF710FF51
:10D3F0000346002BE5D100BF00BF07B05DF804FB7A
:10D400002C10030000B583B01620FFF757FF0190E2
:10D41000019B0093009B002B04D0044AA12100989B
:10D42000F9F728F800BF03B05DF804FBB00F030064
:10D4300000B585B0234B1B78002B01D008233CE0BE
:10D44000214B01221A700020FFF77EFF0346112BAB
:10D4500001D1002331E00020FFF7A8FF1B4B1B6820
:10D46000029300238DF807300DF107031846F9F7F2
:10D4700059FC02AB16491846FFF7DCFE0390039BEC
:10D48000002B0CBF01230023DAB20E4B1A709DF85B
:10D4900007301846F9F75CFC039B002B01D0039B77
:10D4A0000BE0094B00221A700A4B00221A70FFF79A
:10D4B000A9FF0120FFF77AFF0023184605B05DF8A9
:10D4C00004FB00BF243A0020263A00201C10030071
:10D4D00091640200253A0020014B1B7818467047E2
:10D4E000243A002000B585B06B4611491846FAF77A
:10D4F00037FA10E06B461846FFF78AFE0390039B4D
:10D500001B680293039B5A68029B104698476B4620
:10D510001846FAF74FFA6B461846FFF779FE0346AE
:10D52000002BE7D100BF00BF05B05DF804FB00BFD2
:10D530003810030008B5FFF7D5FF00BF08BD60DF56
:10D54000704700BF184669DF704700BF184661DFAB
:10D55000704700BF1846000000B583B00190019BE2
:10D56000002B03D10449C420FDF774FB019B5B68C9
:10D57000184603B05DF804FB4410030082B001902C
:10D58000019B002B01D10E2304E0044B1A46019BA2
:10D590001A600023184602B0704700BFD82A002046
:10D5A00000B587B0034600918DF807300098FFF76B
:10D5B000E5FF0590059B002B01D0059B7AE002ABAF
:10D5C0000C220021184601F03AFD9DF807308DF835
:10D5D000083001238DF80A300623ADF80C30009B8B
:10D5E0001A6802AB19462020FFF7ADFF059002AB89
:10D5F0000C220021184601F022FD01238DF809308C
:10D6000000238DF80A3000238DF80B30009B1A6838
:10D6100002AB19464020FFF796FF059002AB0C22A3
:10D620000021184601F00BFD9DF807308DF80830F9
:10D63000F723ADF80A30009B1A6802AB1946232085
:10D64000FFF781FF059002AB0C220021184601F084
:10D65000F6FC01238DF80830009B1A6802AB1946CE
:10D660000120FFF770FF059002AB0C220021184645
:10D6700001F0E5FC4FF4B0630293009B1A6802AB23
:10D680001946A120FFF75FFF059002AB0C22002195
:10D69000184601F0D4FC9DF808306FF300038DF8B4
:10D6A0000830009B1A6802AB1946A020FFF74BFF19
:10D6B00005900023184607B05DF804FB00B585B05F
:10D6C0000190019B1B6803930198FFF738FF0290BC
:10D6D000019B1B68039A9A42029B002B02D1044BC8
:10D6E00001221A70029B184605B05DF804FB00BFCA
:10D6F000273A002000B5ADF5077D01AB1860244B3B
:10D700001B7883F00103DBB2002B3BD14FF4FA739B
:10D71000ADF806320DF2062202AB11461846FFF7AD
:10D7200016FF8590859B002B03D0859B052B22D16E
:10D7300029E002AB84937FAB16491846FAF710F93B
:10D7400011E07FAB1846FFF707FF8390839B1B68B0
:10D750008293839B5A68829B1146849898477FAB3B
:10D760001846FAF727F97FAB1846FFF7F5FE034690
:10D77000002BE6D1CAE7084A40F239118598F8F73C
:10D7800079FE00E000BF0DF5077D5DF804FB00BFEA
:10D79000273A002010110300A010030000B583B049
:10D7A0000190019B002B03D10449C420FDF752FADC
:10D7B000019B5B68184603B05DF804FB1C11030075
:10D7C0004BDF704700BF184600B589B0019004AB2D
:10D7D0001846FFF7F5FF0790079B002B03D0079B28
:10D7E000052B20D124E002AB13491846FAF7B8F80C
:10D7F00011E002AB1846FFF7D1FF0690069B1B68AD
:10D800000593049A069B5968059B1046984702ABFE
:10D810001846FAF7CFF802AB1846FFF7BFFF0346EA
:10D82000002BE6D1D3E7054A6B210798F8F722FED3
:10D8300000BF09B05DF804FBE81103007811030094
:10D8400082B00190019B184602B0704700B585B0C8
:10D850000190019B002B0CD0084B43F00103039374
:10D86000019B9B010293054B43F0010302989847EB
:10D8700000E000BF05B05DF804FB00BF001203002C
:10D8800000B583B00190019B002B0FD04FF47A704C
:10D89000FFF7DCFF019B013B0193019B002B14BFB1
:10D8A00001230023DBB2002B01D0EFE700BF03B060
:10D8B0005DF804FB00B58FB003900291009313460E
:10D8C0008DF8073000230D93029B09939DF80730D4
:10D8D0000A93009B0B939DF840300C93039B0433F9
:10D8E00009A900221846FCF755FB0D900D9B184620
:10D8F0000FB05DF804FB000082B00190034A019B69
:10D900001A60019B184602B0704700BF84140300E0
:10D9100000B587B0039002910192039B029A1A61AD
:10D92000039B019A9A62039B7F221A71039B012237
:10D930005A71039B7F229A72039BFF22DA72039B28
:10D94000FF221A73039B00225A73039B0022DA61A1
:10D9500080220121039800F0C9FC0346002B14BF6C
:10D9600001230023DBB2002B04D04E48FDF79AFFC1
:10D97000002393E00A20FFF783FF0121039800F0C2
:10D9800083FC03468DF817309DF81730194646483A
:10D99000FDF788FF9DF91730002B04DB4348FDF7A6
:10D9A00081FF00237AE09DF8173003F00103002B7C
:10D9B00003D13F48FDF776FF02E03E48FDF772FFD6
:10D9C000FF221221039800F091FC9DF816306FF3AE
:10D9D00000038DF816309DF8163043F002038DF8E1
:10D9E00016309DF816306FF382038DF81630002341
:10D9F0008DF8153001238DF81430039B9B6A05A91F
:10DA00002D4A1846FBF7F0FB0346002B14BF0123F9
:10DA10000023DBB2002B02D02848FDF743FF039B15
:10DA20009B6A01211846FBF759FC00220E2103983E
:10DA300000F05CFC0346002B14BF01230023DBB283
:10DA4000002B02D01E48FDF72DFF00220F21039866
:10DA500000F04CFC0346002B14BF01230023DBB273
:10DA6000002B02D01748FDF71DFF039800F082FA43
:10DA70000021039800F09AFB0821039800F0BAFBFC
:10DA80009FED110A039800F0EFF900221721039887
:10DA900000F0E2FA0D48FDF705FF0123184607B034
:10DAA0005DF804FB181203005C12030078120300F7
:10DAB0009C120300B0120300D5B40200C41203008C
:10DAC000E81203000413030000006744201303005E
:10DAD00000B585B001901221019800F0D5FB0346F6
:10DAE0008DF80F301C21019800F0CEFB03468DF815
:10DAF0000E30019B93F82030DBB2042B11D19DF83E
:10DB00000F3003F0A0039DF80E2002F04002002A1F
:10DB10000CBF01220022D2B21343002B01D00123FB
:10DB200000E00023002B0DD09DF80F3019467248FD
:10DB3000FDF7B8FE019B9B8A9BB201339AB2019B11
:10DB40009A82CBE0019B93F82030DBB2042B07D103
:10DB50009DF80F3003F04003002B01D0012300E0BB
:10DB60000023002B7CD01321019800F08DFB03468D
:10DB70008DF80D301021019800F086FB03461A46FF
:10DB80000D21019800F0B2FB019B03F12D029DF8DD
:10DB90000D300021019800F0E1FB019B9DF80D2064
:10DBA00083F82C20FF221221019800F09FFB1921FD
:10DBB000019800F069FB03465BB2002B00DA0333E7
:10DBC0009B105BB21AB2019BA3F82E211A21019877
:10DBD00000F05AFB03461AB2019BA3F83021019BC7
:10DBE000B3F92E31002B0EDA019BB3F930319AB222
:10DBF000019BB3F92E319BB213449BB21AB2019B25
:10DC0000A3F830210EE0019BB3F930311B013B4AF0
:10DC100082FB03121A44D210DB17D31A1AB2019BEB
:10DC2000A3F83021019B93F82D31002B0AD0019BE2
:10DC3000B3F930319BB29D3B9BB21AB2019BA3F862
:10DC4000302109E0019BB3F930319BB2A43B9BB278
:10DC50001AB2019BA3F83021019800F053F83DE07F
:10DC6000019B93F82030DBB2032B07D19DF80F30D6
:10DC700003F00803002B01D0012300E00023002B58
:10DC80000DD0019B1B8B9BB201339AB2019B1A836F
:10DC90001B48FDF707FE019800F06CF91EE0019BA0
:10DCA00093F82030DBB2052B07D19DF80F3003F03D
:10DCB0000403002B01D0012300E00023002B0DD032
:10DCC0009DF80F3003F00103002B14BF0123002344
:10DCD000DAB2019B9A76019800F04CF9FF221221EA
:10DCE000019800F003FBFF221221019800F0FEFAD8
:10DCF00000BF05B05DF804FB3813030089888888ED
:10DD00004C13030000B583B00190019B93F82C30B5
:10DD1000DBB2032B94BF01230023DBB2002B03D023
:10DD20001D48FDF7BFFD33E0019B93F82D20019BBB
:10DD30009A71019B93F82E20019BDA71019B93F855
:10DD40002F20019B1A72019B93F83020019B5A727D
:10DD5000019B5B79002B0BD1019B9B79DAB2019B74
:10DD60001B799A4204D0019B9B79DBB2FF2B01D136
:10DD7000012300E00023002B0AD0019BDB8A9BB229
:10DD800001339AB2019BDA82019B012283F82C2194
:10DD900003B05DF804FB00BF5813030082B001908C
:10DDA000019B93F82030DBB2032B0CBF012300232F
:10DDB000DBB2002B00D0F3E70123184602B0704716
:10DDC00000B585B00390029113468DF807309DF899
:10DDD0000730FB2B01D900233AE00398FFF7DEFF61
:10DDE000039800F0C7F800220D21039800F07EFA96
:10DDF000039B9B7A1A460021039800F077FA039B55
:10DE0000DB7A1A460021039800F070FA039B1B7B13
:10DE10001A460021039800F069FA039B5B7B1A46BF
:10DE20000021039800F062FA9DF80730029A002161
:10DE3000039800F0DBFA9DF807300433DBB21A4692
:10DE40002221039800F052FA039800F0D7F801233A
:10DE5000184605B05DF804FB82B00190FB2318461C
:10DE600002B070470000000000B585B001908DED54
:10DE7000000A009800F032FE3AA3D3E9002300F034
:10DE800069FC02460B461046194638A3D3E9002325
:10DE900000F0FCFC02460B461046194600F0F8FD67
:10DEA00003460393039B1B0CDBB21A460621019821
:10DEB00000F01CFA0346002B14BF01230023DBB241
:10DEC000002B02D02248FDF7EDFC039B1B0ADBB2BE
:10DED0001A460721019800F009FA0346002B14BFE7
:10DEE00001230023DBB2002B02D01A48FDF7DAFC35
:10DEF000039BDBB21A460821019800F0F7F90346AC
:10DF0000002B14BF01230023DBB2002B02D01248E8
:10DF1000FDF7C8FCDDED007A9FED107AF4EEC77ACC
:10DF2000F1EE10FAACBF01230023DAB2019B83F8B3
:10DF30002D21009800F0D2FD02460B460848FDF75F
:10DF4000B1FC0123184605B05DF804FBAFF3008077
:10DF500064130300741303008413030000C04244DD
:10DF6000941303000000000080842E410000000094
:10DF700080844E4000B583B00190019B93F820301F
:10DF8000DBB2022B14BF01230023DBB2002B13D022
:10DF900001220121019800F0A9F90346002B14BFCA
:10DFA00001230023DBB2002B02D00548FDF77AFCE9
:10DFB000019B022283F8202000BF03B05DF804FB20
:10DFC000B013030000B583B00190019B93F820309B
:10DFD000DBB2012B14BF01230023DBB2002B08D0DE
:10DFE00000220121019800F081F9019B012283F8B0
:10DFF00020200123184603B05DF804FB00B583B070
:10E000000190019B93F82030DBB2032B14BF012356
:10E010000023DBB2002B18D003220121019800F06D
:10E0200065F940224021019800F060F90346002B79
:10E0300014BF01230023DBB2002B02D00548FDF7FB
:10E0400031FC019B032283F8202000BF03B05DF860
:10E0500004FB00BF0014030000B583B001900B4621
:10E060008DF8033013468DF802309DF80230002BF6
:10E070001DD09DF903300E2B02DD0E238DF80330E9
:10E080009DF90330B3F1FF3F02DAFF238DF803302F
:10E090009DF803300133DBB25BB243F070035BB237
:10E0A000DBB21A460921019800F020F935E09DF90C
:10E0B0000330172B02DD17238DF803309DF9033051
:10E0C000042B02DC05238DF803309DF90330142B5B
:10E0D0000BDD87224D21019800F008F99DF80330EF
:10E0E000033BDBB28DF8033004E004224D2101989C
:10E0F00000F0FCF89DF80330053BDBB25BB263F047
:10E100007F035BB2DBB21A460921019800F0EEF8FA
:10E11000FF220B21019800F0E9F800BF03B05DF881
:10E1200004FB000000B583B001900091009B1B78B8
:10E130001A461D21019800F0D9F80346002B14BFA0
:10E1400001230023DBB2002B02D01548FDF7AAFB08
:10E15000009B5B781A461E21019800F0C7F8034621
:10E16000002B14BF01230023DBB2002B02D00D488B
:10E17000FDF798FB009B9B781A462621019800F03A
:10E18000B5F80346002B14BF01230023DBB2002B9C
:10E1900002D00548FDF786FB00BF03B05DF804FB25
:10E1A00024140300341403004414030000B585B0A4
:10E1B00001900B468DF803309DF80330052B01D9F3
:10E1C000002311E09DF8032013465B001344084A26
:10E1D000991803AB0322184600F008FF03AB194659
:10E1E0000198FFF79FFF0123184605B05DF804FB77
:10E1F0000812030000B583B001900B46ADF8023061
:10E20000BDF802301B12DBB21A462021019800F043
:10E210006DF8BDF80230DBB21A462121019800F0FA
:10E2200065F800BF03B05DF804FB00B583B0019052
:10E23000019B93F82030DBB2052B14BF0123002390
:10E24000DBB2002B0DD007220121019800F04EF81F
:10E2500080224021019800F049F8019B052283F8B3
:10E260002020019B93F82030DBB2052B0CBF01234B
:10E270000023DBB2002B00D0F3E7019B9B7EDBB2D7
:10E28000184603B05DF804FB00B589B003900B4657
:10E290008DF80B309DF80B308DF8183000238DF879
:10E2A0001930114B00221A70039B186905AB06A99F
:10E2B000022200920222FFF7FDFA0790079B002B33
:10E2C00001D000230CE0084B1B78DBB2002B0CBF05
:10E2D00001230023DBB2002B00D0F4E79DF81530BA
:10E2E000184609B05DF804FBF42E002000B589B093
:10E2F00003900B468DF80B3013468DF80A309DF8CD
:10E300000B3063F07F03DBB28DF818309DF80A30D4
:10E310008DF81930104B00221A70039B186905AB59
:10E3200006A9022200920222FFF7C4FA0790079B77
:10E33000002B01D0079B0BE0074B1B78DBB2002BB7
:10E340000CBF01230023DBB2002B00D0F4E7079BB6
:10E35000184609B05DF804FBF42E002000B589B022
:10E36000059003921A460B468DF8133013468DF82C
:10E3700012301A4A9DF813301370194B00221A708C
:10E380009DF8123001338DF81230059B18699DF805
:10E3900012209DF812300093124B1049FFF78AFAB1
:10E3A0000790079B002B01D0002313E00C4B1B7838
:10E3B000DBB2002B0CBF01230023DBB2002B00D00B
:10E3C000F4E79DF812301A460749039800F00EFE54
:10E3D0009DF81230184609B05DF804FB283A002079
:10E3E000F42E0020283B0020293B002010B5ADF57D
:10E3F000087D05AC2060084603A90A6019460DF1A6
:10E40000130302461A700DF112030A461A700DF139
:10E4100013031B7863F07F03DAB247AB1A700DF178
:10E420001203197803AB47AA501C0A46196800F07A
:10E43000DDFD174B00221A7005AB1B6818690DF142
:10E4400012031B780133DAB20DF112031B7801338A
:10E45000DBB207AC47A900932346FFF72BFA87905E
:10E46000879B002B01D000230DE0094B1B78DBB20A
:10E47000002B0CBF01230023DBB2002B00D0F4E7FC
:10E480000DF112031B7818460DF5087D10BD00BF75
:10E49000F42E002082B00190019B184602B0704714
:10E4A00084B00390029101928DF80330039B029A8D
:10E4B0001A60039B019A5A60039B9DF803201A720D
:10E4C000039B049ADA60039B4FF040221A61039B7E
:10E4D00000221A75039B184604B0704782B0019061
:10E4E000019B1033184602B0704782B00190009132
:10E4F000019B009A1A60019B00225A72019B002224
:10E50000DA72019B00229A71019B184602B0704793
:10E5100030B591EA030F00F18480841A71EB030C8B
:10E5200005D2121953EB0C03001B71EB0C0140F2E6
:10E53000000CCFF6E07C1CEA430F54D0BCEB410F3B
:10E5400061D90C0DA4EB135E31EA0C0141F480118A
:10E5500033EA0C0343F48013DEF1200C2AD303FAD0
:10E560000CF5401941F1000122FA0EF5401923FA89
:10E570000EF5694112FA0CF2CD0208D349085FEAA0
:10E5800030005FEA320228BF42F001020134013C50
:10E590005FEA500C72F1004250F1000051EB04515F
:10E5A0004FF4001313EB410F38BF30BD090D0905BF
:10E5B000002030BDBEF1200EBEF1200F1ED223FA86
:10E5C0000EF5401941F10001CEF1200C124218BFA6
:10E5D000012203FA0CF52A43CEE711EA5C0F04BFCF
:10E5E0000020002130BD1CEA410F04BF01F00041B2
:10E5F000002030BD01F00041002030BD21F4801129
:10E6000001EB045130BD004218BF41F00101BCEBE9
:10E61000410F08BF30BD4FF0FE4141F478010020AA
:10E6200030BD83F00043841A71EB030E07D28EF0E5
:10E63000004E001B71EB0E01121953EB0E0340F25A
:10E64000000CCFF6E07C1CEA430FC6D0BCEB410FB8
:10E6500072D90C0DA4EB135EC90241EA5051C002FD
:10E6600041F00041DB0243EA5253D20243F000433F
:10E67000DEF1200C41D312FA0CF522FA0EF203FA65
:10E680000CF542EA050218BF42F0010223FA0EF32C
:10E69000801A9941E30AC4F30A0411F0404F03D4ED
:10E6A00018D0013C40004941013C23D44205C00A36
:10E6B00040EA4150C90A51EAC3715FEA500C72F155
:10E6C000004250F1000051EB045130BD01002FD049
:10E6D0000020203C0029F9D0B1FA81FCDCF1200EA9
:10E6E00011FA0CF130FA0EF510FA0CF02943A4EBF4
:10E6F0000C04D9E70020D90730BDAEF1200EBEF1E1
:10E70000200F0DD2CEF1200C03FA0CF533FA0EF3E4
:10E710002A4318BF43F00103C01A61F10001B9E7B1
:10E7200021F00041C00A40EA4150C90A01EB0451FE
:10E7300030BD0020002130BD004218BF41F0010172
:10E74000BCEB410F7FF467AFBCEB430F3FF463AF0B
:10E7500030BD00BFF0B540F2FF7681EA030C16EA47
:10E76000115E1EBFB64516EA1355B5425AD021EACE
:10E77000465141F48011A1FB024723EA465343F47A
:10E780008013AE44A0FB03650CF0004C36197D41AC
:10E79000A1FB034747F10003A0FB0217F6196541EF
:10E7A00053F10003094218BF46F0010640F2FE741F
:10E7B000B3F5007F13D2AEF5806EA6452BD24CEA9E
:10E7C0000331280341EA155140EA16503203450847
:10E7D00072F1004250F1000051EB0E51F0BDAEF26B
:10E7E000FF3EA64517D24CEAC321E80241EA555143
:10E7F00040EA5650F202450872F1004250F1000022
:10E8000051EB0E51F0BD0CF0004141F0FE4141F4DE
:10E8100070010020F0BD1EEA0E0FF4D50CF000418F
:10E820000020F0BD16EA115F04BF01F00041002096
:10E83000004218BF41F0010116EA135F04BF03F064
:10E8400000430022124218BF43F0010306EA1354AA
:10E85000B44218BF9EEA060F03D00CF0004100201E
:10E86000F0BD21F0004123F00043B1EB065F06D874
:10E87000B3EB065F03D8002918BF002BC3D140F2C9
:10E880000001C7F6F8710020F0BD00BF2DE9F0438C
:10E8900091EA030E0EF0004E40F20007CFF6E0774B
:10E8A00017EA41051EBF95EA070F17EA430595EAE7
:10E8B000070F00F0A1807F0D17EA135623EA475394
:10E8C00043F4801317EA115521EA475141F48011AE
:10E8D000AD1B05F2FD354FEAD31C1CF1010C4FF0C6
:10E8E0000047B7FBFCF77F01A2FB079C0024E3FB7A
:10E8F00007C4DCF1000CD9F100097CF1000CA0FB8D
:10E9000007620020E1FB072000275FEAC628E0FB42
:10E910000987760D46EAC226520DF61900277A417C
:10E92000E0FB0C625FEAC823E2FB09375FEA585854
:10E9300048EAC628760D18EB070800214E41E2FB95
:10E940000C8602EBC020DA02E6FB09215B0D43EAEC
:10E95000C8235FEA58585B18002758EB0708E6FB06
:10E960000C38D102E8FB0917520D42EAC3225B0DB5
:10E97000D21900277B41E8FB0C2308EBC6265FEA8F
:10E98000C128E3FB0987490D41EAC221520DC9198B
:10E9900042F10002E3FB0C12470019EB08095CEBA3
:10E9A000010C72EB040453EBC62047EB56530026D0
:10E9B000B3F5000F7641AD190236D6F1200910FAF1
:10E9C00009F4F04013FA09F21043F340E40F001980
:10E9D00043F10003B3F5001F24BF5B08013540F28B
:10E9E000FE77BD4204D24EEA05511944BDE8F083DA
:10E9F0002D4224D5714626E0004218BF41F00101A6
:10EA0000124218BF43F00103B7EB410F2CBFB7EB25
:10EA1000430F1BE0B7EB410F04BFB7EB430F15E00B
:10EA200017EA410F04BF17EA430F0FE017EA410F3F
:10EA3000E0D017EA430F02D0B7EB430FDAD04EF025
:10EA4000FE4141F470010020BDE8F08340F2000176
:10EA5000C7F6F871F7E700BF4FF4001C1CEB410F3D
:10EA600098BF1CEB430F11D851EA030C50EA4C0C31
:10EA70005CEA020C0AD004D29042994180414042A3
:10EA8000704782428B41804140427047002070476E
:10EA90000B0D40F21E42D21A07DBCB0243EA505064
:10EAA00040F0004030FA02F07047490060EB00008F
:10EAB000704700BF80B110F0004248BFD0F10000A5
:10EAC000120D02F21D42B0FA80F18840521AC30AB8
:10EAD000400503EB0251704701007047C0F3C75176
:10EAE00091B142004FEA40704FEAD2014FEA310142
:10EAF00001F16051B2F17F4F38BF704701F16051B1
:10EB000018BF41F40021704710F000410020704709
:10EB100001F000428B1AA3F16051B1F5801F0ADBAE
:10EB2000B1F17F6F09D242EAC102C10071F1004127
:10EB300042EB507070471046704701285B4113F557
:10EB4000001F04D842F0FE4040F400007047C900A6
:10EB500041EA507040EA020040F4800040F08040FA
:10EB6000704700BF10EE100A4FEA4000B0F17F4F2F
:10EB70000CBF01200020704710EE100A4100002059
:10EB8000B1F17F4F18BF50EB0000704710EE100A34
:10EB900000F00040704700BFB0EEC00A704700BFF1
:10EBA00000B510EE100A00F003F800EE100A00BDE8
:10EBB0004FF07F43B3EB400F22D9410008BF7047AD
:10EBC00003EA4002120E7F3A14DB172AA8BF7047EF
:10EBD0004FF6FF73C0F27F03D340184220EA0300D0
:10EBE00018BF10F0004F08BF70474FF40001D1402C
:10EBF0004018704710F0004F0CBF002002487047CB
:10EC000018BF024870470000000080BF0000C07FAE
:10EC100000B5014610EE100A00F003F800EE100AED
:10EC200000BD4FF07F43B3EB400F98BF704713EA2E
:10EC3000400207D0120E7E3A0A6020EA530040F0EC
:10EC40007C5070470A6000F00040704700B50146F4
:10EC500010EE100A00F003F800EE100A00BD4FF0AD
:10EC60007F43B3EB400F98BF704713EA400204BFE5
:10EC700000F00040704711EB1262DCBF00F0004072
:10EC80007047FF2A3CBF00EBC150704740004FEA7D
:10EC900033007047DFED137AB4EE670AF1EE10FA35
:10ECA00012D010EE102AC2F3C7537F3B11D4162B9B
:10ECB00012DC0D4921FA03F322EA030207EE902A3F
:10ECC000026030EE670A7047C0ED007AB0EE670A66
:10ECD0007047C0ED007A704780ED000AB0EE670A19
:10ECE000704700BF00000000FFFF7F0000B52DED62
:10ECF000028BF5EE400AF1EE10FA83B04BD0B0EE85
:10ED0000608AF0EE408AFFF737FF30B1B0EE680A54
:10ED100003B0BDEC028B5DF804FBB0EE480AFFF7D0
:10ED20002BFF002843D1F5EE408AF1EE10FAEDD02A
:10ED3000B0EE680AFFF716FF00283FD1B0EE480A90
:10ED4000FFF710FF0028E1D1B0EE480AFFF724FFDB
:10ED5000B0EE408A88EE880A01A8FFF79BFFDDED40
:10ED6000017AF5EEC08AB0EE680AF1EE10FAA8EE6C
:10ED7000670AB1EE487A24DDB4EEC08AF1EE10FAEB
:10ED800098BF30EE480AB5EEC00AF1EE10FABFD5D2
:10ED900030EE080ABCE700F0EBF8114B9FED110ACA
:10EDA0001B68036003B0BDEC028B5DF804FBB0EEA2
:10EDB000480A03B0BDEC028B5DF804FB9FED090A25
:10EDC000A6E7B4EEC70AF1EE10FA98BF30EE080AD3
:10EDD000B5EEC00AF1EE10FA9ADD30EE480A97E778
:10EDE000B01403000000C07F53EA020C61D02DE98B
:10EDF000F04BB3FA83F51E0007BFB2FA82F502FAB0
:10EE000005F403FA05F41646C5F120051EBF22FAE3
:10EE100005F73C43203556EA044C4FEA144418BF2A
:10EE20000134A3464FF00009C846904271EB030C31
:10EE300039D3094207BFB0FA80F700FA07F6B1FAF2
:10EE400081F701FA07F6C7F120071EBF20FA07FC79
:10EE500046EA0C062037B6FBFBFC7F1B103F07F091
:10EE60001F04C4F120060CFA04F42CFA06F644BF81
:10EE700034460026202FA4BF2646002454EA060C60
:10EE800008BF012418EB040849EB0609A4FB027C27
:10EE9000C01B06FB02CC04FB03CC71EB0C019042BF
:10EEA00071EB030CC5D20B46024649464046BDE80D
:10EEB000F08BB2FBF3F20000002816DB002817DD10
:10EEC0000022B7EE000A0C4B10F0010F1CBFD3ED6F
:10EED000007A20EE270A401004330028F4DC4AB1FF
:10EEE000F7EE007A87EE800A704740420122E8E799
:10EEF000B7EE000A704700BFB414030038B50446EB
:10EF00000846A26842B1236861685D1C8D4208BF53
:10EF100000208B4208D2D054E3682BB1216862688C
:10EF2000914201D22146984723680133236038BDBE
:10EF300070B54C1E09D41646C5B229463046FFF7B7
:10EF4000DDFF013CB4F1FF3FF7D170BD10F0100FB1
:10EF500008D108B510F4007F14BF30202020FFF73F
:10EF6000E7FF08BD70470028B8BF40427047000067
:10EF700000B5F7F72DFA024B18445DF804FB00BF0B
:10EF8000080000000EB400B586B007AA52F8041BB2
:10EF900005920390002304936FF00043029301A8AD
:10EFA00000F0D2F806B05DF804EB03B070470378C8
:10EFB00053B159B10144034613F8012F12B18B42EA
:10EFC000FAD10B46181A70470346FBE70346F9E7E8
:10EFD00010B584B00C4611460290002203920194B1
:10EFE0001A46684600F0B0F804B010BD844640EA06
:10EFF000010313F0030F18D18446202A0BD32DE907
:10F00000F007B1E8F807A0E8F807A2F12002202AEB
:10F01000F7D2BDE8F007042A07D351F8043B40F8C3
:10F02000043BA2F10402042AF7D2002A05D011F809
:10F03000013B00F8013B013AF9D160467047844634
:10F04000002A2DD010F0030F04D000F8011B013A64
:10F0500026D0F7E7C9B241EA012141EA0141202A5D
:10F0600012D3A2F120022DE9F0030B460C460D4607
:10F070000E460F4688468946A0E8FA03203AFBD29E
:10F08000BDE8F00320320BD0042A05D340F8041B5E
:10F09000043A05D0042AF9D200F8011B013AFBD149
:10F0A00060467047024610F0030F16D111F0030FAF
:10F0B00013D12DE9F0004FF001374FF0803351F8B4
:10F0C000044BA4EB070525EA04051D4002D142F8D4
:10F0D000044BF4E7A1F10401F0BC11F8013B02F884
:10F0E000013B002BF9D1704700F1010110F0030F33
:10F0F00011D010F8012B002A23D010F0030F0AD0F2
:10F1000010F8012B002A1CD010F0030F03D010F8C8
:10F11000012B002A15D02DE970004FF001324FF07D
:10F12000803350F8044BA4EB020525EA04051D408A
:10F1300000D1F6E7A0F1040070BC10F8012B002A02
:10F14000FBD1A0EB010070472DE9F04F2DED048BB2
:10F1500089B083460392002303600D4615F8011B16
:10F16000002900F0BF86DFEDA48A00F0ABBE0026C8
:10F1700007E05E2866D146F4805601E046F040067E
:10F1800015462A4612F8010B3028F2D81F2838D924
:10F19000A0F12003102B34D801A151F823F000BFB7
:10F1A0007DF1020003F2020003F20200E5F1020029
:10F1B00003F2020003F2020003F20200EBF102008C
:10F1C00003F2020003F2020003F20200F1F1020076
:10F1D00003F20200F7F1020003F2020003F2020060
:10F1E000FDF1020046F08006CAE746F40046C7E794
:10F1F00046F02006C4E746F01006C1E746F4007664
:10F20000BEE72A281ED1039B191D03911F68002FFA
:10F21000BCBF7F4246F010061078AA1C27EAE775AB
:10F220002E2824D00027742845D07A2843D06C2873
:10F2300000F0C2804C2800F0C580682800F0D38020
:10F2400091463BE0A0F13003DBB2092B88BF0027D9
:10F25000E4D8002707EB8707303800EB470712F8A0
:10F26000010BA0F13003DBB2092BF3D9D6E71078FC
:10F270002A280AD1039B191D03911F685078023276
:10F28000002FD0DB46F48076CDE70132A0F13003C9
:10F29000DBB2092B88BF0027F4D8002707EB8707CC
:10F2A000303800EB470712F8010BA0F13003DBB256
:10F2B000092BF3D9E4E7914619F8010B782800F2FD
:10F2C0008480DFE810F02106820082008200820044
:10F2D000820082008200820082008200820082001E
:10F2E000820082008200820082008200820082000E
:10F2F00082008200820082008200820082008200FE
:10F3000082008200820082008200820082008200ED
:10F31000A3008200820082008200820082008200BC
:10F3200082008200820082008200820082008200CD
:10F3300082008200820082008200820082008200BD
:10F3400082008200820082008200820082008200AD
:10F35000C401E101E6018200820082008200820095
:10F36000820082008200820082008200820082008D
:10F370008200820082001E018200820082008200E0
:10F38000820082008200820082008200A900530174
:10F39000C601E301E801820053018200820082007D
:10F3A0008200B9004101040182008200CE00820087
:10F3B0004C01820082002001914619F8010B46F0B1
:10F3C00001067BE746F0010691460C4B1C68002CB9
:10F3D00000F0748503AB019300972B4632465946E3
:10F3E000A04700F06BBD1078682809D002F1010930
:10F3F00046F0040662E700BF0000C842283C002037
:10F4000046F0080602F10209507857E725215846D0
:10F41000FFF774FD00F052BD039B1A1D03921C7888
:10F42000013D5A4629463046FFF790FD2146584691
:10F43000FFF764FDB0463AE016F0080F08D0DBF89D
:10F440000020039B191D03911B681A7000F036BD44
:10F45000039B1A1D03921B68DBF800201A6000F062
:10F460002DBD039B1A1D03921C688C4B002C08BFFA
:10F470001C4626F4007816F4807F23D039462046B7
:10F48000FFF795FD0646AD1B5A4629464046FFF755
:10F490005DFD06F1FF3A56B12746344417F8011BCB
:10F4A0005846FFF72BFDBC42F8D14FF0FF3A18F059
:10F4B000100F00F003855A4629462020FFF738FD3B
:10F4C00000F0FCBC2046FFF70FFE0646DBE7039B7F
:10F4D0001A1D03921B6816F0800F0CBF0024232412
:10F4E00046F4807608271A46002B00F0B58404AB5A
:10F4F0004FF0000806F40050DFF8A4C1A64600F063
:10F5000068BC46F4005616F0800F1BD043F2780416
:10F5100043F25803782818BF1C4616F4807F01D0A8
:10F5200026F4007616F4804F32D0039B1A1D039206
:10F530001B6816F0040F1FD01BB2002B20DA5B42B1
:10F540002D242DE00024E8E716F0800F0CBF0024E6
:10F55000302416F4807FE5D026F40076E2E716F436
:10F56000807F07D026F400760024DBE746F480464F
:10F570000024D7E70024D5E716F0080FDDD0DBB272
:10F5800016F0200F61D116F0400F18BF202407E0BD
:10F59000039B1A1D03921B6816F0040F50D09BB2F8
:10F5A00016F4807F00F0E48326F400765838202893
:10F5B00000F2398401A252F820F000BFE7F4020003
:10F5C00027FE020027FE020027FE020027FE02009F
:10F5D00027FE020027FE020027FE020027FE02008F
:10F5E00027FE020027FE020027FE02009DFD02000A
:10F5F00027FE020027FE020027FE020027FE02006F
:10F600009DFD020027FE020027FE020027FE0200E9
:10F6100027FE020027FE020075FD0200E7F402004B
:10F6200027FE020027FE020027FE020027FE02003E
:10F630009DFD020027FE020027FE0200E7F4020003
:10F6400016F0080FACD0DBB2AAE72B24A8E746F4EB
:10F65000005646F48066039B073323F0070303F14B
:10F6600008020392D3E90001FFF752FA08EE100AEC
:10F6700016F4807F16D0B7B906F44067B7F5406F2F
:10F6800014BF002701270EE046F4005646F400663A
:10F69000E1E746F4005646F44066DCE7CC1403008C
:10F6A000A01403000627B0EE480AFFF75BFA002813
:10F6B00040F0B980B0EE480AFFF75EFA80460028B5
:10F6C00040F0CA80B0EE480AFFF760FA002840F028
:10F6D000CC8018EE103A08EE103A07A800EE103A67
:10F6E000FFF796FA079B03EB4303C94A82FB031219
:10F6F000DB17C3EBA2030793B5EE408AF1EE10FAD5
:10F7000040F0BD8006F44064B4F5806F0AD0B4F5D3
:10F71000406F40F06C81079BBB4203DA13F1040F8A
:10F7200080F2658107984042FFF7C6FB28EE008A09
:10F730008DED028AB5EE408AF1EE10FA34D0B0EECB
:10F74000480AFFF70FFA002840F0AF80F2EE047A83
:10F75000B4EEE78AF1EE10FA0DDB079BF2EE047AC5
:10F76000013388EE278AB4EEE78AF1EE10FAF7DA71
:10F770008DED028A0793DDED027AB7EE007AF4EEA2
:10F78000C77AF1EE10FA0FD5079B013BF2EE046A3F
:10F790001A4667EEA67A013BF4EEC77AF1EE10FA4C
:10F7A000F6D4CDED027A079227B1B4F5406F08BFC9
:10F7B00007F1FF377842FFF77FFBF6EE007A60EE45
:10F7C000277A9DED027A77EE877AB2EE047AF4EE2C
:10F7D000C77AF1EE10FA80F28180B0EE678A002FCE
:10F7E00000F0918006F40863B3F5006F7ED026F434
:10F7F000006302937B1DED1A013D16F4805F00F05B
:10F80000F380079A834B83FB0213A3EBE27303EBB2
:10F810004303D31A0233042B00F2E480DFE803F041
:10F8200099DA9699DA00B5EEC08AF1EE10FA0CD4A6
:10F8300016F4005F784C794B08BF1C4616F0200F79
:10F8400008BF013426F4807613E616F4005F744C8A
:10F85000744B08BF1C46F5E716F4005F724C734BFF
:10F8600008BF1C4626F4807603E646F06006F1EEFB
:10F87000487A17EE903A2EE7079B013307930798D3
:10F880000130FFF719FBB4EEC08AF1EE10FAF3DC99
:10F8900002E0079B013B07930798FFF70DFBB4EECF
:10F8A000C08AF1EE10FAF4D42CE7B5EEC08AF1EE7E
:10F8B00010FA0CD416F4005F574C584B08BF1C4686
:10F8C00016F0200F08BF013426F48076D1E516F437
:10F8D000005F534C534B08BF1C46F5E7079B0133B1
:10F8E0000793B2EE047A87EE878A78E7092FA8BFDC
:10F8F00009273846FFF7E0FA60EE087AFCEEE77A6F
:10F9000017EE903A4BB926F400630293053D16F0CA
:10F9100080073FF472AF47466EE7454AA2FB0312E9
:10F92000D20802EB8202B3EB420F7FF460AF404992
:10F93000A1FB0323DB08013FE5D0A1FB0302D208B2
:10F9400002EB8202B3EB420FF2D050E74FF0010816
:10F9500008E0F2EE047A27EE888A013A0792013D28
:10F960004FF0020827EAE77716F0600F18BF05F19D
:10F97000FF350798FFF7F7FA6328C8BF05F1FF3591
:10F98000F0EE487ABCEEC87A17EE104AB8EE478A15
:10F9900037EEC88A25EAE57A029B13F4047F00F06B
:10F9A000D580029B13F0200F00F0DE8013F0400F93
:10F9B00014BF2D212B215846FFF7A0FA029B13F00C
:10F9C000100F00F0DB801B4E08F10055013D06EBE7
:10F9D000C505EAE028EE888A023A0792023D4FF018
:10F9E0000308BFE7D046BDE74FF00108BCE716F4B7
:10F9F000806F3ED0079B0E2B3ADC0133FC1A092C9A
:10FA0000A8BF092416F0800F16D0274631E000BFAA
:10FA10006766666656555555E4140300EC140300FA
:10FA2000D4140300DC140300F4140300F8140300DE
:10FA3000CDCCCCCC00150300BB426BD0F6EE009AC7
:10FA4000B2EE049A2046FFF737FA28EE000A30EEAD
:10FA5000290AFFF7A5F8F0EE490AFFF747F9B5EED6
:10FA6000400AF1EE10FA57D1013CEBD1274600E0F5
:10FA7000474626F480630293079B7842A3F108026D
:10FA80008242C8BFA3F10900FFF716FA4FF0FF301A
:10FA9000FFF7DCF838EE008AB0EE489A079801309C
:10FAA000FFF70AFAB4EEC08AF1EE10FA02DD079B06
:10FAB000013307930798002840DB09282EDCFCEE71
:10FAC000C97A17EE904AB8EE678A39EE488A002361
:10FAD000079320460021092C35D9DFF858C44FF090
:10FAE000010808F10108FCE90223994208BF90428D
:10FAF000F7D207EB0803079A1344ED1A06F08003C8
:10FB00003B4318BF05F1FF3516F0600F18BF05F134
:10FB1000FF353FE72746ACE72746AAE7A0F10903F0
:10FB20000793C0F10900FFF7C7F929EE009AFCEE30
:10FB3000C97A17EE904A08EE108ACAE700240794A3
:10FB40004FF00108D5E74FF00108D2E7002D7FF70D
:10FB500028AF20255646013E29465846FFF7CEF9E4
:10FB6000002EF8D1B2461CE7029B13F0400F3FF481
:10FB700025AF20215846FFF7C1F91FE7BAF1000F62
:10FB80003FF421AF30255646013E29465846FFF73F
:10FB9000B5F9002EF8D1B24615E74FF0300C6146AA
:10FBA0005846FFF7ABF9B04515D0D5E90023A84674
:10FBB000083D0021994208BF9442EED34FF0300C2B
:10FBC0000CF1010C5FFA8CFCA41A0021994208BFC9
:10FBD0009442F5D2E3E7029B13F4006449D1002F6D
:10FBE00055D1029B13F0800F40F09181029B13F4DA
:10FBF000806F2FD013F4005F14BF45216521584654
:10FC0000FFF77CF9079B002BC0F294802B2158460C
:10FC1000FFF774F90799632900F394800799C14CA1
:10FC200084FB0132C917C1EBA2013031C9B2584679
:10FC3000FFF764F9079B84FB0324D917C1EBA401E8
:10FC400001EB8101A3EB410303F13001C9B2584636
:10FC5000FFF754F9BAF1000F00F030812024554627
:10FC6000013D21465846FFF749F9002DF8D1AA4633
:10FC700024E1079B002BB2DD3025013B0793294689
:10FC80005846FFF73BF9079B002BF6DCA7E72E2130
:10FC90005846FFF733F93D46092FA8BF092525EA45
:10FCA000E5757F1B8CB10798281AFFF705F920EE40
:10FCB000088AFCEEC87A17EE904A7DB305F100552C
:10FCC000013D994B03EBC50519E02846FFF7F4F811
:10FCD00020EE088AFCEEC87A17EE904AEDE70CF1A8
:10FCE000010C5FFA8CFCA41A0021994208BF9442CF
:10FCF000F5D261465846FFF701F9B0450ED0D5E977
:10FD00000023A846083D0021994208BF944202D32F
:10FD10004FF0300CE3E74FF0300CEAE7002F3FF4F0
:10FD200065AF3024013F21465846FFF7E7F8002F22
:10FD3000F8D15BE72D215846FFF7E0F8079B5B42BF
:10FD4000079367E7794C84FB0132C917C1EB621155
:10FD50003031C9B25846FFF7D1F8079A84FB023117
:10FD6000D317C3EB6113642101FB1323079355E7FA
:10FD700001271BE41A464FF00008002B55D004A9B8
:10FD80004FF0000803F00703303301F8013B08F19E
:10FD90000108D2081346002AF4D146E019464FF074
:10FDA0000008002B41D04FF0000806F4004E4FF041
:10FDB0002C0ADFF884C17346A6461C4624E002F0F4
:10FDC0000F015B4C615C03F8011B08F1010812098B
:10FDD00006D00028F3D002F00F011CF80110F2E762
:10FDE000744622E008AB03EB0800ACFB0132D208FA
:10FDF00002EB8203A1EB4303303300F8103C08F11F
:10FE0000010809290DD91146002CEBD008F0030395
:10FE1000032BE7D108AB434403F810AC08F1010809
:10FE2000E0E7744601E04FF00008A7EB080727EA77
:10FE3000E777ED1BA5EB0805FF2C10D9023D16F462
:10FE4000007F11D0C4F307215846FFF757F8E1B2FD
:10FE50005846FFF753F812E04FF00008E5E7002C92
:10FE60005BD116F4007F0AD15A4629463046FFF787
:10FE70006DF8FF2C98BF00252CD8002CE7D15A46EE
:10FE800029463046FFF762F85A4639463020FFF7D8
:10FE90004FF8B8F1010A0ED404AB54461C449846FE
:10FEA000217827465846FFF729F8444504F1FF34E6
:10FEB000F6D14FF0FF3A16F0100F0DD14D4615F860
:10FEC000011B79B125293FF452A95846FFF716F8CE
:10FED000A946F3E70025B5E75A4629462020FFF753
:10FEE00027F8EBE7DBF808303BB1DBF80020DBF864
:10FEF00004108A423CBF00219954DBF8000009B08D
:10FF0000BDEC048BBDE8F08F4FF0FF30F7E72E21FA
:10FF10005846FEF7F3FF3D46C3E6013D16F4007F69
:10FF2000ABD1A1E767666666001503001F85EB513C
:0CFF30009014030008150300CDCCCCCCCD
:08FF3C009584020000000000A2
:10FF44004DC602000000000035CC020058300020ED
:10FF54006DC00200783000204DC402000000000093
:10FF640043D10200F82A0020BBCE02006C300020EE
:10FF7400E9AA02000000000085AC020000000000B5
:04FF8400BDA6020014
:08FF8800BD840200000000002E
:10FF9000F5D6020000000000C9D7020000000000F2
:04FFA000A1B5020005
:10FFA40000000000E02B002071650200433A5C551C
:10FFB400736572735C507572766573685C446F63C5
:10FFC400756D656E74735C4769744875625C5472D0
:10FFD40061636B46575F4643435C3372645F706191
:10FFE4007274795C6E5246355F53444B5F31365CB4
:0CFFF400636F6D706F6E656E74735C6CF3
:020000023000CC
:1000000069627261726965735C74696D65725C6165
:1000100070705F74696D6572322E630001000600B6
:10002000433A5C55736572735C507572766573689C
:100030005C446F63756D656E74735C476974487575
:10004000625C547261636B46575F4643435C337234
:10005000645F70617274795C6E5246355F53444BD5
:100060005F31365C636F6D706F6E656E74735C6C60
:1000700069627261726965735C7574696C5C6170E8
:10008000705F7574696C5F706C6174666F726D2EF1
:10009000630000002E2E2F3372645F7061727479DA
:1000A0002F6E5246355F53444B5F31362F696E7465
:1000B0006567726174696F6E2F6E7266782F6E72EB
:1000C00066785F676C75652E680000002E2E2F33F2
:1000D00072645F70617274792F6E5246355F53445B
:1000E0004B5F31362F6D6F64756C65732F6E726662
:1000F000782F68616C2F6E72665F7274632E680071
:10010000433A5C55736572735C50757276657368BB
:100110005C446F63756D656E74735C476974487594
:10012000625C547261636B46575F4643435C337253
:10013000645F70617274795C6E5246355F53444BF4
:100140005F31365C636F6D706F6E656E74735C6C7F
:1001500069627261726965735C74696D65725C6411
:1001600072765F7274632E6300000000000000006E
:100170000338FDD8704700002E2E2F3372645F7055
:10018000617274792F6E5246355F53444B5F31363E
:100190002F636F6D706F6E656E74732F6C69627212
:1001A00061726965732F6578706572696D656E74CB
:1001B000616C5F73656374696F6E5F766172732FD4
:1001C0006E72665F73656374696F6E5F6974657282
:1001D0002E6800002E2E2F3372645F706172747966
:1001E0002F6E5246355F53444B5F31362F636F6D30
:1001F000706F6E656E74732F6C696272617269657F
:10020000732F6D757465782F6E72665F6D74782EBE
:1002100068000000433A5C55736572735C507572F8
:10022000766573685C446F63756D656E74735C4767
:1002300069744875625C547261636B46575F4643EC
:10024000435C3372645F70617274795C6E524635E0
:100250005F53444B5F31365C636F6D706F6E656EDC
:1002600074735C6C69627261726965735C707772D9
:100270005F6D676D745C6E72665F7077725F6D67DD
:100280006D742E630000000084FF020088FF0200EE
:1002900004000000433A5C55736572735C507572DC
:1002A000766573685C446F63756D656E74735C47E7
:1002B00069744875625C547261636B46575F46436C
:1002C000435C3372645F70617274795C6E52463560
:1002D0005F53444B5F31365C636F6D706F6E656E5C
:1002E00074735C6C69627261726965735C65787065
:1002F0006572696D656E74616C5F73656374696F57
:100300006E5F766172735C6E72665F73656374694B
:100310006F6E5F697465722E63000000433A5C552E
:10032000736572735C507572766573685C446F6355
:10033000756D656E74735C4769744875625C547260
:1003400061636B46575F4643435C3372645F706121
:100350007274795C6E5246355F53444B5F31365C44
:10036000636F6D706F6E656E74735C6C69627261E1
:10037000726965735C736F72746C6973745C6E72AE
:10038000665F736F72746C6973742E630000000093
:10039000433A5C55736572735C5075727665736829
:1003A0005C446F63756D656E74735C476974487502
:1003B000625C547261636B46575F4643435C3372C1
:1003C000645F70617274795C6E5246355F53444B62
:1003D0005F31365C696E746567726174696F6E5CFB
:1003E0006E7266785C6C65676163795C6E72665F7D
:1003F0006472765F636C6F636B2E6300FFFFFFFFB9
:100400000002FF0000000040000000002E2E2F33ED
:1004100072645F70617274792F6E5246355F534417
:100420004B5F31362F696E746567726174696F6EE8
:100430002F6E7266782F6E7266785F676C75652EA8
:1004400068000000433A5C55736572735C507572C6
:10045000766573685C446F63756D656E74735C4735
:1004600069744875625C547261636B46575F4643BA
:10047000435C3372645F70617274795C6E524635AE
:100480005F53444B5F31365C6D6F64756C65735CB4
:100490006E7266785C647269766572735C7372639F
:1004A0005C6E7266785F636C6F636B2E6300000036
:1004B0002E2E2F3372645F70617274792F6E5246E4
:1004C000355F53444B5F31362F696E7465677261D7
:1004D00074696F6E2F6E7266782F6E7266785F67C2
:1004E0006C75652E680000002E2E2F3372645F70CD
:1004F000617274792F6E5246355F53444B5F3136CB
:100500002F6D6F64756C65732F6E7266782F6861DE
:100510006C2F6E72665F6770696F2E680000000056
:10052000433A5C55736572735C5075727665736897
:100530005C446F63756D656E74735C476974487570
:10054000625C547261636B46575F4643435C33722F
:10055000645F70617274795C6E5246355F53444BD0
:100560005F31365C6D6F64756C65735C6E72667856
:100570005C647269766572735C7372635C6E7266DA
:10058000785F6770696F74652E630000433A5C554D
:10059000736572735C507572766573685C446F63E3
:1005A000756D656E74735C4769744875625C5472EE
:1005B00061636B46575F4643435C3372645F7061AF
:1005C0007274795C6E5246355F53444B5F31365CD2
:1005D0006D6F64756C65735C6E7266785C6472696D
:1005E000766572735C7372635C7072735C6E726654
:1005F000785F7072732E63002E2E2F3372645F70DB
:10060000617274792F6E5246355F53444B5F3136B9
:100610002F696E746567726174696F6E2F6E726692
:10062000782F6E7266785F676C75652E68000000C3
:100630002E2E2F3372645F70617274792F6E524662
:10064000355F53444B5F31362F6D6F64756C657346
:100650002F6E7266782F68616C2F6E72665F67709E
:10066000696F2E6800000000433A5C557365727331
:100670005C507572766573685C446F63756D656E0A
:1006800074735C4769744875625C547261636B464D
:10069000575F4643435C3372645F70617274795C88
:1006A0006E5246355F53444B5F31365C6D6F6475F7
:1006B0006C65735C6E7266785C6472697665727381
:1006C0005C7372635C6E7266785F7370696D2E63C3
:1006D00000000000E5A002002E2E2F3372645F7030
:1006E000617274792F6E5246355F53444B5F3136D9
:1006F0002F696E746567726174696F6E2F6E7266B2
:10070000782F6E7266785F676C75652E68000000E2
:100710002E2E2F3372645F70617274792F6E524681
:10072000355F53444B5F31362F6D6F64756C657365
:100730002F6E7266782F68616C2F6E72665F6770BD
:10074000696F2E6800000000433A5C557365727350
:100750005C507572766573685C446F63756D656E29
:1007600074735C4769744875625C547261636B466C
:10077000575F4643435C3372645F70617274795CA7
:100780006E5246355F53444B5F31365C6D6F647516
:100790006C65735C6E7266785C64726976657273A0
:1007A0005C7372635C6E7266785F7477696D2E63DA
:1007B0000000000000000000000000000000000039
:1007C0000338FDD8704700002E2E2F3372645F70FF
:1007D000617274792F6E5246355F53444B5F3136E8
:1007E0002F6D6F64756C65732F6E7266782F6861FC
:1007F0006C2F6E72665F6770696F2E680000000074
:100800004E52465F5057525F4D474D545F455654C8
:100810005F505245504152455F5359534F46460031
:100820004E52465F5057525F4D474D545F455654A8
:100830005F505245504152455F57414B455550001E
:10084000456E746572696E67204446552C20796F39
:1008500075206D6179206861766520746F20666906
:1008600078207468697320636F6465004E52465F38
:100870005057525F4D474D545F4556545F50524557
:10088000504152455F52455345540000433A5C5530
:10089000736572735C507572766573685C446F63E0
:1008A000756D656E74735C4769744875625C5472EB
:1008B00061636B46575F4643435C6663635F6A618F
:1008C00064655F6672657175656E63795F686F7088
:1008D00070696E675C6D61696E2E637070000000F8
:1008E0000A46524F4D3A20253032783A2530327838
:1008F0003A253032783A253032783A253032783A13
:10090000253032782025640A000000005273736994
:100910003A25640A00000000424154543A25660A10
:1009200000000000736B69707065642073656E640D
:10093000696E672025640A004E6F74696669656494
:1009400020776974682041434B0A0000536F667436
:10095000646576696365206173736572746564218B
:100960000A0000000A526563656976656420646167
:100970007461202825642062797465732920667269
:100980006F6D20424C45204E55533A200000000028
:10099000253032583A0000000A000000434F4E460E
:1009A00049475F44555400007564206661696C0ACC
:1009B000000000007564206D656D6F7279206661BE
:1009C000696C0A0044617461206C656E2069732053
:1009D00073657420746F2030782558282564290A9F
:1009E00000000000415454204D5455206578636840
:1009F000616E676520636F6D706C657465642E2031
:100A000063656E7472616C20307825782070657231
:100A10006970686572616C20307825780A00000082
:100A200055445F53746172742E2E2E210A0000000B
:100A30001B5B33326D4C6F526120526164696F20D1
:100A400053656C65637465640A1B5B306D00000060
:100A50001B5B33346D424C4520526164696F2053F7
:100A6000656C65637465640A1B5B306D0000000093
:100A70001B5B33326D4C6F526120526164696F2091
:100A80005472616E736D69740A1B5B306D000000F7
:100A90001B5B33346D424C4520526164696F2054B6
:100AA00072616E736D69740A1B5B306D000000002B
:100AB0001B5B33336D424C452F4C6F5261205261AA
:100AC00064696F20536C6565700A1B5B306D0000B4
:100AD0001B5B33326D4C6F526120496E74657276C8
:100AE000616C20526164696F207265636569766527
:100AF0000A1B5B306D0000001B5B33356D2D2D2D07
:100B00002D2D2D2D7363616E4475726174696F6E46
:100B10003A2025640A1B5B306D0000001B5B3334F8
:100B20006D424C4520526164696F205363616E0AC7
:100B30001B5B306D00000000446F206E6F74206DF1
:100B40006561737572652074656D70657261747529
:100B500072650A005273736954483A253032582C32
:100B60002042617474563A253032580A0000000061
:100B70006D696C6C69732025640A0000706F77657D
:100B800072206D676D742D3E20656E7472696E679C
:100B90000A000000706F776572206D676D742D3EDE
:100BA0002065786974696E670A0000004F54413A05
:100BB0002025640A0000000061647654696D653A7E
:100BC0002025640A00000000626C6574786C65760C
:100BD000656C2864293A2025640A00006C6F7261F4
:100BE00074786C6576656C2864293A2025640A005F
:100BF000736C65657054696D653A2025640A000060
:100C00007363616E4475726174696F6E3A20256416
:100C10000A0000004D4F44453A2025640A000000B8
:100C20001B5B33346D6368616E6E656C3A202564BE
:100C30000A1B5B306D0000001B5B33326D63686123
:100C40006E6E656C3A2025640A1B5B306D000000F7
:100C5000526164696F3A2025640A00004D414320C7
:100C60003D20253032583A253032583A2530325816
:100C70003A253032583A253032583A253032580029
:100C800025730A005363616E3A2025640941647636
:100C90003A20256409536C6565703A2025640A0082
:100CA0006E524625782056617269616E743A20252D
:100CB000632563256325630A000000007061636B90
:100CC0006167653A2025780A00000000446576498E
:100CD000443A20257825780A000000001B5B333257
:100CE0006D4C6F52612035207365636F6E642043D5
:100CF00057205472616E736D69740A1B5B306D000E
:100D00001B5B33326D4C6F526120436F6E74696EA2
:100D1000756F7573204357205472616E736D6974DB
:100D20000A1B5B306D000000FFFFFFFF02FF0000A9
:100D300000000040000000004C6F526120726164AE
:100D4000696F20696E6974206661696C65640A0068
:100D5000545820706F776572206368616E676564B0
:100D600020746F3A2025640A000000001B5B3332B8
:100D70006D4C6F526120436F6E74696E756F757341
:100D8000205472616E736D69740A1B5B306D0000D4
:100D900069643D25732D2D2D2D2D68656C6C6F00BC
:100DA0001B5B33326D4C6F526120496E74657276F5
:100DB000616C205472616E736D69740A1B5B306DD7
:100DC000000000001B5B33326D4C6F526120496E96
:100DD00074657276616C205472616E736D697431E2
:100DE0000A1B5B306D0000001B5B33326D4C6F5291
:100DF0006120436F6E74696E756F75732052656301
:100E0000656976650A1B5B306D0000001B5B333241
:100E10006D4C6F526120496E74657276616C205220
:100E20006563656976650A1B5B306D002D2D2D2D80
:100E30003E2046696E616C20544D5031313720544C
:100E4000656D70203D2025332E32662025430A0033
:100E50004C6F526120726164696F20696E69742001
:100E6000737563636573730A0000000066726571D1
:100E70003A2025640A0000007077723A2025640A3F
:100E80000000000048656C6C6F20576F726C642C1A
:100E90002054686973206973204C6F7261204D6F14
:100EA00064756C6174656420436172726965722057
:100EB000576176650A0D0000B02E0020D02E00206C
:100EC00000000000003000400000000001000000B1
:100ED0005465726D696E616C0000000052545400DC
:100EE0005345474745520000433A5C55736572735A
:100EF0005C507572766573685C446F63756D656E82
:100F000074735C4769744875625C547261636B46C4
:100F1000575F4643435C3372645F70617274795CFF
:100F20006E5246355F53444B5F31365C636F6D7074
:100F30006F6E656E74735C626C655C636F6D6D6F14
:100F40006E5C626C655F636F6E6E5F737461746517
:100F50002E6300002E2E2F3372645F7061727479DD
:100F60002F6E5246355F53444B5F31362F636F6DA2
:100F7000706F6E656E74732F6C69627261726965F1
:100F8000732F6578706572696D656E74616C5F73DF
:100F9000656374696F6E5F766172732F6E72665FE0
:100FA00073656374696F6E5F697465722E680000A3
:100FB000433A5C55736572735C50757276657368FD
:100FC0005C446F63756D656E74735C4769744875D6
:100FD000625C547261636B46575F4643435C337295
:100FE000645F70617274795C6E5246355F53444B36
:100FF0005F31365C636F6D706F6E656E74735C73BA
:101000006F66746465766963655C636F6D6D6F6E42
:101010005C6E72665F7364682E63000001000007F7
:10102000A0FF0200A0FF02000800000088FF0200ED
:1010300090FF02000800000090FF0200A0FF0200E5
:10104000080000002E2E2F3372645F706172747975
:101050002F6E5246355F53444B5F31362F636F6DB1
:10106000706F6E656E74732F6C6962726172696500
:10107000732F6578706572696D656E74616C5F73EE
:10108000656374696F6E5F766172732F6E72665FEF
:1010900073656374696F6E5F697465722E680000B2
:1010A000433A5C55736572735C507572766573680C
:1010B0005C446F63756D656E74735C4769744875E5
:1010C000625C547261636B46575F4643435C3372A4
:1010D000645F70617274795C6E5246355F53444B45
:1010E0005F31365C636F6D706F6E656E74735C73C9
:1010F0006F66746465766963655C636F6D6D6F6E52
:101100005C6E72665F7364685F626C652E6300007C
:1011100044FF020084FF0200080000002E2E2F333F
:1011200072645F70617274792F6E5246355F5344FA
:101130004B5F31362F636F6D706F6E656E74732FFA
:101140006C69627261726965732F65787065726926
:101150006D656E74616C5F73656374696F6E5F76E5
:101160006172732F6E72665F73656374696F6E5F11
:10117000697465722E680000433A5C55736572733A
:101180005C507572766573685C446F63756D656EEF
:1011900074735C4769744875625C547261636B4632
:1011A000575F4643435C3372645F70617274795C6D
:1011B0006E5246355F53444B5F31365C636F6D70E2
:1011C0006F6E656E74735C736F6674646576696365
:1011D000655C636F6D6D6F6E5C6E72665F73646885
:1011E0005F736F632E6300003CFF020044FF020048
:1011F00008000000000000000000000000000000E7
:101200000338FDD870470000727404927404489447
:101210000478B40478C40C003173742073706920AE
:101220007772697465206661696C65642C206469F5
:1012300064206E6F74207075742063686970206913
:101240006E746F20736C65657020616E64204C4F06
:101250005241206D6F64650A000000002D2D2D2D78
:101260002D2D2D2D2D2D2D4C6F5261204D6F646530
:101270003A2025640A0000004572726F723A2064B9
:1012800069646E277420676F20696E746F204C6FDD
:101290007261206D6F64650A000000004C6F72611E
:1012A00020696E20736C656570206D6F64650A003F
:1012B0004C6F726120696E205374616E6462790AAA
:1012C000000000006770696F746520696E20696EA8
:1012D0006974206661696C656420666F72204C6F6A
:1012E0007261205350490A0053657420545820619C
:1012F00064647265737320746F2030206661696C5A
:1013000065640A00536574205278206164726573C5
:101310007320746F2030206661696C65640A000078
:10132000496E697469616C20547820706F776572BA
:101330003A2032330A000000526563656976652001
:101340006572726F7220253032780A00547820441A
:101350006F6E650A00000000746F6F2073686F7213
:10136000740A0000667265712031206661696C0A3A
:1013700000000000667265712032206661696C0AA7
:1013800000000000667265712033206661696C0A96
:10139000000000004C6F7261206672657175656EA9
:1013A00063792073657420746F2025660A0000003D
:1013B000535049207374616E646279206661696C70
:1013C0000A0000004661696C656420746F207374C4
:1013D00061727420636F6E74696E756F75732072BD
:1013E0006561640A000000004661696C65642074F0
:1013F0006F20736574206D617070696E670A0000FC
:101400004661696C656420746F207365742054783C
:1014100020446F6E652044494F30206D61707069C3
:101420006E670A006D6F64656D2031206661696CBE
:101430000A0000006D6F64656D2032206661696C82
:101440000A0000006D6F64656D2033206661696C71
:101450000A0000009A99F940666626419A997941F6
:101460006666A6410000FA41CDCC264200007A42D1
:101470000000FA4200007A430000FA430000000036
:101480000000000059DE0200C5DF02002BE202006E
:1014900030313233343536373839616263646566EA
:1014A000303132333435363738394142434445469A
:1014B00021000000000020410000C84200401C46FE
:1014C00020BCBE4CCA1B0E5AAEC59D74286E756CEE
:1014D0006C2900002D494E46000000002D696E6603
:1014E000000000002B494E46000000002B696E668C
:1014F000000000004E414E006E616E0000000000D2
:1015000001000000000000000A00000000000000D0
:101510006400000000000000E8030000000000007C
:101520001027000000000000A0860100000000005D
:1015300040420F000000000080969800000000006C
:1015400000E1F5050000000000CA9A3B0000000021
:1015500000E40B540200000000E876481700000089
:101560000010A5D4E800000000A0724E1809000089
:1015700000407A10F35A00000080C6A47E8D03005C
:101580000000C16FF286230000008A5D7845630188
:10159000000064A7B3B6E00D0000E8890423C78A01
:1015A00000100140110004000090D00393030000DC
:1015B000590000004954010054300020010004008B
:1015C000000000000000000000000000000000001B
:1015D00000000000F02A002000000000FFFF0000D3
:1015E0006400000000010000000000000000000096
:1015F00000000000B43400201F0000001F000000A5
:041600003C000000AA
:040000032000635D19
:00000001FF
