:020000022000DC
:10700000000004205D730200B9730200BB7302002C
:10701000BD730200BF730200C173020000000000D4
:10702000000000000000000000000000C373020028
:10703000C573020000000000C7730200C97302009C
:107040000DA00200CB73020029A8020005AE0200C9
:1070500015CB0200CB73020041A50200CB730200E6
:10706000CB730200CB730200CB730200CB73020020
:10707000CB730200CB730200CB730200CB73020010
:10708000CB730200118B0200CB730200CB730200A2
:10709000CB730200CB730200991F0300CB73020075
:1070A000CB730200CB730200CB730200CB730200E0
:1070B000CB730200CB730200000000000000000050
:1070C000CB730200CB730200CB730200CB730200C0
:1070D000CB730200CB730200CB73020000000000F0
:1070E00000000000000000000000000000000000A0
:1070F0000000000000000000000000000000000090
:10710000000000000000000000000000000000007F
:10711000000000000000000000000000000000006F
:10712000000000000000000000000000000000005F
:10713000000000000000000000000000000000004F
:10714000000000000000000000000000000000003F
:10715000000000000000000000000000000000002F
:10716000000000000000000000000000000000001F
:10717000000000000000000000000000000000000F
:1071800000000000000000000000000000000000FF
:1071900000000000000000000000000000000000EF
:1071A00000000000000000000000000000000000DF
:1071B00000000000000000000000000000000000CF
:1071C00000000000000000000000000000000000BF
:1071D00000000000000000000000000000000000AF
:1071E000000000000000000000000000000000009F
:1071F000000000000000000000000000000000008F
:10720000354936480A1A02D0072291438D4634493F
:1072100034480A1A06D00722914381F309880222D2
:1072200082F3148830483149314A00F044F831483B
:107230003149324A00F03FF831483249324A00F0D1
:107240003AF832483249334A00F035F83248334987
:10725000334A00F030F833483349344A00F02BF811
:1072600033483449344A00F026F83448344900227F
:1072700000F02CF833483449002200F027F8334856
:107280003349091A082902DB002202604160314AB1
:1072900090471F481F49884205D00268043003B454
:1072A000904703BCF7E700208646EC46002000210B
:1072B000294A9047FEE7884207D0521A05D0037842
:1072C00001300B700131013AF9D17047884202D088
:1072D00002700130FAE770470000042000E003204C
:1072E0000000042000000420B860030000330020E8
:1072F000BC330020D0730200D07302008C3F030027
:10730000B86003000033002000330020F03F03008A
:10731000F03F0300F43F0300F03F0300F03F0300A1
:10732000F03F0300F43F0300F43F0300B8600300A4
:1073300074610300BC330020BC330020BC33002048
:107340004051002040510020445100204451002071
:1073500044710020857302002DE6020000F036B86B
:107360000F484FF00701884385460E4880470E4876
:10737000016841F470010160BFF34F8FBFF36F8F5D
:10738000FFF73EBF09480A490A4A884207D0521A05
:1073900005D0037801300B700131013AF9D1704703
:1073A00000000420A591020088ED00E0F03F0300FA
:1073B0000033002000330020FEE7FEE7FEE7FEE793
:1073C000FEE7FEE7FEE7FEE7FEE7FEE7FFF7C8BFE2
:1073D000004870473851002086B003900291019216
:1073E00001238DF817309DF81730214A039B136055
:1073F0001F4A029B53601E4A019B9360039B44F209
:107400000102934213D0039B44F20202934221D122
:10741000019B174AD360164BDB681B881A46144B36
:107420009A61134BDB685B68114AD36112E0019BE0
:107430000F4A13610E4B1B699B680D4A53610C4B3D
:107440001B691B680A4A9361094B1B695B68084A00
:10745000D36100BF72B600BF00BF9DF81730DBB22A
:10746000002BFAD162B600BF00BF06B0704700BF64
:10747000BC33002000B583B002900091019244F229
:10748000010071466A4600F003F803B000BD00BF7A
:1074900000B587B003900291019272B600BF039BC2
:1074A00044F20202934217D0039B44F20202934239
:1074B00018D8039B44F20102934210D0039B44F27C
:1074C000010293420ED8039B012B0DD0039B41F286
:1074D000010293420AD005E0019B059307E0019B5E
:1074E000049304E000BF02E000BF00E000BF084BCF
:1074F0001B6803F00103002B00D000BE019A029923
:107500000398FFF769FF00BF07B05DF804FB00BFF9
:10751000F0ED00E084B00190019B9B680393019B18
:10752000DA68039BD31A184604B0704782B0019002
:107530000B468DF80330019B1A68019BDB680199AB
:1075400089880B4013449DF803201A70019BDB6867
:107550005A1C019BDA6000BF02B0704784B00390F0
:107560000B460192ADF80A30039B1A68039B996899
:10757000BDF80A300B44039989880B4013441A78EC
:10758000019B1A7000BF04B0704700B583B0019032
:107590000091009A00210198FFF7E0FF019B9B6892
:1075A0005A1C019B9A6000BF03B05DF804FB84B0D5
:1075B000039002911346ADF80630029B002B01D1D7
:1075C0000E231DE0BDF80630002B07D0BDF80630B5
:1075D0005A1EBDF806301340002B01D009230FE0DE
:1075E000039B029A1A60BDF80630013B9AB2039BD6
:1075F0009A80039B00229A60039B0022DA6000239A
:10760000184604B0704700B583B001900B468DF862
:1076100003300198FFF77EFF0246019B9B889A4248
:1076200007D89DF8033019460198FFF77FFF002324
:1076300000E00423184603B05DF804FB00B583B0F6
:10764000019000910198FFF765FF0346002B05D0DC
:1076500000990198FFF799FF002300E005231846E1
:1076600003B05DF804FB82B00190019BDA68019BD6
:107670009A600023184602B070470000F0B583B04E
:10768000124801F02BFA034618464FF00001104B48
:10769000D3E90023861841EB0307CDE900670D4BC2
:1076A000D3E90023DDE90001994208BF904207D2E7
:1076B000DDE9002312F1807443F10005CDE90045B6
:1076C000DDE900231046194603B0F0BD0033002069
:1076D000E8330020F033002088B001900091019B36
:1076E0000793009B0693079BD3E90223CDE904236C
:1076F000069BD3E90223CDE90223DDE90423DDE97A
:107700000201994208BF90422CBF01230023DBB243
:10771000184608B07047000030B585B00190019B55
:107720005B69002B03D12B49A22005F007FE002343
:107730008DF80F30284B1B78002B45D0019B002B78
:1077400042D0019B1B7FDBB2002B3DD0FFF796FFA1
:10775000019BD3E90223994208BF90422CD3019B9D
:107760001B69002B02D1019B00221A77019B5B69E8
:10777000019A926910469847019B1B69002B23D000
:10778000019B1B7FDBB2002B1ED0019BD3E90201C2
:10779000019B1B691A464FF00003841841EB030557
:1077A000019BC3E90245019B19460C4801F034FCDA
:1077B00001238DF80F3007E0019B1946074801F0BF
:1077C0002BFC01238DF80F309DF80F30184605B0C3
:1077D00030BD00BF00400300E0330020F43F030051
:1077E000F0B589B0019000910D230793009B002212
:1077F0001A70019BD3E90245FFF740FF02460B4692
:10780000A61A65EB0307CDE90467DDE90423012A25
:1078100073F100031BDB049BB3F5350F05D300F0B8
:10782000B7FA0246154B134403E0019BD3E9022348
:10783000134603934FF49603039A0021104801F076
:107840004FF80790079B002B05D1012313E000217F
:107850000B4801F01DF9079B0D2B07D10198FFF78D
:107860005BFF03461A46009B1A7003E00549F520AA
:1078700005F064FD0023184609B0F0BDFFFFB40019
:10788000003300200040030000B583B0044801F03D
:10789000FDFB0190019B184603B05DF804FB00BF9F
:1078A000F43F030000B583B0044801F011FC0190DF
:1078B000019B184603B05DF804FB00BFF43F0300D2
:1078C00000B583B0FFF7E0FF0190019B002B02D0D1
:1078D000019B00221A77019B002BF3D100BF00BF50
:1078E00003B05DF804FB0000054BD3E9002312F15F
:1078F000807043F10001024BC3E9000100BF7047F3
:10790000E833002000B583B00190134B1B68002BB7
:107910001DD0019801F0E2F80F4B1B68D3E9022358
:10792000134623F07F43194600F026FA0346B3F5C9
:10793000960F04D309494FF4957005F0FFFC064BF0
:107940001B681846FFF7E8FE034B00221A6000BFD1
:1079500003B05DF804FB00BFDC33002000400300EF
:1079600000B583B00190FFF789FE02460B4603493C
:10797000C1E9002300BF03B05DF804FBF033002031
:1079800000B587B00190FFF78DFF049000238DF8BC
:107990001730049B002B48D02B4B1B68002B03D1C6
:1079A00001238DF8173019E0049BD3E90201264B1F
:1079B0001B68D3E90223994208BF90420ED20123EB
:1079C0008DF81730204B1B681B7FDBB2002B05D0D6
:1079D0001D4B1B6819461D4801F01EFB9DF8173012
:1079E000002B2AD0FFF750FF04900DF10F0319462A
:1079F0000498FFF7F5FE0346002B12D0124B1B68CC
:107A0000002B02D1019800F077FE0F4A049B13600F
:107A10009DF80F3083F00103DBB2002BB3D000BF21
:107A20000EE0094B00221A60ADE7074B1B68002BE4
:107A300005D1019800F076FE01E000BF00E000BF34
:107A400000BF07B05DF804FBDC330020F43F030007
:107A500000B587B001902C4A03AB1946104601F0DF
:107A60003AF9059048E0059B1B78022B2ED0022B9B
:107A700032DC002B02D0012B14D02DE0059B5B687B
:107A80001B7FDBB283F00103DBB2002B26D0059B0A
:107A90005B6801221A77059B5B6819461B4801F059
:107AA000BBFA1BE0059B5A68194B1B689A4203D12D
:107AB000174B00221A6012E0059B5B6819461348B9
:107AC00001F01AFB03468DF8133008E0FFF7F8FECB
:107AD000104B01221A7002E000BF00E000BF0A4A0A
:107AE00003AB1946104601F00FF9074A03AB1946DC
:107AF000104601F0F0F80590059B002BB3D100BFB4
:107B000000BF07B05DF804FB50340020F43F0300D1
:107B1000DC330020E033002000B583B001900198F1
:107B200000F0A9FF0346002B01D0FFF7DDFE002186
:107B3000019800F0BEFF0346002B02D00198FFF72A
:107B4000E1FE0121019800F0B4FF0346002B02D0B2
:107B50000198FFF705FF0198FFF77AFF0198FFF7FB
:107B60000FFF00BF03B05DF804FB000008B502483A
:107B700000F0C1FF00BF08BD0033002000B585B094
:107B8000034600918DF80730114A02AB19461046A2
:107B900001F074F80390039B002B13D0039B9DF816
:107BA00007201A70039B009A5A60094A02AB1946D3
:107BB000104601F07CF80346002B01D0FFF7D6FFFA
:107BC000002300E00423184605B05DF804FB00BF65
:107BD0005034002000B583B0164B1B680093164844
:107BE00008235822154901F016F80190019B002B3B
:107BF00001D0019B19E06B46114A1946114800F06B
:107C00001BFD0190019B002B01D0019B0DE0012188
:107C10000C4800F01FFF01230B4A0121094800F026
:107C200097FD0A4B01221A70019B184603B05DF8BC
:107C300004FB00BF6C40030050340020F8330020E8
:107C4000197B020000330020FFFF7F00E03300209B
:107C500000B587B003900B4601928DF80B30039B63
:107C6000002B04D1134940F22E2005F067FB019B45
:107C7000002B04D10F4940F22F2005F05FFB019B40
:107C8000002B01D1072310E0039B1B680593059B84
:107C9000019A5A619DF80B30012B0CBF0123002380
:107CA000DBB21A46059B1A610023184607B05DF83F
:107CB00004FB00BF0040030030B587B00390029181
:107CC0000192039B002B04D1154940F23E2005F0A0
:107CD00035FB039B0593059B1B7FDBB2002B01D07B
:107CE00000231AE0059B019A9A61FFF7C7FC029BEB
:107CF0001A464FF00003841841EB0305059BC3E9C6
:107D00000245059B1B69002B02D0059B029A1A6154
:107D100005990020FFF732FF0346184607B030BD33
:107D20000040030000B585B00190019B002B04D1F9
:107D300009494FF4157005F001FB019B0393039B68
:107D400000221A7703990120FFF718FF034618460F
:107D500005B05DF804FB00BF0040030008B5054B0B
:107D600000221A7000210220FFF708FF0346184680
:107D700008BD00BFE033002082B001900091019A5D
:107D8000009BD31A23F07F43184602B070470000CF
:107D900008B5034800F0A2FE0346184608BD00BF20
:107DA0000033002000B587B00390029113468DF890
:107DB000073000230593039B1B781A46114B9B5CED
:107DC000002B09D0039B04339DF807200299184625
:107DD00004F088F905900FE0039B1B781A46094BC5
:107DE0009B5C002B08D1039B0C339DF80720029964
:107DF000184603F03BFB0590059B184607B05DF85D
:107E000004FB00BFDC34002000B585B001900023E6
:107E10008DF80F30019B1B781A46114B9B5C002B91
:107E200008D0019B0433184604F01CFA03468DF871
:107E30000F300EE0019B1B781A46094B9B5C002B10
:107E400007D1019B0C33184603F098FB03468DF8CD
:107E50000F309DF80F30184605B05DF804FB00BFE9
:107E6000DC34002000B587B00390029113468DF8F2
:107E7000073000230593039B1B781A46114B9B5C2C
:107E8000002B09D0039B04339DF807200299184664
:107E900004F000FA05900FE0039B1B781A46094B8B
:107EA0009B5C002B08D1039B0C339DF807200299A3
:107EB000184603F0BBFB0590059B184607B05DF81C
:107EC00004FB00BFDC34002084B00190019B9B6860
:107ED0000393019BDA68039BD31A184604B07047DA
:107EE00000B587B001900091019B1B78022B45D013
:107EF000022B6ADC002B52D0012B66D1019B1B7A2E
:107F0000002B05D1012233493348FFF7ABFF5DE079
:107F1000019B5B681B7819463048FFF774FB05909E
:107F2000059B002B0AD001238DF80C30059B049390
:107F30002B4B1B6803AA104698470DE02748FFF714
:107F4000C3FF0346002B07D000238DF80C30244BD1
:107F50001B6803AA104698472048FFF7B5FF034661
:107F60001E4A9288934205D801221A491A48FFF7FF
:107F700079FF2BE01B4B01221A7027E002238DF8BA
:107F80000C30019BDB680493012212491248FFF771
:107F900069FF134B1B6803AA1046984716E0124965
:107FA0001248FFF74BFB0346002B05D101220E4977
:107FB0000948FFF7F7FE09E003238DF80C30084B62
:107FC0001B6803AA1046984700E000BF00BF07B037
:107FD0005DF804FB6C34002008330020703400206E
:107FE000643400206D340020683400208034002088
:107FF00030B591B00390029101928DF803303C4A64
:10800000019B1360029B002B01D107236DE0029BB3
:108010001968029B5B689BB21A463648FFF7C7FA9D
:108020000F900F9B0E930E9B002B01D00E9B5CE0DC
:10803000029B9968029BDB689BB21A462E48FFF7A9
:10804000B6FA0F900F9B0D930D9B002B01D00D9B4B
:108050004BE02A4B04AC1D460FCD0FC495E80F0032
:1080600084E80F00039B5B690A93039B1B7C002B36
:1080700014BF01230023DBB28DF824309DF80330B8
:108080008DF82C30039B5B7C002B01D00E2300E08D
:1080900000238DF82530039BDB680693039B9B68C8
:1080A0000793039B1B680593039B5B68049304ABD6
:1080B000134A1946134801F09DFD0F900F9B0C9336
:1080C0000C9B002B01D00C9B0FE00F4B00221A7071
:1080D000039B1B68B3F1FF3F06D001220B490948FF
:1080E000FFF7C0FE034600E00023184611B030BD84
:1080F000643400207034002080340020704003007D
:10810000E17E0200083300206D3400206C34002032
:1081100000B585B00D48FFF7A6FA0390039B0293C4
:10812000029B002B01D0029B0BE00948FFF79BFA52
:108130000390039B0193019B002B01D0019B00E066
:108140000023184605B05DF804FB00BF7034002022
:108150008034002000B587B00190019B002B03D133
:108160001449CA2005F0EAF8134B1B788DF8173034
:1081700001991248FFF762FA04909DF81730002B1E
:1081800012D00D4B00221A7001220D490D48FFF745
:1081900069FE0390039B0293029B002B04D0054AC7
:1081A000D6210298FFF766F9049B184607B05DF8E0
:1081B00004FB00BF904003006D34002070340020A9
:1081C0006C3400200833002000B585B003468DF8DC
:1081D00007309DF8073019461048FFF714FA03904E
:1081E000039B002B15D10E48FFF70EFE034683F0CC
:1081F0000103DBB2002B0CD00A490848FFF71EFA36
:108200000346002B05D1012206490548FFF7CAFDA8
:108210000390039B184605B05DF804FB80340020F2
:10822000083300206834002008B50348FFF74CFEEF
:108230000346184608BD00BF7034002082B0EFF33B
:1082400010830093009B019372B600BF019B1846F8
:1082500002B0704762B600BF00BF704700B585B07E
:108260000190FFF7EBFF0390164B9B68002B1BD18F
:10827000144B01229A60144BD3F88020134B134007
:10828000104A1360104B114AC3F880200E4BD3F8EC
:1082900084300C4A53600C4B4FF0FF32C3F88420FB
:1082A000019B00221A7002E0019B01221A70039BBD
:1082B000002B01D1FFF7CEFF0023184605B05DF873
:1082C00004FB00BF9034002000E100E0FC06FFBD8D
:1082D00000B585B003468DF80730104B9B68002B26
:1082E00016D09DF80730002B12D1FFF7A7FF03909F
:1082F0000B4A0A4B1B681360094A084B5B685360C2
:10830000064B00229A60039B002B01D1FFF7A2FFCE
:108310000023184605B05DF804FB00BF9034002030
:1083200000E100E000B583B0019000F02BF80346B7
:10833000012B03D00549432005F000F80198FFF711
:108340008DFF00BF03B05DF804FB00BF00410300D8
:1083500000B583B003468DF8073000F013F80346EC
:10836000012B03D00649512004F0E8FF9DF80730A7
:108370001846FFF7ADFF00BF03B05DF804FB00BF78
:108380000041030084B0EFF305830193019BC3F325
:1083900008030393039B002B0DD1EFF31483009389
:1083A000009B0293029B03F00103002B0CBF0123EF
:1083B0000023DBB200E00123184604B07047000040
:1083C00082B003468DF807309DF8073003F01F0296
:1083D00005499DF907305B09012000FA02F241F8D6
:1083E000232000BF02B0704700E100E082B00346E6
:1083F0008DF807309DF8073003F01F0206499DF9FC
:1084000007305B09012000FA02F2403341F82320D3
:1084100000BF02B0704700BF00E100E082B0034639
:1084200000918DF807309DF90730002B0CDA009B86
:10843000DAB20C499DF8073003F00F03043B5201F8
:10844000D2B20B441A7609E0009BDAB206499DF9D4
:1084500007305201D2B20B4483F8002300BF02B0B0
:10846000704700BF00ED00E000E100E000B583B020
:1084700003460A468DF8073013468DF806309DF8FE
:108480000630012B03D99DF80630032B0BD99DF83C
:108490000630042B03D99DF80630072B03D9084971
:1084A0006B2004F04BFF9DF806209DF90730114624
:1084B0001846FFF7B3FF00BF03B05DF804FB00BF31
:1084C0007441030000B583B003468DF807309DF971
:1084D00007301846FFF774FF00BF03B05DF804FBD8
:1084E00000B585B00190019B002B0AD0074B43F0EB
:1084F00001030393019B9B010293039B02989847FE
:1085000000E000BF05B05DF804FB00BF504203006F
:1085100084B0039002910192039B029A02F5A87223
:10852000019943F8221000BF04B0704782B0019057
:108530000091019B009A02F5A87253F82230184668
:1085400002B0704782B001900091019B009AC3F87D
:10855000042300BF02B0704782B001900091019BDC
:10856000009AC3F8082300BF02B0704782B00190A0
:108570000B46ADF80230BDF80230019A13441B6877
:10858000184602B0704784B001900B46ADF8023037
:10859000BDF80230019A134400221A60BDF802307F
:1085A000019A13441B680393039B00BF04B07047F8
:1085B00082B00190019BD3F80435184602B0704791
:1085C00000B583B001900091009BB3F5805F04D3A8
:1085D00006494FF4BE7004F0B1FE019B009AC3F847
:1085E000082500BF03B05DF804FB00BFAC410300E9
:1085F00082B001900B468DF803309DF80320019B5B
:1086000013441A460123136000BF02B0704782B0C2
:1086100001900091019B009AC3F8442300BF02B06F
:10862000704782B001900091019B009AC3F84823E3
:1086300000BF02B07047000000B587B00390029100
:108640000192039B002B03D12849552004F076FEAC
:10865000029B002B03D12549562004F06FFE019B9D
:10866000002B03D12149572004F068FE039B5B795E
:1086700019461F4A019B42F82130039B5B791D4A32
:10868000DB0013441B79002B03D008230593059BC3
:1086900027E0039B1A68029B1B8819461046FFF7C8
:1086A0008FFF039B93F90420029B9B781946104689
:1086B000FFF7DCFE039B93F904301846FFF702FF37
:1086C000039B5B790B4ADB00134401221A71039B65
:1086D0005B791946074A039B42F831300023059322
:1086E000059B184607B05DF804FB00BFE04103009E
:1086F0009C340020A034002000B583B00190019B81
:10870000002B03D10649872004F018FE019B1B684B
:1087100000211846FFF76CFF00BF03B05DF804FBB3
:10872000E041030000B583B00190019B002B03D111
:1087300006498D2004F002FE019B1B6804211846A7
:10874000FFF756FF00BF03B05DF804FBE0410300F4
:1087500000B587B00390029101928DF80330039B1E
:10876000002B03D12149962004F0E8FD4FF480321C
:10877000029B02FA03F30593029B50339BB29B00CA
:10878000ADF81230019B23F07F430193039B1B68DC
:1087900005991846FFF7E0FE039B1B6805991846EC
:1087A000FFF73FFF039B1B68BDF8122011461846D8
:1087B000FFF7E9FE039B1B68019A02991846FFF731
:1087C000A7FE039B1B6805991846FFF720FF9DF83D
:1087D0000330002B05D0039B1B6805991846FFF753
:1087E000B1FE00BF07B05DF804FB00BFE04103002D
:1087F00000B585B00390029113468DF80730039BB6
:10880000002B03D10B49A92004F098FD039B1B68A2
:1088100002991846FFF7FBFE9DF80730002B05D0A4
:10882000039B1B6802991846FFF78CFE00BF05B03A
:108830005DF804FBE041030000B583B001900091B6
:10884000019B002B03D10A49B32004F077FD019B63
:108850001B6800991846FFF7E4FE019B1B6800990E
:108860001846FFF779FE00BF03B05DF804FB00BFB8
:10887000E041030000B583B001900B46ADF8023033
:10888000019B002B03D10F49BA2004F057FD019B37
:108890001B68BDF8022011461846FFF767FE034625
:1088A000002B09D0019B1B68BDF802201146184619
:1088B000FFF769FE012300E00023184603B05DF8CE
:1088C00004FB00BFE041030082B001900091019AD7
:1088D000009BD31A23F07F43184602B07047000074
:1088E00000B58BB00390029101920093039B002B83
:1088F00003D15749CD2004F021FD4FF48032029B73
:1089000002FA03F30993029B50339BB29B00ADF82C
:108910002230019B23F07F43019309990398FFF7CD
:108920008BFF039B1B681846FFF742FE0790039BD3
:108930001B6802991846FFF7F9FD0690039B1B6818
:10894000079A02991846FFF7E3FD039B1B68BDF8E1
:10895000222011461846FFF716FE07990698FFF7E2
:10896000B3FF0346012B0AD11020FFF7B9FD039B8B
:108970001B68BDF8222011461846FFF704FE039B32
:108980001B681846FFF714FE079007990198FFF738
:108990009BFF0590039B1B6809991846FFF737FE5C
:1089A000059B012B15D1039B1868019B01331A46C7
:1089B0000299FFF7ADFD1020FFF792FD039B1B68A6
:1089C0001846FFF7F5FD0246079B934235D00D236D
:1089D00039E0039B1B68019A02991846FFF798FD3E
:1089E000039B1B681846FFF7E3FD0790019B013BC3
:1089F00007991846FFF768FF0590009BC3F1FF1326
:108A000003F57F43059A9A4201D90D231BE0059B8C
:108A1000002B12D1039B1868019B01331A4602995F
:108A2000FFF776FD039B1B681846FFF7C1FD024662
:108A3000079B934201D00D2305E001220999039879
:108A4000FFF7D6FE002318460BB05DF804FB00BF0D
:108A5000E041030000B583B001900B468DF8033070
:108A60009DF803301A4602210198FFF7C1FE00BFAE
:108A700003B05DF804FB00B583B001904FF4827140
:108A80000198FFF7F7FE0346184603B05DF804FBB4
:108A900000B583B0019000914FF48032009B02FA40
:108AA00003F319460198FFF7C7FE00BF03B05DF856
:108AB00004FB00B585B001900091009B50339BB240
:108AC0009B00ADF80E30BDF80E3019460198FFF747
:108AD000D1FE0346184605B05DF804FB00B583B02F
:108AE0000190019B1B681846FFF762FD034618467C
:108AF00003B05DF804FB00B583B00190019B93F9CE
:108B000004301846FFF772FC00BF03B05DF804FBA9
:108B100008B5044B1B68044A12681046984700BF0A
:108B200008BD00BF9C340020A034002086B0019016
:108B30000091019B53E8011F8AB2D88902449889A9
:108B4000824228BF121A1889824202BFBFF32F8FB8
:108B5000002307E0C2EA010243E801200028E9D12E
:108B60004FF001038DF80F30059002910492029AA4
:108B7000009B1A609DF80F30DBB2184606B07047B4
:108B800084B00190019951E8013FC3EA034341E8F1
:108B90000132002AF7D10392029300BF04B070475C
:108BA00086B001900091019B53E8021F1FFAA1F2C9
:108BB000D888824202BFBFF32F8F00230DE0D889EF
:108BC00002449889824228BF121AC1EA024243E84D
:108BD00002200028E8D14FF001038DF80F300590F6
:108BE00002910492029A009B1A609DF80F30DBB24A
:108BF000184606B0704784B00190019951E8023FD1
:108C0000C3EA234341E80232002AF7D103920293D8
:108C100000BF04B0704784B00390029111461A4619
:108C20000B46ADF806301346ADF80430029B002B1E
:108C300001D10E231FE0BDF80630BDF80420B3FBC0
:108C4000F2F102FB01F29B1A9BB2002B01D0092327
:108C500011E0039B029A1A60039B00225A60039B57
:108C600000229A60039BBDF806209A81039BBDF801
:108C70000420DA810023184604B0704700B585B09F
:108C800001900091009B19460198FFF74FFF0346A2
:108C9000002B07D0019B1B68009A12881344039392
:108CA000039B00E00023184605B05DF804FB00B507
:108CB00083B001900091009B1A88009B5B889A42C8
:108CC00004D10198FFF75CFF012300E00023184660
:108CD00003B05DF804FB00B585B001900091009BE6
:108CE00019460198FFF75CFF0346002B07D0019B54
:108CF0001B68009A528813440393039B00E00023EF
:108D0000184605B05DF804FB00B583B001900091F2
:108D1000009B1A88009B5B889A4204D10198FFF758
:108D20006AFF012300E00023184603B05DF804FB4E
:108D300000B585B001900091009B5B099B00019AF2
:108D40001A44009B03F01F03012101FA03F31946A3
:108D5000104600F036F8039000BF05B05DF804FB44
:108D600000B585B001900091009B5B099B00019AC2
:108D70001A44009B03F01F03012101FA03F3DB43B4
:108D80001946104600F035F8039000BF05B05DF8B5
:108D900004FB82B001900091009B5B099B00019A4B
:108DA00013441A68009B03F01F0322FA03F303F035
:108DB0000103002B14BF01230023DBB2184602B0CD
:108DC000704710B487B001900091019B009A53E85E
:108DD000004F44EA020043E8000191F0000FF6D191
:108DE000059404900391049B184607B05DF8044B6A
:108DF000704710B487B001900091019B009A53E82E
:108E0000004F04EA020043E8000191F0000FF6D1A0
:108E1000059404900391049B184607B05DF8044B39
:108E20007047000082B003468DF807309DF8073088
:108E300003F01F0206499DF907305B09012000FA83
:108E400002F2603341F8232000BF02B0704700BF38
:108E500000E100E000B583B00190019B002B03D13D
:108E60000649722004F06AFA019B00221A60BFF3DF
:108E70005F8F00BF00BF03B05DF804FBB442030086
:108E800041DF704700BF184600B585B000238DF85C
:108E900003300DF103031846FFF744FAF1EE103AE0
:108EA0000193019B0393039B23F09F030293029B77
:108EB000E1EE103A00BFBFF35F8F00BF2620FFF73F
:108EC000B1FF9DF803301846FFF742FA039B03F009
:108ED0000703002B03D004497D2004F02FFA00BFC4
:108EE00005B05DF804FB00BFF442030008B5064B73
:108EF00000221A700548FFF7ADFF0549054800F04C
:108F00002FF80023184608BDAC340020A8340020F8
:108F100068430300B034002000B583B0FFF7B4FF0E
:108F200009F00CF80346002B0ED0FFF7A9FF0190C3
:108F3000019B002B0ED0019B022B0BD007494FF455
:108F4000B07004F0FBF905E020BF00BF40BF00BFD8
:108F500020BF00BF00BF03B05DF804FBF442030074
:108F600000B583B001900091019B002B03D1104903
:108F7000502004F0E3F9009B002B03D10C49512051
:108F800004F0DCF9019B009A1A60019B1B681A68C7
:108F9000019B5A60019B5A68019B1B685B689A425F
:108FA00002D1019B00225A6000BF03B05DF804FBB0
:108FB0007443030000B583B00190019B002B03D1E3
:108FC0001449632004F0BAF9019B1B68002B03D1FC
:108FD0001049642004F0B2F9019B5B68002B14D0A7
:108FE000019B5B681A46019B1B689B6813441A46E9
:108FF000019B5A60019B5A68019B1B685B689A42FF
:1090000004D1019B00225A6000E000BF03B05DF86C
:1090100004FB00BF7443030000B585B001900091CC
:10902000019B002B03D118493A2004F087F9009BDB
:10903000002B03D114493B2004F080F9019B5B68AD
:1090400003930FE0019B9B68039A126800991046F6
:109050009847034683F00103DBB2002B07D1039B43
:109060001B680393039B1B68002BEBD100E000BF40
:10907000039B1A68009B1A60039B009A1A6000BF4A
:1090800005B05DF804FB00BFFC43030000B585B0EC
:109090000190019B002B03D10C49512004F04EF9A3
:1090A000019B5B681B680393019B5B681B68002B3B
:1090B00006D0019B5B681A68019B5B6812681A60A6
:1090C000039B184605B05DF804FB00BFFC4303009A
:1090D00000B583B00190019B002B03D105495D20B1
:1090E00004F02CF9019B5B681B68184603B05DF81F
:1090F00004FB00BFFC43030000B585B00190009164
:10910000019B002B03D11649692004F017F9009B3D
:10911000002B03D112496A2004F010F900238DF8C6
:109120000F30019B5B6802930FE0029B1B68009A63
:109130009A4207D1009B1A68029B1A6001238DF89E
:109140000F3006E0029B1B680293029B1B68002BFA
:10915000EBD19DF80F30184605B05DF804FB00BF59
:10916000FC430300BFF34F8F00BF074BDB6803F4E2
:10917000E0620549054B1343CB60BFF34F8F00BF3F
:1091800000BF00BFFCE700BF00ED00E00400FA05EF
:10919000024B034A1A6000BF704700BF1C33002017
:1091A0000090D00308B500F097F90346002B06D0D5
:1091B000B74B1B681B0AB74A03F01F03136000F08C
:1091C000B7F90346002B02D0B34BB44A1A6000F043
:1091D000CBF90346002B06D0B14B1B685B0BB14AA1
:1091E00003F00703136000F0EBF90346002B05D0F2
:1091F000AD4BDB68AC4A23F08073D36000F0FCF920
:109200000346002B0ED04FF080430022C3F80C2100
:109210004FF080430022C3F810214FF0804300221A
:10922000C3F8382500F014FA0346002B02D09F4BF8
:1092300003221A6000F028FA0346002B0BD09C4B47
:1092400005221A609B4B01221A609B4B00221A6078
:109250009A4B3F221A6000F033FA0346002B76D077
:109260004FF08053964AD3F80434C2F820354FF0BB
:109270008053934AD3F80834C2F824354FF0805312
:109280008F4AD3F80C34C2F828354FF080538C4AFB
:10929000D3F81034C2F82C354FF08053884AD3F8F5
:1092A0001434C2F830354FF08053854AD3F818345F
:1092B000C2F834354FF08053814AD3F81C34C2F8D9
:1092C00040354FF080537E4AD3F82034C2F84435FD
:1092D0004FF080537A4AD3F82434C2F848354FF01F
:1092E0008053774AD3F82834C2F84C354FF0805376
:1092F000734AD3F82C34C2F850354FF08053704A7B
:10930000D3F83034C2F854354FF080536C4AD3F858
:109310003434C2F860354FF08053694AD3F838349A
:10932000C2F864354FF08053654AD3F83C34C2F834
:1093300068354FF08053624AD3F84034C2F86C3538
:109340004FF080535E4AD3F84434C2F8703500F0D1
:10935000D3F90346002B05D05A4B1B685A4A03F039
:109360004F03136000F0F4F90346002B0DD04FF0CB
:109370008043D3F8003403F00103002B05D04FF0F5
:1093800080436FF00102C3F8002400F00DFA034699
:10939000002B05D04D4B1B684C4A43F4806313608F
:1093A0004B4BD3F888304A4A43F47003C2F88830F4
:1093B000BFF34F8F00BFBFF36F8F00BF4FF010237D
:1093C000D3F80C3203F00103012B25D1414B0122CC
:1093D000C3F8042500BF3F4BD3F80034002BFAD06C
:1093E0004FF01023D3F80C324FF0102223F001037A
:1093F000C2F80C3200BF374BD3F80034002BFAD040
:10940000344B0022C3F8042500BF324BD3F800349C
:10941000002BFAD0FFF7A6FE4FF01023D3F800324E
:10942000002B05DB4FF01023D3F80432002B2BDA8E
:10943000284B0122C3F8042500BF264BD3F8003483
:10944000002BFAD04FF010231522C3F8002200BFE2
:10945000204BD3F80034002BFAD04FF01023152204
:10946000C3F8042200BF1B4BD3F80034002BFAD002
:10947000184B0022C3F8042500BF164BD3F8003464
:10948000002BFAD0FFF76EFEFFF782FE00BF08BD8B
:10949000240300104035014074C007400DF0ADBA00
:1094A000440200103C050040F0ED00E0A005004043
:1094B0001056004088560040185600401456004090
:1094C00000C0004058020010E40E00403C1700406D
:1094D00000ED00E000E00140124B1B68DBB2062B00
:1094E0001DD1114B1B6803F00F03002B17D10F4B3D
:1094F0001B6803F0F003302B01D1012310E00B4B6C
:109500001B6803F0F003402B01D1012308E0074B57
:109510001B6803F0F003502B01D1012300E000236E
:1095200018467047E00F00F0E40F00F0E80F00F07D
:109530000A4B1B68DBB2062B0DD1094B1B6803F0ED
:109540000F03002B07D1074B1B6803F0F003302BF0
:1095500001D1012300E0002318467047E00F00F01E
:10956000E40F00F0E80F00F0124B1B68DBB2062B93
:109570001DD1114B1B6803F00F03002B17D10F4BAC
:109580001B6803F0F003302B01D1012310E00B4BDB
:109590001B6803F0F003402B01D1012308E0074BC7
:1095A0001B6803F0F003502B01D1012300E00023DE
:1095B00018467047E00F00F0E40F00F0E80F00F0ED
:1095C0000A4B1B68DBB2062B0DD1094B1B6803F05D
:1095D0000F03002B07D1074B1B6803F0F003302B60
:1095E00001D1012300E0002318467047E00F00F08E
:1095F000E40F00F0E80F00F0124B1B68DBB2062B03
:109600001DD1114B1B6803F00F03002B17D10F4B1B
:109610001B6803F0F003302B01D1012310E00B4B4A
:109620001B6803F0F003402B01D1012308E0074B36
:109630001B6803F0F003502B01D1012300E000234D
:1096400018467047E00F00F0E40F00F0E80F00F05C
:109650000A4B1B68DBB2062B0DD1094B1B6803F0CC
:109660000F03002B07D1074B1B6803F0F003302BCF
:1096700001D1012300E0002318467047E00F00F0FD
:10968000E40F00F0E80F00F00A4B1B68DBB2062B7A
:109690000DD1094B1B6803F00F03002B07D1074BBB
:1096A0001B6803F0F003302B01D1012300E00023FD
:1096B00018467047E00F00F0E40F00F0E80F00F0EC
:1096C0000A4B1B68DBB2062B0DD1094B1B6803F05C
:1096D0000F03002B07D1074B1B6803F0F003502B3F
:1096E00001D1012300E0002318467047E00F00F08D
:1096F000E40F00F0E80F00F0124B1B68DBB2062B02
:109700001DD1114B1B6803F00F03002B17D10F4B1A
:109710001B6803F0F003302B01D1012310E00B4B49
:109720001B6803F0F003402B01D1012308E0074B35
:109730001B6803F0F003502B01D1012300E000234C
:1097400018467047E00F00F0E40F00F0E80F00F05B
:10975000124B1B68DBB2062B1DD1114B1B6803F0AB
:109760000F03002B17D10F4B1B6803F0F003302BB6
:1097700001D1012310E00B4B1B6803F0F003402BD9
:1097800001D1012308E0074B1B6803F0F003502BC5
:1097900001D1012300E0002318467047E00F00F0DC
:1097A000E40F00F0E80F00F0064B1B68062B05D114
:1097B000054B1B68062B01D1012300E0002318464E
:1097C000704700BF300100103401001082B0034622
:1097D0008DF807309DF8073003F01F0206499DF908
:1097E00007305B09012000FA02F2203341F8232000
:1097F00000BF02B0704700BF00E100E008B508F00C
:109800009DFB034683F00103DBB2002B03D1054926
:10981000792003F093FD00F0DFFB034B00229A70E8
:1098200000BF08BD70440300B834002000B583B009
:1098300000230193144B1B78002B02D08523019346
:109840001CE0114B00229A600F4B00225A600E4B15
:1098500000221A610C4B0022DA600C4800F068FB11
:10986000019008F06BFB034683F00103DBB2002B91
:1098700001D000F083FB044B01221A70019B1846B3
:1098800003B05DF804FB00BFB8340020559A020015
:1098900084B001900091019B1B68039306E0039A3A
:1098A000009B9A420DD0039B1B680393039B002BE4
:1098B000F5D1019B1A68009B1A60019B009A1A60FF
:1098C00000E000BF04B0704784B00190019B1B68AA
:1098D0000393039B002B03D0039B1A68019B1A6020
:1098E000039B184604B0704700B585B00190294B22
:1098F0001B78002B03D12849E92003F01FFD254BDD
:109900009B78DBB2002B19D0019B002B03D0019B6D
:109910005B680120984700238DF80F300DF10F038D
:109920001846FEF7FFFC1B4BDB680133194AD36076
:109930009DF80F301846FEF70BFD1EE000238DF852
:109940000E300DF10E031846FEF7ECFC019B002BC8
:1099500003D001991148FFF79BFF0E4BDB68002BEA
:1099600001D100F01FFB0B4BDB680133094AD360C8
:109970009DF80E301846FEF7EBFC064BDB68002B1B
:1099800004D1054940F2051003F0D8FC00BF05B032
:109990005DF804FBB834002070440300C834002094
:1099A00000B583B0164B1B78002B04D115494FF43A
:1099B000857003F0C3FC124BDB68002B04D1114906
:1099C00040F20B1003F0BAFC00238DF807300DF1C4
:1099D00007031846FEF7A6FC094BDB68013B084A63
:1099E000D360074BDB68002B01D1FFF707FF9DF821
:1099F00007301846FEF7ACFC00BF03B05DF804FB6F
:109A0000B83400207044030000B585B003468DF8DB
:109A100007309DF80730002B02D10C4B039301E077
:109A20000B4B03930398FFF74FFF0290029B002B11
:109A300006D0029B5B689DF8072010469847F1E727
:109A400000BF00BF05B05DF804FB00BFC0340020BC
:109A5000C834002000B583B003468DF807309DF868
:109A60000730002B05D10A4B01225A700020FFF766
:109A7000CBFF9DF80730012B05D1054B01229A70D1
:109A80000120FFF7C1FF00BF03B05DF804FB00BF7A
:109A9000B834002000B583B001900091019B002BE9
:109AA00005D1054B01225A700020FFF7ADFF00BF22
:109AB00003B05DF804FB00BFB834002000B585B0EA
:109AC000034600918DF807309DF80730032B29D00D
:109AD000032B35DC002B02D0012B04D030E000201A
:109AE000FFF774FE2DE000238DF80F300DF10F030A
:109AF0001846FEF717FC154B1B7883F00103DBB209
:109B0000002B01D0FFF792FE104BDB6801330F4AA8
:109B1000D3600E4B01229A709DF80F301846FEF765
:109B200017FC0EE0094B1B78002B04D1084940F2CA
:109B3000452003F003FC00F021FAFFF731FF00E0BD
:109B400000BF00BF05B05DF804FB00BFB8340020C3
:109B50007044030000B589B001900091009B079309
:109B6000019B1B788DF80C30019B5B680493019B73
:109B70009B68DBB28DF81430019BDB680693074AC3
:109B8000079B52F823300649079A51F8221003AA7E
:109B90001046984700BF09B05DF804FBCC340020A4
:109BA000D434002000B589B001900091009B079348
:109BB000019B1B788DF80C30019B5B680493019B23
:109BC0009B68DBB28DF81430019BDB680693074A73
:109BD000079B52F823300649079A51F8221003AA2E
:109BE0001046984700BF09B05DF804FBCC34002054
:109BF000D434002030B58FB0039002910192039BC2
:109C00001B780C932C490C9B019A41F82320029B52
:109C10001A692A490C9B41F823200C9B012B07D180
:109C2000029B5B7F002B03D12549762003F086FB46
:109C3000029B5B7F1946234A0C9B13440A461A7009
:109C4000029B04AC1D460FCD0FC495E80F0084E8BD
:109C50000F000C9B089300230D93039B1B781A465F
:109C6000184B9B5C002B0DD0039B181D019B002BF8
:109C700001D0154A00E0002204AB194602F0CCF9ED
:109C80000D9014E0039B1B781A460E4B9B5C002B37
:109C90000DD1039B03F10C00019B002B01D00B4A5B
:109CA00000E0002204AB194601F02CFB0D900D9B47
:109CB00018460FB030BD00BFCC340020D434002093
:109CC000DC440300DC340020559B0200A59B02000D
:109CD00082B003468DF807309DF8073003F01F026D
:109CE00005499DF907305B09012000FA02F241F8AD
:109CF000232000BF02B0704700E100E082B00346BD
:109D000000918DF807309DF90730002B0CDA009B8D
:109D1000DAB20C499DF8073003F00F03043B5201FF
:109D2000D2B20B441A7609E0009BDAB206499DF9DB
:109D300007305201D2B20B4483F8002300BF02B0B7
:109D4000704700BF00ED00E000E100E082B001904C
:109D5000019B1B0B5BB2184602B0704700B583B085
:109D600003460A468DF8073013468DF806309DF8F5
:109D70000630012B03D99DF80630032B0BD99DF833
:109D80000630042B03D99DF80630072B03D9084968
:109D90006B2003F0D3FA9DF806209DF90730114699
:109DA0001846FFF7ABFF00BF03B05DF804FB00BF30
:109DB0004845030000B583B003468DF807309DF990
:109DC00007301846FFF784FF00BF03B05DF804FBBF
:109DD00082B003468DF807300F4A9DF90730002BFB
:109DE00000DA1F335B115BB252F823209DF9073074
:109DF000594203F01F0301F01F0158BF4B425BB2F1
:109E000022FA03F303F00103002B14BF0123002304
:109E1000DBB2184602B0704700E100E082B001906A
:109E20004FF08042019BC2F8043300BF02B070477C
:109E300082B001904FF08042019BC2F8083300BF0E
:109E400002B0704782B003468DF807309DF80730A6
:109E500003F1804301221A6000BF02B0704784B052
:109E60000346ADF80630BDF8063003F1804300220A
:109E70001A60BDF8063003F180431B680393039B0F
:109E800000BF04B0704782B00346ADF80630BDF89D
:109E9000063003F180431B68002B14BF012300230D
:109EA000DBB2184602B0704782B001904FF080429A
:109EB000019BC2F8183500BF02B070474FF08043D5
:109EC000D3F818341B0C03F00103002B14BF01233B
:109ED0000023DBB21846704700B583B006238DF827
:109EE00007304FF08040FFF731FF03461846FFF779
:109EF0006FFF034683F00103DBB2002B13D04FF05A
:109F00008040FFF723FF03461A469DF807301946A5
:109F10001046FFF723FF4FF08040FFF717FF03467F
:109F20001846FFF747FF00BF03B05DF804FB0000D1
:109F300000B585B00190019B002B03D10D49A420F1
:109F400003F0FCF9002303930B4B1B79002B02D089
:109F50008523039308E0084A019B1360064B012206
:109F60001A71054B00225A71039B184605B05DF823
:109F700004FB00BF80450300E034002008B5074B18
:109F80001B79002B03D10649BD2003F0D7F9FFF759
:109F9000A3FF0120FFF788FF00BF08BDE0340020C9
:109FA0008045030008B50A4B1B79002B03D10949F2
:109FB000EA2003F0C3F94FF48270FFF750FF02204C
:109FC000FFF72CFF0820FFF73DFF00BF08BD00BFD3
:109FD000E03400208045030008B50A4B1B79002BB4
:109FE00003D10949F72003F0A9F90C20FFF72AFF54
:109FF00000BFFFF763FF0346002BFAD100BF00BF8D
:10A0000008BD00BFE03400208045030008B54FF4D0
:10A010008070FFF738FF0346002B14D04FF4807098
:10A02000FFF71DFF0120FFF703FF114B5B7983F062
:10A030000103DBB2002B06D00D4B01225A710C4BF1
:10A040001B68002098474FF48270FFF71CFF0346FF
:10A05000002B0AD04FF48270FFF701FF0220FFF7B8
:10A06000E7FE034B1B680120984700BF08BD00BFF7
:10A07000E034002082B003468DF807309DF80730A9
:10A0800003F01F0205499DF907305B09012000FA22
:10A0900002F241F8232000BF02B0704700E100E067
:10A0A00082B0034600918DF807309DF90730002BF0
:10A0B0000CDA009BDAB20C499DF8073003F00F036D
:10A0C000043B5201D2B20B441A7609E0009BDAB28B
:10A0D00006499DF907305201D2B20B4483F80023A0
:10A0E00000BF02B0704700BF00ED00E000E100E0FB
:10A0F00000B583B003460A468DF8073013468DF845
:10A1000006309DF80630012B03D99DF80630032B4D
:10A110000BD99DF80630042B03D99DF80630072B88
:10A1200003D908496B2003F009F99DF806209DF931
:10A13000073011461846FFF7B3FF00BF03B05DF8C4
:10A1400004FB00BFEC45030000B583B003468DF867
:10A1500007309DF907301846FFF78CFF00BF03B0AA
:10A160005DF804FB00B583B00346ADF80630BDF8DA
:10A170000630184600F026F803461B68012B0CBF7A
:10A1800001230023DBB2184603B05DF804FB00B5E1
:10A1900085B00346ADF80630BDF80630184600F02D
:10A1A00011F803461A4600231360BDF8063018461E
:10A1B00000F008F803461B680393039B00BF05B03B
:10A1C0005DF804FB82B00346ADF80630BDF80630FA
:10A1D00003F1804303F5C043184602B07047000006
:10A1E00082B00190034A019BC2F8043300BF02B061
:10A1F000704700BF0060004082B00190034BD3F86D
:10A200000423019B1340184602B0704700600040D1
:10A2100082B00190054A019B03F5A27352F82330E6
:10A220001B0A03F03F03184602B07047006000406D
:10A2300082B00190064A019B03F5A27352F82330C5
:10A240001B0C03F00303DBB2184602B0704700BFDB
:10A250000060004000B583B00190019B1B682F2B6C
:10A2600004D90B4940F2CD1003F068F8019B1B683C
:10A270001F2B02D84FF0A04306E0019B1B6803F0A0
:10A280001F02019B1A60034B184603B05DF804FBE4
:10A29000244603000003005000B585B001900B4632
:10A2A0008DF8033001AB1846FFF7D4FF0390019AF5
:10A2B000039B02F5E07253F82230019A23F44031F7
:10A2C000039B02F5E07243F82210019A039B02F50A
:10A2D000E07253F822309DF8032012041146019ACF
:10A2E0001943039B02F5E07243F8221000BF05B04A
:10A2F0005DF804FB00B585B0019001AB1846FFF78F
:10A30000A9FF0390019A039B02F5E07253F82230F3
:10A310001B0C03F00303DBB2184605B05DF804FB29
:10A3200082B00190019BD3F81035184602B07047F7
:10A3300000B589B0039002910192184A05AB92E8EA
:10A34000030083E80300039A029B1344022B04D901
:10A35000134940F2FD2002F0F1FF039B079311E047
:10A36000079B9B0008AA134453F80C3C1846FFF7C0
:10A37000D7FF0246019B1A60019B04330193079BA0
:10A3800001330793039A029B1344079A9A42E7D337
:10A3900000BF00BF09B05DF804FB00BF5C460300CE
:10A3A0002446030084B001900091009B0393019B1D
:10A3B000DB080293019B03F0070301930122019B39
:10A3C00002FA03F30399029A0A44127813401846DA
:10A3D00004B0704784B001900091009B0393019BEF
:10A3E000DB080293019B03F007030193039A029B8E
:10A3F00013441B785AB20121019B01FA03F35BB2AB
:10A40000134359B2039A029B1344CAB21A7000BF95
:10A4100004B0704782B00190044A019B134430336A
:10A42000FF221A7000BF02B0704700BFE83400205E
:10A4300082B00190044A019B1344303393F90030F9
:10A44000184602B0704700BFE834002082B0019087
:10A45000034A019B52F82330184602B0704700BFF0
:10A46000E834002082B003468DF807309DF80730AD
:10A47000094A4FF0FF3142F823109DF80730072BAF
:10A4800007D99DF80730083B034A1344FF2283F89D
:10A49000602000BF02B07047E834002000B583B0F0
:10A4A000254B93F86A30002B03D008230093009BC0
:10A4B0003EE000238DF8073009E09DF8073018468C
:10A4C000FFF7A8FF9DF8073001338DF807309DF89E
:10A4D00007302F2BF1D900238DF8073009E09DF8C4
:10A4E00007301846FFF7BEFF9DF8073001338DF89F
:10A4F00007309DF807300B2BF1D9062200210F48B9
:10A5000008F0C5FD06210620FFF7F2FD0620FFF743
:10A510001BFE4FF4BE70FFF73AFE4FF00040FFF70E
:10A520005FFE054B012283F86A2000230093009B05
:10A53000184603B05DF804FBE83400204C350020D9
:10A5400000B599B00023179306AB00221A605A6039
:10A550004FF48073ADF85630012314930023169303
:10A5600021E0BDF856301846FFF7FCFD0346002BEE
:10A570000ED01498FFF740FE0346002B08D0BDF81C
:10A5800056301846FFF703FE179A149B1343179390
:10A59000149B5B001493BDF856300433ADF856306D
:10A5A000169B01331693169B072BDAD94FF4BE7016
:10A5B000FFF7D8FD0346002B0DD04FF4BE70FFF718
:10A5C000E6FD179B43F00043179306AB1A460221A2
:10A5D0000020FFF7ADFE179BDBB2002B29D0012333
:10A5E00014930023169321E0149A179B1340002B19
:10A5F00016D01698FFF70CFE11901698FFF718FE6C
:10A6000003468DF843301698FFF720FF0F900F9BFD
:10A61000002B05D09DF843200F9B114611989847B9
:10A62000149B5B001493169B01331693169B072B08
:10A63000DAD9179B002B80F2F08000238DF84B3085
:10A6400004AB00221A605A60002313930AE0139BA4
:10A650009B0018AA13444FF0FF3243F8582C139B69
:10A6600001331393139B012BF1D900238DF84B3049
:10A670000023169378E06B4A169B1344603393F9DA
:10A6800000308DF83B309DF83B3023F0C0030D9334
:10A69000644A169B1344603393F90030B3F1FF3FD3
:10A6A0005FD002AB19460D98FFF77CFE0346002BE6
:10A6B00057D09DF83B309B098DF833300D98FFF74C
:10A6C000B7FE03461846FFF7C1FE0B900B9B002B0D
:10A6D00003D19DF83330032B43D19DF83330032B46
:10A6E00004D104AB19460D98FFF774FE0D98FFF7DF
:10A6F00001FE03468DF82B3006AB19460D98FFF787
:10A7000051FE0990099B002B03D09DF82B30022BA2
:10A7100006D0099B002B24D19DF82B30032B20D190
:10A720009DF83330032B13D19DF82B30022B01D130
:10A73000032300E002238DF823309DF823301946CF
:10A740000D98FFF7A9FD9DF84B3001338DF84B3084
:10A750000B9B002B05D09DF833200B9B11460D98C9
:10A760009847169B01331693169B032B83D99DF8AC
:10A770004B30002B4CD001238DF84A306B461A46E3
:10A7800002210020FFF7D4FD0023139314E0139B54
:10A790009B0018AA134453F8602C139B9B0018A924
:10A7A0000B4453F8483C9A4203D000238DF84A30BA
:10A7B00005E0139B01331393139B012BE7D99DF8FD
:10A7C0004A30002B03D000238DF84B3020E00023CB
:10A7D00013931AE0139B9B0018AA134453F8602CA0
:10A7E000139B9B0018A90B4443F8482C139B9B0018
:10A7F00018AA134453F8502C139B9B0018A90B4420
:10A8000043F8582C139B01331393139B012BE1D96D
:10A810009DF84B30002B7FF428AF00BF19B05DF8D6
:10A8200004FB00BFE834002008B5064B1B68002B72
:10A8300003D10549512002F081FD024B1B68984766
:10A8400000BF08BD54350020D046030082B00190FF
:10A85000019B044A934201D1034B00E000231846B8
:10A8600002B07047002000405435002000B587B08A
:10A8700001900091019B002B03D11C49772002F02D
:10A880005DFD0198FFF7E2FF0490049B002B25D0AB
:10A8900000238DF8173000238DF80B300DF10B03DA
:10A8A0001846FDF73FFD049B1B79002B03D00123C5
:10A8B0008DF8173005E0049B009A1A60049B012272
:10A8C0001A719DF80B301846FDF742FD9DF81730C0
:10A8D000002B03D011230393039B02E00023039377
:10A8E000039B184607B05DF804FB00BFD046030089
:10A8F00082B00190019B03F06043B3F1005F0CBF95
:10A9000001230023DBB2184602B0704782B00190E9
:10A910000B468DF803309DF80330019A1344012251
:10A920001A6000BF02B0704784B001900B46ADF8CA
:10A930000230BDF80230019A134400221A60BDF8BB
:10A940000230019A13441B680393039B00BF04B0B9
:10A95000704782B001900B46ADF80230BDF802306E
:10A96000019A13441B68002B14BF01230023DBB2A0
:10A97000184602B0704782B001900091019B009A86
:10A98000C3F8042300BF02B0704782B00190009169
:10A99000019B009AC3F8082300BF02B0704784B03F
:10A9A000039002910192029A039BC3F84425039BF2
:10A9B000019AC3F8482500BF04B0704784B00390E3
:10A9C00002910192029A039BC3F83425039B019ADA
:10A9D000C3F8382500BF04B0704782B00190019BD6
:10A9E0000122C3F8502500BF02B0704782B0019029
:10A9F000019B0022C3F8502500BF02B0704782B00F
:10AA00000190019B0122C3F8402500BF02B07047AE
:10AA100082B00190019B0022C3F8402500BF02B024
:10AA20007047000000B583B00190019B1B682F2B7D
:10AA300004D90B4940F2CD1002F080FC019B1B6849
:10AA40001F2B02D84FF0A04306E0019B1B6803F0C8
:10AA50001F02019B1A60034B184603B05DF804FB0C
:10AA6000744703000003005000B585B0019001ABAE
:10AA70001846FFF7D7FF0390019B012202FA03F368
:10AA80001946039800F018F800BF05B05DF804FB04
:10AA900000B585B0019001AB1846FFF7C3FF0390E6
:10AAA000019B012202FA03F31946039800F00EF805
:10AAB00000BF05B05DF804FB82B001900091019BDE
:10AAC000009AC3F8082500BF02B0704782B0019019
:10AAD0000091019B009AC3F80C2500BF02B070479B
:10AAE00000B583B00190019BDB7FFF2B0ED0019B53
:10AAF0009B7F002B05D0019BDB7F1846FFF7C8FF2B
:10AB000004E0019BDB7F1846FFF7AEFF019B0022AC
:10AB10005A77019B00221A72019B1B68019A02F16D
:10AB20000800019A52681146984700BF03B05DF8CB
:10AB300004FB00B583B001900B468DF803309DF8FF
:10AB4000033083F00103DBB2002B04D040210198D5
:10AB5000FFF71BFF03E040210198FFF70CFF00BF48
:10AB600003B05DF804FB00B583B001900091009B39
:10AB700003F00103002B03D00198FFF72EFF02E042
:10AB80000198FFF733FF009B03F00203002B03D073
:10AB90000198FFF734FF02E00198FFF739FF00BF8B
:10ABA00003B05DF804FB00B587B0039002910192F9
:10ABB0000093019B1B68002B0AD0019B1B68184661
:10ABC000FFF796FE034683F00103DBB2002B0ED1A4
:10ABD000019B9B68002B11D0019B9B681846FFF7D7
:10ABE00087FE034683F00103DBB2002B06D0029BF5
:10ABF00000225A7710230593059B54E0019B1968A6
:10AC0000019B5B681A460398FFF7C9FE019B996890
:10AC1000019BDB681A460398FFF7D0FE4FF48C7156
:10AC20000398FFF781FE00990398FFF79CFF009BB4
:10AC300003F00803002B03D110210398FFF766FEF1
:10AC4000029B1B68002B1FD100BF4FF48C7103982F
:10AC5000FFF77FFE034683F00103DBB2002BF4D144
:10AC6000029BDB7FFF2B1BD0029B9B7F002B05D021
:10AC7000029BDB7F1846FFF70BFF11E0029BDB7F97
:10AC80001846FFF7F1FE0BE0009B03F00403002BD6
:10AC90000CBF01230023DBB219460398FFF749FFDD
:10ACA00000230593059B184607B05DF804FB0000E0
:10ACB00010B586B0039002910192039B1B791A464E
:10ACC0001346DB0013449B003A4A13440593059B4B
:10ACD0001B7F002B04D1384940F2322002F02EFBBA
:10ACE000029B1B68002B08D1029B5B68002B04D0E1
:10ACF000314940F2332002F021FB029B9B68002B7C
:10AD000008D1029BDB68002B04D02B494FF40D7057
:10AD100002F014FB039B1B79002B09D1029BDB681B
:10AD2000B3F5803F04D2029B5B68B3F5803F04D348
:10AD3000214940F2352002F001FB00230493059BDA
:10AD40005B7FDBB2002B03D011230493049B2EE026
:10AD5000059B1B68002B07D0019B03F01403002BFD
:10AD600002D1059B01225A77059B029A03F10C043C
:10AD700013460FCB84E80F00059BDB7FFF2B0ED023
:10AD8000059B9B7F002B05D0059BDB7F1846FFF7BB
:10AD90006BFE04E0059BDB7F1846FFF779FE039B03
:10ADA0001868019B029A0599FFF7FDFE03461846B5
:10ADB00006B010BD5C350020AC47030000B583B081
:10ADC000019000914FF48C710198FFF7C2FD03468A
:10ADD000002B10D04FF48C710198FFF7A5FD009B5C
:10ADE0001B68002B04D106494FF4277002F0A6FA25
:10ADF0000098FFF775FE00BF03B05DF804FB00BFCD
:10AE0000AC47030008B503490348FFF7D7FF00BF6D
:10AE100008BD00BF5C3500200030004082B0034612
:10AE20008DF807309DF8073003F01F0205499DF9A2
:10AE300007305B09012000FA02F241F8232000BF2D
:10AE400002B0704700E100E082B0034600918DF847
:10AE500007309DF90730002B0CDA009BDAB20C4961
:10AE60009DF8073003F00F03043B5201D2B20B44AC
:10AE70001A7609E0009BDAB206499DF907305201C3
:10AE8000D2B20B4483F8002300BF02B0704700BF6A
:10AE900000ED00E000E100E082B00190019B1B0B9F
:10AEA0005BB2184602B0704700B583B003460A464D
:10AEB0008DF8073013468DF806309DF80630012BCB
:10AEC00003D99DF80630032B0BD99DF80630042BCF
:10AED00003D99DF80630072B03D908496B2002F0EF
:10AEE0002DFA9DF806209DF9073011461846FFF708
:10AEF000ABFF00BF03B05DF804FB00BF18480300C0
:10AF000000B583B003468DF807309DF90730184629
:10AF1000FFF784FF00BF03B05DF804FB84B001902D
:10AF20000B46ADF80230BDF80230019A13440022FE
:10AF30001A60BDF80230019A13441B680393039B07
:10AF400000BF04B0704782B001900B46ADF80230EC
:10AF5000BDF80230019A13441B68002B14BF012373
:10AF60000023DBB2184602B0704782B00190009116
:10AF7000019B009AC3F8042300BF02B0704782B05F
:10AF800001900091019BD3F80423009B1340002BF8
:10AF900014BF01230023DBB2184602B0704782B011
:10AFA00001900091019B009AC3F8082300BF02B0F2
:10AFB000704784B00190019BD3F880340393019BC8
:10AFC000039AC3F88024039B184604B0704782B0EC
:10AFD0000190019B0422C3F8002500BF02B0704716
:10AFE00084B0039002910192039B019AC3F8142547
:10AFF000039B029AC3F80C2500BF04B0704784B0CD
:10B00000039002910192039B029AC3F80825039BC7
:10B01000019AC3F8102500BF04B0704782B00190B8
:10B02000019BD3F81835DBB2184602B0704782B0E6
:10B0300001900B468DF803309DF80320019BC3F867
:10B040001C2500BF02B0704782B001900B468DF8FE
:10B0500003309DF80330019A134401221A6000BFA7
:10B0600002B0704782B001900B468DF80330134652
:10B070008DF802309DF803209DF802301343DBB2B7
:10B080001A46019BC3F86C2500BF02B0704782B01E
:10B0900001900091019B009AC3F8242500BF02B0E3
:10B0A0007047000000B583B00190019B1B682F2BF7
:10B0B00004D90B4940F2CD1002F040F9019B1B6806
:10B0C0001F2B02D84FF0A04306E0019B1B6803F042
:10B0D0001F02019B1A60034B184603B05DF804FB86
:10B0E000504803000003005000B585B001900846A9
:10B0F00011461A4603468DF803300B468DF8023090
:10B1000013468DF8013001AB1846FFF7CBFF0390D3
:10B110009DF803209DF802305B001A439DF8013032
:10B120009B001A439DF818301B0242EA03019DF868
:10B130001C301B04019A1943039B02F5E07243F88B
:10B14000221000BF05B05DF804FB00B585B0039088
:10B15000002301930023009300230122012103987F
:10B16000FFF7C2FF00BF05B05DF804FB00B585B076
:10B1700003900B468DF80B309DF80B3000220192A6
:10B1800000220092002200210398FFF7ADFF00BFCC
:10B1900005B05DF804FB00B585B0019001AB184621
:10B1A000FFF780FF0390019B012202FA03F3194687
:10B1B000039800F004F800BF05B05DF804FB82B00E
:10B1C00001900091019B009AC3F8082500BF02B0CE
:10B1D000704700B583B001900091009B1B68B3F1EC
:10B1E000FF3F09D0009B1B681846FFF7D4FF009B68
:10B1F0001B681846FFF7A9FF009B5B68B3F1FF3F90
:10B2000005D0009B5B6800211846FFF7AFFF019B4C
:10B210001A68009B9B6919461046FFF738FF019B8F
:10B220001868009B597D009B1B7D1A46FFF71AFF8B
:10B23000019B1868009B1968009B5B681A46FFF722
:10B24000CFFE009B1B7D012B22D1009B9B68B3F19D
:10B25000FF3F05D0009B9B6800211846FFF786FF43
:10B26000009BDB68B3F1FF3F09D0009BDB68184609
:10B27000FFF791FF009BDB681846FFF766FF019B15
:10B280001868009BD968009B9B681A46FFF7B7FEB9
:10B2900000BF03B05DF804FB00B583B001900B461E
:10B2A0008DF80330019B1B684FF48E711846FFF731
:10B2B00035FE019B1B684FF4A2711846FFF72EFE66
:10B2C000019B1B680E491846FFF74FFE019B1B6848
:10B2D0001846FFF7E1FD03461A469DF8033019466C
:10B2E0001046FFF7E1FD019B1B681846FFF7D4FDF0
:10B2F00003461846FFF704FE00BF03B05DF804FBE9
:10B300008000020000B587B0039002910192029B79
:10B31000002B03D12D49AA2002F010F8039B1B79C2
:10B320001A462C2303FB02F3294A134405930023F6
:10B330000493059B93F82A30002B03D00823049331
:10B34000049B3EE0039B1A68039B1B791946214B23
:10B3500053F8213019461046FFF788FA0346002BB0
:10B3600003D011230493049B2BE002990398FFF769
:10B3700030FF059B019A5A60029B1A69059B1A606F
:10B38000059B5B68002B05D0029B1B7F1946039829
:10B39000FFF782FF039B1B681846FFF718FE059B0B
:10B3A00000229A61059B0022DA61059B002283F846
:10B3B0002920059B00225A61059B012283F82A203F
:10B3C000049B184607B05DF804FB00BF88480300E3
:10B3D00080350020F448030000B585B0019000914D
:10B3E0004FF48E710198FFF799FD009B9A68009BBE
:10B3F0001B6A13441B788DF80F30009B1B6A5A1C84
:10B40000009B1A629DF80F3019460198FFF70FFE56
:10B4100000BF05B05DF804FB00B585B00190009158
:10B42000009B5B69039316E0009B93F82830DBB226
:10B43000002B01D0002314E04FF48E710198FFF728
:10B4400082FD034683F00103DBB2002BECD10099AF
:10B450000198FFF7C1FF009B1B6A039A9A42EBD841
:10B460000123184605B05DF804FB000000B587B065
:10B47000039002910192039B1B791A462C2303FB34
:10B4800002F33C4A13440493049B93F82A30012BA3
:10B4900004D039494FF48C7001F050FF029B002B0F
:10B4A00004D1354940F2191001F048FF019B002BEF
:10B4B00004D131494FF48D7001F040FF039800F042
:10B4C0005DF80346002B03D011230593059B4CE048
:10B4D000049B019A5A61049B029A9A60049B002281
:10B4E0001A62049B002283F8282000230593039B03
:10B4F0001B684FF48E711846FFF710FD039B1B6805
:10B5000008211846FFF7A0FD039B1B680499184605
:10B51000FFF762FF049B5B68002B25D1039B1B6830
:10B5200004991846FFF778FF034683F00103DBB266
:10B53000002B02D00F23059313E000BF039B1B6871
:10B540004FF48E711846FFF7FEFC034683F00103AB
:10B55000DBB2002BF2D1039B1B680C211846FFF7CE
:10B5600073FD049B00225A61059B184607B05DF8E5
:10B5700004FB00BF803500208848030082B00190A2
:10B58000019B1B791946074A2C2303FB01F3134443
:10B5900014331B68002B14BF01230023DBB21846B1
:10B5A00002B070478035002000B583B00190019B48
:10B5B0001B684FF492711846FFF7B0FC019B1B68A3
:10B5C0004FF484711846FFF7A9FC019B1B6800210A
:10B5D0001846FFF739FD00BF03B05DF804FB10B556
:10B5E00082B001900091009B9B69002B08D14FF421
:10B5F00084710198FFF792FC0198FFF70FFD13E0AB
:10B600004FF484710198FFF789FC009BDA68009B76
:10B610005B6AD4180198FFF701FD03462370009B75
:10B620005B6A5A1C009B5A6202B010BD00B589B01B
:10B63000039002910192039B1B791A462C2303FB72
:10B6400002F37F4A13440693039B1B7919467C4AF5
:10B650002C2303FB01F313442A331B78012B04D062
:10B6600078494FF4B67001F069FE029B002B04D1BB
:10B67000744940F26D1001F061FE019B002B04D172
:10B6800070494FF4B77001F059FE00238DF81F3058
:10B69000069B5B68002B06D0039B1B684FF401716F
:10B6A0001846FFF77CFC069B9B69002B15D0069B78
:10B6B000DB69002B0ED0069B5B68002B06D0039B3A
:10B6C0001B684FF401711846FFF74FFC11230593D7
:10B6D000059BB0E001238DF81F309DF81F3083F0EB
:10B6E0000103DBB2002B0CD0069B019A9A61069BEA
:10B6F000029ADA60069B00225A62069B0022DA61F7
:10B7000005E0069B029A1A61069B019ADA61069B84
:10B7100093F8293083F00103DBB2002B09D09DF8A8
:10B720001F3083F00103DBB2002B02D00398FFF738
:10B730003BFF069B5B68002B73D1039B1B684FF498
:10B74000A2711846FFF7EAFB039B1B684FF4927146
:10B750001846FFF7F8FB03468DF81330039B1B6870
:10B760004FF484711846FFF7EEFB03468DF8123054
:10B77000039B1B684FF4A2711846FFF7E4FB0346D6
:10B780008DF811309DF8123083F00103DBB2002BED
:10B790000DD09DF8113083F00103DBB2002B06D0F1
:10B7A0009DF8133083F00103DBB2002BCCD19DF860
:10B7B0001330002B0FD19DF81130002B0BD1039BC0
:10B7C0001B6806991846FFF70AFF069B9A69069BB5
:10B7D0005B6A9A42B8D8069B00229A619DF81330A2
:10B7E000002B03D003230593059B24E09DF8113023
:10B7F000002B03D00F230593059B1CE0069B93F8B9
:10B800002930002B06D0039B1B6800211846FFF748
:10B810001BFC0DE0039B1B6804211846FFF714FC7A
:10B8200006E0039B1B684FF401711846FFF79DFB70
:10B8300000230593059B184609B05DF804FB00BF83
:10B84000803500208848030000B589B0039002913C
:10B85000019201238DF81030029B0693019B059302
:10B86000039B5B68039A116804AA1046984700BFBF
:10B8700009B05DF804FB00B587B00190009100238A
:10B880008DF80830009B0493019B9B680393019BF8
:10B8900000225A61019B5B68019A116802AA104656
:10B8A000984700BF07B05DF804FB00B58BB001906E
:10B8B00000914FF400710198FFF761FB0346002BE4
:10B8C00039D04FF492710198FFF73DFB0346002BEE
:10B8D00031D04FF492710198FFF720FB4FF40171C2
:10B8E0000198FFF75CFB009B93F8293083F001037C
:10B8F000DBB2002B03D004210198FFF7A5FB022344
:10B900008DF80C300198FFF754FB03460693009B1B
:10B910009B690593009BDB680493009B00229A615E
:10B92000009B0022DA61009B5B68009A116803AA01
:10B930001046984752E004210198FFF720FB034688
:10B94000002B4BD04FF484710198FFF7FCFA0346AB
:10B95000002B43D000990198FFF741FE009B9A69A4
:10B96000009B5B6A9A4239D1009BDB69002B19D09E
:10B97000009BDB680993009B5B6A0893009BDA6974
:10B98000009B9A61009B1A69009BDA60009B002271
:10B99000DA61009B00225A62099A08990098FFF721
:10B9A00053FF1BE0009B93F8293083F00103DBB2C7
:10B9B000002B03D004210198FFF746FB4FF40171DF
:10B9C0000198FFF7ECFA009B00229A61009B596AEC
:10B9D000009BDB681A460098FFF736FF4FF48E7124
:10B9E0000198FFF7B0FA0346002B24D0009B5B6957
:10B9F0000793009B1B6A079A9A420DD9009B93F804
:10BA00002830DBB283F00103DBB2002B04D00099B5
:10BA10000198FFF7E1FC0EE04FF48E710198FFF7FB
:10BA20007DFA009B5B69002B05D0009B5B69194682
:10BA30000098FFF720FF4FF4A2710198FFF783FAF7
:10BA40000346002B1CD04FF4A2710198FFF766FA51
:10BA5000009B93F82930002B03D000210198FFF7B9
:10BA6000F3FA009B9B69002B0AD0009B00229A618D
:10BA7000009B596A009BDB681A460098FFF7E4FEBA
:10BA800000BF0BB05DF804FB08B503490348FFF79E
:10BA90000CFF00BF08BD00BF803500200020004023
:10BAA00082B003468DF807309DF8073003F01F027F
:10BAB00005499DF907305B09012000FA02F241F8BF
:10BAC000232000BF02B0704700E100E082B00346CF
:10BAD00000918DF807309DF90730002B0CDA009BA0
:10BAE000DAB20C499DF8073003F00F03043B520112
:10BAF000D2B20B441A7609E0009BDAB206499DF9EE
:10BB000007305201D2B20B4483F8002300BF02B0C9
:10BB1000704700BF00ED00E000E100E082B001905E
:10BB2000019B03F06043B3F1005F0CBF01230023CE
:10BB3000DBB2184602B0704782B00190019B1B0B2C
:10BB40005BB2184602B0704700B583B003460A46A0
:10BB50008DF8073013468DF806309DF80630012B1E
:10BB600003D99DF80630032B0BD99DF80630042B22
:10BB700003D99DF80630072B03D908496B2001F043
:10BB8000DDFB9DF806209DF9073011461846FFF7AA
:10BB90009DFF00BF03B05DF804FB00BFF848030041
:10BBA00000B583B003468DF807309DF9073018467D
:10BBB000FFF776FF00BF03B05DF804FB84B001908F
:10BBC0000B46ADF80230BDF80230019A1344002252
:10BBD0001A60BDF80230019A13441B680393039B5B
:10BBE00000BF04B0704782B001900B46ADF8023040
:10BBF000BDF80230019A13441B68002B14BF0123C7
:10BC00000023DBB2184602B0704782B00190009169
:10BC1000019BD3F80022009B1A43019BC3F800222A
:10BC200000BF02B0704782B001900091019BD3F831
:10BC30000022009BDB431A40019BC3F8002200BF97
:10BC400002B0704782B001900091019B009AC3F846
:10BC5000042300BF02B0704782B001900091019BA5
:10BC6000009AC3F8082300BF02B0704784B0019067
:10BC7000019BD3F880340393019B039AC3F880247B
:10BC8000039B184604B0704782B00190019B0822C4
:10BC9000C3F8002500BF02B0704784B00390029142
:10BCA0000192039B029AC3F80C25039B019AC3F8E7
:10BCB000142500BF04B0704784B003900291019234
:10BCC000039B029AC3F80825039B019AC3F8102529
:10BCD00000BF04B0704782B001900B468DF803306E
:10BCE0009DF80330019A134401221A6000BF02B08C
:10BCF000704782B001900B468DF8033013468DF8E3
:10BD000002309DF803209DF802301343DBB21A463F
:10BD1000019BC3F86C2500BF02B0704782B0019050
:10BD20000091019B009AC3F8242500BF02B0704720
:10BD300084B0039002910192029A039BC3F84425B8
:10BD4000039B019AC3F8482500BF04B0704782B036
:10BD50000190019BD3F84C35184602B0704784B06F
:10BD6000039002910192029A039BC3F83425039B2E
:10BD7000019AC3F8382500BF04B0704782B0019023
:10BD8000019BD3F83C35184602B0704700B583B02C
:10BD90000190019B1B682F2B04D90B4940F2CD1059
:10BDA00001F0CCFA019B1B681F2B02D84FF0A04377
:10BDB00006E0019B1B6803F01F02019B1A60034B06
:10BDC000184603B05DF804FB30490300000300503F
:10BDD00000B585B00190084611461A4603468DF815
:10BDE00003300B468DF8023013468DF8013001AB5D
:10BDF0001846FFF7CBFF03909DF803209DF8023013
:10BE00005B001A439DF801309B001A439DF81830DF
:10BE10001B0242EA03019DF81C301B04019A1943DE
:10BE2000039B02F5E07243F8221000BF05B05DF8F5
:10BE300004FB00B585B00390002301930023009319
:10BE40000023012201210398FFF7C2FF00BF05B0C4
:10BE50005DF804FB00B585B003900B468DF80B3000
:10BE60009DF80B3000220192002200920022002156
:10BE70000398FFF7ADFF00BF05B05DF804FB00B508
:10BE800085B0019001AB1846FFF780FF0390019B3E
:10BE9000012202FA03F31946039800F004F800BFE8
:10BEA00005B05DF804FB82B001900091019B009AFF
:10BEB000C3F8082500BF02B0704700B583B00190F9
:10BEC0000091009B1B68B3F1FF3F09D0009B1B68EA
:10BED0001846FFF7D4FF009B1B681846FFF7A9FF21
:10BEE000009B5B68B3F1FF3F05D0009B5B680021BE
:10BEF0001846FFF7AFFF019B1A68009B9B69194624
:10BF00001046FFF70BFF019B1868009B597D009BB3
:10BF10001B7D1A46FFF7EDFE019B1868009B196810
:10BF2000009B5B681A46FFF7B8FE009B1B7D012B48
:10BF300022D1009B9B68B3F1FF3F05D0009B9B681B
:10BF400000211846FFF786FF009BDB68B3F1FF3F37
:10BF500009D0009BDB681846FFF791FF009BDB6868
:10BF60001846FFF766FF019B1868009BD968009B85
:10BF70009B681A46FFF7A0FE00BF03B05DF804FB04
:10BF800000B583B001900B468DF80330019B1B6810
:10BF90004FF488711846FFF711FE019B1B684FF4A0
:10BFA00090711846FFF70AFE019B1B684FF49271CF
:10BFB0001846FFF703FE019B1B684FF4A271184659
:10BFC000FFF7FCFD019B1B684FF4AC711846FFF7AF
:10BFD000F5FD019B1B680F491846FFF733FE019BD7
:10BFE0001B681846FFF7A8FD03461A469DF8033064
:10BFF00019461046FFF7A8FD019B1B681846FFF77E
:10C000009BFD03461846FFF7CBFD00BF03B05DF86C
:10C0100004FB00BF1003420000B587B003900291FB
:10C020000192029B002B03D12B49CF2001F086F90E
:10C03000039B1B791A461346DB0013449B00274AD7
:10C040001344059300230493059B93F82030002BA1
:10C0500003D008230493049B3AE0039B1A68039BD4
:10C060001B7919461E4B53F8213019461046FEF72E
:10C07000FDFB0346002B03D011230493049B27E010
:10C0800002990398FFF719FF059B019A5A60029BDA
:10C090001A69059B1A60059B5B68002B05D0029B03
:10C0A0001B7F19460398FFF76BFF039B1B6818461D
:10C0B000FFF7EAFD059B00229A61059B0022DA61E9
:10C0C000059B00225A61059B012283F82020049BD6
:10C0D000184607B05DF804FB68490300AC35002042
:10C0E000D449030000B589B0039002910192039BEB
:10C0F0001B791A461346DB0013449B00574A13442E
:10C100000693069B93F82030012B04D0544940F24B
:10C110002D1001F013F9029B002B04D150494FF46C
:10C12000977001F00BF9019B002B04D14C4940F2B0
:10C130002F1001F003F9039B1B79002B03D1019B06
:10C14000B3F5803F04D346494FF4987001F0F6F8F8
:10C150000298FFF7E3FC034683F00103DBB2002BF8
:10C1600003D010230793079B73E0039800F07AF83D
:10C170000346002B03D011230793079B69E0069B1E
:10C18000019A5A61069B029A9A6000230793039BC7
:10C190001B684FF490711846FFF710FD039B1B6856
:10C1A0004FF4AC711846FFF709FD039B1868069B16
:10C1B0009968069B5B691A46FFF7BAFD039B1B68EB
:10C1C00008211846FFF787FD069B5B68002B3FD1CF
:10C1D000039B1B684FF490711846FFF704FD03465C
:10C1E0008DF81730039B1B684FF4AC711846FFF7AE
:10C1F000FAFC03468DF816309DF8173083F00103E2
:10C20000DBB2002B06D09DF8163083F00103DBB2C1
:10C21000002BDDD19DF81630002B02D00F230793A1
:10C2200013E0039B1B680C211846FFF754FD00BF69
:10C23000039B1B684FF4AC711846FFF7D4FC034610
:10C2400083F00103DBB2002BF2D1069B00225A617E
:10C25000079B184609B05DF804FB00BFAC35002011
:10C260006849030082B00190019B1B791946084A76
:10C270000B46DB000B449B00134414331B68002B5C
:10C2800014BF01230023DBB2184602B0704700BF81
:10C29000AC35002000B589B0039002910192039B58
:10C2A0001B791A461346DB0013449B00864A13444D
:10C2B0000593039B1B791946834A0B46DB000B440D
:10C2C0009B00134420331B78012B04D07F494FF48B
:10C2D000C07001F033F8029B002B04D17B4940F27F
:10C2E000811001F02BF8019B002B04D177494FF40A
:10C2F000C17001F023F8039B1B79002B03D1019B34
:10C30000B3F5803F04D3714940F2831001F016F871
:10C310000298FFF703FC034683F00103DBB2002B16
:10C3200003D010230793079BCAE000238DF81B302E
:10C33000059B5B68002B06D0039B1B684FF40471C0
:10C340001846FFF789FC059B9B69002B15D0059BC0
:10C35000DB69002B0ED0059B5B68002B06D0039B8E
:10C360001B684FF404711846FFF76CFC1123079308
:10C37000079BA5E001238DF81B309DF81B3083F04F
:10C380000103DBB2002B09D0059B019A9A61059B42
:10C39000029ADA60059B0022DA6105E0059B029AA9
:10C3A0001A61059B019ADA6100230793039B1B68BE
:10C3B0004FF488711846FFF701FC039B1B684FF48C
:10C3C000A2711846FFF7FAFB039B1B68019A0299BA
:10C3D0001846FFF7C4FC9DF81B3083F00103DBB265
:10C3E000002B06D0039B1B6800211846FFF773FC47
:10C3F00005E0039B1B6820211846FFF706FC039B02
:10C400001B791946304A0B46DB000B449B00134452
:10C4100004331B68002B4BD1039B1B684FF48871BE
:10C420001846FFF7E0FB03468DF81330039B1B68AB
:10C430004FF4A2711846FFF7D6FB03468DF8123071
:10C44000039B1B684FF492711846FFF7CCFB034621
:10C450008DF811309DF8133083F00103DBB2002B0F
:10C460000DD09DF8123083F00103DBB2002B06D013
:10C470009DF8113083F00103DBB2002BCCD1039B7C
:10C480001B791946104A0B46DB000B449B001344F2
:10C49000183300221A609DF81130002B01D00323BD
:10C4A00007939DF81230002B09D00F23079306E065
:10C4B000039B1B684FF404711846FFF7C3FB079BEF
:10C4C000184609B05DF804FBAC350020684903004C
:10C4D00000B589B003900291019201238DF81030CC
:10C4E000029B0693019B0593039B5B68039A11686B
:10C4F00004AA1046984700BF09B05DF804FB00B5D8
:10C5000087B00190009100238DF80830009B0493C0
:10C51000019B9B680393019B00225A61019B5B680E
:10C52000019A116802AA1046984700BF07B05DF84B
:10C5300004FB00B589B0019000914FF4927101980D
:10C54000FFF751FB0346002B22D04FF49271019864
:10C55000FFF734FB02238DF808300198FFF786FBC4
:10C56000034605930198FFF709FC03460493009BDB
:10C57000DB680393009B00229A61009B0022DA6132
:10C58000009B5B68009A116802AA104698473BE03E
:10C590004FF488710198FFF726FB0346002B33D038
:10C5A0004FF488710198FFF709FB0198FFF7E6FB4C
:10C5B0000790009B9B69079A9A4225D1009BDB69F3
:10C5C000002B17D0009BDB68069320210198FFF712
:10C5D0002AFB009BDA69009B9A61009B1A69009B09
:10C5E000DA60009B0022DA61069A07990098FFF74B
:10C5F0006FFF09E0009B00229A61009BDB681A46EE
:10C6000007990098FFF764FF4FF4A2710198FFF7B4
:10C61000EAFA0346002B18D04FF4A2710198FFF7F5
:10C62000CDFA009B9B69002B0FD0009B00229A61E2
:10C63000009B0022DA610198FFF7A0FB0146009BF6
:10C64000DB681A460098FFF743FF4FF4907101989A
:10C65000FFF7C9FA0346002B14D04FF490710198EC
:10C66000FFF7ACFA0C210198FFF735FB009B5B69E3
:10C67000002B07D00198FFF76AFB03461946009884
:10C68000FFF73DFF4FF4AC710198FFF7ACFA03469A
:10C69000002B10D04FF4AC710198FFF78FFA009B7C
:10C6A0005B69002B07D00198FFF751FB0346194641
:10C6B0000098FFF724FF00BF09B05DF804FB0000FD
:10C6C00008B503490348FFF734FF00BF08BD00BFAA
:10C6D000AC3500200020004082B001900B468DF860
:10C6E00003309DF80330019A134401221A6000BF01
:10C6F00002B0704784B001900B46ADF80230BDF82F
:10C700000230019A134400221A60BDF80230019AE7
:10C7100013441B680393039B00BF04B0704782B0AF
:10C7200001900B46ADF80230BDF80230019A134477
:10C730001B68002B14BF01230023DBB2184602B094
:10C74000704782B001900091019B009AC3F80423C6
:10C7500000BF02B0704782B001900091019B009A27
:10C76000C3F8082300BF02B0704782B00190019B5C
:10C770000622C3F8002500BF02B0704782B00190C6
:10C78000019B0022C3F8002500BF02B0704784B0AF
:10C790000190019BD3F8C4340393019B039AC3F81F
:10C7A000C424039B184604B0704782B001900091E6
:10C7B000019B009AC3F8002200BF02B0704782B00C
:10C7C0000190019BD3F84C35184602B0704782B0F7
:10C7D0000190019BD3F83C35184602B07047000029
:10C7E00000B585B00190009101238DF80F30009BBA
:10C7F0001B7B032B55D801A252F823F073C802000B
:10C800008BC802004BC802000DC80200009B9B6849
:10C81000324A934207D10198FFF7D1FF0246009BAD
:10C820001B699A420DD1009B9B6840F20222934201
:10C8300039D10198FFF7C3FF0246009B5B699A421A
:10C8400031D000238DF80F302DE00198FFF7B7FFAE
:10C850000246009B1B699A4207D10198FFF7B7FF78
:10C860000246009B5B699A421FD000238DF80F306F
:10C870001BE00198FFF7A3FF0246009B1B699A4249
:10C8800015D000238DF80F3011E00198FFF79FFFBE
:10C890000246009B1B699A420BD000238DF80F3093
:10C8A00007E000BF06E000BF04E000BF02E000BFF9
:10C8B00000E000BF9DF80F3083F00103DBB2002BD6
:10C8C00005D00198FFF75AFF0198FFF74EFF9DF83A
:10C8D0000F30184605B05DF804FB00BF00020400ED
:10C8E00030B58BB001900091009B1B68002B04D1E8
:10C8F000864940F2862000F021FD4FF492710198A4
:10C90000FFF70DFF0346002B2BD04FF492710198D7
:10C91000FFF7F0FE4FF482710198FFF700FF034626
:10C9200083F00103DBB2002B1BD0009B9B681946F0
:10C930000198FFF710FF009B02229A60009B9B6802
:10C9400019460198FFF7FDFE20210198FFF7C4FE6C
:10C9500014210198FFF7C0FE009B012283F82E20CE
:10C96000D1E04FF482710198FFF7D9FE0346002B06
:10C970004AD04FF482710198FFF7BCFE009B04ACD3
:10C9800003F10C050FCD0FC42B682360009B93F8B7
:10C990002E3083F00103DBB2002B12D000990198F6
:10C9A000FFF71EFF0346002B14BF01230023DBB259
:10C9B00083F00103DBB203F00103DAB2009B83F8DA
:10C9C0002E204FF4B0710198FFF794FE4FF4AE7132
:10C9D0000198FFF78FFE009B93F8303083F001033E
:10C9E000DBB2002B04D1009B93F82E30002B4CD0EF
:10C9F00000210198FFF7D9FE009B00229A6044496C
:10CA00000198FFF7A8FE40E04FF4A4710198FFF7EA
:10CA100071FE009B1B7B002B1BD1009B04AC03F120
:10CA20000C050FCD0FC42B682360009B93F83030AA
:10CA300083F00103DBB2002B27D000210198FFF720
:10CA4000B4FE009B00229A6031490198FFF783FEF3
:10CA50001BE04FF400710198FFF7A7FE009B40F226
:10CA600002229A602A490198FFF775FE009B9B6895
:10CA700019460198FFF765FE08210198FFF72CFE83
:10CA800020210198FFF728FE3DE00198FFF77FFE87
:10CA90000990099B03F00203002B03D001238DF8BA
:10CAA0000C301DE0099B03F00403002B03D002238C
:10CAB0008DF80C3014E0099B03F00103002B03D028
:10CAC00002238DF80C300BE0009B93F82E30002BE6
:10CAD00003D004238DF80C3002E000238DF80C30D5
:10CAE000009B93F8303083F00103DBB2002B03D0BE
:10CAF000009B002283F82F20009B1B68009A51683E
:10CB000003AA104698470BB030BD00BF484A030047
:10CB100002029C0108B503494FF04020FFF7E0FEF8
:10CB200000BF08BDD0350020BFF34F8F00BF074BBB
:10CB3000DB6803F4E0620549054B1343CB60BFF3A8
:10CB40004F8F00BF00BF00BFFCE700BF00ED00E05B
:10CB50000400FA0500B585B00190019B002B0CD0B4
:10CB6000084B43F001030393019B9B010293054B88
:10CB700043F001030298984700E000BF05B05DF85C
:10CB800004FB00BFC04A030000B583B00190019BC5
:10CB90001B682F2B04D90B4940F2CD1000F0CEFBBF
:10CBA000019B1B681F2B02D84FF0A04306E0019B9E
:10CBB0001B6803F01F02019B1A60034B184603B069
:10CBC0005DF804FBC84A03000003005000B585B0BF
:10CBD0000190084611461A4603468DF803300B466D
:10CBE0008DF8023013468DF8013001AB1846FFF77F
:10CBF000CBFF03909DF803209DF802305B001A43A1
:10CC00009DF801309B001A439DF818301B0242EA40
:10CC100003019DF81C301B04019A1943039B02F584
:10CC2000E07243F8221000BF05B05DF804FB00B5C8
:10CC300085B0039000230193002300930023012279
:10CC400001210398FFF7C2FF00BF05B05DF804FBA8
:10CC500000B585B0019001AB1846FFF795FF039032
:10CC6000019B012202FA03F31946039800F004F82D
:10CC700000BF05B05DF804FB82B001900091019BFC
:10CC8000009AC3F8082500BF02B0704774DF7047F0
:10CC900000BF184676DF704700BF18467ADF70473E
:10CCA00000BF18467CDF704700BF18468ADF704718
:10CCB00000BF18468BDF704700BF18468FDF7047F4
:10CCC00000BF184600B583B00190019B002B0FD028
:10CCD0004FF47A70FFF73EFF019B013B0193019BEC
:10CCE000002B14BF01230023DBB2002B01D0EFE7A0
:10CCF00000BF03B05DF804FB014B1B68184670478A
:10CD0000D83B002082B00190034B1B680133024ADC
:10CD1000136000BF02B07047D83B002000B585B05B
:10CD200003468DF807309DF80730032B1AD801A26F
:10CD300052F823F04DCD020045CD020055CD020042
:10CD40005DCD0200114801F0D1FF0BE0104801F069
:10CD5000CDFF07E00F4801F0C9FF03E00E4801F0E6
:10CD6000C5FF00BFFAF7FAFF0390039B0293029BF3
:10CD7000002B05D0094A40F24A210298FAF77AFBC3
:10CD80000123184605B05DF804FB00BF004B03000B
:10CD9000204B0300404B03006C4B03008C4B030003
:10CDA00070B58CB0059000230893059B0333784A37
:10CDB0001360059B9B69774A1360059B9A8B764BA2
:10CDC0001A80764B1B7883F00103DBB2002B00F056
:10CDD000F980704B1B6805331A78714B1B789A42A7
:10CDE00040F09C816B4B1B6806331A786C4B5B7868
:10CDF0009A4240F09381674B1B6807331A78694B5E
:10CE00001B789A4240F08A81624B1B6808331A787B
:10CE1000644B5B789A4240F081815F4B1A88624B89
:10CE20001B889A4240F07A814FF0FF330893089BA9
:10CE3000B3F1FF3F40F095805C4B00221A70544BD9
:10CE40001B681B781C46524B1B6801331B781D4620
:10CE50004F4B1B6802331B781E464D4B1B68033338
:10CE60001B781A464A4B1B6804331B781946484BFB
:10CE70001B6805331B781846059B93F91330039301
:10CE800002900191009233462A462146484801F01B
:10CE90002DFF05230B930B9B002B15DB3C4B1A68D6
:10CEA0000B9B1344434A127810461978424A3423A4
:10CEB00003FB00F31A440B9B134448330A461A70D1
:10CEC0000B9B013B0B93E6E73A4B1B78184601F0AE
:10CED0004FFC304B1B6809331A78364B1B781846C9
:10CEE00051B2354A342303FB00F3134457330A4647
:10CEF0001A70304B1B7819462F4A342303FB01F379
:10CF00001344573393F9003019462C4801F0EEFED4
:10CF1000204B1B680A331A78264B1B78194607EEFC
:10CF2000902AF8EE677A244A342303FB01F3134472
:10CF30006433C3ED007A1F4B1B7819461E4A342315
:10CF400003FB01F3134464331B68184605F068FDC6
:10CF500002460B461A4801F0C9FE164B00221A7011
:10CF6000DCE0089801F004FC124B1B780A930A9B42
:10CF7000002B00F3D380104A0A9B342101FB03F3FA
:10CF80001344683300221A800A9B01330A93EEE7A8
:10CF9000B4420020B8420020BC4200203F3D0020A7
:10CFA0004C33002050330020AC330020523300209B
:10CFB000D04B0300383D0020C0420020FC4B030052
:10CFC000084C0300584B1B6807331A78574B1B78E3
:10CFD0009A4240F0A380544B1B6808331A78534B95
:10CFE0005B789A4240F09A80514B1B6800211846AA
:10CFF00001F002FC0346B3F1FF3F0CBF0123002305
:10D00000DBB2002B00F08A80494B1B681B781C4662
:10D01000474B1B6801331B781D46454B1B68023389
:10D020001B781E46424B1B6803331B781A46404B45
:10D030001B6804331B7819463D4B1B6805331B786E
:10D040001846059B93F913300393029001910092C7
:10D0500033462A462146374801F048FE0523099306
:10D06000099B002B15DB324B1A68099B1344324A8B
:10D07000127810461978314A342303FB00F31A441E
:10D08000099B134448330A461A70099B013B0993D4
:10D09000E6E7294B1B781846059B93F91310274A9E
:10D0A000342303FB00F3134457330A461A70224B10
:10D0B0001B781946214A342303FB01F313445733E9
:10D0C00093F9003019461E4801F010FE164B1B68FC
:10D0D0000A331A78184B1B78194607EE902AF8EE97
:10D0E000677A164A342303FB01F313446433C3ED18
:10D0F000007A114B1B781946104A342303FB01F3C5
:10D10000134464331B68184605F08AFC02460B463C
:10D110000C4801F0EBFD084B00221A7000F0D2FA27
:10D1200000BF0CB070BD00BFB842002050330020DB
:10D13000B4420020D04B0300383D0020C042002004
:10D14000FC4B0300084C030000B585B00190009132
:10D15000019B04330393019B1B881D2B04D1039B6C
:10D1600004331846FFF71CFE00BF05B05DF804FB52
:10D1700000B583B00023009304F04AFE01906B4693
:10D180001946012004F03EFF01906B46184604F05A
:10D19000C7FF019000BF03B05DF804FB00B583B08A
:10D1A0000190184B01221A60174B1B68012B24D1E8
:10D1B000164B1B68002B09DC154B01221A60124B21
:10D1C00000221A60134B01221A7016E0124B1B68E2
:10D1D0004FF47A7202FB03F3184600F021F80B4B70
:10D1E0001B68013B094A1360084B1B6819460B4832
:10D1F00001F07CFD074B00221A7000BF03B05DF800
:10D2000004FB00BFB0440020B8440020BC44002010
:10D21000B4440020C0440020B0330020144C03006C
:10D2200030B583B00190154A00211548FAF710FD7A
:10D23000019B18464FEAE0714FF000024FF00003E7
:10D24000CB0343EA5043C20312F57A7443F100055D
:10D250004FF4FA624FF000032046294605F066FDC0
:10D2600002460B461346002219460648FAF724FDEB
:10D27000054B00221A6000BF03B030BD9DD10200F3
:10D280004C530300783B0020B044002008B5064A08
:10D2900001210648FAF7DCFC002210210448FAF7C5
:10D2A0000BFD00BF08BD00BF05CD020050530300B9
:10D2B000983B002000B583B00023009304F0A8FD44
:10D2C00001906B461946012004F09CFE6B461846FF
:10D2D00004F026FF019000BF03B05DF804FB08B521
:10D2E000FFF746FF00F0EEF900BF08BD08B5F422D5
:10D2F00000210D4805F0CBFE0B4B41221A700A4B62
:10D3000043225A70084B4B229A70074B3122DA7035
:10D31000064B1B88064A0449064804F073FB06487E
:10D3200001F0E4FC00BF08BD9841002078330020E4
:10D33000803300205C330020284C030000B583B00C
:10D3400003460091ADF80630064801F0CFFCBDF869
:10D350000630009A19460448FAF78CF800BF03B06B
:10D360005DF804FB3C4C0300EFBEADDE00B589B0B8
:10D370000190019B1B78002B40F09280019B9B8ABF
:10D380001946494801F0B2FC00230793019B9B8A90
:10D390001A46079B93420CD2019B1A69079B1344C0
:10D3A0001B781946414801F0A1FC079B0133079304
:10D3B000ECE73F4801F09AFC019B1B6902331B78A4
:10D3C000012B0CD13B4B01221A704FF08043B1224C
:10D3D000C3F81C256420FFF775FCFFF7A5FB019B34
:10D3E0001B6904331A78344B1A70019B1B6905338F
:10D3F0001A78324B1A70019B1B6906331B781A4648
:10D400004FF47A7303FB02F32D4A1360019B1B69EF
:10D4100007331B785AB22B4B1A70019B1B690833D8
:10D420001B781A464FF47A7303FB02F3264A136003
:10D43000019B1B6909331B781A464FF47A7303FB6F
:10D4400002F3224A1360019B1B690A331A78204BAE
:10D450001A70002306930B230593059B0E2B0FDCFC
:10D46000019B1A69059B1A44069B591C0691127868
:10D4700008A90B4403F8102C059B01330593ECE736
:10D4800004A903AB0422184605F0D8FDDDED037AAC
:10D49000FDEEE77A17EE902A0E4B1A60FFF726FF93
:10D4A00000BF09B05DF804FB544C0300804C03003E
:10D4B000884C0300C1440020DD3B0020DE3B0020FF
:10D4C0008833002048330020903300208C33002024
:10D4D000C2440020B833002000B585B09DF8043068
:10D4E000012262F303038DF804309DF80430012219
:10D4F00062F307138DF80430124805F01DFE034651
:10D500009AB201AB0F491846FFF7CCFB02AB0822D9
:10D510000021184605F0BBFD1023ADF808303C2370
:10D52000ADF80A300023ADF80C304FF4C873ADF8F5
:10D530000E3002AB1846FFF7B1FB00BF05B05DF837
:10D5400004FB00BF8C4C030000B583B000230093A4
:10D55000002300936B461946094803F06BFF01ABAB
:10D5600004220021184605F092FD064B019301AB01
:10D570001946054804F0A0F900BF03B05DF804FBAC
:10D58000583D00206DD302005C33002000B583B00D
:10D590000190019B1B78002B05D1054B1B883B217B
:10D5A0001846FFF777FB00BF03B05DF804FB00BF30
:10D5B0007833002000B589B001AB1C220021184649
:10D5C00005F065FD002301934FF4A03302934FF45F
:10D5D000F023039303238DF810300023ADF81230AD
:10D5E00000238DF81430064B06930023079301ABFC
:10D5F000184602F047FF00BF09B05DF804FB00BF0A
:10D600008DD5020000B585B001900091019B1B886B
:10D61000562B42D0562B47DC3B2B37D03B2B43DCE1
:10D62000212B25D0212B3FDC102B02D0112B0ED02B
:10D630003AE0019B9A881F4B1A801E4B1B881946A3
:10D640001D4803F019FF1D4B01221A702DE0194BE4
:10D650004FF6FF721A80174B1B883B211846FFF7C5
:10D6600019FB164B00221A70154B01221A601CE0A0
:10D6700000238DF80D3000238DF80C30019B9B8822
:10D6800003AA11461846FFF719FB0EE0019B9B8881
:10D6900013211846FFF7FEFA07E0019B9B88132130
:10D6A0001846FFF7F7FA00E000BF00BF05B05DF8CD
:10D6B00004FB00BF78330020583D00203E3D002091
:10D6C000B044002008B5FFF7F5FA03490348FFF717
:10D6D000EDFA00BF08BD00BFA43300209433002042
:10D6E00000B585B00023039304F092FB03900399E7
:10D6F0001D4801F0FBFA039B0293029B002B05D00F
:10D700001A4A40F2E9310298F9F7B4FE0023019376
:10D7100001AB184604F064FC03900399144801F02F
:10D72000E5FA019B1946134801F0E0FA01AB1946EE
:10D73000012004F067FC0346002B14BF01230023E3
:10D74000DBB2002B02D00C4801F0D0FA01AB184636
:10D7500004F0E6FC03900399034801F0C7FA00BF08
:10D7600005B05DF804FB00BF984C03008C4B030030
:10D77000A84C0300BC4C0300D04C030000B5ADB076
:10D7800001ABAC220021184605F081FC02238DF884
:10D79000043000238DF8063005238DF8073001236F
:10D7A000ADF850300C4B159301238DF88030402399
:10D7B000239344F25063249300232A9301AB194628
:10D7C000064802F0FDFA0121044802F0ECFA00BF1D
:10D7D0002DB05DF804FB00BF7C330020643D0020C9
:10D7E00000B583B001900091009B5A88124B1B88B2
:10D7F0009A4214D1009B1B8840F6772293420ED1A7
:10D80000009B9B88033B9AB20C4B1A800B4B1B88E6
:10D8100019460A4B1B881A46094801F067FA019B12
:10D820005B881946019B1B881A46064801F05EFA80
:10D8300000BF03B05DF804FB783300207A3300208A
:10D84000DC4C0300FC4C030008B50549054803F017
:10D850000AFDF721034803F031FD00BF08BD00BFFA
:10D86000E1D70200443D002008B50321024802F040
:10D870007FFB00BF08BD00BF643D002008B5FFF777
:10D880002FFFFFF729FEFFF7DFFFFFF75DFEFFF732
:10D8900075FFFFF78FFEFFF7E7FF044B00221A70BA
:10D8A000034801F023FA00BF08BD00BF3E3D002041
:10D8B000384D030082B00190019B082B38D801A29B
:10D8C00052F823F0E9D80200F1D80200F9D802009A
:10D8D00001D9020009D9020011D9020019D90200A8
:10D8E00021D9020029D90200154BD8221A7023E051
:10D8F000134BE2221A701FE0114BEC221A701BE04E
:10D900000F4BF0221A7017E00D4BF4221A7013E03F
:10D910000B4BF8221A700FE0094BFC221A700BE037
:10D92000074B00221A7007E0054B04221A7003E02F
:10D93000034B00221A7000BF00BF02B0704700BF47
:10D94000CC450020124B0022C3F80022104B0022CD
:10D95000C3F810210E4B00221A600D4B0122DA6031
:10D960000B4B01221A610A4B0122C3F80C21084B10
:10D97000D3F81031002B0CBF01230023DBB2002BA6
:10D9800000D0F4E7024B0022C3F8102100BF70471B
:10D990000010004008B5114B0122C3F8FC2F0F4BBB
:10D9A0000122C3F800220E4B93F900301846FFF70E
:10D9B00081FF0C4B1A78094BC3F80C250A4B1A78D7
:10D9C000064BC3F81025054A084B1B68C2F80835FA
:10D9D000024B01221A6000BF08BD00BF00100040CA
:10D9E00048330020CC450020B4330020B833002059
:10D9F00000B583B0384B04221A70384BD3F8503638
:10DA0000364A23F00103C2F85036344B344AC3F887
:10DA10001825324B0022C3F83425304B0022C3F8BE
:10DA20002C252E4B0122C3F830252C4BCC22C3F8D9
:10DA300024252A4B4FF0CC32C3F81C25274B294A0A
:10DA4000C3F81425284BFF221A7000238DF80730E5
:10DA50009DF80730FF2B0BD09DF807300133224A89
:10DA6000CC21D1549DF8073001338DF80730EFE712
:10DA70001A4B1D4AC3F80425184B2122C3F8002273
:10DA80001A4B93F900301846FFF714FF184B1A7819
:10DA9000124BC3F80C25104B1A78104BC3F8102505
:10DAA0000E4A144B1B68C2F808350C4B0022C3F811
:10DAB0000C210A4B01221A60084BD3F80C31002BC1
:10DAC0000CBF01230023DBB2002B00D0F4E700BF22
:10DAD00003B05DF804FB00BFB43300200010004029
:10DAE000FF00040308000001CC440020483300205C
:10DAF000CC450020B833002008B504F0DDF900BFA4
:10DB000008BD00BF7047000000B583B0FFF7F4FF09
:10DB1000FFF7F7FF8F4B01221A604FF0804300227E
:10DB2000C3F800214FF0804301221A604FF0804378
:10DB3000D3F80031002B0CBF01230023DBB2002BF4
:10DB400000D0F3E7844B1B78002B05D1834801F00C
:10DB5000CDF8FFF7F7FE06E07F4B1B78002B02D0D5
:10DB60007F4801F0C3F87F4B1B78002B00F0AD809D
:10DB7000794B1B78012B17D17B4B1B68002B13DDD6
:10DB80007A4801F0B3F87A4B1B681946794B93F940
:10DB900000301A460023019300920B460122012116
:10DBA000754804F043FE0CE06B4B1B78002B08D14A
:10DBB0006D4B1B68002B04DD704801F097F8FFF7F0
:10DBC000E9FE694B1B68002B12DD674B1B6818468A
:10DBD000FFF726FB6A4B1B68002B0CBF01230023B9
:10DBE000DBB2002B02D0FBF797F9F3E700F05EFE03
:10DBF000594B1B78012B10D15D4B1B6819465D4BAF
:10DC000093F900301A460023019300920B4600223C
:10DC10000121594804F00AFE05E04F4B1B78002B08
:10DC200001D1FFF78FFE574B1B68002B13D05648CE
:10DC300001F05CF8534B1B681846FFF7F1FA504BA4
:10DC40001B68002B0CBF01230023DBB2002B02D08A
:10DC5000FBF762F9F3E7404B1B78022B12D14B4BD9
:10DC60001B68002B0EDD4A4801F040F8474B1B684B
:10DC70001946484801F03AF8444B1B68184600F032
:10DC800049FC0FE0344B1B78002B0BD13F4B1B683A
:10DC9000002B07DD404801F029F83C4B1B68184673
:10DCA00000F012FE394B1B68002B7FF761AF2E4B43
:10DCB0001B68002B7FF45CAF324B1B68002B7FF49A
:10DCC00057AF364801F012F852E7234B1B78012B6F
:10DCD00013D1334801F00AF8254B1B681946254B30
:10DCE00093F900301A460023019300920B4601225B
:10DCF0000121214804F09AFD25E0174B1B78022BE7
:10DD000018D1224B1B68002B14D1174B1B68002B1A
:10DD100010D1174B1B681946224B93F900301A4655
:10DD20000023019300920B4601220021124804F0C7
:10DD30007DFD08E0084B1B78002B04D10F4800F054
:10DD4000D5FFFFF727FEFBF7E7F84FF47A70FEF7F1
:10DD5000B9FFF8E700D00040DE3B0020484D03004B
:10DD6000684D03003F3D002088330020884D0300AC
:10DD7000B8330020653B002020360020AC4D030066
:10DD8000B04400208C330020CC4D030090330020A1
:10DD9000EC4D0300144E0300384E0300544E0300B4
:10DDA000704E03006C3B002000B585B003468DF833
:10DDB0000F30FFF7A1FEFFF7A4FE8D4B01221A6082
:10DDC0004FF080430022C3F800214FF0804301222E
:10DDD0001A604FF08043D3F80031002B0CBF0123B1
:10DDE0000023DBB2002B00D0F3E7824B1B78002B23
:10DDF00005D1814800F07AFFFFF7A4FD06E07D4BD6
:10DE00001B78002B02D07D4800F070FF9DF80F308A
:10DE1000002B00F0AD80774B1B78012B17D1784B8E
:10DE20001B68002B13DD774800F060FF764B1B6802
:10DE30001946764B93F900301A460123019300925C
:10DE40000B4601220121724804F0F0FC0CE0694B02
:10DE50001B78002B08D16A4B1B68002B04DD6D4832
:10DE600000F044FFFFF7C4FD654B1B68002B12DD7B
:10DE7000634B1B681846FFF7D3F9674B1B68002BF1
:10DE80000CBF01230023DBB2002B02D0FBF744F8C8
:10DE9000F3E700F00BFD574B1B78012B10D15A4BC9
:10DEA0001B681946594B93F900301A460123019318
:10DEB00000920B4600220121554804F0B7FC05E012
:10DEC0004C4B1B78002B01D1FFF73CFD534B1B68DB
:10DED000002B13D0524800F009FF504B1B68184626
:10DEE000FFF79EF94C4B1B68002B0CBF012300234E
:10DEF000DBB2002B02D0FBF70FF8F3E73D4B1B78AA
:10DF0000022B12D1474B1B68002B0EDD464800F058
:10DF1000EDFE444B1B681946444800F0E7FE414BB8
:10DF20001B68184600F03CFB0FE0324B1B78002BBF
:10DF30000BD13C4B1B68002B07DD3D4800F0D6FEA3
:10DF4000384B1B68184600F0BFFC364B1B68002B93
:10DF50007FF761AF2A4B1B68002B7FF45CAF2F4B20
:10DF60001B68002B7FF457AF324800F0BFFE52E72A
:10DF7000204B1B78012B13D12F4800F0B7FE224B0A
:10DF80001B681946214B93F900301A46012301936F
:10DF900000920B46012201211D4804F047FC20E0BD
:10DFA000144B1B78022B13D1244800F09FFE164B14
:10DFB0001B681946154B93F900301A46012301934B
:10DFC00000920B4601220021114804F02FFC08E0CA
:10DFD000084B1B78002B04D10E4800F087FEFFF79A
:10DFE00007FDFAF799FF4FF47A70FEF76BFEF8E73A
:10DFF00000D00040DE3B0020484D0300684D030088
:10E0000088330020704E0300B8330020653B0020A9
:10E0100020360020AC4D0300B04400208C3300209B
:10E02000CC4D030090330020904E0300144E0300AB
:10E03000384E0300544E0300B84E0300E04E030078
:10E0400010B584B00390FEF757FE0346744A136080
:10E05000734B1B681946734800F048FEFFF70EFC2F
:10E060000398FFF7DDF8704800F040FE6F4B1B6827
:10E07000002B03D06E4B1B78002B01D0012300E056
:10E080000023002B02D0FAF747FFEFE7694800F0C2
:10E090002DFE694B93F854301846FEF7F7FD4FF408
:10E0A0007A70FEF70FFE03F007FF4FF47A70FEF769
:10E0B00009FE00F0FBFB614B93F90030082B02DDF9
:10E0C0005E4B07221A705E4B1B68642B06D95D4BB2
:10E0D0001B78002B02D15A4B11221A60574B93F92F
:10E0E00000301C46584B1968584B1A68584B186832
:10E0F000584B1B6800930346204600F085F9034601
:10E100005AB2554B1A704E4B1B6803F5617307EEFC
:10E11000903AF8EE677A514BC3ED007A474B93F98A
:10E1200000301C464E4B19684E4B1A684E4B18680F
:10E130004E4B1B6800930346204600F065F90346EA
:10E140005AB24B4B1A703D4B93F900301C46494B69
:10E150001968494B1A68494B1868494B1B6800936A
:10E160000346204600F050F903465AB2454B1A7058
:10E17000454B1B781946454800F0B8FD444B1B68D9
:10E180001946444800F0B2FD2C4B93F90030194673
:10E19000414800F0ABFD414B1B681946404800F078
:10E1A000A5FD404B1B6819463F4800F09FFD3F4BC3
:10E1B0001B7819463E4800F099FD214B1B68194613
:10E1C0003C4800F093FD1F4B1B7819463A4800F07D
:10E1D0008DFD1B4B1B681946384800F087FD244B0A
:10E1E00093F900301946364800F080FD254B93F92D
:10E1F00000301946334800F079FD234B1B78002B83
:10E2000009D04FF08043B122C3F81C256420FEF7EB
:10E2100059FDFEF789FCFFF74DF800BF04B010BDB3
:10E22000C4440020244F0300304F0300B0440020BA
:10E230003E3D0020484F0300643D0020483300204D
:10E24000B8330020DE3B0020603B0020203300205C
:10E250002433002028330020643B00202C3300208E
:10E26000683B002030330020343300203833002056
:10E27000653B0020703B00203C33002040330020F1
:10E28000443300206C3B0020C1440020604F030059
:10E29000883300206C4F03007C4F03008C33002038
:10E2A000904F030090330020A04F0300C244002091
:10E2B000B44F0300C04F0300D84F0300FC4F0300CE
:10E2C000145003003450030008B5FBF7AFFA0020E8
:10E2D000FBF70AFBFAF70AFE00BF08BD30B587B0AE
:10E2E0004FF08053D3F8A8301B0ADBB263F03F0332
:10E2F000DBB28DF810304FF08053D3F8A830DBB28A
:10E300008DF811304FF08053D3F8A4301B0EDBB2E0
:10E310008DF812304FF08053D3F8A4301B0CDBB2D1
:10E320008DF813304FF08053D3F8A4301B0ADBB2C2
:10E330008DF814304FF08053D3F8A430DBB28DF851
:10E3400015309DF810301C469DF811301D469DF883
:10E3500012309DF813209DF814109DF815000390BD
:10E360000291019200932B4622460549054804F08C
:10E37000F6FD0449044800F0B9FC00BF07B030BD09
:10E3800054500300A04400207850030010B584B01E
:10E390004FF08053D3F80431029302AB03934FF054
:10E3A0008053D3F80011039B03331B781846039B5B
:10E3B00002331B781C46039B01331B781A46039BD0
:10E3C0001B7801930092234602460C4800F08EFC15
:10E3D0004FF08053D3F808311946094800F086FC05
:10E3E0004FF080531B6E4FF08052526E1946054815
:10E3F00000F07CFC00BF04B010BD00BF98500300CB
:10E40000B4500300C450030084B003900291019201
:10E410000093039A029BD31A0499009A8A1A02FB6A
:10E4200003F20199029BCB1A92FBF3F2009B134477
:10E43000184604B07047000082B00190024B0122E0
:10E440001A6000BF02B07047283A002008B50248A1
:10E45000F9F768FC00BF08BDB83B002030B585B0B7
:10E46000019000230393FFF7F1FF164A002116489D
:10E47000F9F7EEFB019B18464FF000014FF0000248
:10E480004FF00003CB0343EA5043C20312F57A7402
:10E4900043F100054FF4FA624FF00003204629468D
:10E4A00004F044FC02460B46134600221946074876
:10E4B000F9F702FC0390064B00221A6000BF05B07A
:10E4C00030BD00BF39E4020054530300B83B0020C4
:10E4D000283A002000B583B00A4800F007FC0A4B38
:10E4E00000930A4B1A221B21094804F03BF84FF411
:10E4F000FA60FEF7E7FB064804F08EF800BF03B0B1
:10E500005DF804FB48520300283A00205DE4020055
:10E510002036002000B585B003901C4800F0E6FBD3
:10E520000398FEF77DFE1A4B1B681946194B93F9A9
:10E5300000301A460023019300920B46012200216D
:10E54000154804F073F9154B1B68002B0CBF012311
:10E550000023DBB2002B02D0FAF7DEFCF3E700F079
:10E56000A5F90B4B1B6819460A4B93F900301A4664
:10E570000023019300920B4600220021064804F07C
:10E5800055F900BF05B05DF804FB00BF68520300F9
:10E59000B83300206C3B002020360020B04400201F
:10E5A00000B585B003901C4800F0A0FB0398FEF76F
:10E5B00037FE1A4B1B681946194B93F900301A465F
:10E5C0000123019300920B4601220021154804F01B
:10E5D0002DF9154B1B68002B0CBF01230023DBB268
:10E5E000002B02D0FAF798FCF3E700F05FF90B4B31
:10E5F0001B6819460A4B93F900301A460123019310
:10E6000000920B4600220021064804F00FF900BFDB
:10E6100005B05DF804FB00BF68520300B83300206A
:10E62000653B002020360020B044002000B583B0B8
:10E63000FBF734FF0190019B0093009B002B05D05A
:10E64000394A40F63F010098F8F714FFFFF73CFE07
:10E65000FFF744FEFFF79AFE00F023F9FEF716FEDF
:10E660002620FEF7E4FA2620FEF7F2FA4FF4FA60CD
:10E67000FEF728FBFFF72EFF2C48FFF7E1FC2C4BA1
:10E680001B78032B45D801A252F823F09DE6020027
:10E69000B1E60200C3E60200EDE60200254800F004
:10E6A00025FB00F059F9FFF727FAFAF735FCFCE7EC
:10E6B000214800F01BFB214B00221A70FAF72CFCBA
:10E6C000FCE71F4800F012FB1E4B1B68002B07D114
:10E6D0001D4B1B68002B03D1184B00221A7002E05F
:10E6E000164B01221A70FFF70FFAFCE7174800F0EB
:10E6F000FDFA144B1B68002B07D1134B1B68002B32
:10E7000003D10020FFF750FBFBE70120FFF74CFB94
:10E71000FBE7084800F0EAFA00F01EF9FFF7ECF911
:10E72000FAF7FAFBFCE700BF8C4B0300C0D40100F2
:10E73000C244002088520300945203003F3D002051
:10E74000A85203008833002090330020C8520300F1
:10E7500082B00190054BB3F8E0301A46019B42FAB3
:10E7600003F303F00103184602B07047C0420020D3
:10E7700000B583B001900198FFF7EAFF0346002B34
:10E780000CBF01230023DBB2002B22D0174BB3F8C0
:10E79000E0301AB20121019B01FA03F31BB21343CB
:10E7A0001BB29AB2114BA3F8E020FEF7A5FA02467D
:10E7B0000F4B1B68D31A0F4AA2FB03239B0998B285
:10E7C0000A4A019B342101FB03F3134474330246CC
:10E7D0001A80064A019B342101FB03F3134468337A
:10E7E00000221A8000BF03B05DF804FBC042002085
:10E7F000C4440020D34D621000B585B00190009153
:10E8000000230393039B002B20DC039B342202FB99
:10E8100003F1009A13461B019B1ADB000B444033A3
:10E820000D4A1344083306221946019800F016F8E1
:10E830000346002B14BF01230023DBB2002B01D0C1
:10E84000039B05E0039B01330393DBE74FF0FF33AA
:10E85000184605B05DF804FBC042002086B0039066
:10E860000291019200230593059A019B9A420FDAC7
:10E87000059B039A13441A78059B02990B441B7855
:10E880009A4201D0002304E0059B01330593EBE796
:10E890000123184606B0704708B5FEF70BFA00BF13
:10E8A00008BD08B5F9F796F900BF08BD08B50448DA
:10E8B000F9F738FA034B00221A6000BF08BD00BF09
:10E8C000783B0020B044002000B583B001901A4B83
:10E8D00000221A70194B00221A70194B00221A706C
:10E8E000174B00221A70174B00221A70164B002289
:10E8F0001A70164B00221A70FEF7F1FC0198FEF711
:10E900008FFC134B1B68002B05D1124B1B78002B7F
:10E9100001D1012300E00023002B02D0FAF7FCFA1A
:10E92000EFE7FFF7B9FFFFF7C1FF03F0C5FA00BF3C
:10E9300003B05DF804FB00BF393D00203A3D0020E4
:10E940003B3D00203C3D00203D3D0020C8440020D0
:10E95000B0440020383D002000BF704700B585B0AE
:10E9600003900291039B012B2AD1029B4FF6FF7269
:10E97000934225D1144804F02FF84FF0CC73009344
:10E98000022307220821114804F02CF8104803F054
:10E99000B1FC104803F086FC0F4B1B6864330F4A30
:10E9A00013600E4B1B689AB20D4B5A800A4B1B68C2
:10E9B0009AB20B4B9A800B4B1B689AB2084BDA80C9
:10E9C00000BF05B05DF804FB0436002008360020C7
:10E9D0002C3A0020E03B0020843300208C420020B1
:10E9E000943300209042002008B54FF6FF710120BB
:10E9F000FFF7B4FF08BD000000B583B01F4B0193C3
:10EA0000019B02221A61019B02225A61019B1C4A4E
:10EA10009A61019B1B4ADA61019B4FF400721A62F2
:10EA2000019B00229A62019B00225A62019B0022F4
:10EA3000DA62019B124A9A64019B134ADA64019BD1
:10EA400010221A65019B00229A65019B00225A65DB
:10EA5000019B0022DA65019B07330C49184604F03C
:10EA600049FB019B0A49184604F044FB019B202204
:10EA70009A7100BF03B05DF804FB00BFD0450020D1
:10EA800058530300484600204848002064530300C0
:10EA90006853030000B589B00390029101920023EE
:10EAA0000693039BDB680593039B1B690493049AFD
:10EAB000059B9A4205D9049A059BD31A013B0793FB
:10EAC00007E0039B9A680499059BCB1A1344013B0A
:10EAD0000793039B9A68059BD31A079A934228BF12
:10EAE00013460793079A019B934228BF1346079347
:10EAF000039B5A68059B1344079A0299184604F031
:10EB00009DFA069A079B13440693029A079B1344A7
:10EB10000293019A079BD31A0193059A079B13440A
:10EB20000593039B9B68059A9A4201D100230593A4
:10EB3000039B059ADA60019B002BB5D1069B184612
:10EB400009B05DF804FB00B589B003900291019211
:10EB5000039BDB680793039B9A68079BD31A069372
:10EB6000069A019B9A420ED9039B5A68079B13444D
:10EB7000019A0299184604F061FA079A019B1A4417
:10EB8000039BDA601AE0069B0593039B5A68079B78
:10EB90001344059A0299184604F050FA019A069B0C
:10EBA000D31A0593039B5868029A069B1344059A4F
:10EBB000194604F043FA039B059ADA6000BF09B0D6
:10EBC0005DF804FB86B00190019B1B690493019BD7
:10EBD000DB680393049A039B9A4208D8019B9A68C6
:10EBE000039BD21A049B1344013B059304E0049A4F
:10EBF000039BD31A013B0593059B184606B070474B
:10EC000000B589B0039002910192029B0693039B89
:10EC10005A1C13465B001344DB00204A134405933F
:10EC2000059B5B69022B29D0022B2ED8002B02D02A
:10EC3000012B13D029E00598FFF7C4FF0490049A34
:10EC4000019B9A4202D20023079321E0019B079384
:10EC5000019A06990598FFF776FF19E00598FFF7E6
:10EC6000B1FF0490019A049B934228BF1346079377
:10EC7000079A06990598FFF766FF09E0019A069939
:10EC80000598FFF707FF079002E00023079300BFF6
:10EC9000079B184609B05DF804FB00BFD045002073
:10ECA00000B587B00390029101920F4B1B78002BA7
:10ECB00001D1FFF7A1FE00238DF813300DF11303EE
:10ECC0001846F9F72FFB019A02990398FFF798FF6E
:10ECD00005909DF813301846F9F73AFB059B184646
:10ECE00007B05DF804FB00BFD04500200FB400B5AD
:10ECF000A3B025AB009301A8009B249A802104F0C7
:10ED00008FF92190219B802B06DD01AB80221946D3
:10ED10000020FFF7C5FF08E0219B002B05DD219AAD
:10ED200001AB19460020FFF7BBFF219B184623B01B
:10ED30005DF804EB04B070476DDF704700BF184604
:10ED400079DF704700BF18467DDF704700BF184667
:10ED500064DF704700BF184682B003460091ADF8EB
:10ED60000630BDF80630DAB2009B1A70BDF80630E6
:10ED70001B0A9AB2009B0133D2B21A7002231846C2
:10ED800002B0704700B589B0039002911346ADF808
:10ED90000630029B1B8803F10902BDF806309A4237
:10EDA00001D90C2353E004AB1846FFF7C5FF0790C9
:10EDB000079B0693069B002B01D0069B47E0029B16
:10EDC0001B881A46039B134408221A70029B1B8857
:10EDD00001339AB2029B1A80029B1B881A46039B3E
:10EDE00013441B221A70029B1B8801339AB2029BA8
:10EDF0001A80029B1B881A46039B981804AB0133A8
:10EE00000622194604F01AF9029B1B8806339AB2AF
:10EE1000029B1A809DF8103023F00103DBB2002B17
:10EE200007D1029B1B881A46039B134400221A70C9
:10EE300006E0029B1B881A46039B134401221A70AA
:10EE4000029B1B8801339AB2029B1A80002318464A
:10EE500009B05DF804FB00B589B0039002910192FE
:10EE6000ADF80230039B1B78012B05D1039B5B7827
:10EE7000002B01D1072392E0019B1B889A1CBDF84F
:10EE800002309A420ED8039B1B78012B0CD1019BB8
:10EE90001B881A46039B5B7813449A1CBDF802300A
:10EEA0009A4201D90C237AE0019B1B88BDF802200D
:10EEB000D31A9BB2023BADF81C30BDF81C30ADF844
:10EEC0001230019B1B880233029A13440DF1120287
:10EED00011461846FFF738FF0690069B0593059BE1
:10EEE000002B01D0059B5AE0039B1B78022B06D018
:10EEF000039B5B789AB2BDF812309A4209D3BDF8F1
:10EF00001230BDF81C209A4203D309238DF81F301C
:10EF100017E008238DF81F30039B1B78012B0CD1C1
:10EF2000039B5B789BB2BDF81C209A4205D3039BE0
:10EF30005B789BB2ADF8123003E0BDF81C30ADF841
:10EF40001230BDF81230FE2B01D90C2327E0BDF89A
:10EF50001230DAB2019B1B881946029B0B44013226
:10EF6000D2B21A70019B1B8801339AB2019B1A809E
:10EF7000019B1B881A46029B13449DF81F201A70A0
:10EF8000019B1B8801339AB2019B1A80019B1A884E
:10EF9000BDF8123013449AB2019B1A800023184620
:10EFA00009B05DF804FB00B589B0039002911346E7
:10EFB000ADF80630029B1B881A1DBDF806309A4238
:10EFC00001D90C233BE00DF116031846FFF7B8FEFC
:10EFD0000790079B0693069B002B01D0069B2EE013
:10EFE000029B1B881A46039B134403221A70029B40
:10EFF0001B8801339AB2029B1A80029B1B881A4617
:10F00000039B134419221A70029B1B8801339AB286
:10F01000029B1A80BDF81620029B1B881946039B91
:10F020000B4419461046FFF797FE03461946029B0C
:10F030001A888BB213449AB2029B1A800023184696
:10F0400009B05DF804FB84B0029101921A460346B0
:10F050008DF80F301346ADF80C30019B1B88DA1C7D
:10F06000BDF80C309A4201D90C2328E0019B1B8883
:10F070001A46029B134402221A70019B1B8801331B
:10F080009AB2019B1A80019B1B881A46029B13446B
:10F0900001221A70019B1B8801339AB2019B1A80CE
:10F0A000019B1B881A46029B13449DF80F201A707F
:10F0B000019B1B8801339AB2019B1A8000231846DA
:10F0C00004B0704784B0029101921A4603468DF84D
:10F0D0000F301346ADF80C30019B1B88DA1CBDF8CD
:10F0E0000C309A4201D90C2328E0019B1B881A4658
:10F0F000029B134402221A70019B1B8801339AB2AF
:10F10000019B1A80019B1B881A46029B13440A220A
:10F110001A70019B1B8801339AB2019B1A80019BD4
:10F120001B881A46029B13449DF80F201A70019BFE
:10F130001B8801339AB2019B1A800023184604B041
:10F14000704700B58FB0039001930B468DF80B30DC
:10F1500013468DF80A3000238DF83330109B1B883E
:10F16000ADF8303000230D9371E0039B5A680D9B7E
:10F170009B001A4405AB106818600DF11B0105AB2C
:10F1800000221846FFF7E4FD0A900A9B0993099BA9
:10F19000002B01D0099B7CE09DF81B309DF80A20D4
:10F1A0009A4251D19DF83330002B01D0002300E06A
:10F1B00002238DF82330109B1B881A469DF81B30C4
:10F1C0001A449DF823301A44BDF844309A4201DDB8
:10F1D0000C235EE09DF8333083F00103DBB2002B9B
:10F1E00016D0109B1B8801339AB2109B1A80109B7B
:10F1F0001B881A46019B13449DF80B201A70109B24
:10F200001B8801339AB2109B1A8001238DF833308A
:10F21000109B1B881A46019B1A440DF11B0105AB7C
:10F220001846FFF795FD0A900A9B0793079B002B52
:10F2300001D0079B2DE0109B1A889DF81B309BB2D4
:10F2400013449AB2109B1A800D9B01330D93039BBC
:10F250001B881A460D9B934287DB9DF83330002BA9
:10F2600016D0109B1A88BDF83030D31A9BB2013BE0
:10F27000ADF82E30BDF82E30FF2B01D90C2308E05D
:10F28000BDF83030019A1344BDF82E20D2B21A7066
:10F29000002318460FB05DF804FB00B58BB0059055
:10F2A00003930B468DF8133013468DF812309DF8FA
:10F2B0001310BDF8343001930C9B0093039B022282
:10F2C0000598FFF73EFF0990099B0893089B002BC8
:10F2D00001D0089B14E09DF81210BDF83430019362
:10F2E0000C9B0093039B10220598FFF72AFF0990BF
:10F2F000099B0793079B002B01D0079B00E000238D
:10F3000018460BB05DF804FB82B00190019B1B888E
:10F31000052B0AD9019B1B88B3F5486F07D9019BC0
:10F320001B884FF6FF72934201D0072325E0019B13
:10F330005B88052B0AD9019B5B88B3F5486F07D919
:10F34000019B5B884FF6FF72934201D0072314E0C4
:10F35000019B1B884FF6FF7293420DD0019B5B8887
:10F360004FF6FF72934207D0019B1A88019B5B887E
:10F370009A4201D9072300E00023184602B07047E3
:10F3800000B587B0039002910192ADF80230019B65
:10F390001B889A1DBDF802309A4201D90C234DE01A
:10F3A0000398FFF7B1FF0590059B0493049B002B86
:10F3B00001D0049B42E0019B1B881A46029B134428
:10F3C00005221A70019B1B8801339AB2019B1A8097
:10F3D000019B1B881A46029B134412221A70019B40
:10F3E0001B8801339AB2019B1A80039B1A88019BE8
:10F3F0001B881946029B0B4419461046FFF7ACFCCC
:10F4000003461946019B1A888BB213449AB2019B9A
:10F410001A80039B5A88019B1B881946029B0B4448
:10F4200019461046FFF798FC03461946019B1A88B7
:10F430008BB213449AB2019B1A800023184607B07E
:10F440005DF804FB00B587B0039002910192ADF81E
:10F450000230039B9B8802330593019B1B881A464D
:10F46000059B13449A1CBDF802309A4201D90C2323
:10F4700054E0059BFE2B01D90C234FE0059BDAB22B
:10F48000019B1B881946029B0B440132D2B21A70B1
:10F49000019B1B8801339AB2019B1A80019B1B8838
:10F4A0001A46029B1344FF221A70019B1B880133EA
:10F4B0009AB2019B1A80039B1A88019B1B881946EC
:10F4C000029B0B4419461046FFF746FC03461946BB
:10F4D000019B1A888BB213449AB2019B1A80039B3A
:10F4E0009B88002B19D0039B9B68002B01D107231D
:10F4F00014E0019B1B881A46029B9818039B99688D
:10F50000039B9B881A4603F099FD019B1A88039B75
:10F510009B8813449AB2019B1A800023184607B0B7
:10F520005DF804FB00B589B0039002910192ADF83B
:10F530000230039B9B6A002B01D1072372E000235A
:10F540008DF81F3066E0039B996A9DF81F201346D3
:10F550005B0013449B000B440693069B9B8802337D
:10F560000593059BFE2B01D90C235BE0059BDAB2CA
:10F57000019B1B881946029B0B440132D2B21A70C0
:10F58000019B1B8801339AB2019B1A80019B1B8847
:10F590001A46029B134416221A70019B1B880133E2
:10F5A0009AB2019B1A80069B1A88019B1B881946F8
:10F5B000029B0B4419461046FFF7CEFB0346194643
:10F5C000019B1A888BB213449AB2019B1A80069B46
:10F5D0009B88002B19D0069B9B68002B01D1072329
:10F5E00020E0019B1B881A46029B9818069B99688D
:10F5F000069B9B881A4603F021FD019B1A88069BF7
:10F600009B8813449AB2019B1A809DF81F300133E6
:10F610008DF81F30039B93F82C309DF81F209A42E1
:10F6200091D30023184609B05DF804FB00B595B0EE
:10F6300005900491039200231393039B1B88ADF85C
:10F640004A30039B00221A80059B93F82D30002B33
:10F650000ED0BDF84A301A4603990498FFF792FB82
:10F660001390139B1193119B002B01D0119BD8E099
:10F67000059B9B78002B0ED0BDF84A301A460399A3
:10F680000498FFF790FC1390139B1093109B002B92
:10F6900001D0109BC5E0059BDB78002B10D0059BAB
:10F6A000DB7858B2BDF84A30039A0499FFF7CBFCD7
:10F6B0001390139B0F930F9B002B01D00F9BB0E077
:10F6C000059B5B68002B11D0059B5B6893F90000DC
:10F6D000BDF84A30039A0499FFF7F4FC1390139B8A
:10F6E0000E930E9B002B01D00E9B9AE0059B1B896D
:10F6F000002B14D0059B03F10800BDF84A3001939C
:10F70000039B0093049B06220221FFF7C6FD139082
:10F71000139B0D930D9B002B01D00D9B81E0059B4E
:10F720001B8A002B14D0059B03F11000BDF84A3052
:10F730000193039B0093049B07220321FFF7ADFD78
:10F740001390139B0C930C9B002B01D00C9B68E037
:10F75000059B1B8B002B14D0059B03F11800BDF8F3
:10F760004A300193039B0093049B15221421FFF759
:10F7700094FD1390139B0B930B9B002B01D00B9BC1
:10F780004FE0059B1B6A002B0FD0059B186ABDF844
:10F790004A30039A0499FFF7F3FD1390139B0A93E1
:10F7A0000A9B002B01D00A9B3BE0059B5B6A002B68
:10F7B0000FD0059B586ABDF84A30039A0499FFF7A9
:10F7C00041FE1390139B0993099B002B01D0099BC9
:10F7D00027E0059B93F82C30002B0ED0BDF84A3063
:10F7E000039A04990598FFF79DFE1390139B0893C5
:10F7F000089B002B01D0089B13E0059B1B78002B76
:10F800000ED0BDF84A30039A04990598FFF723FB00
:10F810001390139B0793079B002B01D0079B00E0DD
:10F82000139B184615B05DF804FB86B00390019257
:10F830001A460B46ADF80A3013468DF80930039B83
:10F84000002B02D0019B002B01D100234DE00023AF
:10F85000ADF816300CE0BDF81630039A13441B784F
:10F860009AB2BDF8163013449BB20133ADF816308E
:10F87000019B1B88BDF816209A4209D3BDF81630AB
:10F880000133039A13441B789DF809209A4205D04E
:10F89000BDF81620BDF80A309A42DCD3BDF8162018
:10F8A000BDF80A309A4201D300231EE0BDF816309D
:10F8B0000233ADF81430BDF81630039A13441B78A8
:10F8C0009BB2013BADF81230BDF81420BDF81230E8
:10F8D0001A44BDF80A309A4201DD002305E0019B7D
:10F8E000BDF814201A80BDF81230184606B07047D3
:10F8F00000B585B001900B46ADF8023013468DF887
:10F9000001300023ADF80C309DF8013003AABDF89A
:10F9100002100198FFF789FF0346ADF80E30BDF8DD
:10F920000E30002B01D1002304E0BDF80C301A4644
:10F93000019B1344184605B05DF804FB72DF704765
:10F9400000BF184673DF704700BF184682B00190B1
:10F95000019B93F83034184602B0704784B0019090
:10F96000002303930AE0019A039B13441B78002BA6
:10F9700001D0012306E0039B01330393039B052B76
:10F98000F1D90023184604B07047000082B0034646
:10F990008DF807309DF807305A1C074B83FB021384
:10F9A0005910D317C91A0B469B000B44D11ACBB27E
:10F9B000184602B0704700BF6766666682B0019065
:10F9C0000091009BDB7B012B04D1009B9A88019B5B
:10F9D000A3F8242400BF02B0704700B585B00190A1
:10F9E0000091019B002283F82E24009B9A88019BA2
:10F9F000B3F824349A4216D1019B1B7983F001039A
:10FA0000DBB2002B0FD00121019800F0B1FA039076
:10FA1000039B002B07D0019B9B6B002B03D0019B0A
:10FA20009B6B0398984700BF05B05DF804FB00B5D9
:10FA300085B001900091009B1B88262B1ED1009B56
:10FA40001B7A012B03D0009B1B7A022B17D1019B41
:10FA50009B781846FFF79AFF03461946019800F075
:10FA600087FA0390039B002B09D0019B9B6B002B13
:10FA700005D0019B9B6B0398984700E000BF05B041
:10FA80005DF804FB00B585B001900B468DF803309E
:10FA9000019B03F227431846FFF760FF03468DF8EA
:10FAA0000F309DF80330013B032B33D801A252F8ED
:10FAB00023F000BFC5FA0200E9FA0200FDFA0200D5
:10FAC00009FB0200019B9B79002B0DD0019B93F851
:10FAD000243083F00103DBB2002B05D09DF80F30FA
:10FAE000002B01D0012316E0019BDB79002B05D010
:10FAF0009DF80F30002B01D002230CE0019B1B7AF4
:10FB0000002B01D0032306E0019B5B7A002B01D080
:10FB1000042300E00023184605B05DF804FB00BF95
:10FB200082B001900091019B012283F83120019B5A
:10FB30000022C3F82024019B03F22642009B5A6056
:10FB4000009B00229A60009B02221A70009B802278
:10FB50009A810023184602B0704782B0019000914C
:10FB6000019B022283F83120019B93F82430002B63
:10FB700003D0009B07221A7002E0009B03221A7038
:10FB8000019B1B699AB2009B9A81019B0022C3F8DA
:10FB90002024019B03F22642009B5A60019BDA68F5
:10FBA000009B9A600023184602B0704700B583B0EE
:10FBB0000190019B5B79002B0FD0019B93F82E34B1
:10FBC00083F00103DBB2002B07D00198FFF7BEFEE4
:10FBD0000346002B01D0012300E0002303F00103C2
:10FBE000DBB2184603B05DF804FB00B585B00190A8
:10FBF0000B468DF80330019BD3F81004019BB3F83A
:10FC0000143401221946FFF773FE0390039B002B67
:10FC100003D0039B9DF803201A70019B03F154004D
:10FC2000019B03F58261019B3C331A46FFF786FE78
:10FC30000346184605B05DF804FB00B585B0019099
:10FC40000091019B5A69009B9A60019B9B699AB243
:10FC5000009B9A81019B93F82430002B04D0019BD8
:10FC6000062283F83C2003E0019B012283F83C201C
:10FC70000198FFF79BFF0346002B13D0009B022245
:10FC80001A7504210198FFF7B0FF0390039B0293BC
:10FC9000029B002B01D0029B0FE0019B052283F801
:10FCA000312003E0019B032283F83120019B03F5FF
:10FCB0008262019BC3F820240023184605B05DF83A
:10FCC00004FB00B585B001900091019BDA69009BAF
:10FCD0009A60019B1B6A9AB2009B9A81019B93F8E0
:10FCE0002430002B04D0019B062283F83C2003E043
:10FCF000019B012283F83C200198FFF757FF034640
:10FD0000002B13D0009B02221A7504210198FFF7E3
:10FD10006CFF0390039B0293029B002B01D0029B7C
:10FD20000FE0019B062283F8312003E0019B0422AF
:10FD300083F83120019B03F58262019BC3F82024E4
:10FD40000023184605B05DF804FB82B00190019BCA
:10FD50009B78002B06D0019B93F82030002B01D01C
:10FD600000230AE0019B9B6A042B03D0019B5B6A82
:10FD7000042B01D1002300E00123184602B0704794
:10FD800084B00190019B93F82430002B03D0EE2324
:10FD9000ADF80E3002E01F23ADF80E30BDF80E3086
:10FDA000184604B0704782B001900B468DF80330BE
:10FDB000019B9DF8032083F8302000BF02B07047FC
:10FDC00030B587B001900091009B002B02D0019BC1
:10FDD000002B01D10E23B8E0009B78331846FFF7C3
:10FDE000B4FF034683F00103DBB2002B01D00723ED
:10FDF000ABE0019B00229A70019A009B141D03F155
:10FE000078050FCD0FC40FCD0FC495E8070084E827
:10FE10000700019B002283F83020009BD3F8A42028
:10FE2000019B5A63009BD3F8A820019B9A63019B16
:10FE30004FF6FF72A3F82424019B03F58262019B15
:10FE4000C3F82024019B03F2264307220021184611
:10FE500003F01DF9019B1B7883F00103DBB2002B3B
:10FE600003D0019BFF2283F85420019B03F155022C
:10FE7000019BC3F810240198FFF782FF03461A463E
:10FE8000019BA3F814240098019B03F15501019BE9
:10FE900003F214431A46FFF7C9FB0590059B049330
:10FEA000049B002B01D0049B4FE0019B03F2312205
:10FEB000019BC3F818240198FFF762FF03461A4616
:10FEC000019BA3F81C24009B03F13C00019BD3F889
:10FED0001814019B03F21C431A46FFF7A7FB059079
:10FEE000059B0393039B002B01D0039B2DE0019BFB
:10FEF000012283F85120019B9B699AB2019BA3F8D0
:10FF00004820019B012283F83C20019B00221A64B7
:10FF1000019B002283F85020019B5A69019B5A647F
:10FF2000019B03F15400019B3C331A460021FFF76B
:10FF300005FD0590059B0293029B002B01D0029BBF
:10FF400003E0019B01221A70059B184607B030BDE3
:10FF500082B00190019B1B68012B03D0019B1B68A1
:10FF6000022B01D1012300E00023184602B07047A4
:10FF700000B585B001900B468DF80330019B1B78CE
:10FF800083F00103DBB2002B01D0082309E1019BC0
:10FF90009DF803209A70019B03F22643072200215B
:10FFA000184603F074F8019B9B79002B03D0019B4A
:10FFB0009B78012B0FD0019BDB79002B03D0019B99
:10FFC0009B78012B07D0019BDB79002B14D0019B80
:10FFD0009B78022B10D1019B5B6B002B08D0019BFF
:10FFE000012283F82D24019B5B6B0820984703E0D6
:10FFF000019B002283F82D249DF8033019460198B7
:020000023000CC
:10000000FFF740FD03461A46019B9A70019B5B6B0C
:10001000002B20D0019B9B78032B03D0019B9B7866
:10002000042B18D1019B5B79002B14D0019B93F812
:100030002E3483F00103DBB2002B0CD0019B002295
:1000400083F83024019B012283F82F24019B5B6BF2
:100050000720984703E0019B002283F82F24019B8F
:100060003C3318220021184603F011F8019B0122AD
:1000700083F83C20019B2C331846FFF769FF0346A9
:10008000002B06D0019BDB6ADAB2019B83F851207A
:1000900003E0019B012283F85120019B93F8243057
:1000A000002B12D0019B28331846FFF751FF03465F
:1000B000002B06D0019B9B6ADAB2019B83F8522089
:1000C00003E0019B012283F85220019B002283F868
:1000D0005020019B9B78042B31D801A252F823F0C9
:1000E00035010300F50003000501030015010300BD
:1000F00025010300019B3C3319460198FFF710FDD1
:1001000003901DE0019B3C3319460198FFF725FD44
:10011000039015E0019B3C3319460198FFF78DFDD4
:1001200003900DE0019B3C3319460198FFF7C9FD90
:10013000039005E0019B002283F8312000E000BF1E
:10014000019B9B78002B20D0019B03F15400019B65
:10015000D3F82014019B3C331A46FFF7EFFB0390C2
:10016000039B002B01D0039B1BE0019B93F85420C1
:10017000019B93F8303019461046FFF7E3FB0390DC
:10018000039B002B01D0039B0BE0019B5B6B002BBF
:1001900006D0019B5B6B019A92F83120104698477C
:1001A0000023184605B05DF804FB00BF00B585B01C
:1001B00001900091009B0393019B1B88262B10D07C
:1001C000262B13DC102B02D0112B05D00EE0019949
:1001D0000398FFF7F3FB0AE001990398FFF7FDFB93
:1001E00005E001990398FFF722FC00E000BF00BF83
:1001F00005B05DF804FB75DF704700BF184676DF79
:10020000704700BF18467ADF704700BF18467BDF93
:10021000704700BF1846000084B00346ADF80630B2
:100220000023039316E00F49039A13469B001344DF
:100230009B000B441B88BDF806209A4207D1039A05
:1002400013469B0013449B00064A134406E0039B9D
:1002500001330393039B002BE5D00023184604B021
:10026000704700BF7848002082B001900B46ADF87F
:100270000230019BBDF802201A80019B00221A72F5
:10028000019B054903F10A020B4603CB1060516044
:1002900000BF02B0704700BFA848002082B00190A4
:1002A000019B4FF6FF721A8000BF02B0704788B002
:1002B0000390029111461A460B46ADF806301346DC
:1002C000ADF80430039B9B881A46BDF806301344F2
:1002D0000793039B9B881946039B9B88BDF80620C8
:1002E000934228BF13469BB2CB1A0693039BDB882D
:1002F0001A46BDF8043013440593039BDB88194666
:10030000039BDB88BDF80420934228BF13469BB2B1
:10031000CB1A0493029B5A88039B1B889A4205D3ED
:10032000029B5A88039B5B889A4201D900231CE0F8
:10033000029B9B881A46069B934205D8029B9B888A
:100340001A46079B934201D200230EE0029BDB88F2
:100350001A46049B934205D8029BDB881A46059BEC
:10036000934201D2002300E00123184608B07047F1
:1003700000B583B00190064B9B69002B03D0044B62
:100380009B690198984700BF03B05DF804FB00BF6C
:100390008C48002000B585B003460091ADF80630CA
:1003A000BDF8063000991846FFF725FF0390039B20
:1003B000002B05D0039B112B02D00398FFF7D8FF29
:1003C000039B002B0CBF01230023DBB2184605B0B2
:1003D0005DF804FB00B589B00190019B0793079B72
:1003E0009BB21846FFF718FF0690069B002B42D0E1
:1003F000069B1A7A224B1B7B9A4215D2079B9AB214
:10040000069B0A3319461046FFF7C4FF03468DF8D2
:1004100013309DF81330002B2DD0069B1B7A01332F
:10042000DAB2069B1A7226E0069B00221A72144B5F
:100430001B7C002B0FD0079B9BB23B211846FFF77C
:10044000DEFE0590059B002B05D0059B082B02D0F6
:100450000598FFF78DFF0A4B5B69002B0BD000233B
:100460008DF80C30079B9BB2ADF80E30044B5B69E6
:1004700003AA1046984700BF09B05DF804FB00BF0F
:100480008C48002030B587B00190019B002B01D132
:100490000E2353E02B4A019B14461D460FCD0FC47B
:1004A00095E8070084E80700264B274A1A60019B5D
:1004B0001B68002B11D0019B1B681846FFF7A3FE99
:1004C0000490049B002B01D0049B37E0019B1A6829
:1004D0001D4B1068516803C308E01B48FFF797FEE7
:1004E0000490049B002B01D0049B27E0002305937C
:1004F00020E0059A13469B0013449B00134A1344C3
:1005000003930398FFF7CAFE059B5B01104A1A4448
:10051000039B5A60039B04330E4A00211846F7F7E9
:1005200097FB0490049B002B01D0032306E0059B5E
:1005300001330593059B002BDBD00023184607B041
:1005400030BD00BF8C480020A8480020784800201B
:1005500058480020D503030000B587B0034600913A
:10056000ADF80630009B5B7A002B1AD1009B1B7AFA
:10057000002B03D1164B5B68059302E0144B9B687C
:100580000593009B5B68BDF8062005991846F7F7B0
:1005900093FB0490049B002B16D00498FFF7E8FE11
:1005A00012E0009B00221A72094B5B69002B0BD0F2
:1005B00001238DF80C30BDF80630ADF80E30044B39
:1005C0005B6903AA1046984700BF07B05DF804FBBB
:1005D0008C48002000B585B00190019BDB7B8DF835
:1005E0000F30019B9B88ADF80C309DF80F30012B2C
:1005F0002CD14FF6FF70FFF70FFE0290029B002BED
:1006000003D10420FFF7B4FE21E0BDF80C301946F9
:100610000298FFF729FE029B03F10A00019B03F1F8
:1006200010014FF6FF7340F2F312FFF740FE03464E
:100630001A46029B5A72074BDB89002B07D1BDF883
:100640000C3002991846FFF787FF00E000BF05B0A5
:100650005DF804FB8C48002000B587B00190019B39
:100660009B88ADF81630BDF816301846FFF7D4FD5C
:100670000490049B002B0ED0049B5B681846F7F790
:1006800051FB0390039B002B02D00398FFF770FEF1
:100690000498FFF703FE00BF07B05DF804FB0000FD
:1006A00000B587B00190019B06330593059B1A881E
:1006B000194BDB899A422BD1059B5B89022B27D1F1
:1006C000019B9B88ADF81230BDF812301846FFF739
:1006D000A3FD0390039B002B1AD0059B0C331846F7
:1006E00000F074FA0346002B06D0BDF812300399CF
:1006F0001846FFF731FF0BE0039B5B681846F7F7DE
:1007000011FB0290029B002B02D00298FFF730FEF3
:1007100000BF07B05DF804FB8C48002000B585B031
:100720000190019B9B88ADF80E30BDF80E30184645
:10073000FFF772FD0290029B002B15D0029B03F184
:100740000A00019B03F108014FF6FF7340F2F31218
:10075000FFF7ADFD03461A46029B5A72BDF80E30F4
:1007600002991846FFF7F8FE00BF05B05DF804FBDC
:1007700000B583B001900091019B1B88502B12D0D3
:10078000502B18DC122B12D0122B14DC102B02D0A1
:10079000112B04D00FE00198FFF71CFF0CE001982B
:1007A000FFF75AFF08E00198FFF77AFF04E001988D
:1007B000FFF7B4FF00E000BF00BF03B05DF804FB2B
:1007C00030B58FB00190009100230293009B002B65
:1007D0001AD000230D9314E06B460D991846F8F7D4
:1007E000D8FA0346002B09D0029B5A1C02920D9A9C
:1007F00092B25B000EA90B4423F82C2C0D9B013305
:100800000D930D9B132BE7D9019B1D4602AC0FCC1A
:100810000FC50FCC0FC594E8070085E807000198C5
:100820000FB030BD00B583B00346ADF80630BDF85B
:100830000630132B01D900230CE0BDF80630194611
:100840000648F8F775FABDF8063019460448F8F777
:100850006FFA0123184603B05DF804FBB848002086
:10086000B448002000B585B00346ADF8063000233B
:1008700003930DE0039B9B00094A13440433BDF826
:10088000062011461846F8F76BFA039B01330393D1
:10089000039B1D2BEED900BF00BF05B05DF804FB24
:1008A000B048002000B583B00346ADF80630BDF86F
:1008B000063019460348F8F753FA00BF03B05DF855
:1008C00004FB00BFB848002030B59BB0184B9B68B4
:1008D000DB431893164B5A6818AB11461846F8F7C5
:1008E00088FA189A6B4611461846FFF769FF0DAC57
:1008F0006D460FCD0FC40FCD0FC495E8070084E8F7
:100900000700002319930BE0199B5B001AAA1344FC
:1009100033F8303C1846FFF7A5FF199B01331993B4
:100920000D9B199A9A42EFD300BF00BF1BB030BD98
:10093000B048002000B583B001900B46ADF80230FE
:1009400013468DF801309DF80130002B06D0BDF81C
:10095000023019460198F8F7EBF905E0BDF80230CE
:1009600019460198F8F7FCF900BF03B05DF804FBE5
:1009700000B585B001900091019B9B88ADF80E30C9
:10098000019B1B88103B0A2B00F2888001A252F8C1
:1009900023F000BFC1090300FD0903009D0A030005
:1009A0009D0A03009D0A03009D0A03009D0A03009F
:1009B0009D0A03009D0A0300670A0300090A030059
:1009C000FFF782FFBDF80E301846FFF72BFF0346F6
:1009D00083F00103DBB2002B05D0324AF021042062
:1009E000F6F748FD57E0019BDB7B012B53D0BDF8A8
:1009F0000E3019462C48F8F79BF94CE0BDF80E3044
:100A00001846FFF74FFF49E0019B1B7AC3F303131E
:100A1000DBB28DF80D309DF80D30032B8CBF012318
:100A20000023DAB2BDF80E3019462048FFF782FFE6
:100A30009DF80D30022B8CBF01230023DAB2BDF8E4
:100A40000E3019461A48FFF775FF9DF80D30012B3F
:100A50008CBF01230023DAB2BDF80E3019461548C9
:100A6000FFF768FF1AE0019B1B7A002B15D1019B51
:100A70005B7AC3F3C003DBB2002B14BF0123002356
:100A80008DF80C309DF80C20BDF80E301946074843
:100A9000FFF750FF01E000BF00E000BF00BF05B05E
:100AA0005DF804FB70530300BC480020C8480020D8
:100AB000C4480020C048002000B583B00346ADF80C
:100AC0000630BDF80630132B01D9002306E0BDF82F
:100AD000063019460348F8F75CF90346184603B098
:100AE0005DF804FBB448002000B583B00346ADF8C0
:100AF0000630BDF806301846FFF7DEFF0346002B30
:100B000002D0BDF8063000E01423184603B05DF8AB
:100B100004FB00B587B003900B460192ADF80A3094
:100B2000019B002B01D10E2338E0019B00221A60AB
:100B3000039B002B01D10E2330E0039B1B68002B8D
:100B400001D10E232AE0039BDB8803F003039BB251
:100B5000002B01D0072321E0BDF80A301846FFF72B
:100B6000C3FF03468DF817309DF81730142B01D1C1
:100B7000052313E0039B1B799DF817209A4201D3AC
:100B800004230BE0039B1B689DF817200399C98879
:100B900001FB02F21A44019B1A600023184607B0B9
:100BA0005DF804FB82B00190019B1B781AB2019B97
:100BB00001331B781B021BB213431BB29BB21846B6
:100BC00002B07047AADF704700BF184600B585B075
:100BD00001900198FFF7E6FF0346ADF80E30BDF82F
:100BE0000E3003F00103002B14BF01230023DBB2FE
:100BF000184605B05DF804FB82B0034600918DF8FD
:100C00000730009A13786FF303031370009A137878
:100C10006FF3071313709DF80730052B5BD801A203
:100C200052F823F03D0C0300530C03006D0C03003D
:100C3000870C0300A10C0300BB0C0300009A13787F
:100C40006FF303031370009A13786FF30713137095
:100C500040E0009A1378012161F303031370009AB6
:100C60001378012161F30713137033E0009A1378AE
:100C7000012161F303031370009A1378022161F3D9
:100C80000713137026E0009A1378012161F3030320
:100C90001370009A1378032161F30713137019E09E
:100CA000009A1378022161F303031370009A1378FA
:100CB000012161F3071313700CE0009A13780221ED
:100CC00061F303031370009A1378022161F3071391
:100CD000137000BF00BF00BF02B0704700B595B0F1
:100CE000034602910192ADF80E30029B9B78002BD7
:100CF00003D101238DF81E3003E0029B9B788DF811
:100D00001E30029B1B88ADF81C3006AB032200216D
:100D1000184602F0BCF9029B5B7C06AA11461846F5
:100D2000FFF76AFF029B9A7C06AB01331946104617
:100D3000FFF762FF029BDA7B9DF81A3062F3C30370
:100D40008DF81A30029B1A7C9DF81A3062F3041356
:100D50008DF81A30029B1A7B9DF81A3062F300035B
:100D60008DF81A30029B1B7D002B01D0022200E07F
:100D700001229DF81A3062F342038DF81A300DAB50
:100D80001C220021184602F082F9029B5B7B03F0D3
:100D90001003DBB2002B06D1029B5B7B03F0200328
:100DA000DBB2002B24D004AB03220021184602F052
:100DB0006EF9029BDA7C04AB013319461046FFF74B
:100DC0001BFF9DF81030012262F303038DF81030F1
:100DD0009DF81030012262F307138DF810309DF852
:100DE0001230012262F342038DF8123004AB1293E9
:100DF000029B5B7B8DF83430029B9B7B8DF83530FA
:100E000008AB14220021184602F041F907AB089301
:100E100006AB0993029B9B88ADF82C30029B9B6824
:100E2000002B06D0029BDB88ADF82830029B9B6824
:100E30000C93029B9B69002B4FD005AB0322002132
:100E4000184602F024F9029B9B691B88ADF83C30E0
:100E5000029B9B695B88ADF83E30029B9B695B6897
:100E60000E9305AB1193029B9B691B7B05AA114650
:100E70001846FFF7C1FE029B9B695A7B05AB013305
:100E800019461046FFF7B8FE029B9B699A7A9DF8B7
:100E9000163062F3C3038DF81630029B9B69DA7A31
:100EA0009DF8163062F304138DF81630029B9B698F
:100EB0001A7A9DF8163062F300038DF81630029B03
:100EC0009B699B7B002B01D0022200E001229DF850
:100ED000163062F342038DF81630029BDB69002B5B
:100EE00002D0029BDB69109308AA0DA9BDF80E0081
:100EF000019BFFF767FE0346184615B05DF804FB3B
:100F000090DF704700BF1846A5DF704700BF184646
:100F1000B5DF704700BF184682B00190019BF722F1
:100F20001A80019B17225A80019B00221A71019B93
:100F300000225A71019BFB229A71019B1B22DA71DC
:100F400000BF02B0704700B589B003460A46ADF84D
:100F500006301346ADF80430BDF80430ADF8143057
:100F6000BDF80430ADF816300023ADF8183000237A
:100F7000ADF81A3003AB00221A609A8003AA05A9C3
:100F8000BDF806301846FFF7BBFF0790079B002B04
:100F900002D0BDF80C30002B079B184609B05DF855
:100FA00004FB00B587B001900091009B9B88ADF8D1
:100FB0001630BDF81630DB00019A13440633049353
:100FC000019B1A79049B9A71009BDB7B012B02D059
:100FD000022B05D009E0019B1A88049B1A8004E0CB
:100FE000019B5A88049B1A8000BF049B1A88049BAB
:100FF0005B889A4215D9049B1A88BDF816301146B1
:101000001846FFF781FF0390039B002B03D1049B3D
:1010100001225A7105E0039B112B02D1049B01228E
:101020001A71049B9A79049BDB799A4208D9049B34
:101030009B799AB2BDF8163011461846FFF783FF28
:1010400000BF07B05DF804FB00B583B001900091CC
:10105000009B9B88DB00019A134406331846FFF778
:101060005BFF00BF03B05DF804FB00B587B00190E3
:101070000091009B9B88ADF81630009B5B89ADF812
:101080001430BDF81630DB00019A13440633049384
:10109000049B1B88BDF81420934228BF13469AB2C4
:1010A000049B5A80049B5B88172B38BF17239AB286
:1010B000049B5A80019B1B69002B15D0049B5B7914
:1010C000002B11D040F67723ADF80830BDF816306C
:1010D000ADF80A30049B5B88ADF80C30019B1B69AE
:1010E00002AA114601989847049B00225A71049B5A
:1010F00000221A7100BF07B05DF804FB00B589B08B
:1011000001900091009B9B88ADF81E30009BDB880E
:10111000ADF81C30BDF81E30DB00019A13440633D5
:101120000693BDF81C30172B38BF1723ADF81C30C1
:10113000069B1B88BDF81C20934228BF13469AB219
:10114000069B5A80069B00221A71069B1A88BDF8DE
:101150001E3011461846FFF7DBFE0590069B5B79B3
:10116000002B16D1019B1B69002B13D040F677236F
:10117000ADF80C30BDF81E30ADF80E30069B5B8824
:10118000ADF81030019B1B6903AA114601989847DE
:1011900000E000BF09B05DF804FB30B591B00190EC
:1011A0000091009B04AC1D1D0FCD0FC40FCD0FC4CB
:1011B00095E8070084E80700BDF81030ADF83E3030
:1011C000BDF81420BDF83E30D1B2019ADB001344C3
:1011D0000A465A73019B1B69002B19D002AB0022EF
:1011E0001A609A804DF67A23ADF80830BDF83E308B
:1011F000ADF80A30BDF83E30019ADB0013445B7B4A
:101200008DF80C30019B1B6902AA11460198984782
:1012100000BF11B030BD00B587B001900091009BB8
:1012200004330593059B1B88DB00019A13440633A6
:101230000493059B9B888DF80F30049B9B799DF848
:101240000F20934228BF13468DF80E30059B1B8854
:101250009DF80E2092B211461846FFF774FE00BFAB
:1012600007B05DF804FB00B585B001900091019BCB
:10127000002B01D10E231DE0019B009A1A61019BF6
:10128000F7221A80019BF7225A80019BFB221A71D8
:10129000002303930AE0039BDB00019A1344063307
:1012A0001846FFF739FE039B01330393039B002B82
:1012B000F1D00023184605B05DF804FB82B0019020
:1012C0000B46ADF80230019B002B01D10E230EE03E
:1012D000BDF80230162B03D9BDF80230F72B01D927
:1012E000072304E0019BBDF802201A800023184662
:1012F00002B0704700B587B001900091009B059344
:10130000019B9B88ADF81230BDF81230002B40F0E5
:101310008480019B1B88552B48D0552B55DC242BF2
:1013200032DC102B51DB103B142B4ED801A252F8AB
:1013300023F000BF8F13030099130300CB130300A6
:10134000CB130300CB130300CB130300CB13030019
:10135000CB130300CB130300CB130300CB13030009
:10136000CB130300CB130300CB130300CB130300F9
:10137000CB130300CB130300CB130300CB130300E9
:10138000C1130300B71303003A2B0AD01DE00199E3
:101390000598FFF706FE19E001990598FFF754FE3E
:1013A00014E001990598FFF760FE0FE00199059898
:1013B000FFF7A4FE0AE001990598FFF7EEFE05E0AD
:1013C00001990598FFF727FF00E000BFBDF8123034
:1013D000059ADB0013449B7A002B1FD0BDF8123016
:1013E000059ADB001344DA88BDF81230114618461E
:1013F000FFF78AFD0390039B002B0FD1BDF812303D
:10140000059ADB00134400229A72BDF81230059A47
:10141000DB0013440122DA7200E000BF07B05DF880
:1014200004FB00BFB0DF704700BF184666DF70479F
:1014300000BF184682B001900091019B002B01D1A2
:101440000E2316E0009B002B01D10E2311E0019B1F
:101450001B78DE2B01D108230BE0009B1A68019B4F
:101460005A60019BDE221A70019B4FF6FF725A8070
:101470000023184602B0704782B001900B46ADF8C9
:101480000230019B002B01D10E230AE0019B1B7847
:10149000DE2B01D0082304E0019BBDF802205A8016
:1014A0000023184602B0704700B585B00190019B3B
:1014B0001B7A002B18D0019B5B8800211846FFF790
:1014C000B5FF0390039B002B03D1019B00221A72EE
:1014D0000AE0039B112B03D1019B01221A7203E046
:1014E000019B5B680398984700BF05B05DF804FB5B
:1014F00000B583B001900091009B1B79012B0BD1AB
:10150000009B1A88019B5B889A4205D1019B0122AE
:101510001A720198FFF7C8FF00BF03B05DF804FB23
:1015200082B00190009100BF02B0704700B589B051
:1015300001900091009B1A88019B5B889A4236D1EA
:10154000009B02330793079B1B78022B31D1079B2B
:101550001B7A042B07D0079B1B7A062B03D0079B13
:101560001B7A052B27D102AB00221A605A609A60C1
:10157000DA6002238DF808304FF4C073ADF80C30F8
:10158000079B1B7A052B02D10023ADF80C30009B82
:101590001B8802AA11461846FFF744FF0690069BD7
:1015A000002B09D0019B5B680698984704E000BFB8
:1015B00002E000BF00E000BF09B05DF804FB00B529
:1015C00085B001900091009B002B40D0019B002B27
:1015D0003FD0009B0393039B1B78DE2B3BD1019BE9
:1015E0009A88039B5B889A4202D10398FFF75CFFBD
:1015F000019B1B88512B18D0512B2EDC112B1BD09B
:10160000112B2ADC012B02D0022B07D025E0019BF5
:10161000043319460398FFF76BFF21E0019B043365
:1016200019460398FFF77CFF1AE0019B0433194623
:101630000398FFF77BFF13E0019B9A88039B5B886D
:101640009A420CD1039B4FF6FF725A8007E000BF0D
:1016500006E000BF04E000BF02E000BF00E000BF02
:1016600005B05DF804FBA8DF704700BF1846ADDF8A
:10167000704700BF1846AEDF704700BF184662DFF4
:10168000704700BF184600B58FB00190009100234D
:101690000393019B5869009B9B8803AA1946FFF797
:1016A00038FA0D9005AB08220021184601F0EFFC36
:1016B00004AB06930223ADF814300023ADF81630C6
:1016C000009B9888019B1B8905AA1946FFF7CFFF4D
:1016D0000D900D9B002B26D1019B9B69002B22D0E6
:1016E000069B1846FFF772FA0346002B1BD0039B9C
:1016F000002B02D0039B01221A7007AB1822002195
:10170000184601F0C4FC02238DF81C30019B08939D
:10171000009B9B88ADF82430039B0A93019B9B6937
:1017200007AA1046984700BF0FB05DF804FB00B54C
:101730008DB001900091009B06330B93019B58697B
:10174000009B9B8803AA1946FFF7E3F90A9004ABB4
:1017500018220021184601F09AFC019B0593009B7A
:101760009B88ADF81830039B07930B9B1A88019B4D
:101770001B899A4225D10B9B5B89022B21D1039BAC
:10178000002B38D00B9B0C331846FFF71FFA03468B
:10179000002B06D0039B01221A7002238DF8103013
:1017A00005E0039B00221A7003238DF81030019B83
:1017B0009B69002B1FD0019B9B6904AA1046984788
:1017C00019E00B9B1A88019B9B899A4214D1019BBB
:1017D0009B69002B10D000238DF810300B9B0C332D
:1017E00008930B9B5B89ADF82430019B9B6904AA8D
:1017F0001046984700E000BF00BF0DB05DF804FB45
:1018000000B58BB001900091019B5869009B9B88AB
:1018100002AA1946FFF77DF90990099B002B1AD1FE
:10182000029B1B78002B17D003AB1822002118460F
:1018300001F02DFC01238DF80C30019B0493009BDB
:101840009B88ADF81430029B0693019B9B6903AA09
:101850001046984700E000BF0BB05DF804FB00B5F0
:1018600085B001900091009B002B1ED0019B002BA6
:101870001BD0009B0393019B1B88572B10D0572B29
:1018800015DC102B02D0502B05D010E001990398E5
:10189000FFF7F9FE0CE001990398FFF748FF07E016
:1018A00001990398FFF7ACFF02E000BF00E000BF22
:1018B00005B05DF804FB000010B592B001900091F6
:1018C0004F4B0AAC0FCB84E80F00019B002B01D1DA
:1018D0000E2391E0009B002B01D10E238CE0009B96
:1018E0001A68019B9A61019A0AAB11461846FFF7E4
:1018F000C6FE1190119B1093109B002B01D0109BE2
:101900007AE0019B1B788DF83A300123ADF838302E
:10191000019B9A1C0EAB19460120FFF7A4FE119003
:10192000119B0F930F9B002B01D00F9B64E002AB28
:1019300020220021184601F0AAFB0223ADF808304E
:10194000019B1B788DF80A30F423ADF80C3001238D
:10195000ADF80E3001238DF814309DF8153043F0AA
:1019600008038DF815309DF8153043F004038DF809
:10197000153001238DF8193001238DF81A30019BA1
:101980005888019B03F10C0202AB1946FFF7A6F938
:101990001190119B002B01D0119B2DE002AB202256
:1019A0000021184601F073FB0323ADF80830019BBA
:1019B0001B788DF80A30F423ADF80C300123ADF814
:1019C0000E3001238DF814309DF8153043F01003CC
:1019D0008DF8153001238DF8193001238DF81A3058
:1019E00001238DF81B30019B5888019B1A1D02AB07
:1019F0001946FFF773F90346184612B010BD00BF31
:101A0000DC53030000B58DB0039002910192ADF854
:101A10000230039B002B01D10E2342E0039B5B6944
:101A200005AABDF802101846FFF773F80B900B9B40
:101A30000A930A9B002B01D00A9B32E0BDF80230CA
:101A40004FF6FF72934202D0059B002B01D1052374
:101A500027E0059B1B7883F00103DBB2002B01D04C
:101A600008231EE0019B1B88F42B01D9072318E0F3
:101A700006AB10220021184601F009FB039B9B884E
:101A8000ADF81830029B0993019B089301238DF850
:101A90001A3006AABDF8023011461846FFF7EBFDD2
:101AA000034618460DB05DF804FB000082B0034603
:101AB0008DF807309DF8073003F01F0205499DF9A6
:101AC00007305B09012000FA02F241F8232000BF31
:101AD00002B0704700E100E082B003468DF80730A5
:101AE0009DF8073003F01F0206499DF907305B0996
:101AF000012000FA02F2203341F8232000BF02B097
:101B0000704700BF00E100E082B003468DF8073067
:101B10009DF90730002B0BDA0B4A9DF8073003F0D4
:101B20000F03043B13441B7EDBB25B09DBB208E00E
:101B3000064A9DF90730134493F80033DBB25B0982
:101B4000DBB2184602B0704700ED00E000E100E0B3
:101B500000B583B00190019B002B03D10449C42040
:101B6000FBF7ECFB019B5B68184603B05DF804FBD8
:101B7000EC53030010DF704700BF184611DF7047B9
:101B800000BF184682B003468DF807309DF9073034
:101B90001F2B0CDC9DF907300F4A22FA03F303F0E8
:101BA0000103002B14BF01230023DBB210E09DF9D9
:101BB00007303F2B0BDC9DF90730203B012202FA56
:101BC00003F3002B14BF01230023DBB200E0012349
:101BD000184602B0704700BFFC06FFBD82B00190FE
:101BE000019B072B07D8EC22019B42FA03F303F079
:101BF0000103002B01D1002300E00123184602B0AD
:101C00007047000000B583B003468DF807309DF99A
:101C100007301846FFF7B6FF0346002B02D142F209
:101C200001032EE09DF907301846FFF76DFF0346CC
:101C30001846FFF7D3FF0346002B02D142F20203FE
:101C40001FE0124B9B68002B15D09DF907305B09F4
:101C50000E4A52F823209DF8073003F01F0301219C
:101C600001FA03F319469DF907305B090A43074956
:101C700041F8232004E09DF907301846FFF716FFCE
:101C80000023184603B05DF804FB00BF9034002029
:101C900000B583B003468DF807309DF9073018462C
:101CA000FFF770FF0346002B02D142F201031FE051
:101CB000114B9B68002B15D09DF907305B090E4A2C
:101CC00052F823109DF8073003F01F03012202FA97
:101CD00003F3DA439DF907305B090A40064941F8EE
:101CE000232004E09DF907301846FFF7F5FE002396
:101CF000184603B05DF804FB9034002000B587B0AF
:101D000003468DF8073002AB14491846F7F728F957
:101D100017E002AB1846FFF71BFF0590059B1B68F9
:101D20000493059B59689DF80720049B104698472B
:101D30000346002B01D111230BE002AB1846F7F745
:101D400039F902AB1846FFF703FF0346002BE0D139
:101D50000023184607B05DF804FB00BFB854030029
:101D600000B587B003468DF8073002AB114918461D
:101D7000F7F7F6F812E002AB1846FFF7E9FE059018
:101D8000059B1B680493059B59689DF80720049BDD
:101D90001046984702AB1846F7F70CF902AB184605
:101DA000FFF7D6FE0346002BE5D100BF00BF07B00A
:101DB0005DF804FBC454030000B583B01620FFF7A0
:101DC00021FF0190019B0093009B002B04D0044A4B
:101DD000A1210098F5F74EFB00BF03B05DF804FBAE
:101DE0004854030000B583B01620FFF751FF01905F
:101DF000019B0093009B002B04D0044AAD21009866
:101E0000F5F738FB00BF03B05DF804FB485403004E
:101E100000B585B0234B1B78002B01D008233CE094
:101E2000214B01221A700020FFF768FF0346112B97
:101E300001D1002331E00020FFF792FF1B4B1B680C
:101E4000029300238DF807300DF107031846F6F7CB
:101E500069FA02AB16491846FFF78CFE0390039B04
:101E6000002B0CBF01230023DAB20E4B1A709DF831
:101E700007301846F6F76CFA039B002B01D0039B42
:101E80000BE0094B00221A700A4B00221A70FFF770
:101E900093FF0120FFF764FF0023184605B05DF8AB
:101EA00004FB00BF2C4900202E490020B45403003D
:101EB000917402002D49002000B583B01D4B1B78A2
:101EC00083F00103DBB2002B01D008232EE01A4B74
:101ED00001221A700120FFF711FF0346112B01D1D7
:101EE000002323E00220FFF73BFF00238DF803309F
:101EF0000DF103031846F6F715FAFFF73FFE0190C0
:101F00000C4B00221A709DF803301846F6F720FAA1
:101F1000019B002B01D0019B08E0074B00221A70A7
:101F2000FFF760FF0320FFF71BFF0023184603B0F5
:101F30005DF804FB2C4900202E490020014B1B7842
:101F4000184670472C49002000B585B06B461149F2
:101F50001846F7F705F810E06B461846FFF7F8FD4E
:101F60000390039B1B680293039B5A68029B1046D5
:101F700098476B461846F7F71DF86B461846FFF76B
:101F8000E7FD0346002BE7D100BF00BF05B05DF8B9
:101F900004FB00BFD054030008B5FFF7D5FF00BF16
:101FA00008BD60DF704700BF184669DF704700BF9B
:101FB000184661DF704700BF1846000000B583B0C7
:101FC0000190019B002B03D10449C420FBF7B6F913
:101FD000019B5B68184603B05DF804FBDC5403000A
:101FE00082B00190019B002B01D10E2304E0044B31
:101FF0001A46019B1A600023184602B0704700BFC2
:102000000033002000B587B0034600918DF80730FB
:102010000098FFF7E5FF0590059B002B01D0059B7D
:102020007AE002AB0C220021184601F030F89DF84E
:1020300007308DF8083001238DF80A300623ADF8FB
:102040000C30009B1A6802AB19462020FFF7ADFF49
:10205000059002AB0C220021184601F018F801236C
:102060008DF8093000238DF80A3000238DF80B30ED
:10207000009B1A6802AB19464020FFF796FF0590B7
:1020800002AB0C220021184601F001F89DF8073040
:102090008DF80830F723ADF80A30009B1A6802ABC0
:1020A00019462320FFF781FF059002AB0C22002187
:1020B000184600F0ECFF01238DF80830009B1A68E9
:1020C00002AB19460120FFF770FF059002AB0C220E
:1020D0000021184600F0DBFF4FF4B0630293009B31
:1020E0001A6802AB1946A120FFF75FFF059002AB0B
:1020F0000C220021184600F0CAFF9DF808306FF34B
:1021000000038DF80830009B1A6802AB1946A02026
:10211000FFF74BFF05900023184607B05DF804FB5E
:1021200000B585B00190019B1B6803930198FFF7F0
:1021300038FF0290019B1B68039A9A42029B002B76
:1021400002D1044B01221A70029B184605B05DF8BB
:1021500004FB00BF2F49002000B5ADF5077D01ABA2
:102160001860244B1B7883F00103DBB2002B3BD1BA
:102170004FF4FA73ADF806320DF2062202AB1146A7
:102180001846FFF716FF8590859B002B03D0859B93
:10219000052B22D129E002AB84937FAB1649184668
:1021A000F6F7DEFE11E07FAB1846FFF707FF8390DE
:1021B000839B1B688293839B5A68829B11468498F9
:1021C00098477FAB1846F6F7F5FE7FAB1846FFF74A
:1021D000F5FE0346002BE6D1CAE7084A40F2391162
:1021E0008598F5F747F900E000BF0DF5077D5DF82C
:1021F00004FB00BF2F490020A855030038550300F9
:1022000000B583B00190019B002B03D10449C42089
:10221000FBF794F8019B5B68184603B05DF804FB7C
:10222000B45503004BDF704700BF184600B589B0B6
:10223000019004AB1846FFF7F5FF0790079B002BB2
:1022400003D0079B052B20D124E002AB134918468D
:10225000F6F786FE11E002AB1846FFF7D1FF0690B5
:10226000069B1B680593049A069B5968059B1046BC
:10227000984702AB1846F6F79DFE02AB1846FFF7EB
:10228000BFFF0346002BE6D1D3E7054A6B21079831
:10229000F5F7F0F800BF09B05DF804FB80560300C5
:1022A0001056030082B00190019B184602B070479F
:1022B00000B58FB003900291009313468DF807305C
:1022C00000230D93029B09939DF807300A93009B0E
:1022D0000B939DF840300C93039B043309A9002213
:1022E0001846F8F7E5FC0D900D9B18460FB05DF809
:1022F00004FB000082B00190034A019B1A60019B1D
:10230000184602B0704700BF9456030082B0019097
:10231000FB23184602B0704700B583B00190019BC3
:1023200093F82030DBB2012B14BF01230023DBB272
:10233000002B08D000220121019800F039F8019B00
:10234000012283F820200123184603B05DF804FB26
:1023500000B583B00190019B93F82030DBB2052BD0
:1023600014BF01230023DBB2002B0DD00722012173
:10237000019800F01DF880224021019800F018F823
:10238000019B052283F82020019B93F82030DBB2CB
:10239000052B0CBF01230023DBB2002B00D0F3E799
:1023A000019B9B7EDBB2184603B05DF804FB000086
:1023B00000B589B003900B468DF80B3013468DF8AD
:1023C0000A309DF80B3063F07F03DBB28DF81830D4
:1023D0009DF80A308DF81930104B00221A70039BBB
:1023E000186905AB06A9022200920222FFF760FFDE
:1023F0000790079B002B01D0079B0BE0074B1B7836
:10240000DBB2002B0CBF01230023DBB2002B00D07A
:10241000F4E7079B184609B05DF804FBDC3B00209D
:1024200000B585B00190019B002B0CD0084B43F008
:1024300001030393019B9B010293054B43F00103AE
:102440000298984700E000BF05B05DF804FB00BFAC
:10245000A056030000B583B00190019B002B0FD064
:102460004FF47A70FFF7DCFF019B013B0193019B66
:10247000002B14BF01230023DBB2002B01D0EFE7B8
:1024800000BF03B05DF804FB00B583B00190F5F721
:10249000CBFE0346002B14BF01230023DBB2002B2D
:1024A00001D0012300E00023184603B05DF804FBCF
:1024B00000B585B001900091009800F03DFE0290BB
:1024C00000230393039B029A9A4213D9039B009A19
:1024D00013441B781846F5F777FE0346002B14BF0C
:1024E00001230023DBB2002B00D0EFE7039B013375
:1024F0000393E7E76420FFF7ADFF00BF05B05DF889
:1025000004FB00B585B001900DF10F031846F5F7F7
:1025100021FE0346002B14BF01230023DBB2002B56
:1025200000D0F1E79DF80F30184605B05DF804FBC8
:1025300000B583B00190019B1B78022B03D10748A3
:10254000FCF7D4FB06E0019B1B78012B02D1044869
:10255000FCF7CCFB00BF03B05DF804FB745803002C
:102560009058030000B585B003900291019200934A
:10257000019A0299039800F011F8F5F7C9FD054A90
:10258000009B1360044A069B136000BF05B05DF812
:1025900004FB00BF344900203849002000B58FB04B
:1025A00003900291019208AB00221A605A609A606F
:1025B000DA601A615A610A230A930B230B93104BBA
:1025C0000D93029B0893019B09930E4B04934FF4C8
:1025D000806305930C4B06934FF48063079304A923
:1025E00008A80223094AF5F703FD0346DAB2084BAF
:1025F0001A700848FCF77AFB00BF0FB05DF804FBC7
:1026000000E0D7013C4900203C4D0020312503006B
:1026100030490020AC58030000B583B001901A483F
:10262000FCF764FB002344F620621849019800F08F
:102630003BF8019B19461648FCF758FB0A20FFF7A8
:1026400009FF1448FCF752FB002344F620621249AC
:10265000019800F029F8019B19461048FCF746FB49
:102660000A20FFF7F7FE002344F620620C49019888
:1026700000F01AF8019B19460A48FCF737FB00BF27
:1026800003B05DF804FB00BFFC58030010590300C1
:10269000F05803001C590300345903004459030047
:1026A000605903007459030000B587B0039002918C
:1026B00001920093029B002B05D0F5F729FD0299AA
:1026C0000398FFF7F5FE039B4FF480620021184644
:1026D00000F0DDFC274B1B6800221A60264B1B68AC
:1026E0000198984700230593224B1B681B68002B19
:1026F0000CBF01230023DBB2002B35D00398FFF77A
:10270000C3FE0346002BEFD00398FFF7FAFE034603
:102710008DF81330059B40F2FD32934208DD1748D7
:10272000FCF7E4FA039B002283F8FF2300231CE05C
:10273000059B5A1C0592039A9DF81310D154039AD5
:10274000009B002B01D0009B00E00D4B194610466A
:1027500000F046FC0346002B14BF01230023DBB22C
:10276000002BC1D0012300E00023184607B05DF81C
:1027700004FB00BF3849002034490020D85E030024
:10278000045F030088B001900091114B0693104B39
:102790000793104B0593079A059B9A4212D0079A0C
:1027A00002AB07CA83E80700029B009A9A4205DD44
:1027B000039B009A9A4201DC049B05E0079B0C33C3
:1027C0000793E8E74FF0FF33184608B0704700BFA3
:1027D000A85603005C57030088B001900091114B8C
:1027E0000693104B0793104B0593079A059B9A424B
:1027F00012D0079A02AB07CA83E80700029B009A2F
:102800009A4205DD039B009A9A4201DC049B05E095
:10281000079B0C330793E8E74FF0FF33184608B0E7
:10282000704700BF5C5703001058030010B5ADF5AA
:10283000046D07AC206006A8016005A90A6004AA1F
:1028400013600DF63C0106AB0A22186800F066FB27
:102850000DF6380105AB0A22186800F05FFB04ABE7
:102860001A6813469B0013445B00043B0DF62C01D1
:102870000A22184600F052FB0DF624030A221946DC
:10288000DDF8480800F04AFB06AB1B68012B0CD1B1
:1028900004AA07AB11681868FFF774FF0DF634033C
:1028A0000A22194600F03AFB1AE006AB1B68002B1F
:1028B00016D104AA07AB11681868FFF78DFF03460D
:1028C00019463F48FCF712FA04AA07AB11681868CA
:1028D000FFF782FF0DF634030A22194600F01EFBB3
:1028E0000DF224434FF480620021184600F0CFFB24
:1028F00009AB4FF480620021184600F0C8FB314854
:1029000000F01AFC02460DF224432E49184600F04E
:1029100095FB9DF84C38002B15D10DF63C0209A80B
:102920000DF6240303930DF62C0302930DF63403E6
:1029300001930DF6380300931346234A4FF4806148
:1029400000F0F9FA18E09DF84C38012B14D10DF67F
:102950003C0209A80DF6240303930DF62C03029301
:102960000DF6340301930DF6380300931346174A0E
:102970004FF4806100F0DFFA09A90DF224434FF40F
:102980008062184600F000FB0DF2244319461048FF
:10299000FCF7ACF9C820FFF75DFD0DF2244107A854
:1029A000002344F620620068FFF77EFE07AB1B6839
:1029B00019460848FCF79AF900BF0DF5046D10BDE3
:1029C000245F0300345F0300405F0300645F030083
:1029D000885F0300F058030082B00190019B184605
:1029E00002B0704784B00390029101928DF80330D9
:1029F000039B029A1A60039B019A5A60039B9DF8FD
:102A000003201A72039B049ADA60039B4FF0402262
:102A10001A61039B00221A75039B184604B0704785
:102A2000C0F3C75191B142004FEA40704FEAD20162
:102A30004FEA310101F16051B2F17F4F38BF704769
:102A400001F1605118BF41F40021704710F00041BE
:102A50000020704701F000428B1AA3F16051B1F5DC
:102A6000801F0ADBB1F17F6F09D242EAC102C100C7
:102A700071F1004142EB50707047104670470128D9
:102A80005B4113F5001F04D842F0FE4040F4000003
:102A90007047C90041EA507040EA020040F48000EB
:102AA00040F08040704700BF10EE100A4FEA40002F
:102AB000B0F17F4F0CBF01200020704710EE100ACC
:102AC00041000020B1F17F4F18BF50EB000070476C
:102AD00010EE100A00F00040704700BFB0EEC00AD0
:102AE000704700BF00B510EE100A00F003F800EECA
:102AF000100A00BD4FF07F43B3EB400F22D94100D5
:102B000008BF704703EA4002120E7F3A14DB172A0F
:102B1000A8BF70474FF6FF73C0F27F03D34018423F
:102B200020EA030018BF10F0004F08BF70474FF4B1
:102B30000001D1404018704710F0004F0CBF00203A
:102B40000248704718BF024870470000000080BF6D
:102B50000000C07F00B5014610EE100A00F003F837
:102B600000EE100A00BD4FF07F43B3EB400F98BF5B
:102B7000704713EA400207D0120E7E3A0A6020EA3C
:102B8000530040F07C5070470A6000F000407047EE
:102B900000B5014610EE100A00F003F800EE100A2E
:102BA00000BD4FF07F43B3EB400F98BF704713EA6F
:102BB000400204BF00F00040704711EB1262DCBF1E
:102BC00000F000407047FF2A3CBF00EBC150704747
:102BD00040004FEA33007047DFED137AB4EE670A26
:102BE000F1EE10FA12D010EE102AC2F3C7537F3B59
:102BF00011D4162B12DC0D4921FA03F322EA030249
:102C000007EE902A026030EE670A7047C0ED007A46
:102C1000B0EE670A7047C0ED007A704780ED000A99
:102C2000B0EE670A704700BF00000000FFFF7F00A2
:102C300000B52DED028BF5EE400AF1EE10FA83B0EF
:102C40004BD0B0EE608AF0EE408AFFF737FF30B12C
:102C5000B0EE680A03B0BDEC028B5DF804FBB0EE89
:102C6000480AFFF72BFF002843D1F5EE408AF1EE2A
:102C700010FAEDD0B0EE680AFFF716FF00283FD13A
:102C8000B0EE480AFFF710FF0028E1D1B0EE480A85
:102C9000FFF724FFB0EE408A88EE880A01A8FFF70C
:102CA0009BFFDDED017AF5EEC08AB0EE680AF1EE29
:102CB00010FAA8EE670AB1EE487A24DDB4EEC08AB5
:102CC000F1EE10FA98BF30EE480AB5EEC00AF1EE08
:102CD00010FABFD530EE080ABCE700F015F9114B29
:102CE0009FED110A1B68036003B0BDEC028B5DF819
:102CF00004FBB0EE480A03B0BDEC028B5DF804FBA8
:102D00009FED090AA6E7B4EEC70AF1EE10FA98BFE4
:102D100030EE080AB5EEC00AF1EE10FA9ADD30EE98
:102D2000480A97E7C85F03000000C07F53EA020C1F
:102D300061D02DE9F04BB3FA83F51E0007BFB2FA5C
:102D400082F502FA05F403FA05F41646C5F12005EA
:102D50001EBF22FA05F73C43203556EA044C4FEAE1
:102D6000144418BF0134A3464FF00009C8469042EE
:102D700071EB030C39D3094207BFB0FA80F700FAB0
:102D800007F6B1FA81F701FA07F6C7F120071EBF6F
:102D900020FA07FC46EA0C062037B6FBFBFC7F1B3B
:102DA000103F07F01F04C4F120060CFA04F42CFABB
:102DB00006F644BF34460026202FA4BF2646002432
:102DC00054EA060C08BF012418EB040849EB060975
:102DD000A4FB027CC01B06FB02CC04FB03CC71EB02
:102DE0000C01904271EB030CC5D20B4602464946DA
:102DF0004046BDE8F08BB2FBF3F20000002816DB82
:102E0000002817DD0022B7EE000A0C4B10F0010F6E
:102E10001CBFD3ED007A20EE270A401004330028AF
:102E2000F4DC4AB1F7EE007A87EE800A7047404240
:102E30000122E8E7B7EE000A704700BFCC5F03004D
:102E400038B504460846A26842B1236861685D1C33
:102E50008D4208BF00208B4208D2D054E3682BB1CA
:102E600021686268914201D2214698472368013364
:102E7000236038BD70B54C1E09D41646C5B229462C
:102E80003046FFF7DDFF013CB4F1FF3FF7D170BDE5
:102E900010F0100F08D108B510F4007F14BF3020D7
:102EA0002020FFF7E7FF08BD7047F0B4054608464D
:102EB00033B10E462D2306F8013B6D42344602E045
:102EC0000E46FBE73C46B5FBF2F702FB17532946DB
:102ED0003D46092B8CBF57333033DBB2274607F80A
:102EE000013B9142EED200233B702378327804F804
:102EF000012906F8013BB442F7D8F0BC704700281E
:102F0000B8BF40427047000000B5F4F761FA024BC9
:102F100018445DF804FB00BF0800000008B50A2A49
:102F200001D1002803DB0023FFF7BFFF08BD012309
:102F3000FFF7BBFFFAE70CB400B587B008AA52F858
:102F4000043B05920390002004900291194601A8C9
:102F500000F022F907B05DF804EB02B070470EB440
:102F600000B586B007AA52F8041B0592039000230F
:102F700004936FF00043029301A800F00DF906B02E
:102F80005DF804EB03B0704710B4037883B10446D6
:102F900014F8013F002BFBD1234614441A46A342E8
:102FA00008D011F8012B03F8012B002AF6D103E019
:102FB0000446F1E7002313705DF8044B7047037873
:102FC00053B159B10144034613F8012F12B18B429A
:102FD000FAD10B46181A70470346FBE70346F9E798
:102FE00070B40E78C6B1037833B9002014E02378AA
:102FF00093B110F8013F8BB10378002BF9D04C1C32
:10300000054632469A42F4D115F8013F002BEED026
:1030100014F8012B002AF5D170BC70470020FBE7A3
:1030200010B584B00C461146029000220392019420
:103030001A46684600F0B0F804B010BD844640EA75
:10304000010313F0030F18D18446202A0BD32DE976
:10305000F007B1E8F807A0E8F807A2F12002202A5B
:10306000F7D2BDE8F007042A07D351F8043B40F833
:10307000043BA2F10402042AF7D2002A05D011F879
:10308000013B00F8013B013AF9D1604670478446A4
:10309000002A2DD010F0030F04D000F8011B013AD4
:1030A00026D0F7E7C9B241EA012141EA0141202ACD
:1030B00012D3A2F120022DE9F0030B460C460D4677
:1030C0000E460F4688468946A0E8FA03203AFBD20E
:1030D000BDE8F00320320BD0042A05D340F8041BCE
:1030E000043A05D0042AF9D200F8011B013AFBD1B9
:1030F00060467047024610F0030F16D111F0030F1F
:1031000013D12DE9F0004FF001374FF0803351F823
:10311000044BA4EB070525EA04051D4002D142F843
:10312000044BF4E7A1F10401F0BC11F8013B02F8F3
:10313000013B002BF9D1704700F1010110F0030FA2
:1031400011D010F8012B002A23D010F0030F0AD061
:1031500010F8012B002A1CD010F0030F03D010F838
:10316000012B002A15D02DE970004FF001324FF0ED
:10317000803350F8044BA4EB020525EA04051D40FA
:1031800000D1F6E7A0F1040070BC10F8012B002A72
:10319000FBD1A0EB010070472DE9F04F2DED048B22
:1031A00089B083460392002303600D4615F8011B86
:1031B000002900F0BF86DFEDA48A00F0ABBE002638
:1031C00007E05E2866D146F4805601E046F04006EE
:1031D00015462A4612F8010B3028F2D81F2838D994
:1031E000A0F12003102B34D801A151F823F000BF27
:1031F000CD31030053320300533203003532030054
:103200005332030053320300533203003B320300B6
:1032100053320300533203005332030041320300A0
:10322000533203004732030053320300533203008A
:103230004D32030046F08006CAE746F40046C7E771
:1032400046F02006C4E746F01006C1E746F40076D3
:10325000BEE72A281ED1039B191D03911F68002F6A
:10326000BCBF7F4246F010061078AA1C27EAE7751B
:103270002E2824D00027742845D07A2843D06C28E3
:1032800000F0C2804C2800F0C580682800F0D38090
:1032900091463BE0A0F13003DBB2092B88BF002749
:1032A000E4D8002707EB8707303800EB470712F810
:1032B000010BA0F13003DBB2092BF3D9D6E710786C
:1032C0002A280AD1039B191D03911F6850780232E6
:1032D000002FD0DB46F48076CDE70132A0F1300339
:1032E000DBB2092B88BF0027F4D8002707EB87073C
:1032F000303800EB470712F8010BA0F13003DBB2C6
:10330000092BF3D9E4E7914619F8010B782800F26C
:103310008480DFE810F021068200820082008200B3
:10332000820082008200820082008200820082008D
:10333000820082008200820082008200820082007D
:10334000820082008200820082008200820082006D
:10335000820082008200820082008200820082005D
:10336000A30082008200820082008200820082002C
:10337000820082008200820082008200820082003D
:10338000820082008200820082008200820082002D
:10339000820082008200820082008200820082001D
:1033A000C401E101E6018200820082008200820005
:1033B00082008200820082008200820082008200FD
:1033C0008200820082001E01820082008200820050
:1033D000820082008200820082008200A9005301E4
:1033E000C601E301E80182005301820082008200ED
:1033F0008200B9004101040182008200CE008200F7
:103400004C01820082002001914619F8010B46F020
:1034100001067BE746F0010691460C4B1C68002C28
:1034200000F0748503AB019300972B463246594652
:10343000A04700F06BBD1078682809D002F101099F
:1034400046F0040662E700BF0000C8423C5100207D
:1034500046F0080602F10209507857E72521584640
:10346000FFF7EEFC00F052BD039B1A1D03921C787F
:10347000013D5A4629463046FFF70AFD2146584687
:10348000FFF7DEFCB0463AE016F0080F08D0DBF894
:103490000020039B191D03911B681A7000F036BDB4
:1034A000039B1A1D03921B68DBF800201A6000F0D2
:1034B0002DBD039B1A1D03921C688C4B002C08BF6A
:1034C0001C4626F4007816F4807F23D03946204627
:1034D000FFF775FD0646AD1B5A4629464046FFF7E5
:1034E000D7FC06F1FF3A56B12746344417F8011BC2
:1034F0005846FFF7A5FCBC42F8D14FF0FF3A18F050
:10350000100F00F003855A4629462020FFF7B2FC31
:1035100000F0FCBC2046FFF70FFE0646DBE7039BEE
:103520001A1D03921B6816F0800F0CBF0024232481
:1035300046F4807608271A46002B00F0B58404ABC9
:103540004FF0000806F40050DFF8A4C1A64600F0D2
:1035500068BC46F4005616F0800F1BD043F2780486
:1035600043F25803782818BF1C4616F4807F01D018
:1035700026F4007616F4804F32D0039B1A1D039276
:103580001B6816F0040F1FD01BB2002B20DA5B4221
:103590002D242DE00024E8E716F0800F0CBF002456
:1035A000302416F4807FE5D026F40076E2E716F4A6
:1035B000807F07D026F400760024DBE746F48046BF
:1035C0000024D7E70024D5E716F0080FDDD0DBB2E2
:1035D00016F0200F61D116F0400F18BF202407E02D
:1035E000039B1A1D03921B6816F0040F50D09BB268
:1035F00016F4807F00F0E48326F400765838202803
:1036000000F2398401A252F820F000BF37350300E0
:10361000773E0300773E0300773E0300773E0300CA
:10362000773E0300773E0300773E0300773E0300BA
:10363000773E0300773E0300773E0300ED3D030035
:10364000773E0300773E0300773E0300773E03009A
:10365000ED3D0300773E0300773E0300773E030015
:10366000773E0300773E0300C53D03003735030076
:10367000773E0300773E0300773E0300773E03006A
:10368000ED3D0300773E0300773E0300373503002E
:1036900016F0080FACD0DBB2AAE72B24A8E746F45B
:1036A000005646F48066039B073323F0070303F1BB
:1036B00008020392D3E90001FFF7CCF908EE100AE3
:1036C00016F4807F16D0B7B906F44067B7F5406F9F
:1036D00014BF002701270EE046F4005646F40066AA
:1036E000E1E746F4005646F44066DCE7E45F030099
:1036F000B85F03000627B0EE480AFFF7D5F90028A7
:1037000040F0B980B0EE480AFFF7D8F980460028AB
:1037100040F0CA80B0EE480AFFF7DAF9002840F01E
:10372000CC8018EE103A08EE103A07A800EE103AD6
:10373000FFF710FA079B03EB4303C94A82FB03120E
:10374000DB17C3EBA2030793B5EE408AF1EE10FA44
:1037500040F0BD8006F44064B4F5806F0AD0B4F543
:10376000406F40F06C81079BBB4203DA13F1040FFA
:1037700080F2658107984042FFF740FB28EE008AFF
:103780008DED028AB5EE408AF1EE10FA34D0B0EE3B
:10379000480AFFF789F9002840F0AF80F2EE047A7A
:1037A000B4EEE78AF1EE10FA0DDB079BF2EE047A35
:1037B000013388EE278AB4EEE78AF1EE10FAF7DAE1
:1037C0008DED028A0793DDED027AB7EE007AF4EE12
:1037D000C77AF1EE10FA0FD5079B013BF2EE046AAF
:1037E0001A4667EEA67A013BF4EEC77AF1EE10FABC
:1037F000F6D4CDED027A079227B1B4F5406F08BF39
:1038000007F1FF377842FFF7F9FAF6EE007A60EE3B
:10381000277A9DED027A77EE877AB2EE047AF4EE9B
:10382000C77AF1EE10FA80F28180B0EE678A002F3D
:1038300000F0918006F40863B3F5006F7ED026F4A3
:10384000006302937B1DED1A013D16F4805F00F0CA
:10385000F380079A834B83FB0213A3EBE27303EB22
:103860004303D31A0233042B00F2E480DFE803F0B1
:1038700099DA9699DA00B5EEC08AF1EE10FA0CD416
:1038800016F4005F784C794B08BF1C4616F0200FE9
:1038900008BF013426F4807613E616F4005F744CFA
:1038A000744B08BF1C46F5E716F4005F724C734B6F
:1038B00008BF1C4626F4807603E646F06006F1EE6B
:1038C000487A17EE903A2EE7079B01330793079843
:1038D0000130FFF793FAB4EEC08AF1EE10FAF3DC90
:1038E00002E0079B013B07930798FFF787FAB4EEC6
:1038F000C08AF1EE10FAF4D42CE7B5EEC08AF1EEEE
:1039000010FA0CD416F4005F574C584B08BF1C46F5
:1039100016F0200F08BF013426F48076D1E516F4A6
:10392000005F534C534B08BF1C46F5E7079B013320
:103930000793B2EE047A87EE878A78E7092FA8BF4B
:1039400009273846FFF75AFA60EE087AFCEEE77A64
:1039500017EE903A4BB926F400630293053D16F03A
:1039600080073FF472AF47466EE7454AA2FB031259
:10397000D20802EB8202B3EB420F7FF460AF404902
:10398000A1FB0323DB08013FE5D0A1FB0302D20822
:1039900002EB8202B3EB420FF2D050E74FF0010886
:1039A00008E0F2EE047A27EE888A013A0792013D98
:1039B0004FF0020827EAE77716F0600F18BF05F10D
:1039C000FF350798FFF79BFA6328C8BF05F1FF355D
:1039D000F0EE487ABCEEC87A17EE104AB8EE478A85
:1039E00037EEC88A25EAE57A029B13F4047F00F0DB
:1039F000D580029B13F0200F00F0DE8013F0400F03
:103A000014BF2D212B215846FFF71AFA029B13F001
:103A1000100F00F0DB801B4E08F10055013D06EB56
:103A2000C505EAE028EE888A023A0792023D4FF087
:103A30000308BFE7D046BDE74FF00108BCE716F426
:103A4000806F3ED0079B0E2B3ADC0133FC1A092C09
:103A5000A8BF092416F0800F16D0274631E000BF1A
:103A60006766666656555555FC5F030004600300A3
:103A7000EC5F0300F45F03000C60030010600300C0
:103A8000CDCCCCCC18600300BB426BD0F6EE009AD4
:103A9000B2EE049A2046FFF7B1F928EE000A30EEA4
:103AA000290AFFF71FF8F0EE490AFFF7C1F8B5EE53
:103AB000400AF1EE10FA57D1013CEBD1274600E065
:103AC000474626F480630293079B7842A3F10802DD
:103AD0008242C8BFA3F10900FFF790F94FF0FF3011
:103AE000FFF756F838EE008AB0EE489A0798013092
:103AF000FFF784F9B4EEC08AF1EE10FA02DD079BFD
:103B0000013307930798002840DB09282EDCFCEEE0
:103B1000C97A17EE904AB8EE678A39EE488A0023D0
:103B2000079320460021092C35D9DFF858C44FF0FF
:103B3000010808F10108FCE90223994208BF9042FC
:103B4000F7D207EB0803079A1344ED1A06F0800337
:103B50003B4318BF05F1FF3516F0600F18BF05F1A4
:103B6000FF353FE72746ACE72746AAE7A0F1090360
:103B70000793C0F10900FFF741F929EE009AFCEE26
:103B8000C97A17EE904A08EE108ACAE70024079413
:103B90004FF00108D5E74FF00108D2E7002D7FF77D
:103BA00028AF20255646013E29465846FFF748F9DA
:103BB000002EF8D1B2461CE7029B13F0400F3FF4F1
:103BC00025AF20215846FFF73BF91FE7BAF1000F58
:103BD0003FF421AF30255646013E29465846FFF7AF
:103BE0002FF9002EF8D1B24615E74FF0300C6146A0
:103BF0005846FFF725F9B04515D0D5E90023A8466A
:103C0000083D0021994208BF9442EED34FF0300C9A
:103C10000CF1010C5FFA8CFCA41A0021994208BF38
:103C20009442F5D2E3E7029B13F4006449D1002FDC
:103C300055D1029B13F0800F40F09181029B13F449
:103C4000806F2FD013F4005F14BF452165215846C3
:103C5000FFF7F6F8079B002BC0F294802B21584603
:103C6000FFF7EEF80799632900F394800799C14C98
:103C700084FB0132C917C1EBA2013031C9B25846E9
:103C8000FFF7DEF8079B84FB0324D917C1EBA401DF
:103C900001EB8101A3EB410303F13001C9B25846A6
:103CA000FFF7CEF8BAF1000F00F03081202455461E
:103CB000013D21465846FFF7C3F8002DF8D1AA462A
:103CC00024E1079B002BB2DD3025013B07932946F9
:103CD0005846FFF7B5F8079B002BF6DCA7E72E2127
:103CE0005846FFF7ADF83D46092FA8BF092525EA3C
:103CF000E5757F1B8CB10798281AFFF77FF820EE37
:103D0000088AFCEEC87A17EE904A7DB305F100559B
:103D1000013D994B03EBC50519E02846FFF76EF806
:103D200020EE088AFCEEC87A17EE904AEDE70CF117
:103D3000010C5FFA8CFCA41A0021994208BF94423E
:103D4000F5D261465846FFF77BF8B0450ED0D5E96D
:103D50000023A846083D0021994208BF944202D39F
:103D60004FF0300CE3E74FF0300CEAE7002F3FF460
:103D700065AF3024013F21465846FFF761F8002F18
:103D8000F8D15BE72D215846FFF75AF8079B5B42B5
:103D9000079367E7794C84FB0132C917C1EB6211C5
:103DA0003031C9B25846FFF74BF8079A84FB02310D
:103DB000D317C3EB6113642101FB1323079355E76A
:103DC00001271BE41A464FF00008002B55D004A928
:103DD0004FF0000803F00703303301F8013B08F10E
:103DE0000108D2081346002AF4D146E019464FF0E4
:103DF0000008002B41D04FF0000806F4004E4FF0B1
:103E00002C0ADFF884C17346A6461C4624E002F063
:103E10000F015B4C615C03F8011B08F101081209FA
:103E200006D00028F3D002F00F011CF80110F2E7D1
:103E3000744622E008AB03EB0800ACFB0132D20869
:103E400002EB8203A1EB4303303300F8103C08F18E
:103E5000010809290DD91146002CEBD008F0030305
:103E6000032BE7D108AB434403F810AC08F1010879
:103E7000E0E7744601E04FF00008A7EB080727EAE7
:103E8000E777ED1BA5EB0805FF2C10D9023D16F4D2
:103E9000007F11D0C4F307215846FEF7D1FFE1B2ED
:103EA0005846FEF7CDFF12E04FF00008E5E7002C82
:103EB0005BD116F4007F0AD15A4629463046FEF7F8
:103EC000E7FFFF2C98BF00252CD8002CE7D15A46DD
:103ED00029463046FEF7DCFF5A4639463020FEF7C9
:103EE000C9FFB8F1010A0ED404AB54461C449846ED
:103EF000217827465846FEF7A3FF444504F1FF34D6
:103F0000F6D14FF0FF3A16F0100F0DD14D4615F8CF
:103F1000011B79B125293FF452A95846FEF790FFBD
:103F2000A946F3E70025B5E75A4629462020FEF7C3
:103F3000A1FFEBE7DBF808303BB1DBF80020DBF852
:103F400004108A423CBF00219954DBF8000009B0FC
:103F5000BDEC048BBDE8F08F4FF0FF30F7E72E216A
:103F60005846FEF76DFF3D46C3E6013D16F4007F5F
:103F7000ABD1A1E767666666186003001F85EB5149
:0C3F8000A85F030020600300CDCCCCCC77
:083F8C00959A020000000000FC
:103F94007109030000000000F5120300443D0020F5
:103FA400AD010300643D0020710703000000000020
:103FB4005F1803005C330020BF150300583D002048
:103FC40049D102000000000005D6020000000000F4
:043FD4001DCD0200FD
:083FD800BD9A02000000000088
:103FE00059210300000000002D2203000000000002
:043FF000E9E90200F9
:103FF4000000000060340020D9760200433A5C558A
:10400400736572735C507572766573685C446F6334
:10401400756D656E74735C4769744875625C54723F
:1040240061636B46575F4643435C3372645F706100
:104034007274795C6E5246355F53444B5F31365C23
:10404400636F6D706F6E656E74735C6C69627261C0
:10405400726965735C74696D65725C6170705F74BC
:10406400696D6572322E630001000600FFFFFFFFD9
:10407400FFFFFFFFFFFFFFFFFFFFFFFF0000000048
:10408400000000000000D60106010000433A5C5520
:10409400736572735C507572766573685C446F63A4
:1040A400756D656E74735C4769744875625C5472AF
:1040B40061636B46575F4643435C3372645F706170
:1040C4007274795C6E5246355F53444B5F31365C93
:1040D400636F6D706F6E656E74735C6C6962726130
:1040E400726965735C756172745C6170705F75612F
:1040F40072745F6669666F2E63000000433A5C5514
:10410400736572735C507572766573685C446F6333
:10411400756D656E74735C4769744875625C54723E
:1041240061636B46575F4643435C3372645F7061FF
:104134007274795C6E5246355F53444B5F31365C22
:10414400636F6D706F6E656E74735C6C69627261BF
:10415400726965735C7574696C5C6170705F7574A9
:10416400696C5F706C6174666F726D2E6300000021
:104174002E2E2F3372645F70617274792F6E5246E3
:10418400355F53444B5F31362F696E7465677261D6
:1041940074696F6E2F6E7266782F6E7266785F67C1
:1041A4006C75652E680000002E2E2F3372645F70CC
:1041B400617274792F6E5246355F53444B5F3136CA
:1041C4002F6D6F64756C65732F6E7266782F6861DE
:1041D4006C2F6E72665F7274632E6800433A5C558E
:1041E400736572735C507572766573685C446F6353
:1041F400756D656E74735C4769744875625C54725E
:1042040061636B46575F4643435C3372645F70611E
:104214007274795C6E5246355F53444B5F31365C41
:10422400636F6D706F6E656E74735C6C69627261DE
:10423400726965735C74696D65725C6472765F72D1
:1042440074632E6300000000000000000338FDD8F2
:10425400704700002E2E2F3372645F706172747980
:104264002F6E5246355F53444B5F31362F636F6D6B
:10427400706F6E656E74732F6C69627261726965BA
:10428400732F6578706572696D656E74616C5F73A8
:10429400656374696F6E5F766172732F6E72665FA9
:1042A40073656374696F6E5F697465722E6800006C
:1042B4002E2E2F3372645F70617274792F6E5246A2
:1042C400355F53444B5F31362F636F6D706F6E658E
:1042D4006E74732F6C69627261726965732F6D7588
:1042E4007465782F6E72665F6D74782E68000000B6
:1042F400433A5C55736572735C5075727665736886
:104304005C446F63756D656E74735C47697448755E
:10431400625C547261636B46575F4643435C33721D
:10432400645F70617274795C6E5246355F53444BBE
:104334005F31365C636F6D706F6E656E74735C6C49
:1043440069627261726965735C7077725F6D676DC3
:10435400745C6E72665F7077725F6D676D742E63E6
:1043640000000000D43F0300D83F03000400000015
:10437400433A5C55736572735C5075727665736805
:104384005C446F63756D656E74735C4769744875DE
:10439400625C547261636B46575F4643435C33729D
:1043A400645F70617274795C6E5246355F53444B3E
:1043B4005F31365C636F6D706F6E656E74735C6CC9
:1043C40069627261726965735C6578706572696D42
:1043D400656E74616C5F73656374696F6E5F76613B
:1043E40072735C6E72665F73656374696F6E5F6926
:1043F4007465722E63000000433A5C5573657273F2
:104404005C507572766573685C446F63756D656E38
:1044140074735C4769744875625C547261636B467B
:10442400575F4643435C3372645F70617274795CB6
:104434006E5246355F53444B5F31365C636F6D702B
:104444006F6E656E74735C6C6962726172696573B8
:104454005C736F72746C6973745C6E72665F736F95
:1044640072746C6973742E6300000000433A5C55E7
:10447400736572735C507572766573685C446F63C0
:10448400756D656E74735C4769744875625C5472CB
:1044940061636B46575F4643435C3372645F70618C
:1044A4007274795C6E5246355F53444B5F31365CAF
:1044B400696E746567726174696F6E5C6E7266783A
:1044C4005C6C65676163795C6E72665F6472765F6B
:1044D400636C6F636B2E6300433A5C557365727350
:1044E4005C507572766573685C446F63756D656E58
:1044F40074735C4769744875625C547261636B469B
:10450400575F4643435C3372645F70617274795CD5
:104514006E5246355F53444B5F31365C696E746549
:1045240067726174696F6E5C6E7266785C6C6567E5
:104534006163795C6E72665F6472765F75617274D2
:104544002E6300002E2E2F3372645F7061727479B3
:104554002F6E5246355F53444B5F31362F696E746C
:104564006567726174696F6E2F6E7266782F6E72F2
:1045740066785F676C75652E68000000433A5C5589
:10458400736572735C507572766573685C446F63AF
:10459400756D656E74735C4769744875625C5472BA
:1045A40061636B46575F4643435C3372645F70617B
:1045B4007274795C6E5246355F53444B5F31365C9E
:1045C4006D6F64756C65735C6E7266785C64726939
:1045D400766572735C7372635C6E7266785F636C2B
:1045E4006F636B2E630000002E2E2F3372645F7096
:1045F400617274792F6E5246355F53444B5F313686
:104604002F696E746567726174696F6E2F6E72665E
:10461400782F6E7266785F676C75652E680000008F
:104624002E2E2F3372645F70617274792F6E52462E
:10463400355F53444B5F31362F6D6F64756C657312
:104644002F6E7266782F68616C2F6E72665F67706A
:10465400696F2E6800000000000000500003005045
:10466400433A5C55736572735C5075727665736812
:104674005C446F63756D656E74735C4769744875EB
:10468400625C547261636B46575F4643435C3372AA
:10469400645F70617274795C6E5246355F53444B4B
:1046A4005F31365C6D6F64756C65735C6E726678D1
:1046B4005C647269766572735C7372635C6E726655
:1046C400785F6770696F74652E630000433A5C55C8
:1046D400736572735C507572766573685C446F635E
:1046E400756D656E74735C4769744875625C547269
:1046F40061636B46575F4643435C3372645F70612A
:104704007274795C6E5246355F53444B5F31365C4C
:104714006D6F64756C65735C6E7266785C647269E7
:10472400766572735C7372635C7072735C6E7266CE
:10473400785F7072732E63002E2E2F3372645F7055
:10474400617274792F6E5246355F53444B5F313634
:104754002F696E746567726174696F6E2F6E72660D
:10476400782F6E7266785F676C75652E680000003E
:104774002E2E2F3372645F70617274792F6E5246DD
:10478400355F53444B5F31362F6D6F64756C6573C1
:104794002F6E7266782F68616C2F6E72665F677019
:1047A400696F2E6800000000433A5C5573657273AC
:1047B4005C507572766573685C446F63756D656E85
:1047C40074735C4769744875625C547261636B46C8
:1047D400575F4643435C3372645F70617274795C03
:1047E4006E5246355F53444B5F31365C6D6F647572
:1047F4006C65735C6E7266785C64726976657273FC
:104804005C7372635C6E7266785F7370696D2E633D
:10481400000000002E2E2F3372645F706172747971
:104824002F6E5246355F53444B5F31362F696E7499
:104834006567726174696F6E2F6E7266782F6E721F
:1048440066785F676C75652E680000002E2E2F3326
:1048540072645F70617274792F6E5246355F53448F
:104864004B5F31362F6D6F64756C65732F6E726696
:10487400782F68616C2F6E72665F6770696F2E683F
:1048840000000000433A5C55736572735C507572A6
:10489400766573685C446F63756D656E74735C47AD
:1048A40069744875625C547261636B46575F464332
:1048B400435C3372645F70617274795C6E52463526
:1048C4005F53444B5F31365C6D6F64756C65735C2C
:1048D4006E7266785C647269766572735C73726317
:1048E4005C6E7266785F756172742E6300000000FE
:1048F40089BA02002E2E2F3372645F70617274794C
:104904002F6E5246355F53444B5F31362F696E74B8
:104914006567726174696F6E2F6E7266782F6E723E
:1049240066785F676C75652E680000002E2E2F3345
:1049340072645F70617274792F6E5246355F5344AE
:104944004B5F31362F6D6F64756C65732F6E7266B5
:10495400782F68616C2F6E72665F6770696F2E685E
:1049640000000000433A5C55736572735C507572C5
:10497400766573685C446F63756D656E74735C47CC
:1049840069744875625C547261636B46575F464351
:10499400435C3372645F70617274795C6E52463545
:1049A4005F53444B5F31365C6D6F64756C65735C4B
:1049B4006E7266785C647269766572735C73726336
:1049C4005C6E7266785F75617274652E63000000B8
:1049D400C1C602002E2E2F3372645F706172747927
:1049E4002F6E5246355F53444B5F31362F696E74D8
:1049F4006567726174696F6E2F6E7266782F6E725E
:104A040066785F676C75652E680000002E2E2F3364
:104A140072645F70617274792F6E5246355F5344CD
:104A24004B5F31362F6D6F64756C65732F6E7266D4
:104A3400782F68616C2F6E72665F6770696F2E687D
:104A440000000000433A5C55736572735C507572E4
:104A5400766573685C446F63756D656E74735C47EB
:104A640069744875625C547261636B46575F464370
:104A7400435C3372645F70617274795C6E52463564
:104A84005F53444B5F31365C6D6F64756C65735C6A
:104A94006E7266785C647269766572735C73726355
:104AA4005C6E7266785F7477696D2E630000000037
:104AB4000000000000000000000000000338FDD8E2
:104AC400704700002E2E2F3372645F706172747908
:104AD4002F6E5246355F53444B5F31362F6D6F64F2
:104AE400756C65732F6E7266782F68616C2F6E72A9
:104AF400665F6770696F2E68000000004E52465F63
:104B04005057525F4D474D545F4556545F50524580
:104B1400504152455F5359534F4646004E52465FEB
:104B24005057525F4D474D545F4556545F50524560
:104B3400504152455F57414B45555000456E746591
:104B440072696E67204446552C20796F75206D611B
:104B540079206861766520746F20666978207468AE
:104B6400697320636F6465004E52465F5057525F0D
:104B74004D474D545F4556545F5052455041524540
:104B84005F52455345540000433A5C557365727354
:104B94005C507572766573685C446F63756D656EA1
:104BA40074735C4769744875625C547261636B46E4
:104BB400575F4643435C6663635F6F6E79785F3328
:104BC4005C6D61696E2E6370700000000A46524F7E
:104BD4004D3A20253032783A253032783A25303231
:104BE400783A253032783A253032783A253032789E
:104BF4002025640A00000000527373693A25640A90
:104C040000000000424154543A25660A00000000A6
:104C1400736B69707065642073656E64696E672078
:104C240025640A004E6F7469666965642077697447
:104C3400682041434B0A0000536F667464657669CB
:104C44006365206173736572746564210A000000F2
:104C54000A5265636569766564206461746120281D
:104C64002564206279746573292066726F6D204211
:104C74004C45204E55533A20000000002530325850
:104C84003A0000000A000000434F4E4649475F4483
:104C9400555400006572726F7220636F64653A2028
:104CA40025640A0072616D206572726F7220636FF1
:104CB40064653A2025640A0072616D5F73746172E1
:104CC400743A2030782025780A0000007564206644
:104CD40061696C0A0000000044617461206C656EB7
:104CE4002069732073657420746F203078255828E8
:104CF4002564290A00000000415454204D545520D5
:104D040065786368616E676520636F6D706C657448
:104D140065642E2063656E7472616C20307825782A
:104D2400207065726970686572616C2030782578CE
:104D34000A00000055445F53746172742E2E2E21B4
:104D44000A0000001B5B33346D424C452052616401
:104D5400696F2053656C65637465640A1B5B306D11
:104D6400000000001B5B33326D43656C6C205261A4
:104D740064696F2053656C65637465640A1B5B30FA
:104D84006D0000001B5B33326D43656C6C20435730
:104D940020526164696F205472616E736D69740A84
:104DA4001B5B306D000000001B5B33346D424C45CF
:104DB40020526164696F205472616E736D69740A64
:104DC4001B5B306D000000001B5B33336D43656C6F
:104DD4006C2F424C4520526164696F20536C6565A9
:104DE400700A1B5B306D00001B5B33326D43454C16
:104DF4004C20496E74657276616C20526164696FEF
:104E040020726563656976650A1B5B306D0000007E
:104E14001B5B33356D2D2D2D2D2D2D2D7363616E63
:104E24004475726174696F6E3A2025640A1B5B30A5
:104E34006D0000001B5B33346D424C4520526164AD
:104E4400696F205363616E0A1B5B306D00000000C4
:104E5400446F206E6F74206D656173757265207484
:104E6400656D70657261747572650A001B5B33321F
:104E74006D4C6F526120526164696F205472616E8F
:104E8400736D69740A1B5B306D0000001B5B333269
:104E94006D43656C6C20496E74657276616C20524A
:104EA4006164696F20726563656976650A1B5B30AE
:104EB4006D0000001B5B33326D43656C6C204D6FDD
:104EC40064756C6174656420526164696F20547206
:104ED400616E736D69740A1B5B306D001B5B33324A
:104EE4006D43656C6C204D6F64756C6174656420F2
:104EF400526164696F20526563656976650A1B5B5C
:104F0400306D00005273736954483A253032582C7E
:104F14002042617474563A253032580A0000000069
:104F24006D696C6C69732025640A0000706F776585
:104F340072206D676D742D3E20656E7472696E67A4
:104F44000A000000706F776572206D676D742D3EE6
:104F54002065786974696E670A0000004F54413A0D
:104F64002025640A0000000061647654696D653A86
:104F74002025640A00000000626C6574786C657614
:104F8400656C2864293A2025640A0000736C656501
:104F94007054696D653A2025640A00007363616E7C
:104FA4004475726174696F6E3A2025640A000000CA
:104FB4004D4F44453A2025640A0000001B5B3334FE
:104FC4006D6368616E6E656C3A2025640A1B5B3004
:104FD4006D0000001B5B33356D43656C6C205261C2
:104FE40064696F205458206F722052583A20256407
:104FF4000A1B5B306D0000001B5B33356D63686119
:105004006E6E656C3A2025640A1B5B306D000000EF
:105014001B5B33356D63656C6C706F7765726C65A3
:1050240076656C3A2025640A1B5B306D0000000035
:105034001B5B33356D63656C6C7278706F7765726A
:105044006C6576656C3A2025640A1B5B306D000044
:105054004D4143203D20253032583A253032583ACC
:10506400253032583A253032583A253032583A25CC
:105074003032580025730A005363616E3A20256468
:10508400094164763A20256409536C6565703A20B9
:1050940025640A006E524625782056617269616E55
:1050A400743A2025632563256325630A0000000004
:1050B4007061636B6167653A2025780A000000001F
:1050C40044657649443A20257825780A0000000092
:1050D4001B5B33326D4C6F52612035207365636FF7
:1050E4006E64204357205472616E736D69740A1B99
:1050F4005B306D001B5B33326D4C6F526120436F2C
:105104006E74696E756F7573204357205472616EA7
:10511400736D69740A1B5B306D000000FFFFFFFFB5
:1051240002FF000000000040000000004C6F5261CC
:1051340020726164696F20696E6974206661696CAC
:1051440065640A00545820706F7765722063686143
:105154006E67656420746F3A2025640A00000000BD
:105164001B5B33326D4C6F526120436F6E74696EFA
:10517400756F7573205472616E736D69740A1B5B6D
:10518400306D000069643D25732D2D2D2D2D68652E
:105194006C6C6F001B5B33326D4C6F526120496E37
:1051A40074657276616C205472616E736D69740AF1
:1051B4001B5B306D000000001B5B33326D4C6F5283
:1051C4006120496E74657276616C205472616E73ED
:1051D4006D6974310A1B5B306D0000001B5B333258
:1051E4006D4C6F526120436F6E74696E756F757389
:1051F40020526563656976650A1B5B306D000000AB
:105204001B5B33326D4C6F526120496E746572764C
:10521400616C20526563656976650A1B5B306D00BD
:105224002D2D2D2D3E2046696E616C20544D50313C
:1052340031372054656D70203D2025332E32662091
:1052440025430A001B5B34366D496E697469616CD1
:10525400697A696E67206D6F64656D0A1B5B306DDA
:10526400000000001B5B33356D63656C6C20496E78
:1052740074657276616C20526563656976650A1B94
:105284005B306D00536C656570204F4E0A00000062
:1052940050617263656C205475726E6564204F4E64
:1052A4000A0000004357204D6F64652077697468D5
:1052B4006F7574206D6F64756C6174696F6E204FC7
:1052C4004E0A00004357204D6F6465207769746867
:1052D400206D6F64756C6174696F6E204F4E0A00A7
:1052E4004C6F526120726164696F20696E69742029
:1052F400737563636573730A0000000066726571F9
:105304003A2025640A0000007077723A2025640A66
:105314000000000048656C6C6F20576F726C642C41
:105324002054686973206973204C6F7261204D6F3B
:1053340064756C617465642043617272696572207E
:10534400576176650A0D0000783B0020983B0020E9
:10535400B83B00205465726D696E616C00000000FA
:10536400525454005345474745520000433A5C5554
:10537400736572735C507572766573685C446F63B1
:10538400756D656E74735C4769744875625C5472BC
:1053940061636B46575F4643435C3372645F70617D
:1053A4007274795C6E5246355F53444B5F31365CA0
:1053B400636F6D706F6E656E74735C626C655C6355
:1053C4006F6D6D6F6E5C626C655F636F6E6E5F7345
:1053D400746174652E6300009ECADC240EE5A9E0A6
:1053E40093F3A3B50000406E2E2E2F3372645F70CA
:1053F400617274792F6E5246355F53444B5F313678
:105404002F636F6D706F6E656E74732F6C6962724B
:1054140061726965732F6578706572696D656E7404
:10542400616C5F73656374696F6E5F766172732F0D
:105434006E72665F73656374696F6E5F69746572BB
:105444002E680000433A5C55736572735C50757244
:10545400766573685C446F63756D656E74735C47E1
:1054640069744875625C547261636B46575F464366
:10547400435C3372645F70617274795C6E5246355A
:105484005F53444B5F31365C636F6D706F6E656E56
:1054940074735C736F66746465766963655C636F6B
:1054A4006D6D6F6E5C6E72665F7364682E63000070
:1054B40001000007F03F0300F03F03000800000074
:1054C400D83F0300E03F030008000000E03F030072
:1054D400F03F0300080000002E2E2F3372645F702B
:1054E400617274792F6E5246355F53444B5F313687
:1054F4002F636F6D706F6E656E74732F6C6962725B
:1055040061726965732F6578706572696D656E7413
:10551400616C5F73656374696F6E5F766172732F1C
:105524006E72665F73656374696F6E5F69746572CA
:105534002E680000433A5C55736572735C50757253
:10554400766573685C446F63756D656E74735C47F0
:1055540069744875625C547261636B46575F464375
:10556400435C3372645F70617274795C6E52463569
:105574005F53444B5F31365C636F6D706F6E656E65
:1055840074735C736F66746465766963655C636F7A
:105594006D6D6F6E5C6E72665F7364685F626C657E
:1055A4002E630000943F0300D43F03000800000072
:1055B4002E2E2F3372645F70617274792F6E52468F
:1055C400355F53444B5F31362F636F6D706F6E657B
:1055D4006E74732F6C69627261726965732F65787A
:1055E400706572696D656E74616C5F73656374690F
:1055F4006F6E5F766172732F6E72665F736563742C
:10560400696F6E5F697465722E680000433A5C5579
:10561400736572735C507572766573685C446F630E
:10562400756D656E74735C4769744875625C547219
:1056340061636B46575F4643435C3372645F7061DA
:105644007274795C6E5246355F53444B5F31365CFD
:10565400636F6D706F6E656E74735C736F66746484
:1056640065766963655C636F6D6D6F6E5C6E7266A3
:105674005F7364685F736F632E6300008C3F030085
:10568400943F030008000000000000000000000038
:105694000D23030019230300512303000338FDD80D
:1056A4007047000080070000BC07000001000000F4
:1056B4003A0700007607000002000000AE06000072
:1056C400F906000003000000AE060000DB0600003F
:1056D400040000003803000051030000050000002E
:1056E400700300009303000008000000BB020000E8
:1056F400CC0200000C0000000903000013030000AA
:105704000D0000002F0300003E0300001200000003
:105714003E0300004D03000013000000400300009E
:105724005E030000140000003A0700007B0700003D
:10573400190000002E030000510300001A000000AD
:10574400BF020000EC0200001C000000AE060000D6
:10575400F4060000420000003E0800007A08000041
:10576400010000008A070000C607000002000000D4
:105774000D07000058070000030000003E08000069
:105784006B08000004000000650300007E030000B5
:10579400050000009D030000C00300000800000095
:1057A400D9020000EA0200000C000000EA02000036
:1057B400F40200000D0000006B0300007A030000F7
:1057C400120000003E0300004D030000130000001F
:1057D4001703000035030000140000008A070000CE
:1057E400CB070000190000005B0300007E030000EB
:1057F4001A000000F6020000230300001C00000051
:105804003E080000980800004200000022676C6F08
:1058140062616C646174612E696F7422000000001F
:10582400226962617369732E696F7422000000003B
:1058340022686F6C6F6772616D2200002262726F62
:10584400616462616E642200226D326D2E74656C37
:1058540075732E696F742200227465616C220000D6
:10586400226D326D2E636F6D2E6174747A22000086
:10587400212121205741524E3A204E42496F542053
:10588400436F6D6D206572726F720A0021212120B1
:105894005741524E3A204E42496F54204669666F32
:1058A400206572726F720A004E42496F542053652C
:1058B4007269616C206D6F64756C6520696E6974C2
:1058C40069616C697A65640D0A00000073656E6431
:1058D400696E672041542B4346554E3D300A000003
:1058E40041542B4346554E3D300D0A005265706CB1
:1058F40079203D2025730A0073656E64696E672004
:1059040041542B4346554E3F0A00000041542B435B
:1059140046554E3F0D0A000073656E64696E67203C
:1059240020415425485756455253494F4E0A0000CA
:10593400415425485756455253494F4E0D0A0000CD
:105944004E524639313630204857205665727369B5
:105954006F6E206973203D2025730A004154255839
:1059640053595354454D4D4F44453F0D0A000000D3
:105974004E5246393136302053595354454D204DFB
:105984004F4445206973203D2025730A0000000020
:1059940073656E64696E67204154254E43454C4CD3
:1059A4004D4541530A0000004154254E43454C4C9B
:1059B4004D4541530D0A000073656E64696E67209E
:1059C40041542358544350434F4E4E3F0A00000065
:1059D40041542358544350434F4E4E3F0D0A000048
:1059E4002B58544350434F4E4E3A20310D0A4F4BDF
:1059F4000D00000073656E64696E672041542B438B
:105A04004744434F4E543F0A0000000041542B4387
:105A14004744434F4E543F0D0A0000002C00000041
:105A24004E42496F5420436F6E6E65637465642003
:105A3400746F204E6574776F726B3A2025730A0079
:105A440073656E64696E672041542B4346554E3D21
:105A5400310A000041542B4346554E3D310D0A0096
:105A640073656E64696E6720415423584750533DF3
:105A7400312C330A00000000415423584750533D51
:105A8400312C330D0A00000073656E64696E672063
:105A940041542358534F434B45543D312C320A0053
:105AA40041542358534F434B45543D312C320D0A36
:105AB4000000000073656E64696E672041542358CA
:105AC400534F434B45543D312C310A004154235824
:105AD400534F434B45543D312C310D0A0000000017
:105AE40073656E64696E672041542358534F434B6A
:105AF40045543D300A000000436C6F73696E6720A3
:105B0400536F636B65740A0041542358534F434BDE
:105B140045543D300D0A00004154235842494E4437
:105B24003D25730D0A00000073656E64696E67207D
:105B34002573000041542358544350434F4E4E3D67
:105B4400222573222C25730D0A000000436F756C07
:105B5400646E277420636F6E6E65637420746F20A7
:105B640054435020536572766572205265706C7987
:105B7400203D2025730A0000436F6E6E65637465D3
:105B84006420746F205443502053657276657220EC
:105B94005265706C79203D2025730A0073656E642C
:105BA400696E67204154255853595354454D4D4F00
:105BB40044453D312C312C302C300A0041542558B9
:105BC40053595354454D4D4F44453D312C312C30A0
:105BD4002C300D0A0000000073656E64696E672046
:105BE40041542B4352534D0A0000000041542B43AF
:105BF40052534D3D3137362C31323235382C302C1E
:105C0400302C31300D0A00005265706C79206973B4
:105C1400203D2025730A000073656E64696E672059
:105C24004154255849434349440A000041542558E6
:105C340049434349440D0A0053494D2049434349CC
:105C440044206973203D2025730A000041542558DF
:105C5400444545505345415243483D310D0A0000E7
:105C64004E5246393136302058444545505345410B
:105C7400524348206973203D2025730A0000000028
:105C84004154235855445053454E44544F3D2235B6
:105C9400302E3131362E392E313939222C323434EA
:105CA400322C222573220D0A000000002D2D2D3EDA
:105CB400204E42496F542073656E64696E67207587
:105CC400647020646174613A202573004154235840
:105CD40055445053454E44544F3D222573222C25A0
:105CE400732C222573220D0A00000000415423580E
:105CF40054435053454E443D2225732573220D0AC7
:105D0400000000002D2D2D3E204E42496F5420737B
:105D1400656E64696E6720746370206461746120C9
:105D24003D20257300000000415423585443505231
:105D34004543563D25732C25730D0A000A000000C7
:105D440052656365697665205443502044617461EB
:105D5400204C656E206973202564205265706C792F
:105D6400203D2025730A0A002358544350524543CA
:105D7400563A2000526563656976696E672055441A
:105D84005020646174612066726F6D20436C6F757E
:105D9400640A000041542358554450524543564622
:105DA400524F4D3D2235302E3131362E392E313978
:105DB40039222C323434332C3130302C31300D0A2A
:105DC4000000000052656365697665642052657061
:105DD4006C79203D2025730A0000000041542358AB
:105DE4005544505245435646524F4D3D2225732249
:105DF4002C25732C25732C257300000041542B4350
:105E04004553510D0A0000005369676E616C2051BF
:105E140075616C6974792069732025730A00000028
:105E24004E43454C4C4D4541532072657475726E1A
:105E34006564203D2025730A000000004552524F3E
:105E44005200000041542B43434C4B3F0D0A0000C9
:105E540043434C4B2072657475726E6564203D201B
:105E640025730A00220000002F0000003A00000001
:105E74002D00000043656C6C2052657475726E656C
:105E8400642054696D653A2025733A25733A257365
:105E94002C20446174653A2025735C25735C25735A
:105EA4000A00000041542B43455245473F0D0A0068
:105EB40041542B434F50533F0D0A0000434F50535E
:105EC4002072657475726E6564203D2025730A0026
:105ED400257800004E42496F5420436F6D6D616E0A
:105EE4006420526573706F6E7365204275666665D3
:105EF40072204F766572666C6F770A0A00000000A4
:105F04004F4B0D002D2D2D2D2D2D3E20434552455B
:105F14004720524553502069730A000025730A0034
:105F240052582042616E643A2025640A0000000041
:105F3400415425585246544553543D0025732C254D
:105F4400732C25732C25732C25732C312C342C3075
:105F54002C302C302C302C302C300D0A000000005A
:105F640025732C25732C25732C25732C25732C3128
:105F74002C302C312C312C302C312C302C300D0A7F
:105F8400000000002D2D2D3E204E42496F542073F9
:105F9400656E64696E672043572064617461203DB7
:105FA4002025730030313233343536373839616265
:105FB40063646566303132333435363738394142BB
:105FC4004344454621000000000020410000C8422F
:105FD40000401C4620BCBE4CCA1B0E5AAEC59D7464
:105FE400286E756C6C2900002D494E460000000097
:105FF4002D696E66000000002B494E46000000002B
:106004002B696E66000000004E414E006E616E000A
:106014000000000001000000000000000A00000071
:10602400000000006400000000000000E80300001D
:10603400000000001027000000000000A0860100FE
:106044000000000040420F0000000000809698000D
:106054000000000000E1F5050000000000CA9A3BC2
:106064000000000000E40B540200000000E8764841
:10607400170000000010A5D4E800000000A0724E34
:106084001809000000407A10F35A00000080C6A4EA
:106094007E8D03000000C16FF286230000008A5D3C
:1060A40078456301000064A7B3B6E00D0000E889F9
:0460B4000423C78A70
:1060B8000010014011000400000000000020004012
:1060C8000000000000200040000000000090D00305
:1060D80008000000050000001400000000C064442F
:1060E80008000000CEFFFFFF1700000008000000B6
:1060F80081FFFFFFE7FFFFFF0700000059000000D6
:1061080049540100403D0020010004000000000047
:106118000000000000000000000000000000000077
:106128005433002000000000FFFF140001000200AB
:106138000400000064000000E8030000701700007D
:10614800E80300000001000000000000000000005B
:1061580000000000944200201F0000001F00000003
:0C6168003C0000000400000028000000C3
:040000032000735D09
:00000001FF
