:020000022000DC
:10600000000001205D630200B9630200BB6302006F
:10601000BD630200BF630200C16302000000000014
:10602000000000000000000000000000C363020048
:10603000C563020000000000C7630200C9630200DC
:106040000D890200CB630200E995020001A0020065
:1060500055A40200CB63020009930200CB63020047
:10606000CB630200CB630200CB630200CB63020070
:10607000CB630200CB630200CB630200CB63020060
:10608000CB63020011750200CB630200CB630200F8
:10609000CB630200CB63020055CE0200CB6302004B
:1060A000CB630200CB630200CB630200CB63020030
:1060B000CB630200CB630200000000000000000080
:1060C000CB630200CB630200CB630200CB63020010
:1060D000CB630200CB630200CB6302000000000030
:1060E00000000000000000000000000000000000B0
:1060F00000000000000000000000000000000000A0
:10610000000000000000000000000000000000008F
:10611000000000000000000000000000000000007F
:10612000000000000000000000000000000000006F
:10613000000000000000000000000000000000005F
:10614000000000000000000000000000000000004F
:10615000000000000000000000000000000000003F
:10616000000000000000000000000000000000002F
:10617000000000000000000000000000000000001F
:10618000000000000000000000000000000000000F
:1061900000000000000000000000000000000000FF
:1061A00000000000000000000000000000000000EF
:1061B00000000000000000000000000000000000DF
:1061C00000000000000000000000000000000000CF
:1061D00000000000000000000000000000000000BF
:1061E00000000000000000000000000000000000AF
:1061F000000000000000000000000000000000009F
:10620000354936480A1A02D0072291438D4634494F
:1062100034480A1A06D00722914381F309880222E2
:1062200082F3148830483149314A00F044F831484B
:106230003149324A00F03FF831483249324A00F0E1
:106240003AF832483249334A00F035F83248334997
:10625000334A00F030F833483349344A00F02BF821
:1062600033483449344A00F026F83448344900228F
:1062700000F02CF833483449002200F027F8334866
:106280003349091A082902DB002202604160314AC1
:1062900090471F481F49884205D00268043003B464
:1062A000904703BCF7E700208646EC46002000211B
:1062B000294A9047FEE7884207D0521A05D0037852
:1062C00001300B700131013AF9D17047884202D098
:1062D00002700130FAE770470000012000E0002062
:1062E000000001200000012070160300D82A0020C1
:1062F000382B0020D0630200D0630200100203009C
:1063000070160300D82A0020D82A00207402030047
:106310007402030078020300740203007402030095
:106320007402030078020300780203007016030071
:10633000D0160300382B0020382B0020382B0020EB
:10634000B4380020B4380020B8380020B838002015
:10635000B8580020856302002DAD020000F036B869
:106360000F484FF00701884385460E4880470E4886
:10637000016841F470010160BFF34F8FBFF36F8F6D
:10638000FFF73EBF09480A490A4A884207D0521A15
:1063900005D0037801300B700131013AF9D1704713
:1063A00000000120C17A020088ED00E074020300C1
:1063B000D82A0020D82A0020FEE7FEE7FEE7FEE705
:1063C000FEE7FEE7FEE7FEE7FEE7FEE7FFF7C8BFF2
:1063D00000487047AC38002086B0039002910192CB
:1063E00001238DF817309DF81730214A039B136065
:1063F0001F4A029B53601E4A019B9360039B44F219
:106400000102934213D0039B44F20202934221D132
:10641000019B174AD360164BDB681B881A46144B46
:106420009A61134BDB685B68114AD36112E0019BF0
:106430000F4A13610E4B1B699B680D4A53610C4B4D
:106440001B691B680A4A9361094B1B695B68084A10
:10645000D36100BF72B600BF00BF9DF81730DBB23A
:10646000002BFAD162B600BF00BF06B0704700BF74
:10647000382B002000B583B002900091019244F2C5
:10648000010071466A4600F003F803B000BD00BF8A
:1064900000B587B003900291019272B600BF039BD2
:1064A00044F20202934217D0039B44F20202934249
:1064B00018D8039B44F20102934210D0039B44F28C
:1064C000010293420ED8039B012B0DD0039B41F296
:1064D000010293420AD005E0019B059307E0019B6E
:1064E000049304E000BF02E000BF00E000BF084BDF
:1064F0001B6803F00103002B00D000BE019A029933
:106500000398FFF769FF00BF07B05DF804FB00BF09
:10651000F0ED00E0F0B583B0124800F0DFFF034675
:1065200018464FF00001104BD3E90023861841EBC9
:106530000307CDE900670D4BD3E90023DDE9000136
:10654000994208BF904207D2DDE9002312F180741E
:1065500043F10005CDE90045DDE900231046194669
:1065600003B0F0BDD82A0020602B0020682B00204B
:1065700088B001900091019B0793009B0693079BB5
:10658000D3E90223CDE90423069BD3E90223CDE915
:106590000223DDE90423DDE90201994208BF9042AC
:1065A0002CBF01230023DBB2184608B0704700005F
:1065B00030B585B00190019B5B69002B03D12B495D
:1065C000A22004F08DFA00238DF80F30284B1B78A1
:1065D000002B45D0019B002B42D0019B1B7FDBB2DF
:1065E000002B3DD0FFF796FF019BD3E90223994290
:1065F00008BF90422CD3019B1B69002B02D1019B49
:1066000000221A77019B5B69019A926910469847AC
:10661000019B1B69002B23D0019B1B7FDBB2002B4E
:106620001ED0019BD3E90201019B1B691A464FF062
:106630000003841841EB0305019BC3E90245019B5C
:1066400019460C4801F076F901238DF80F3007E068
:10665000019B1946074801F06DF901238DF80F30B1
:106660009DF80F30184605B030BD00BF840203000E
:106670005C2B002078020300F0B589B001900091F6
:106680000D230793009B00221A70019BD3E902455A
:10669000FFF740FF02460B46A61A65EB0307CDE95C
:1066A0000467DDE90423012A73F100031BDB049B6B
:1066B000B3F5350F05D300F0B7FA0246154B134476
:1066C00003E0019BD3E90223134603934FF496039F
:1066D000039A0021104800F003FE0790079B002B4F
:1066E00005D1012313E000210B4800F0D1FE079BE8
:1066F0000D2B07D10198FFF75BFF03461A46009B5D
:106700001A7003E00549F52004F0EAF90023184661
:1067100009B0F0BDFFFFB400D82A002084020300B6
:1067200000B583B0044801F03FF90190019B184681
:1067300003B05DF804FB00BF7802030000B583B02E
:10674000044801F053F90190019B184603B05DF82D
:1067500004FB00BF7802030000B583B0FFF7E0FF41
:106760000190019B002B02D0019B00221A77019B14
:10677000002BF3D100BF00BF03B05DF804FB0000A5
:10678000054BD3E9002312F1807043F10001024B65
:10679000C3E9000100BF7047602B002000B583B043
:1067A0000190134B1B68002B1DD0019800F096FE42
:1067B0000F4B1B68D3E90223134623F07F4319468E
:1067C00000F026FA0346B3F5960F04D309494FF4B7
:1067D000957004F085F9064B1B681846FFF7E8FE34
:1067E000034B00221A6000BF03B05DF804FB00BF3A
:1067F000582B00208402030000B583B00190FFF7FE
:1068000089FE02460B460349C1E9002300BF03B0DD
:106810005DF804FB682B002000B587B00190FFF7FE
:106820008DFF049000238DF81730049B002B48D077
:106830002B4B1B68002B03D101238DF8173019E077
:10684000049BD3E90201264B1B68D3E9022399423A
:1068500008BF90420ED201238DF81730204B1B68E1
:106860001B7FDBB2002B05D01D4B1B6819461D4852
:1068700001F060F89DF81730002B2AD0FFF750FF89
:1068800004900DF10F0319460498FFF7F5FE034637
:10689000002B12D0124B1B68002B02D1019800F084
:1068A0002BFC0F4A049B13609DF80F3083F001030B
:1068B000DBB2002BB3D000BF0EE0094B00221A6000
:1068C000ADE7074B1B68002B05D1019800F02AFCAF
:1068D00001E000BF00E000BF00BF07B05DF804FBAF
:1068E000582B00207802030000B587B001902C4A95
:1068F00003AB1946104600F0EEFE059048E0059BFC
:106900001B78022B2ED0022B32DC002B02D0012B65
:1069100014D02DE0059B5B681B7FDBB283F0010385
:10692000DBB2002B26D0059B5B6801221A77059B02
:106930005B6819461B4800F0FDFF1BE0059B5A6889
:10694000194B1B689A4203D1174B00221A6012E0C0
:10695000059B5B681946134801F05CF803468DF807
:10696000133008E0FFF7F8FE104B01221A7002E026
:1069700000BF00E000BF0A4A03AB1946104600F012
:10698000C3FE074A03AB1946104600F0A4FE05906B
:10699000059B002BB3D100BF00BF07B05DF804FB1F
:1069A000C82B002078020300582B00205C2B00200D
:1069B00000B583B00190019800F05DFD0346002B07
:1069C00001D0FFF7DDFE0021019800F072FD0346C3
:1069D000002B02D00198FFF7E1FE0121019800F0A1
:1069E00068FD0346002B02D00198FFF705FF0198D0
:1069F000FFF77AFF0198FFF70FFF00BF03B05DF8C4
:106A000004FB000008B5024800F075FD00BF08BD9A
:106A1000D82A002000B585B0034600918DF80730D4
:106A2000114A02AB1946104600F028FE0390039B62
:106A3000002B13D0039B9DF807201A70039B009A2C
:106A40005A60094A02AB1946104600F030FE034670
:106A5000002B01D0FFF7D6FF002300E004231846E7
:106A600005B05DF804FB00BFC82B002000B583B063
:106A7000164B1B680093164808235822154900F04E
:106A8000CAFD0190019B002B01D0019B19E06B46D0
:106A9000114A1946114800F0CFFA0190019B002BD2
:106AA00001D0019B0DE001210C4800F0D3FC012333
:106AB0000B4A0121094800F04BFB0A4B01221A70D6
:106AC000019B184603B05DF804FB00BFF002030011
:106AD000C82B0020702B0020B1690200D82A0020AA
:106AE000FFFF7F005C2B002000B587B003900B46B2
:106AF00001928DF80B30039B002B04D1134940F217
:106B00002E2003F0EDFF019B002B04D10F4940F232
:106B10002F2003F0E5FF019B002B01D1072310E09C
:106B2000039B1B680593059B019A5A619DF80B30E6
:106B3000012B0CBF01230023DBB21A46059B1A610F
:106B40000023184607B05DF804FB00BF8402030071
:106B500030B587B0039002910192039B002B04D1C2
:106B6000154940F23E2003F0BBFF039B0593059BB4
:106B70001B7FDBB2002B01D000231AE0059B019A9A
:106B80009A61FFF7C7FC029B1A464FF00003841876
:106B900041EB0305059BC3E90245059B1B69002BDF
:106BA00002D0059B029A1A6105990020FFF732FF77
:106BB0000346184607B030BD8402030000B585B017
:106BC0000190019B002B04D109494FF4157003F08B
:106BD00087FF019B0393039B00221A7703990120EF
:106BE000FFF718FF0346184605B05DF804FB00BF29
:106BF0008402030008B5054B00221A700021022010
:106C0000FFF708FF0346184608BD00BF5C2B0020B5
:106C100082B001900091019A009BD31A23F07F4328
:106C2000184602B07047000008B5034800F056FC53
:106C30000346184608BD00BFD82A002082B0EFF3F3
:106C400010830093009B019372B600BF019B18460E
:106C500002B0704762B600BF00BF704700B585B094
:106C60000190FFF7EBFF0390164B9B68002B1BD1A5
:106C7000144B01229A60144BD3F88020134B13401D
:106C8000104A1360104B114AC3F880200E4BD3F802
:106C900084300C4A53600C4B4FF0FF32C3F8842011
:106CA000019B00221A7002E0019B01221A70039BD3
:106CB000002B01D1FFF7CEFF0023184605B05DF889
:106CC00004FB00BFDC2B002000E100E0FC06FFBD60
:106CD00000B585B003468DF80730104B9B68002B3C
:106CE00016D09DF80730002B12D1FFF7A7FF0390B5
:106CF0000B4A0A4B1B681360094A084B5B685360D8
:106D0000064B00229A60039B002B01D1FFF7A2FFE4
:106D10000023184605B05DF804FB00BFDC2B002003
:106D200000E100E000B583B0019000F02BF80346CD
:106D3000012B03D00549432003F0D2FE0198FFF751
:106D40008DFF00BF03B05DF804FB00BFF402030039
:106D500000B583B003468DF8073000F013F8034602
:106D6000012B03D00649512003F0BAFE9DF80730ED
:106D70001846FFF7ADFF00BF03B05DF804FB00BF8E
:106D8000F402030084B0EFF305830193019BC3F386
:106D900008030393039B002B0DD1EFF3148300939F
:106DA000009B0293029B03F00103002B0CBF012305
:106DB0000023DBB200E00123184604B07047000056
:106DC00082B003468DF807309DF8073003F01F02AC
:106DD00005499DF907305B09012000FA02F241F8EC
:106DE000232000BF02B0704700E100E082B00346FC
:106DF0008DF807309DF8073003F01F0206499DF912
:106E000007305B09012000FA02F2403341F82320E9
:106E100000BF02B0704700BF00E100E082B003464F
:106E200000918DF807309DF90730002B0CDA009B9C
:106E3000DAB20C499DF8073003F00F03043B52010E
:106E4000D2B20B441A7609E0009BDAB206499DF9EA
:106E500007305201D2B20B4483F8002300BF02B0C6
:106E6000704700BF00ED00E000E100E000B583B036
:106E700003460A468DF8073013468DF806309DF814
:106E80000630012B03D99DF80630032B0BD99DF852
:106E90000630042B03D99DF80630072B03D9084987
:106EA0006B2003F01DFE9DF806209DF9073011466A
:106EB0001846FFF7B3FF00BF03B05DF804FB00BF47
:106EC0006803030000B583B003468DF807309DF9D1
:106ED00007301846FFF774FF00BF03B05DF804FBEE
:106EE00000B585B00190019B002B0AD0074B43F001
:106EF00001030393019B9B010293039B0298984714
:106F000000E000BF05B05DF804FB00BF40040300D3
:106F100084B0039002910192039B029A02F5A87239
:106F2000019943F8221000BF04B0704782B001906D
:106F30000091019B009A02F5A87253F8223018467E
:106F400002B0704782B001900091019B009AC3F893
:106F5000042300BF02B0704782B001900091019BF2
:106F6000009AC3F8082300BF02B0704782B00190B6
:106F70000B46ADF80230BDF80230019A13441B688D
:106F8000184602B0704784B001900B46ADF802304D
:106F9000BDF80230019A134400221A60BDF8023095
:106FA000019A13441B680393039B00BF04B070470E
:106FB00082B00190019BD3F80435184602B07047A7
:106FC00000B583B001900091009BB3F5805F04D3BE
:106FD00006494FF4BE7003F083FD019B009AC3F88D
:106FE000082500BF03B05DF804FB00BFA003030049
:106FF00082B001900B468DF803309DF80320019B71
:1070000013441A460123136000BF02B0704782B0D8
:1070100001900091019B009AC3F8442300BF02B085
:10702000704782B001900091019B009AC3F84823F9
:1070300000BF02B07047000000B587B00390029116
:107040000192039B002B03D12849552003F048FDF2
:10705000029B002B03D12549562003F041FD019BE3
:10706000002B03D12149572003F03AFD039B5B79A4
:1070700019461F4A019B42F82130039B5B791D4A48
:10708000DB0013441B79002B03D008230593059BD9
:1070900027E0039B1A68029B1B8819461046FFF7DE
:1070A0008FFF039B93F90420029B9B78194610469F
:1070B000FFF7DCFE039B93F904301846FFF702FF4D
:1070C000039B5B790B4ADB00134401221A71039B7B
:1070D0005B791946074A039B42F831300023059338
:1070E000059B184607B05DF804FB00BFD4030300FE
:1070F000E82B0020EC2B002000B583B00190019B11
:10710000002B03D10649872003F0EAFC019B1B6892
:1071100000211846FFF76CFF00BF03B05DF804FBC9
:10712000D403030000B583B00190019B002B03D171
:1071300006498D2003F0D4FC019B1B6804211846EE
:10714000FFF756FF00BF03B05DF804FBD403030054
:1071500000B587B00390029101928DF80330039B34
:10716000002B03D12149962003F0BAFC4FF4803262
:10717000029B02FA03F30593029B50339BB29B00E0
:10718000ADF81230019B23F07F430193039B1B68F2
:1071900005991846FFF7E0FE039B1B680599184602
:1071A000FFF73FFF039B1B68BDF8122011461846EE
:1071B000FFF7E9FE039B1B68019A02991846FFF747
:1071C000A7FE039B1B6805991846FFF720FF9DF853
:1071D0000330002B05D0039B1B6805991846FFF769
:1071E000B1FE00BF07B05DF804FB00BFD40303008D
:1071F00000B585B00390029113468DF80730039BCC
:10720000002B03D10B49A92003F06AFC039B1B68E8
:1072100002991846FFF7FBFE9DF80730002B05D0BA
:10722000039B1B6802991846FFF78CFE00BF05B050
:107230005DF804FBD403030000B583B00190009116
:10724000019B002B03D10A49B32003F049FC019BA9
:107250001B6800991846FFF7E4FE019B1B68009924
:107260001846FFF779FE00BF03B05DF804FB00BFCE
:10727000D403030000B583B001900B46ADF8023093
:10728000019B002B03D10F49BA2003F029FC019B7D
:107290001B68BDF8022011461846FFF767FE03463B
:1072A000002B09D0019B1B68BDF80220114618462F
:1072B000FFF769FE012300E00023184603B05DF8E4
:1072C00004FB00BFD403030082B001900091019A37
:1072D000009BD31A23F07F43184602B0704700008A
:1072E00000B58BB00390029101920093039B002B99
:1072F00003D15749CD2003F0F3FB4FF48032029BBA
:1073000002FA03F30993029B50339BB29B00ADF842
:107310002230019B23F07F43019309990398FFF7E3
:107320008BFF039B1B681846FFF742FE0790039BE9
:107330001B6802991846FFF7F9FD0690039B1B682E
:10734000079A02991846FFF7E3FD039B1B68BDF8F7
:10735000222011461846FFF716FE07990698FFF7F8
:10736000B3FF0346012B0AD11020FFF7B9FD039BA1
:107370001B68BDF8222011461846FFF704FE039B48
:107380001B681846FFF714FE079007990198FFF74E
:107390009BFF0590039B1B6809991846FFF737FE72
:1073A000059B012B15D1039B1868019B01331A46DD
:1073B0000299FFF7ADFD1020FFF792FD039B1B68BC
:1073C0001846FFF7F5FD0246079B934235D00D2383
:1073D00039E0039B1B68019A02991846FFF798FD54
:1073E000039B1B681846FFF7E3FD0790019B013BD9
:1073F00007991846FFF768FF0590009BC3F1FF133C
:1074000003F57F43059A9A4201D90D231BE0059BA2
:10741000002B12D1039B1868019B01331A46029975
:10742000FFF776FD039B1B681846FFF7C1FD024678
:10743000079B934201D00D2305E00122099903988F
:10744000FFF7D6FE002318460BB05DF804FB00BF23
:10745000D403030000B583B001900B468DF80330D0
:107460009DF803301A4602210198FFF7C1FE00BFC4
:1074700003B05DF804FB00B583B001904FF4827156
:107480000198FFF7F7FE0346184603B05DF804FBCA
:1074900000B583B0019000914FF48032009B02FA56
:1074A00003F319460198FFF7C7FE00BF03B05DF86C
:1074B00004FB00B585B001900091009B50339BB256
:1074C0009B00ADF80E30BDF80E3019460198FFF75D
:1074D000D1FE0346184605B05DF804FB00B583B045
:1074E0000190019B1B681846FFF762FD0346184692
:1074F00003B05DF804FB00B583B00190019B93F9E4
:1075000004301846FFF772FC00BF03B05DF804FBBF
:1075100008B5044B1B68044A12681046984700BF20
:1075200008BD00BFE82B0020EC2B002086B00190A6
:107530000091019B53E8011F8AB2D88902449889BF
:10754000824228BF121A1889824202BFBFF32F8FCE
:10755000002307E0C2EA010243E801200028E9D144
:107560004FF001038DF80F30059002910492029ABA
:10757000009B1A609DF80F30DBB2184606B07047CA
:1075800084B00190019951E8013FC3EA034341E807
:107590000132002AF7D10392029300BF04B0704772
:1075A00086B001900091019B53E8021F1FFAA1F2DF
:1075B000D888824202BFBFF32F8F00230DE0D88905
:1075C00002449889824228BF121AC1EA024243E863
:1075D00002200028E8D14FF001038DF80F3005900C
:1075E00002910492029A009B1A609DF80F30DBB260
:1075F000184606B0704784B00190019951E8023FE7
:10760000C3EA234341E80232002AF7D103920293EE
:1076100000BF04B0704784B00390029111461A462F
:107620000B46ADF806301346ADF80430029B002B34
:1076300001D10E231FE0BDF80630BDF80420B3FBD6
:10764000F2F102FB01F29B1A9BB2002B01D009233D
:1076500011E0039B029A1A60039B00225A60039B6D
:1076600000229A60039BBDF806209A81039BBDF817
:107670000420DA810023184604B0704700B585B0B5
:1076800001900091009B19460198FFF74FFF0346B8
:10769000002B07D0019B1B68009A128813440393A8
:1076A000039B00E00023184605B05DF804FB00B51D
:1076B00083B001900091009B1A88009B5B889A42DE
:1076C00004D10198FFF75CFF012300E00023184676
:1076D00003B05DF804FB00B585B001900091009BFC
:1076E00019460198FFF75CFF0346002B07D0019B6A
:1076F0001B68009A528813440393039B00E0002305
:10770000184605B05DF804FB00B583B00190009108
:10771000009B1A88009B5B889A4204D10198FFF76E
:107720006AFF012300E00023184603B05DF804FB64
:1077300000B585B001900091009B5B099B00019A08
:107740001A44009B03F01F03012101FA03F31946B9
:10775000104600F036F8039000BF05B05DF804FB5A
:1077600000B585B001900091009B5B099B00019AD8
:107770001A44009B03F01F03012101FA03F3DB43CA
:107780001946104600F035F8039000BF05B05DF8CB
:1077900004FB82B001900091009B5B099B00019A61
:1077A00013441A68009B03F01F0322FA03F303F04B
:1077B0000103002B14BF01230023DBB2184602B0E3
:1077C000704710B487B001900091019B009A53E874
:1077D000004F44EA020043E8000191F0000FF6D1A7
:1077E000059404900391049B184607B05DF8044B80
:1077F000704710B487B001900091019B009A53E844
:10780000004F04EA020043E8000191F0000FF6D1B6
:10781000059404900391049B184607B05DF8044B4F
:107820007047000000B583B00190019B002B03D18D
:107830000649722003F054F9019B00221A60BFF33D
:107840005F8F00BF00BF03B05DF804FBA40403001A
:1078500008B5064B00221A700548FFF7E3FF0549FB
:10786000054800F00BF80023184608BDF82B00204F
:10787000F42B002058050300FC2B002000B583B03A
:1078800001900091019B002B03D11049502003F07F
:1078900027F9009B002B03D10C49512003F020F95C
:1078A000019B009A1A60019B1B681A68019B5A6031
:1078B000019B5A68019B1B685B689A4202D1019B3D
:1078C00000225A6000BF03B05DF804FB64050300AA
:1078D00000B583B00190019B002B03D114496320B4
:1078E00003F0FEF8019B1B68002B03D110496420B4
:1078F00003F0F6F8019B5B68002B14D0019B5B68DA
:107900001A46019B1B689B6813441A46019B5A60E8
:10791000019B5A68019B1B685B689A4204D1019BDA
:1079200000225A6000E000BF03B05DF804FB00BF16
:107930006405030000B585B001900091019B002B08
:1079400003D118493A2003F0CBF8009B002B03D158
:1079500014493B2003F0C4F8019B5B6803930FE0DC
:10796000019B9B68039A126800991046984703464A
:1079700083F00103DBB2002B07D1039B1B68039349
:10798000039B1B68002BEBD100E000BF039B1A6830
:10799000009B1A60039B009A1A6000BF05B05DF857
:1079A00004FB00BFEC05030000B585B00190019B0E
:1079B000002B03D10C49512003F092F8019B5B6826
:1079C0001B680393019B5B681B68002B06D0019B1F
:1079D0005B681A68019B5B6812681A60039B184613
:1079E00005B05DF804FB00BFEC05030000B583B0F3
:1079F0000190019B002B03D105495D2003F070F835
:107A0000019B5B681B68184603B05DF804FB00BF70
:107A1000EC05030000B585B001900091019B002B9F
:107A200003D11649692003F05BF8009B002B03D1BA
:107A300012496A2003F054F800238DF80F30019B9F
:107A40005B6802930FE0029B1B68009A9A4207D181
:107A5000009B1A68029B1A6001238DF80F3006E024
:107A6000029B1B680293029B1B68002BEBD19DF8C5
:107A70000F30184605B05DF804FB00BFEC050300AD
:107A8000BFF34F8F00BF074BDB6803F4E06205498B
:107A9000054B1343CB60BFF34F8F00BF00BF00BF48
:107AA000FCE700BF00ED00E00400FA05024B034ACA
:107AB0001A6000BF704700BFE02A00200090D0038A
:107AC00008B500F097F90346002B06D0B74B1B68AA
:107AD0001B0AB74A03F01F03136000F0B7F903460F
:107AE000002B02D0B34BB44A1A6000F0CBF9034626
:107AF000002B06D0B14B1B685B0BB14A03F00703A8
:107B0000136000F0EBF90346002B05D0AD4BDB68AA
:107B1000AC4A23F08073D36000F0FCF90346002BDD
:107B20000ED04FF080430022C3F80C214FF0804369
:107B30000022C3F810214FF080430022C3F83825FB
:107B400000F014FA0346002B02D09F4B03221A6068
:107B500000F028FA0346002B0BD09C4B05221A603C
:107B60009B4B01221A609B4B00221A609A4B3F22CA
:107B70001A6000F033FA0346002B76D04FF08053A2
:107B8000964AD3F80434C2F820354FF08053934A14
:107B9000D3F80834C2F824354FF080538F4AD3F815
:107BA0000C34C2F828354FF080538C4AD3F8103487
:107BB000C2F82C354FF08053884AD3F81434C2F8F9
:107BC00030354FF08053854AD3F81834C2F8343535
:107BD0004FF08053814AD3F81C34C2F840354FF03F
:107BE00080537E4AD3F82034C2F844354FF0805396
:107BF0007A4AD3F82434C2F848354FF08053774A94
:107C0000D3F82834C2F84C354FF08053734AD3F878
:107C10002C34C2F850354FF08053704AD3F83034CA
:107C2000C2F854354FF080536C4AD3F83434C2F85C
:107C300060354FF08053694AD3F83834C2F8643560
:107C40004FF08053654AD3F83C34C2F868354FF0A2
:107C50008053624AD3F84034C2F86C354FF08053F9
:107C60005E4AD3F84434C2F8703500F0D3F90346C5
:107C7000002B05D05A4B1B685A4A03F04F03136080
:107C800000F0F4F90346002B0DD04FF08043D3F8F9
:107C9000003403F00103002B05D04FF080436FF058
:107CA0000102C3F8002400F00DFA0346002B05D0B2
:107CB0004D4B1B684C4A43F4806313604B4BD3F825
:107CC00088304A4A43F47003C2F88830BFF34F8FBC
:107CD00000BFBFF36F8F00BF4FF01023D3F80C32FB
:107CE00003F00103012B25D1414B0122C3F80425E8
:107CF00000BF3F4BD3F80034002BFAD04FF01023D5
:107D0000D3F80C324FF0102223F00103C2F80C32EA
:107D100000BF374BD3F80034002BFAD0344B00228D
:107D2000C3F8042500BF324BD3F80034002BFAD03F
:107D3000FFF7A6FE4FF01023D3F80032002B05DB2F
:107D40004FF01023D3F80432002B2BDA284B0122FA
:107D5000C3F8042500BF264BD3F80034002BFAD01B
:107D60004FF010231522C3F8002200BF204BD3F898
:107D70000034002BFAD04FF010231522C3F8042250
:107D800000BF1B4BD3F80034002BFAD0184B002255
:107D9000C3F8042500BF164BD3F80034002BFAD0EB
:107DA000FFF76EFEFFF782FE00BF08BD2403001040
:107DB0004035014074C007400DF0ADBA44020010D8
:107DC0003C050040F0ED00E0A005004010560040EA
:107DD00088560040185600401456004000C000402D
:107DE00058020010E40E00403C17004000ED00E097
:107DF00000E00140124B1B68DBB2062B1DD1114B7A
:107E00001B6803F00F03002B17D10F4B1B6803F007
:107E1000F003302B01D1012310E00B4B1B6803F062
:107E2000F003402B01D1012308E0074B1B6803F04E
:107E3000F003502B01D1012300E0002318467047C6
:107E4000E00F00F0E40F00F0E80F00F00A4B1B68B1
:107E5000DBB2062B0DD1094B1B6803F00F03002B7F
:107E600007D1074B1B6803F0F003302B01D101232E
:107E700000E0002318467047E00F00F0E40F00F028
:107E8000E80F00F0124B1B68DBB2062B1DD1114B23
:107E90001B6803F00F03002B17D10F4B1B6803F077
:107EA000F003302B01D1012310E00B4B1B6803F0D2
:107EB000F003402B01D1012308E0074B1B6803F0BE
:107EC000F003502B01D1012300E000231846704736
:107ED000E00F00F0E40F00F0E80F00F00A4B1B6821
:107EE000DBB2062B0DD1094B1B6803F00F03002BEF
:107EF00007D1074B1B6803F0F003302B01D101239E
:107F000000E0002318467047E00F00F0E40F00F097
:107F1000E80F00F0124B1B68DBB2062B1DD1114B92
:107F20001B6803F00F03002B17D10F4B1B6803F0E6
:107F3000F003302B01D1012310E00B4B1B6803F041
:107F4000F003402B01D1012308E0074B1B6803F02D
:107F5000F003502B01D1012300E0002318467047A5
:107F6000E00F00F0E40F00F0E80F00F00A4B1B6890
:107F7000DBB2062B0DD1094B1B6803F00F03002B5E
:107F800007D1074B1B6803F0F003302B01D101230D
:107F900000E0002318467047E00F00F0E40F00F007
:107FA000E80F00F00A4B1B68DBB2062B0DD1094B22
:107FB0001B6803F00F03002B07D1074B1B6803F06E
:107FC000F003302B01D1012300E000231846704755
:107FD000E00F00F0E40F00F0E80F00F00A4B1B6820
:107FE000DBB2062B0DD1094B1B6803F00F03002BEE
:107FF00007D1074B1B6803F0F003502B01D101237D
:1080000000E0002318467047E00F00F0E40F00F096
:10801000E80F00F0124B1B68DBB2062B1DD1114B91
:108020001B6803F00F03002B17D10F4B1B6803F0E5
:10803000F003302B01D1012310E00B4B1B6803F040
:10804000F003402B01D1012308E0074B1B6803F02C
:10805000F003502B01D1012300E0002318467047A4
:10806000E00F00F0E40F00F0E80F00F0124B1B6887
:10807000DBB2062B1DD1114B1B6803F00F03002B45
:1080800017D10F4B1B6803F0F003302B01D10123F4
:1080900010E00B4B1B6803F0F003402B01D10123D0
:1080A00008E0074B1B6803F0F003502B01D10123BC
:1080B00000E0002318467047E00F00F0E40F00F0E6
:1080C000E80F00F0064B1B68062B05D1054B1B681B
:1080D000062B01D1012300E000231846704700BFA2
:1080E000300100103401001082B003468DF80730D3
:1080F0009DF8073003F01F0206499DF907305B0920
:10810000012000FA02F2203341F8232000BF02B020
:10811000704700BF00E100E008B504F06DFE0346C3
:1081200083F00103DBB2002B03D10549792002F073
:10813000D7FC00F0D1FB034B00229A7000BF08BDB2
:1081400060060300042C002000B583B000230193D7
:10815000144B1B78002B02D0852301931CE0114B9C
:1081600000229A600F4B00225A600E4B00221A61C7
:108170000C4B0022DA600C4800F058FB019004F030
:108180003BFE034683F00103DBB2002B01D000F07D
:1081900073FB044B01221A70019B184603B05DF873
:1081A00004FB00BF042C00207183020084B0019006
:1081B0000091019B1B68039306E0039A009B9A427F
:1081C0000DD0039B1B680393039B002BF5D1019BF0
:1081D0001A68009B1A60019B009A1A6000E000BFB9
:1081E00004B0704784B00190019B1B680393039B0C
:1081F000002B03D0039B1A68019B1A60039B18464F
:1082000004B0704700B585B00190294B1B78002B56
:1082100003D12849E92002F063FC254B9B78DBB2AF
:10822000002B19D0019B002B03D0019B5B68012020
:10823000984700238DF80F300DF10F031846FEF715
:1082400071FD1B4BDB680133194AD3609DF80F3079
:108250001846FEF77DFD1EE000238DF80E300DF16F
:108260000E031846FEF75EFD019B002B03D001991B
:108270001148FFF79BFF0E4BDB68002B01D100F08C
:108280000FFB0B4BDB680133094AD3609DF80E30BE
:108290001846FEF75DFD064BDB68002B04D105494F
:1082A00040F2051002F01CFC00BF05B05DF804FBB5
:1082B000042C002060060300142C002000B583B0BD
:1082C000164B1B78002B04D115494FF4857002F032
:1082D00007FC124BDB68002B04D1114940F20B1054
:1082E00002F0FEFB00238DF807300DF1070318465E
:1082F000FEF718FD094BDB68013B084AD360074BCA
:10830000DB68002B01D1FFF707FF9DF80730184607
:10831000FEF71EFD00BF03B05DF804FB042C002037
:108320006006030000B585B003468DF807309DF860
:108330000730002B02D10C4B039301E00B4B03934E
:108340000398FFF74FFF0290029B002B06D0029B81
:108350005B689DF8072010469847F1E700BF00BF13
:1083600005B05DF804FB00BF0C2C0020142C00208D
:1083700000B583B003468DF807309DF80730002B19
:1083800005D10A4B01225A700020FFF7CBFF9DF860
:108390000730012B05D1054B01229A700120FFF710
:1083A000C1FF00BF03B05DF804FB00BF042C002038
:1083B00000B583B001900091019B002B05D1054BC6
:1083C00001225A700020FFF7ADFF00BF03B05DF837
:1083D00004FB00BF042C002000B585B003460091CB
:1083E0008DF807309DF80730032B29D0032B35DC9F
:1083F000002B02D0012B04D030E00020FFF774FEE8
:108400002DE000238DF80F300DF10F031846FEF715
:1084100089FC154B1B7883F00103DBB2002B01D0E4
:10842000FFF792FE104BDB6801330F4AD3600E4B0F
:1084300001229A709DF80F301846FEF789FC0EE075
:10844000094B1B78002B04D1084940F2452002F06B
:1084500047FB00F011FAFFF731FF00E000BF00BF5B
:1084600005B05DF804FB00BF042C0020600603008B
:1084700000B589B001900091009B0793019B1B7888
:108480008DF80830019B5B680393019B9B68DBB20E
:108490008DF81030019BDB680593019B1B69DBB2F3
:1084A0008DF81830074A079B52F823300649079A7F
:1084B00051F8221002AA1046984700BF09B05DF893
:1084C00004FB00BF182C0020242C002010B58AB01B
:1084D0000390029101920093039B1B780993224918
:1084E000099B019A41F823202049099B009A41F8F1
:1084F0002320002308931E4B04AC0FCB84E80F000D
:10850000029B1B788DF81030029B5B788DF8113040
:10851000029B9B788DF81230029BDB788DF813302C
:10852000029B1B798DF81530029B5B798DF8163014
:10853000029B9B680693029B1B7B8DF81C30029B61
:108540005B7B8DF81D30039B181D019B002B01D018
:10855000084A00E00022099B04A901F0D1FA089022
:10856000089B18460AB010BD182C0020242C0020AF
:10857000CC0603007184020082B003468DF80730F8
:108580009DF8073003F01F0205499DF907305B098C
:10859000012000FA02F241F8232000BF02B0704728
:1085A00000E100E082B0034600918DF807309DF9AC
:1085B0000730002B0CDA009BDAB20C499DF807302B
:1085C00003F00F03043B5201D2B20B441A7609E0C8
:1085D000009BDAB206499DF907305201D2B20B4432
:1085E00083F8002300BF02B0704700BF00ED00E039
:1085F00000E100E082B00190019B1B0B5BB21846CA
:1086000002B0704700B583B003460A468DF80730C4
:1086100013468DF806309DF80630012B03D99DF8DE
:108620000630032B0BD99DF80630042B03D99DF897
:108630000630072B03D908496B2002F051FA9DF848
:1086400006209DF9073011461846FFF7ABFF00BF23
:1086500003B05DF804FB00BFDC06030000B583B087
:1086600003468DF807309DF907301846FFF784FF61
:1086700000BF03B05DF804FB82B003468DF80730FD
:108680000F4A9DF90730002B00DA1F335B115BB2F4
:1086900052F823209DF90730594203F01F0301F0DF
:1086A0001F0158BF4B425BB222FA03F303F00103F0
:1086B000002B14BF01230023DBB2184602B0704721
:1086C00000E100E082B001904FF08042019BC2F8CF
:1086D000043300BF02B0704782B001904FF0804277
:1086E000019BC2F8083300BF02B0704782B0034656
:1086F0008DF807309DF8073003F1804301221A609E
:1087000000BF02B0704784B00346ADF80630BDF834
:10871000063003F1804300221A60BDF8063003F1F1
:1087200080431B680393039B00BF04B0704782B073
:108730000346ADF80630BDF8063003F180431B68F0
:10874000002B14BF01230023DBB2184602B0704790
:1087500082B001904FF08042019BC2F8183500BFF3
:1087600002B070474FF08043D3F818341B0C03F06D
:108770000103002B14BF01230023DBB2184670470E
:1087800000B583B006238DF807304FF08040FFF727
:1087900031FF03461846FFF76FFF034683F00103DE
:1087A000DBB2002B13D04FF08040FFF723FF0346CE
:1087B0001A469DF8073019461046FFF723FF4FF081
:1087C0008040FFF717FF03461846FFF747FF00BF3B
:1087D00003B05DF804FB000084B0124BDB68039328
:1087E000104A039B43F08073D3600F4B1B680293C6
:1087F0000D4A029B43F0010313600B4B5B6801932E
:1088000000BF094B5A68019BD31AB3F50A5FF8D32E
:10881000054A029B1360034A039BD36000BF04B068
:10882000704700BFF0ED00E0001000E000B585B03B
:108830000190019B002B03D10D49A42002F050F9B7
:10884000002303930B4B1B79002B02D0852303934A
:1088500008E0084A019B1360064B01221A71054B80
:1088600000225A71039B184605B05DF804FB00BF57
:1088700014070300302C002008B5074B1B79002B90
:1088800003D10649BD2002F02BF9FFF779FF012043
:10889000FFF75EFF00BF08BD302C00201407030067
:1088A00008B50B4B1B79002B03D10A49EA2002F0D3
:1088B00017F94FF48270FFF726FF0220FFF702FF3F
:1088C000FFF78AFF0820FFF711FF00BF08BD00BFB8
:1088D000302C00201407030008B50A4B1B79002B2D
:1088E00003D10949F72002F0FBF80C20FFF7FEFE48
:1088F00000BFFFF737FF0346002BFAD100BF00BFD0
:1089000008BD00BF302C00201407030008B54FF449
:108910008070FFF70CFF0346002B14D04FF48070DB
:10892000FFF7F1FE0120FFF7D7FE114B5B7983F0D3
:108930000103DBB2002B06D00D4B01225A710C4B08
:108940001B68002098474FF48270FFF7F0FE034643
:10895000002B0AD04FF48270FFF7D5FE0220FFF7FC
:10896000BBFE034B1B680120984700BF08BD00BF3A
:10897000302C002082B003468DF807309DF8073078
:1089800003F01F0205499DF907305B09012000FA39
:1089900002F241F8232000BF02B0704700E100E07E
:1089A00082B0034600918DF807309DF90730002B07
:1089B0000CDA009BDAB20C499DF8073003F00F0384
:1089C000043B5201D2B20B441A7609E0009BDAB2A2
:1089D00006499DF907305201D2B20B4483F80023B7
:1089E00000BF02B0704700BF00ED00E000E100E012
:1089F00000B583B003460A468DF8073013468DF85C
:108A000006309DF80630012B03D99DF80630032B64
:108A10000BD99DF80630042B03D99DF80630072B9F
:108A200003D908496B2002F05BF89DF806209DF9F8
:108A3000073011461846FFF7B3FF00BF03B05DF8DB
:108A400004FB00BF8007030000B583B003468DF828
:108A500007309DF907301846FFF78CFF00BF03B0C1
:108A60005DF804FB00B583B00346ADF80630BDF8F1
:108A70000630184600F026F803461B68012B0CBF91
:108A800001230023DBB2184603B05DF804FB00B5F8
:108A900085B00346ADF80630BDF80630184600F044
:108AA00011F803461A4600231360BDF80630184635
:108AB00000F008F803461B680393039B00BF05B052
:108AC0005DF804FB82B00346ADF80630BDF8063011
:108AD00003F1804303F5C043184602B0704700001D
:108AE00082B00190034A019BC2F8043300BF02B078
:108AF000704700BF0060004082B00190034BD3F884
:108B00000423019B1340184602B0704700600040E8
:108B100082B00190084A019B03F5A27352F82330FA
:108B2000054943F00102019B03F5A27341F823209C
:108B300000BF02B0704700BF0060004084B00390E7
:108B4000029113468DF80730144A039B03F5A27374
:108B500052F82330114923F4473323F44073039A26
:108B600002F5A27241F822300C4A039B03F5A2736E
:108B700052F82320029B1B0203F4F8519DF80730A2
:108B80001B0403F440330B4304491A43039B03F5CE
:108B9000A27341F8232000BF04B07047006000407A
:108BA00082B00190054A019B03F5A27352F823306D
:108BB0001B0A03F01F03184602B070470060004014
:108BC00082B00190064A019B03F5A27352F823304C
:108BD0001B0C03F00303DBB2184602B0704700BF62
:108BE0000060004000B583B00190019B1B681F2B03
:108BF00004D9054940F2CD1001F072FF4FF0A043B7
:108C0000184603B05DF804FBB807030000B585B053
:108C10000190084611461A4603468DF803300B466C
:108C20008DF8023013468DF8013001AB1846FFF77E
:108C3000D9FF03909DF803209DF802305B001A4392
:108C40009DF801309B001A439DF818301B0242EA40
:108C500003019DF81C301B04019A1943039B02F584
:108C6000E07243F8221000BF05B05DF804FB00B5C8
:108C700085B003900B468DF80B309DF80B30002229
:108C8000019200220092002200210398FFF7BEFF0C
:108C900000BF05B05DF804FB00B585B0019001ABE5
:108CA0001846FFF79FFF0390019A039B02F5E072BD
:108CB00053F8223023F002030293019A039B02F53A
:108CC000E072029943F8221000BF05B05DF804FB82
:108CD00000B585B001900B468DF8033001AB184606
:108CE000FFF780FF0390019A039B02F5E07253F8AF
:108CF0002230019A23F44031039B02F5E07243F8DD
:108D00002210019A039B02F5E07253F822309DF87D
:108D1000032012041146019A1943039B02F5E072E5
:108D200043F8221000BF05B05DF804FB00B585B024
:108D3000019001AB1846FFF755FF0390039800F030
:108D400020F80246019B22FA03F303F001031846C0
:108D500005B05DF804FB00B585B0019001AB184685
:108D6000FFF740FF0390019A039B02F5E07253F86E
:108D700022301B0C03F00303DBB2184605B05DF88C
:108D800004FB82B00190019BD3F81035184602B065
:108D90007047000000B587B00390029101924FF038
:108DA000A0430493039A029B1344012B04D9124954
:108DB00040F2FD2001F094FE039B059311E0059B1A
:108DC0009B0006AA134453F8083C1846FFF7D9FF46
:108DD0000246019B1A60019B04330193059B0133FA
:108DE0000593039A029B1344059A9A42E7D300BF66
:108DF00000BF07B05DF804FBB807030084B0019022
:108E00000091009B0393019BDB080293019B03F0FD
:108E1000070301930122019B02FA03F30399029ACB
:108E20000A4412781340184604B0704784B0019089
:108E30000091009B0393019BDB080293019B03F0CD
:108E400007030193039A029B13441B785AB2012132
:108E5000019B01FA03F35BB2134359B2039A029BDD
:108E60001344CAB21A7000BF04B0704782B00190B8
:108E70000C4A019B1344303393F90030002B09DB7B
:108E8000084A019B1344303393F90030072B01DC6F
:108E9000012300E0002303F00103DBB2184602B017
:108EA000704700BF382C002082B00190064A019B19
:108EB0001344303393F90030072BCCBF0123002338
:108EC000DBB2184602B07047382C002082B0019007
:108ED000064A019B1344303393F90030DB43DBB285
:108EE000DB09DBB2184602B0704700BF382C002007
:108EF00084B00390029101928DF80330029B59B225
:108F00000E4A039B134430330A461A700B49029BE6
:108F1000019A41F823209DF8033083F00103DBB26E
:108F2000002B08D0029B083B039A51B2034A13441A
:108F30000A4683F8502000BF04B07047382C002048
:108F400082B00190044A019B13443033FF221A700F
:108F500000BF02B0704700BF382C002000B583B0BE
:108F6000019004490198FFF761FF00BF03B05DF86D
:108F700004FB00BF8C2C002082B00190044A019BAE
:108F80001344303393F90030184602B0704700BFE5
:108F9000382C002082B00190034A019B52F8233004
:108FA000184602B0704700BF382C002000B589B0C9
:108FB0000390029113468DF80730FF238DF81F3080
:108FC0009DF80730002B01D0002300E00823059313
:108FD0009DF80730002B01D0082300E00C230493F8
:108FE000059B069314E00F4A069B52F82330B3F119
:108FF000FF3F0AD19DF80730029A06990398FFF7C0
:1090000077FF069B8DF81F3006E0069B0133069321
:10901000069A049B9A42E6D39DF91F30184609B080
:109020005DF804FB382C002082B003468DF8073031
:109030009DF80730094A4FF0FF3142F823109DF8A0
:109040000730072B07D99DF80730083B034A134424
:10905000FF2283F8502000BF02B07047382C002058
:1090600000B583B0254B93F85830002B03D008236C
:109070000093009B3EE000238DF8073009E09DF847
:1090800007301846FFF75CFF9DF8073001338DF875
:1090900007309DF807301F2BF1D900238DF80730DA
:1090A00009E09DF807301846FFF7BEFF9DF807302E
:1090B00001338DF807309DF807300B2BF1D90422CE
:1090C00000210F4806F024F906210620FFF790FC46
:1090D0000620FFF7B9FC4FF4BE70FFF7D8FC4FF045
:1090E0000040FFF7FDFC054B012283F858200023C8
:1090F0000093009B184603B05DF804FB382C002059
:109100008C2C002000B587B0039002910192039B44
:109110001F2B04D9364940F2072001F0E1FC00235F
:1091200005930398FFF7D2FE0346002B02D00823D5
:10913000059357E0029B9B78C3F34003DBB21A46CA
:1091400001990398FFF732FF03468DF813309DF91C
:109150001330B3F1FF3F43D0029B9B78C3F38003EE
:10916000DBB283F00103DBB2002B13D0029B9B78B0
:1091700003F00103DBB2002B03D00398FFF78CFD53
:1091800005E0029B5B7819460398FFF770FD039892
:10919000FFF7E4FE029B9B7803F00203DBB2002B97
:1091A00008D09DF91300029B1B781A460399FFF71C
:1091B000C5FC17E09DF91330083B0E4A134493F9A0
:1091C0005010029B1B789B015AB29DF91330083B4B
:1091D0000A4351B2074A13440A4683F8502001E07B
:1091E00004230593059B184607B05DF804FB00BFF8
:1091F000F0070300382C002000B589B001900B4621
:109200008DF80330019B1F2B04D93D4940F23720D4
:1092100001F066FC0198FFF759FE0346002B04D1CC
:1092200037494FF40E7001F05BFC0198FFF73CFEEC
:109230000346002B2FD00198FFF79EFE0346083B04
:10924000304A134493F950308DF80F309DF80F30A9
:109250009B098DF80E309DF80E30032B0BD1019831
:10926000FFF764FD0346002B01D0032300E0022337
:109270008DF81F3008E09DF80E30012B01D102233C
:1092800000E003238DF81F309DF81F301946019828
:10929000FFF71EFD30E00198FFF7E8FD0346002BC5
:1092A0002AD00198FFF768FE03460693069B9BB2FF
:1092B00040339BB29B00ADF81630069B1846FFF773
:1092C00027FCBDF816301846FFF7E1FB9DF8033088
:1092D000002B11D00198FFF74FFE03461846FFF709
:1092E00059FE0490049B002B06D00122069B02FA33
:1092F00003F31846FFF7F4FB00BF09B05DF804FB69
:10930000F0070300382C002000B595B0002313931C
:10931000002303934FF48073ADF84630012310937C
:109320000023129321E0BDF846301846FFF79AFB60
:109330000346002B0ED01098FFF7DEFB0346002BF0
:1093400008D0BDF846301846FFF7A1FB139A109BD2
:1093500013431393109B5B001093BDF84630043306
:10936000ADF84630129B01331293129B072BDAD9CA
:109370004FF4BE70FFF776FB0346002B0DD04FF481
:10938000BE70FFF784FB139B43F00043139303ABC2
:109390001A4601210020FFF7FDFC139BDBB2002BD6
:1093A00029D0012310930023129321E0109A139BDC
:1093B0001340002B16D01298FFF7F2FB0D90129875
:1093C000FFF7FEFB03468DF833301298FFF7E2FDFE
:1093D0000B900B9B002B05D09DF833200B9B114667
:1093E0000D989847109B5B001093129B01331293CA
:1093F000129B072BDAD9139B002B80F2EE800023FF
:109400008DF83B300023029300230F930AE00F9B5B
:109410009B0014AA13444FF0FF3243F84C2C0F9BCF
:1094200001330F930F9B002BF1D000238DF83B30BD
:109430000023129378E06B4A129B1344503393F944
:1094400000308DF82B309DF82B3023F0C0030993AA
:10945000644A129B1344503393F90030B3F1FF3F39
:109460005FD001AB19460998FFF7C8FC0346002BF3
:1094700057D09DF82B309B098DF823300998FFF7C2
:109480007BFD03461846FFF785FD0790079B002BE1
:1094900003D19DF82330032B43D19DF82330032BB8
:1094A00004D102AB19460998FFF7C0FC0998FFF7F1
:1094B00052FC03468DF81B3003AB19460998FFF7A1
:1094C0009DFC0590059B002B03D09DF81B30022BC3
:1094D00006D0059B002B24D19DF81B30032B20D1F7
:1094E0009DF82330032B13D19DF81B30022B01D1A3
:1094F000032300E002238DF813309DF81330194642
:109500000998FFF7E5FB9DF83B3001338DF83B30C0
:10951000079B002B05D09DF82320079B1146099837
:109520009847129B01331293129B032B83D99DF80A
:109530003B30002B4CD001238DF83A306B461A4655
:1095400001210020FFF726FC00230F9314E00F9B5E
:109550009B0014AA134453F8502C0F9B9B0014A992
:109560000B4453F8443C9A4203D000238DF83A3020
:1095700005E00F9B01330F930F9B002BE7D09DF865
:109580003A30002B03D000238DF83B3020E000233D
:109590000F931AE00F9B9B0014AA134453F8502C0E
:1095A0000F9B9B0014A90B4443F8442C0F9B9B007A
:1095B00014AA134453F8482C0F9B9B0014A90B4486
:1095C00043F84C2C0F9B01330F930F9B002BE1D0E2
:1095D0009DF83B30002B7FF428AF00BF15B05DF83D
:1095E00004FB00BF382C002008B5064B1B68002B7D
:1095F00003D10549512001F073FA024B1B689847CB
:1096000000BF08BD942C00205C08030082B00190CC
:10961000019B044A934201D1034B00E0002318460A
:1096200002B0704700200040942C002000B587B0A5
:1096300001900091019B002B03D11C49772001F080
:109640004FFA0198FFF7E2FF0490049B002B25D00E
:1096500000238DF8173000238DF80B300DF10B032C
:109660001846FDF75FFB049B1B79002B03D00123F9
:109670008DF8173005E0049B009A1A60049B0122C4
:109680001A719DF80B301846FDF762FB9DF81730F4
:10969000002B03D011230393039B02E000230393C9
:1096A000039B184607B05DF804FB00BF5C0803008D
:1096B00082B003468DF807309DF8073003F01F0293
:1096C00005499DF907305B09012000FA02F241F8D3
:1096D000232000BF02B0704700E100E082B00346E3
:1096E00000918DF807309DF90730002B0CDA009BB4
:1096F000DAB20C499DF8073003F00F03043B520126
:10970000D2B20B441A7609E0009BDAB206499DF901
:1097100007305201D2B20B4483F8002300BF02B0DD
:10972000704700BF00ED00E000E100E082B0019072
:10973000019B03F06043B3F1005F0CBF01230023E2
:10974000DBB2184602B0704782B00190019B1B0B40
:109750005BB2184602B0704700B583B003460A46B4
:109760008DF8073013468DF806309DF80630012B32
:1097700003D99DF80630032B0BD99DF80630042B36
:1097800003D99DF80630072B03D908496B2001F057
:10979000A7F99DF806209DF9073011461846FFF7F6
:1097A0009DFF00BF03B05DF804FB00BFC8080300C5
:1097B00000B583B003468DF807309DF90730184691
:1097C000FFF776FF00BF03B05DF804FB82B00190A5
:1097D0000B468DF803309DF80330019A13440122A3
:1097E0001A6000BF02B0704784B001900B46ADF81C
:1097F0000230BDF80230019A134400221A60BDF80D
:109800000230019A13441B680393039B00BF04B00A
:10981000704782B001900B46ADF80230BDF80230BF
:10982000019A13441B68002B14BF01230023DBB2F1
:10983000184602B0704782B001900091019B009AD7
:10984000C3F8042300BF02B0704782B001900091BA
:10985000019B009AC3F8082300BF02B0704782B092
:109860000190019B0722C3F8002500BF02B070479A
:1098700084B00390029101920093039B029AC3F873
:109880000825039B019AC3F80C25039B009AC3F893
:10989000102500BF04B0704782B001900091009A7B
:1098A000019BC3F8242500BF02B0704784B0039029
:1098B00002910192029A039BC3F84425039B019AEB
:1098C000C3F8482500BF04B0704784B003900291EC
:1098D0000192029A039BC3F83425039B019AC3F8B3
:1098E000382500BF04B0704784B001900B468DF856
:1098F000033013468DF802309DF80230002B14BF60
:1099000001230023DBB203939DF80330032B10D017
:10991000032B13DC012B02D0022B05D00EE0039B9E
:1099200043F0020303930AE0039B43F00403039311
:1099300005E0039B43F00603039300E000BF019B97
:10994000039AC3F8542500BF04B0704782B0019059
:109950000B468DF803309DF80320019BC3F8C0250A
:1099600000BF02B0704782B00190019B0122C3F892
:10997000502500BF02B0704782B00190019B0022C9
:10998000C3F8502500BF02B0704782B00190019B20
:109990000122C3F8402500BF02B0704782B0019099
:1099A000019B0022C3F8402500BF02B070470000B1
:1099B00000B583B00190019B1B681F2B04D905499A
:1099C00040F2CD1001F08CF84FF0A043184603B0E0
:1099D0005DF804FB0009030000B585B0019008465E
:1099E00011461A4603468DF803300B468DF80230B7
:1099F00013468DF8013001AB1846FFF7D9FF0390ED
:109A00009DF803209DF802305B001A439DF8013059
:109A10009B001A439DF818301B0242EA03019DF88F
:109A20001C301B04019A1943039B02F5E07243F8B2
:109A3000221000BF05B05DF804FB00B585B00390AF
:109A400000230193002300930023012201210398A6
:109A5000FFF7C2FF00BF05B05DF804FB00B585B09D
:109A600003900B468DF80B309DF80B3000220192CD
:109A700000220092002200210398FFF7ADFF00BFF3
:109A800005B05DF804FB00B585B0019001AB184648
:109A9000FFF78EFF0390019B012202FA03F31946A0
:109AA000039800F018F800BF05B05DF804FB00B59E
:109AB00085B0019001AB1846FFF77AFF0390019B38
:109AC000012202FA03F31946039800F00EF800BFD2
:109AD00005B05DF804FB82B001900091019B009AF3
:109AE000C3F8082500BF02B0704782B00190009112
:109AF000019B009AC3F80C2500BF02B0704700001C
:109B000000B58DB00590049103920293049B002B45
:109B100003D17049AD2000F0E3FF059B1B791A4685
:109B20001346DB0013449B006B4A13440993099BC3
:109B30001B7F002B03D008230793079BC5E0059BE1
:109B40001B680893059B1A68059B1B791946634B94
:109B500053F8213019461046FFF768FD0346002BE5
:109B600003D011230793079BAFE0099B039A1A6068
:109B7000099B029A5A60049B1B7B012B05D8049B0E
:109B80001B781846FFF793FF04E0049B1B781846E8
:109B9000FFF779FF049B1B781846002301930023ED
:109BA0000093002300220121FFF716FF049B5B783E
:109BB000FF2B09D0049B5B780B930B98FFF777FF83
:109BC0000B98FFF73AFF02E04FF0FF330B93049B33
:109BD0009B78FF2B07D0049B9B780A9301210A985E
:109BE000FFF73CFF02E04FF0FF330A93049B9A78A3
:109BF000099B83F82020049BDA78099BDA77049B81
:109C0000DB78FF2B17D0049B1B79002B05D0049B1E
:109C1000DB781846FFF74BFF04E0049BDB7818461F
:109C2000FFF731FF049BDB781846FFF706FF049B24
:109C30001A79099B9A77049B1B7819460A9B0B9A01
:109C40000898FFF715FE049B9B6819460898FFF7D4
:109C500023FE049B197B049B5B7B1A460898FFF745
:109C600043FE049B9B7919460898FFF76FFE099BFA
:109C70001B68002B03D040210898FFF7DCFD0898F3
:109C8000FFF7EDFD099B1B68002B15D0059B1B689A
:109C90001846FFF759FD03461A46049B5B7919469F
:109CA0001046FFF759FD059B1B681846FFF74CFD52
:109CB00003461846FFF77CFD099B00225A77099B53
:109CC00001221A7700230793079B18460DB05DF811
:109CD00004FB00BF380903009C2C0020A4090300EA
:109CE00000B583B00190019BDB7FFF2B0ED0019B61
:109CF0009B7F002B05D0019BDB7F1846FFF7D7FE2B
:109D000004E0019BDB7F1846FFF7BDFE019B0022AC
:109D10005A77019B00221A72019B1B68019A02F17B
:109D20000800019A52681146984700BF03B05DF8D9
:109D300004FB00B583B001900B468DF803309DF80D
:109D4000033083F00103DBB2002B04D040210198E3
:109D5000FFF77BFD03E040210198FFF76CFD00BF9A
:109D600003B05DF804FB00B583B001900091009B47
:109D700003F00103002B03D00198FFF7F4FD02E08C
:109D80000198FFF7F9FD009B03F00203002B03D0BD
:109D90000198FFF7FAFD02E00198FFF7FFFD00BF11
:109DA00003B05DF804FB00B587B003900291019207
:109DB0000093019B1B68002B0AD0019B1B6818466F
:109DC000FFF7B4FC034683F00103DBB2002B0ED196
:109DD000019B9B68002B11D0019B9B681846FFF7E5
:109DE000A5FC034683F00103DBB2002B06D0029BE7
:109DF00000225A7710230593059B54E0019B1968B4
:109E0000019B5B681A460398FFF750FD019B996818
:109E1000019BDB681A460398FFF757FD4FF48C71DE
:109E20000398FFF7E1FC00990398FFF79CFF009B64
:109E300003F00803002B03D110210398FFF7C6FCA1
:109E4000029B1B68002B1FD100BF4FF48C7103983D
:109E5000FFF7DFFC034683F00103DBB2002BF4D1F4
:109E6000029BDB7FFF2B1BD0029B9B7F002B05D02F
:109E7000029BDB7F1846FFF71AFE11E0029BDB7F97
:109E80001846FFF700FE0BE0009B03F00403002BD5
:109E90000CBF01230023DBB219460398FFF749FFEB
:109EA00000230593059B184607B05DF804FB0000EE
:109EB00010B586B0039002910192039B1B791A465C
:109EC0001346DB0013449B00394A13440593059B5A
:109ED0001B7F002B04D1374940F2322000F000FEF6
:109EE000029B1B68002B08D1029B5B68002B04D0EF
:109EF000304940F2332000F0F3FD029B9B68002BB9
:109F000008D1029BDB68002B04D02A494FF40D7066
:109F100000F0E6FD039B1B79002B07D1029BDB6859
:109F2000FF2B03D8029B5B68FF2B04D9214940F229
:109F3000352000F0D5FD00230493059B5B7FDBB249
:109F4000002B03D011230493049B2EE0059B1B6878
:109F5000002B07D0019B03F01403002B02D1059BBB
:109F600001225A77059B029A03F10C0413460FCB8A
:109F700084E80F00059BDB7FFF2B0ED0059B9B7FAA
:109F8000002B05D0059BDB7F1846FFF77CFD04E026
:109F9000059BDB7F1846FFF78AFD039B1868019B32
:109FA000029A0599FFF7FFFE0346184606B010BD5A
:109FB0009C2C00203809030000B583B0019000916B
:109FC0004FF48C710198FFF724FC0346002B10D04E
:109FD0004FF48C710198FFF707FC009B1B68002B66
:109FE00004D106494FF4277000F07AFD0098FFF77E
:109FF00077FE00BF03B05DF804FB00BF3809030023
:10A0000008B503490348FFF7D7FF00BF08BD00BFED
:10A010009C2C00200030004082B001900B468DF84F
:10A0200003309DF80330019A134401221A6000BFE7
:10A0300002B0704784B001900B46ADF80230BDF815
:10A040000230019A134400221A60BDF80230019ACE
:10A0500013441B680393039B00BF04B0704782B096
:10A0600001900B46ADF80230BDF80230019A13445E
:10A070001B68002B14BF01230023DBB2184602B07B
:10A08000704782B001900091019B009AC3F80423AD
:10A0900000BF02B0704782B001900091019B009A0E
:10A0A000C3F8082300BF02B0704782B00190019B43
:10A0B0000622C3F8002500BF02B0704782B00190AD
:10A0C000019B0022C3F8002500BF02B0704784B096
:10A0D0000190019BD3F8C4340393019B039AC3F806
:10A0E000C424039B184604B0704782B001900091CD
:10A0F000019B009AC3F8002200BF02B0704782B0F3
:10A100000190019BD3F84C35184602B0704782B0DD
:10A110000190019BD3F83C35184602B0704700000F
:10A1200000B585B00190009101238DF80F30009BA0
:10A130001B7B032B55D801A252F823F0B3A10200D8
:10A14000CBA102008BA102004DA10200009B9B68E5
:10A15000324A934207D10198FFF7D1FF0246009B94
:10A160001B699A420DD1009B9B6840F202229342E8
:10A1700039D10198FFF7C3FF0246009B5B699A4201
:10A1800031D000238DF80F302DE00198FFF7B7FF95
:10A190000246009B1B699A4207D10198FFF7B7FF5F
:10A1A0000246009B5B699A421FD000238DF80F3056
:10A1B0001BE00198FFF7A3FF0246009B1B699A4230
:10A1C00015D000238DF80F3011E00198FFF79FFFA5
:10A1D0000246009B1B699A420BD000238DF80F307A
:10A1E00007E000BF06E000BF04E000BF02E000BFE0
:10A1F00000E000BF9DF80F3083F00103DBB2002BBD
:10A2000005D00198FFF75AFF0198FFF74EFF9DF820
:10A210000F30184605B05DF804FB00BF00020400D3
:10A2200030B58BB001900091009B1B68002B04D1CE
:10A23000864940F2862000F053FC4FF49271019859
:10A24000FFF70DFF0346002B2BD04FF492710198BE
:10A25000FFF7F0FE4FF482710198FFF700FF03460D
:10A2600083F00103DBB2002B1BD0009B9B681946D7
:10A270000198FFF710FF009B02229A60009B9B68E9
:10A2800019460198FFF7FDFE20210198FFF7C4FE53
:10A2900014210198FFF7C0FE009B012283F82E20B5
:10A2A000D1E04FF482710198FFF7D9FE0346002BED
:10A2B0004AD04FF482710198FFF7BCFE009B04ACBA
:10A2C00003F10C050FCD0FC42B682360009B93F89E
:10A2D0002E3083F00103DBB2002B12D000990198DD
:10A2E000FFF71EFF0346002B14BF01230023DBB240
:10A2F00083F00103DBB203F00103DAB2009B83F8C1
:10A300002E204FF4B0710198FFF794FE4FF4AE7118
:10A310000198FFF78FFE009B93F8303083F0010324
:10A32000DBB2002B04D1009B93F82E30002B4CD0D5
:10A3300000210198FFF7D9FE009B00229A60444952
:10A340000198FFF7A8FE40E04FF4A4710198FFF7D1
:10A3500071FE009B1B7B002B1BD1009B04AC03F107
:10A360000C050FCD0FC42B682360009B93F8303091
:10A3700083F00103DBB2002B27D000210198FFF707
:10A38000B4FE009B00229A6031490198FFF783FEDA
:10A390001BE04FF400710198FFF7A7FE009B40F20D
:10A3A00002229A602A490198FFF775FE009B9B687C
:10A3B00019460198FFF765FE08210198FFF72CFE6A
:10A3C00020210198FFF728FE3DE00198FFF77FFE6E
:10A3D0000990099B03F00203002B03D001238DF8A1
:10A3E0000C301DE0099B03F00403002B03D0022373
:10A3F0008DF80C3014E0099B03F00103002B03D00F
:10A4000002238DF80C300BE0009B93F82E30002BCC
:10A4100003D004238DF80C3002E000238DF80C30BB
:10A42000009B93F8303083F00103DBB2002B03D0A4
:10A43000009B002283F82F20009B1B68009A516824
:10A4400003AA104698470BB030BD00BF180A03009E
:10A4500002029C0108B503494FF04020FFF7E0FEDF
:10A4600000BF08BDC02C002000B585B00190019B45
:10A47000002B0CD0084B43F001030393019B9B017D
:10A480000293054B43F001030298984700E000BF98
:10A4900005B05DF804FB00BF900A030000B583B06F
:10A4A0000190019B1B681F2B04D9054940F2CD1078
:10A4B00000F016FB4FF0A043184603B05DF804FB14
:10A4C000980A030000B585B00190084611461A4667
:10A4D00003468DF803300B468DF8023013468DF895
:10A4E000013001AB1846FFF7D9FF03909DF8032018
:10A4F0009DF802305B001A439DF801309B001A431F
:10A500009DF818301B0242EA03019DF81C301B0421
:10A51000019A1943039B02F5E07243F8221000BF31
:10A5200005B05DF804FB00B585B0039000230193EE
:10A53000002300930023012201210398FFF7C2FFAB
:10A5400000BF05B05DF804FB00B585B003900B4675
:10A550008DF80B309DF80B30002201920022009202
:10A56000002200210398FFF7ADFF00BF05B05DF8A2
:10A5700004FB00B585B0019001AB1846FFF78EFFD4
:10A580000390019B012202FA03F31946039800F09D
:10A5900018F800BF05B05DF804FB00B585B0019068
:10A5A00001AB1846FFF77AFF0390019B012202FAE4
:10A5B00003F31946039800F00EF800BF05B05DF8EC
:10A5C00004FB82B001900091019B009AC3F808251A
:10A5D00000BF02B0704782B001900091019B009AC9
:10A5E000C3F80C2500BF02B0704776DF704700BF8C
:10A5F00018468ADF704700BF18468BDF704700BFE0
:10A6000018468FDF704700BF184600B583B0019031
:10A61000019B002B0FD04FF47A70FFF725FF019BB1
:10A62000013B0193019B002B14BF01230023DBB2EC
:10A63000002B01D0EFE700BF03B05DF804FB000082
:10A64000014B1B6818467047882D002082B001908E
:10A65000034B1B680133024A136000BF02B070470E
:10A66000882D002000B585B003468DF807309DF891
:10A670000730032B1AD801A252F823F095A6020046
:10A680008DA602009DA60200A5A60200114800F0BA
:10A6900025FF0BE0104800F021FF07E00F4800F015
:10A6A0001DFF03E00E4800F019FF00BFFCF7A2FAFF
:10A6B0000390039B0293029B002B05D0094A40F2B2
:10A6C00031210298FBF7D6FE0123184605B05DF84C
:10A6D00004FB00BFD00A0300F00A0300100B0300C4
:10A6E0003C0B03005C0B030070B58CB0059000239D
:10A6F0000893059B0333784A1360059B9B69774A4F
:10A700001360059B9A8B764B1A80764B1B7883F0EF
:10A710000103DBB2002B00F0F980704B1B6805339E
:10A720001A78714B1B789A4240F09C816B4B1B68E6
:10A7300006331A786C4B5B789A4240F09381674BF2
:10A740001B6807331A78694B1B789A4240F08A815C
:10A75000624B1B6808331A78644B5B789A4240F06E
:10A7600081815F4B1A88624B1B889A4240F07A8144
:10A770004FF0FF330893089BB3F1FF3F40F0958003
:10A780005C4B00221A70544B1B681B781C46524BC2
:10A790001B6801331B781D464F4B1B6802331B7827
:10A7A0001E464D4B1B6803331B781A464A4B1B68E9
:10A7B00004331B781946484B1B6805331B78184631
:10A7C000059B93F913300393029001910092334655
:10A7D0002A462146484800F081FE05230B930B9B37
:10A7E000002B15DB3C4B1A680B9B1344434A127831
:10A7F00010461978424A342303FB00F31A440B9B9A
:10A80000134448330A461A700B9B013B0B93E6E74F
:10A810003A4B1B78184600F013FB304B1B6809338A
:10A820001A78364B1B78184651B2354A342303FB4D
:10A8300000F3134457330A461A70304B1B781946FD
:10A840002F4A342303FB01F31344573393F90030A9
:10A8500019462C4800F042FE204B1B680A331A7838
:10A86000264B1B78194607EE902AF8EE677A244AA1
:10A87000342303FB01F313446433C3ED007A1F4B0D
:10A880001B7819461E4A342303FB01F31344643337
:10A890001B68184603F09AFF02460B461A4800F060
:10A8A0001DFE164B00221A70DCE0089800F0C8FA72
:10A8B000124B1B780A930A9B002B00F3D380104A9B
:10A8C0000A9B342101FB03F31344683300221A80EE
:10A8D0000A9B01330A93EEE76C33002070330020AB
:10A8E00074330020EA2E0020E82A0020EC2A002001
:10A8F000342B0020EE2A0020A00B0300E82E0020BD
:10A9000078330020CC0B0300D80B0300584B1B6896
:10A9100007331A78574B1B789A4240F0A380544B68
:10A920001B6808331A78534B5B789A4240F09A8040
:10A93000514B1B680021184600F0C6FA0346B3F1DC
:10A94000FF3F0CBF01230023DBB2002B00F08A8005
:10A95000494B1B681B781C46474B1B6801331B780F
:10A960001D46454B1B6802331B781E46424B1B6835
:10A9700003331B781A46404B1B6804331B78194677
:10A980003D4B1B6805331B781846059B93F9133024
:10A99000039302900191009233462A46214637489C
:10A9A00000F09CFD05230993099B002B15DB324B1E
:10A9B0001A68099B1344324A127810461978314AB2
:10A9C000342303FB00F31A44099B134448330A461B
:10A9D0001A70099B013B0993E6E7294B1B7818463F
:10A9E000059B93F91310274A342303FB00F3134408
:10A9F00057330A461A70224B1B781946214A3423D2
:10AA000003FB01F31344573393F9003019461E48F2
:10AA100000F064FD164B1B680A331A78184B1B783C
:10AA2000194607EE902AF8EE677A164A342303FB9C
:10AA300001F313446433C3ED007A114B1B781946BC
:10AA4000104A342303FB01F3134464331B68184694
:10AA500003F0BCFE02460B460C4800F03FFD084BDD
:10AA600000221A7000F0B4F800BF0CB070BD00BF37
:10AA700070330020EC2A00206C330020A00B030070
:10AA8000E82E002078330020CC0B0300D80B030005
:10AA900000B585B001900091019B04330393019BA5
:10AAA0001B881D2B04D1039B04331846FFF71CFEA3
:10AAB00000BF05B05DF804FB08B5064A0121064851
:10AAC000FCF712F8002210210448FCF741F800BFFF
:10AAD00008BD00BF4DA6020020110300682D002014
:10AAE00000B583B003460091ADF80630064800F08B
:10AAF000F5FCBDF80630009A19460448FBF7BAFC8D
:10AB000000BF03B05DF804FB0C0C0300EFBEADDE2C
:10AB100000B585B001900091019B1B88562B42D057
:10AB2000562B47DC3B2B37D03B2B43DC212B25D04E
:10AB3000212B3FDC102B02D0112B0ED03AE0019BD1
:10AB40009A881F4B1A801E4B1B8819461D4801F01E
:10AB50002DFF1D4B01221A702DE0194B4FF6FF728D
:10AB60001A80174B1B883B211846FFF73EFD164BFA
:10AB700000221A70154B01221A601CE000238DF888
:10AB80000D3000238DF80C30019B9B8803AA1146E1
:10AB90001846FFF736FD0EE0019B9B8813211846EF
:10ABA000FFF723FD07E0019B9B8813211846FFF761
:10ABB0001CFD00E000BF00BF05B05DF804FB00BF56
:10ABC000142B0020042F0020E92E002068350020DF
:10ABD00008B5FFF712FD03490348FFF70AFD00BF60
:10ABE00008BD00BF2C2B00201C2B002008B5FDF752
:10ABF000ABFA0020FDF706FBFCF72AFE00BF08BDFC
:10AC000030B587B04FF08053D3F8A8301B0ADBB2C1
:10AC100063F03F03DBB28DF810304FF08053D3F870
:10AC2000A830DBB28DF811304FF08053D3F8A43048
:10AC30001B0EDBB28DF812304FF08053D3F8A430E6
:10AC40001B0CDBB28DF813304FF08053D3F8A430D7
:10AC50001B0ADBB28DF814304FF08053D3F8A430C8
:10AC6000DBB28DF815309DF810301C469DF8113080
:10AC70001D469DF812309DF813209DF814109DF884
:10AC8000150003900291019200932B46224605493C
:10AC9000054804F0E0FA0449044800F01FFC00BF36
:10ACA00007B030BD980F030058350020BC0F0300DB
:10ACB00010B584B04FF08053D3F80431029302AB47
:10ACC00003934FF08053D3F80011039B03331B7899
:10ACD0001846039B02331B781C46039B01331B78E9
:10ACE0001A46039B1B7801930092234602460C48A8
:10ACF00000F0F4FB4FF08053D3F8083119460948AF
:10AD000000F0ECFB4FF080531B6E4FF08052526E00
:10AD10001946054800F0E2FB00BF04B010BD00BFBB
:10AD2000DC0F0300F80F03000810030000B583B028
:10AD3000FEF796F90090009B0193019B002B05D034
:10AD4000314A40F6F8010198FBF794FBFFF74EFFFC
:10AD5000FFF756FFFFF7ACFF00F006F9FFF7ACFE78
:10AD600000211C20FFF7F0FB00211C20FFF7ECFB6B
:10AD70001020FFF7D8FB1020FFF7FBFB0120FFF7A7
:10AD800044FC1320FFF7CFFB1320FFF7F2FB6420F6
:10AD9000FFF73BFC1220FFF700FC0A20FFF735FC11
:10ADA0001220FFF7E6FB6420FFF72FFC00F0EEF81F
:10ADB000164B01221A604FF080430022C3F8002195
:10ADC0004FF0804301221A604FF08043D3F80031E6
:10ADD000002B0CBF01230023DBB2002B00D0F3E7D4
:10ADE00000F090F90A4800F079FB0A4B16221A701D
:10ADF000094B0A221A70002000F034F900F07AF9A9
:10AE0000064800F06BFBFEE75C0B030000D000403F
:10AE10003C100300642D0020362B00205C10030042
:10AE200082B00190054BB3F8E0301A46019B42FA1C
:10AE300003F303F00103184602B070477833002093
:10AE400000B583B001900198FFF7EAFF0346002B9D
:10AE50000CBF01230023DBB2002B22D0174BB3F829
:10AE6000E0301AB20121019B01FA03F31BB2134334
:10AE70001BB29AB2114BA3F8E020FFF7E1FB0246A8
:10AE80000F4B1B68D31A0F4AA2FB03239B0998B2EE
:10AE90000A4A019B342101FB03F313447433024635
:10AEA0001A80064A019B342101FB03F313446833E3
:10AEB00000221A8000BF03B05DF804FB7833002045
:10AEC0006C350020D34D621000B585B00190009123
:10AED00000230393039B002B20DC039B342202FB03
:10AEE00003F1009A13461B019B1ADB000B4440330D
:10AEF0000D4A1344083306221946019800F016F84B
:10AF00000346002B14BF01230023DBB2002B01D02A
:10AF1000039B05E0039B01330393DBE74FF0FF3313
:10AF2000184605B05DF804FB7833002086B0039026
:10AF30000291019200230593059A019B9A420FDA30
:10AF4000059B039A13441A78059B02990B441B78BE
:10AF50009A4201D0002304E0059B01330593EBE7FF
:10AF60000123184606B0704708B5FBF77FFD00BF08
:10AF700008BD000082B001900091034B01221A70BD
:10AF800000BF02B0704700BF8C2D002010B588B004
:10AF90002A4B02AC0FCB84E80F0010238DF80B3046
:10AFA0000C238DF80A300E238DF809300F238DF80D
:10AFB00008304FF00053049300238DF8153002A998
:10AFC00000231F4A1F48FDF781FA0790079B002BBB
:10AFD00005D01D4A40F674210798FBF74BFA1B4A2F
:10AFE00001AB1268114619800233120C1A7001ABC2
:10AFF000174A19461220FEF785F80690069B002B8B
:10B0000002D0144800F06AFA01211220FEF7F4F889
:10B010001C220C49104802F089F8034683F0010312
:10B02000DBB2002B03D00D4800F058FA02E00C48C8
:10B0300000F054FA00BF08B010BD00BFD8100300E4
:10B0400075AF0200241103005C0B0300E81003003D
:10B0500015B1020080100300902D0020A410030001
:10B06000BC10030000B585B003468DF807300123FE
:10B070008DF80C3003AA012340F68901194802F02B
:10B0800045FB194B1B78002B03D0174B1B781D2B4E
:10B0900002D9154B0F221A70134B1B7803F56173FD
:10B0A00007EE903AF8EEE77A104BC3ED007A0F4BBB
:10B0B000D3ED007AB0EE670A0A4802F039FC0120AD
:10B0C000FFF7A3FA0A4B93F900309DF807201946C1
:10B0D000044802F0EFFC0120FFF797FA00BF05B02B
:10B0E0005DF804FB902D0020362B0020E42A002080
:10B0F000642D002008B5024802F0A0FC00BF08BD86
:10B10000902D002008B5024802F082FC00BF08BD67
:10B11000902D002000B583B001900B468DF80330D0
:10B120009DF80330012B03D1044802F0C9FD00E073
:10B1300000BF00BF03B05DF804FB00BF902D0020EE
:10B1400000B585B003900291039B012B2FD1029B88
:10B150004FF6FF7293422AD1174802F07BFF4FF05F
:10B16000CC730093022307220821144802F078FFD1
:10B17000124802F093FF03461946114802F095FF6A
:10B18000104801F0CDFF104B1B6864330F4A136069
:10B190000E4B1B689AB20E4B5A800B4B1B689AB22F
:10B1A0000B4B9A800B4B1B689AB2094BDA8000BF9D
:10B1B00005B05DF804FB00BFF42C0020F82C002043
:10B1C000102D0020902D0020182B0020443300204B
:10B1D0001C2B00204833002008B54FF6FF710120DA
:10B1E000FFF7AEFF08BD000000B583B01F4B019311
:10B1F000019B02221A61019B02225A61019B1C4A97
:10B200009A61019B1B4ADA61019B4FF400721A623A
:10B21000019B00229A62019B00225A62019B00223C
:10B22000DA62019B124A9A64019B134ADA64019B19
:10B2300010221A65019B00229A65019B00225A6523
:10B24000019B0022DA65019B07330C49184604F084
:10B2500092F8019B0A49184604F08DF8019B2022C0
:10B260009A7100BF03B05DF804FB00BF7035002089
:10B2700034110300E8350020E837002040110300B6
:10B280004411030000B589B003900291019200239C
:10B290000693039BDB680593039B1B690493049A45
:10B2A000059B9A4205D9049A059BD31A013B079343
:10B2B00007E0039B9A680499059BCB1A1344013B52
:10B2C0000793039B9A68059BD31A079A934228BF5A
:10B2D00013460793079A019B934228BF134607938F
:10B2E000039B5A68059B1344079A0299184603F07A
:10B2F000E6FF069A079B13440693029A079B1344A2
:10B300000293019A079BD31A0193059A079B134452
:10B310000593039B9B68059A9A4201D100230593EC
:10B32000039B059ADA60019B002BB5D1069B18465A
:10B3300009B05DF804FB00B589B003900291019259
:10B34000039BDB680793039B9A68079BD31A0693BA
:10B35000069A019B9A420ED9039B5A68079B134495
:10B36000019A0299184603F0AAFF079A019B1A4412
:10B37000039BDA601AE0069B0593039B5A68079BC0
:10B380001344059A0299184603F099FF019A069B07
:10B39000D31A0593039B5868029A069B1344059A97
:10B3A000194603F08CFF039B059ADA6000BF09B0D1
:10B3B0005DF804FB86B00190019B1B690493019B1F
:10B3C000DB680393049A039B9A4208D8019B9A680E
:10B3D000039BD21A049B1344013B059304E0049A97
:10B3E000039BD31A013B0593059B184606B0704793
:10B3F00000B589B0039002910192029B0693039BD2
:10B400005A1C13465B001344DB00204A1344059387
:10B41000059B5B69022B29D0022B2ED8002B02D072
:10B42000012B13D029E00598FFF7C4FF0490049A7C
:10B43000019B9A4202D20023079321E0019B0793CC
:10B44000019A06990598FFF776FF19E00598FFF72E
:10B45000B1FF0490019A049B934228BF13460793BF
:10B46000079A06990598FFF766FF09E0019A069981
:10B470000598FFF707FF079002E00023079300BF3E
:10B48000079B184609B05DF804FB00BF703500202B
:10B4900000B587B00390029101920F4B1B78002BEF
:10B4A00001D1FFF7A1FE00238DF813300DF1130336
:10B4B0001846FBF737FC019A02990398FFF798FFAB
:10B4C00005909DF813301846FBF742FC059B184683
:10B4D00007B05DF804FB00BF703500200FB400B565
:10B4E000A3B025AB009301A8009B249A802103F010
:10B4F000D8FE2190219B802B06DD01AB80221946CE
:10B500000020FFF7C5FF08E0219B002B05DD219AF5
:10B5100001AB19460020FFF7BBFF219B184623B063
:10B520005DF804EB04B0704786B0039001921A46B0
:10B530000B46ADF80A3013468DF80930039B002BFB
:10B5400002D0019B002B01D100234DE00023ADF878
:10B5500016300CE0BDF81630039A13441B789AB2EB
:10B56000BDF8163013449BB20133ADF81630019B81
:10B570001B88BDF816209A4209D3BDF81630013356
:10B58000039A13441B789DF809209A4205D0BDF810
:10B590001620BDF80A309A42DCD3BDF81620BDF85B
:10B5A0000A309A4201D300231EE0BDF81630023360
:10B5B000ADF81430BDF81630039A13441B789BB2D3
:10B5C000013BADF81230BDF81420BDF812301A441A
:10B5D000BDF80A309A4201DD002305E0019BBDF869
:10B5E00014201A80BDF81230184606B0704700B516
:10B5F00085B001900B46ADF8023013468DF801304E
:10B600000023ADF80C309DF8013003AABDF80210FC
:10B610000198FFF789FF0346ADF80E30BDF80E30F4
:10B62000002B01D1002304E0BDF80C301A46019B29
:10B630001344184605B05DF804FB72DF704700BF85
:10B64000184673DF704700BF184682B00190019B17
:10B6500093F83034184602B0704784B0019000234C
:10B6600003930AE0019A039B13441B78002B01D03B
:10B67000012306E0039B01330393039B052BF1D9C0
:10B680000023184604B0704782B003468DF8073097
:10B690009DF807305A1C074B83FB02135910D31730
:10B6A000C91A0B469B000B44D11ACBB2184602B004
:10B6B000704700BF6766666682B001900091009B8C
:10B6C000DB7B012B04D1009B9A88019BA3F82424E7
:10B6D00000BF02B0704700B585B001900091019B9A
:10B6E000002283F82E24009B9A88019BB3F824340F
:10B6F0009A4216D1019B1B7983F00103DBB2002B28
:10B700000FD00121019800F0AFF90390039B002BAB
:10B7100007D0019B9B6B002B03D0019B9B6B039875
:10B72000984700BF05B05DF804FB00B585B00190F7
:10B730000091009B1B88262B1ED1009B1B7A012B9E
:10B7400003D0009B1B7A022B17D1019B9B781846D4
:10B75000FFF79AFF03461946019800F085F9039018
:10B76000039B002B09D0019B9B6B002B05D0019BF9
:10B770009B6B0398984700E000BF05B05DF804FBA1
:10B7800000B585B001900B468DF80330019B03F2A4
:10B7900027431846FFF761FF03468DF80F309DF8E9
:10B7A0000330013B032B33D801A252F823F000BF32
:10B7B000C1B70200E5B70200F9B7020005B8020000
:10B7C000019B9B79002B0DD0019B93F8243083F0D3
:10B7D0000103DBB2002B05D09DF80F30002B01D008
:10B7E000012316E0019BDB79002B05D09DF80F307B
:10B7F000002B01D002230CE0019B1B7A002B01D00F
:10B80000032306E0019B5B7A002B01D0042300E0B8
:10B810000023184605B05DF804FB00BF82B001901C
:10B820000091019B012283F83120019B0022C3F883
:10B830002024019B03F22642009B5A60009B0022B9
:10B840009A60009B02221A70009B80229A8100233A
:10B85000184602B0704782B001900091019B02220D
:10B8600083F83120019B93F82430002B03D0009BF8
:10B8700007221A7002E0009B03221A70019B1B69C9
:10B880009AB2009B9A81019B0022C3F82024019B5D
:10B8900003F22642009B5A60019BDA68009B9A6083
:10B8A0000023184602B0704700B583B00190019B99
:10B8B0005B79002B0FD0019B93F82E3483F00103AA
:10B8C000DBB2002B07D00198FFF7BFFE0346002B29
:10B8D00001D0012300E0002303F00103DBB218468E
:10B8E00003B05DF804FB00B585B001900B468DF800
:10B8F0000330019BD3F81004019BB3F814340122E8
:10B900001946FFF774FE0390039B002B03D0039BA3
:10B910009DF803201A70019B03F15400019B03F56D
:10B920008261019B3C331A46FFF787FE03461846A7
:10B9300005B05DF804FB00B585B001900091019B56
:10B940005A69009B9A60019B9B699AB2009B9A81FD
:10B95000019B93F82430002B04D0019B062283F82E
:10B960003C2003E0019B012283F83C200198FFF773
:10B970009BFF0346002B13D0009B02221A75042163
:10B980000198FFF7B0FF0390039B0293029B002BEB
:10B9900001D0029B0FE0019B052283F8312003E0D8
:10B9A000019B032283F83120019B03F58262019BF6
:10B9B000C3F820240023184605B05DF804FB00B549
:10B9C00085B001900091019BDA69009B9A60019B10
:10B9D0001B6A9AB2009B9A81019B93F82430002B3A
:10B9E00004D0019B062283F83C2003E0019B012246
:10B9F00083F83C200198FFF757FF0346002B13D034
:10BA0000009B02221A7504210198FFF76CFF039036
:10BA1000039B0293029B002B01D0029B0FE0019B32
:10BA2000062283F8312003E0019B042283F83120B1
:10BA3000019B03F58262019BC3F820240023184672
:10BA400005B05DF804FB82B00190019B1B68012BDF
:10BA500003D0019B1B68022B01D1012300E00023CE
:10BA6000184602B07047000000B585B001900B4643
:10BA70008DF80330019B1B7883F00103DBB2002BB0
:10BA800001D0082309E1019B9DF803209A70019BD6
:10BA900003F2264307220021184603F039FC019BDC
:10BAA0009B79002B03D0019B9B78012B0FD0019B2E
:10BAB000DB79002B03D0019B9B78012B07D0019BE6
:10BAC000DB79002B14D0019B9B78022B10D1019BBA
:10BAD0005B6B002B08D0019B012283F82D24019B76
:10BAE0005B6B0820984703E0019B002283F82D241C
:10BAF0009DF8033019460198FFF742FE03461A46A7
:10BB0000019B9A70019B5B6B002B20D0019B9B7863
:10BB1000032B03D0019B9B78042B18D1019B5B79ED
:10BB2000002B14D0019B93F82E3483F00103DBB279
:10BB3000002B0CD0019B002283F83024019B0122B2
:10BB400083F82F24019B5B6B0720984703E0019B40
:10BB5000002283F82F24019B3C3318220021184631
:10BB600003F0D6FB019B012283F83C20019B2C3380
:10BB70001846FFF768FF0346002B06D0019BDB6ADF
:10BB8000DAB2019B83F8512003E0019B012283F884
:10BB90005120019B93F82430002B12D0019B2833B5
:10BBA0001846FFF750FF0346002B06D0019B9B6A07
:10BBB000DAB2019B83F8522003E0019B012283F853
:10BBC0005220019B002283F85020019B9B78042B7C
:10BBD00031D801A252F823F02DBC0200EDBB0200C7
:10BBE000FDBB02000DBC02001DBC0200019B3C33EA
:10BBF00019460198FFF712FE03901DE0019B3C33AC
:10BC000019460198FFF727FE039015E0019B3C338E
:10BC100019460198FFF78FFE03900DE0019B3C331E
:10BC200019460198FFF7CBFE039005E0019B002227
:10BC300083F8312000E000BF019B9B78002B20D0CF
:10BC4000019B03F15400019BD3F82014019B3C336A
:10BC50001A46FFF7F2FC0390039B002B01D0039BD5
:10BC60001BE0019B93F85420019B93F83030194658
:10BC70001046FFF7E6FC0390039B002B01D0039BCB
:10BC80000BE0019B5B6B002B06D0019B5B6B019A69
:10BC900092F83120104698470023184605B05DF809
:10BCA00004FB00BF00B585B001900091009B039399
:10BCB000019B1B88262B10D0262B13DC102B02D0C7
:10BCC000112B05D00EE001990398FFF7F5FC0AE06F
:10BCD00001990398FFF7FFFC05E001990398FFF72E
:10BCE00024FD00E000BF00BF05B05DF804FB0000CC
:10BCF00084B00346ADF806300023039316E00F49E5
:10BD0000039A13469B0013449B000B441B88BDF809
:10BD100006209A4207D1039A13469B0013449B00C6
:10BD2000064A134406E0039B01330393039B002B55
:10BD3000E5D00023184604B0704700BFF837002054
:10BD400082B001900B46ADF80230019BBDF8022095
:10BD50001A80019B00221A72019B054903F10A0215
:10BD60000B4603CB1060516000BF02B0704700BFAC
:10BD70002838002082B00190019B4FF6FF721A8094
:10BD800000BF02B0704788B00390029111461A4676
:10BD90000B46ADF806301346ADF80430039B9B8884
:10BDA0001A46BDF8063013440793039B9B88194637
:10BDB000039B9B88BDF80620934228BF13469BB285
:10BDC000CB1A0693039BDB881A46BDF80430134454
:10BDD0000593039BDB881946039BDB88BDF8042091
:10BDE000934228BF13469BB2CB1A0493029B5A88F6
:10BDF000039B1B889A4205D3029B5A88039B5B884E
:10BE00009A4201D900231CE0029B9B881A46069B9C
:10BE1000934205D8029B9B881A46079B934201D206
:10BE200000230EE0029BDB881A46049B934205D850
:10BE3000029BDB881A46059B934201D2002300E057
:10BE40000123184608B0704700B583B00190064B37
:10BE50009B69002B03D0044B9B690198984700BF56
:10BE600003B05DF804FB00BF0C38002000B587B0BC
:10BE700003460091ADF80630009B5B7A002B1AD187
:10BE8000009B1B7A002B03D1164B5B68059302E0E5
:10BE9000144B9B680593009B5B68BDF806200599D1
:10BEA0001846FAF755FE0490049B002B16D0049810
:10BEB000FFF7CAFF12E0009B00221A72094B5B6970
:10BEC000002B0BD001238DF80C30BDF80630ADF8F7
:10BED0000E30044B5B6903AA1046984700BF07B0B9
:10BEE0005DF804FB0C38002000B585B00190019B83
:10BEF000DB7B8DF80F30019B9B88ADF80C309DF8F3
:10BF00000F30012B2CD14FF6FF70FFF7F1FE02909E
:10BF1000029B002B03D10420FFF796FF21E0BDF820
:10BF20000C3019460298FFF70BFF029B03F10A0041
:10BF3000019B03F110014FF6FF7340F2F312FFF77C
:10BF400022FF03461A46029B5A72074BDB89002BDD
:10BF500007D1BDF80C3002991846FFF787FF00E0C3
:10BF600000BF05B05DF804FB0C38002000B587B0B9
:10BF70000190019B9B88ADF81630BDF8163018462D
:10BF8000FFF7B6FE0490049B002B0ED0049B5B6869
:10BF90001846FAF713FE0390039B002B02D0039878
:10BFA000FFF752FF0498FFF7E5FE00BF07B05DF80A
:10BFB00004FB000000B587B00190019B0633059398
:10BFC000059B1A88194BDB899A422BD1059B5B890B
:10BFD000022B27D1019B9B88ADF81230BDF812309F
:10BFE0001846FFF785FE0390039B002B1AD0059B94
:10BFF0000C33184600F070FA0346002B06D0BDF84B
:10C00000123003991846FFF731FF0BE0039B5B6882
:10C010001846FAF7D3FD0290029B002B02D002983B
:10C02000FFF712FF00BF07B05DF804FB0C380020DB
:10C0300000B585B00190019B9B88ADF80E30BDF82E
:10C040000E301846FFF754FE0290029B002B15D0CD
:10C05000029B03F10A00019B03F108014FF6FF73F5
:10C0600040F2F312FFF78FFE03461A46029B5A7204
:10C07000BDF80E3002991846FFF7F8FE00BF05B074
:10C080005DF804FB00B583B001900091019B1B8813
:10C09000502B12D0502B18DC122B12D0122B14DC88
:10C0A000102B02D0112B04D00FE00198FFF71CFFDA
:10C0B0000CE00198FFF75AFF08E00198FFF77AFFBC
:10C0C00004E00198FFF7B4FF00E000BF00BF03B039
:10C0D0005DF804FB30B58FB001900091002302930E
:10C0E000009B002B1AD000230D9314E06B460D9992
:10C0F0001846FBF74EFB0346002B09D0029B5A1C47
:10C1000002920D9A92B25B000EA90B4423F82C2CDC
:10C110000D9B01330D930D9B132BE7D9019B1D46FE
:10C1200002AC0FCC0FC50FCC0FC594E8070085E813
:10C13000070001980FB030BD00B583B00346ADF8DD
:10C140000630BDF80630132B01D900230CE0BDF8F2
:10C15000063019460648FBF7EBFABDF806301946DB
:10C160000448FBF7E5FA0123184603B05DF804FB29
:10C17000383800203438002000B585B00346ADF8CB
:10C180000630002303930DE0039B9B00094A1344F0
:10C190000433BDF8062011461846FBF7E1FA039B6D
:10C1A00001330393039B1D2BEED900BF00BF05B0E5
:10C1B0005DF804FB3038002000B583B00346ADF8CD
:10C1C0000630BDF8063019460348FBF7C9FA00BF30
:10C1D00003B05DF804FB00BF3838002030B59BB0D9
:10C1E000184B9B68DB431893164B5A6818AB1146E3
:10C1F0001846FBF7FEFA189A6B4611461846FFF7E9
:10C2000069FF0DAC6D460FCD0FC40FCD0FC495E87F
:10C21000070084E80700002319930BE0199B5B00DB
:10C220001AAA134433F8303C1846FFF7A5FF199BB0
:10C23000013319930D9B199A9A42EFD300BF00BFA7
:10C240001BB030BD3038002000B583B001900B46E4
:10C25000ADF8023013468DF801309DF80130002B07
:10C2600006D0BDF8023019460198FBF761FA05E0E7
:10C27000BDF8023019460198FBF772FA00BF03B00F
:10C280005DF804FB00B585B001900091019B9B888F
:10C29000ADF80E30019B1B88103B0A2B00F2888002
:10C2A00001A252F823F000BFD5C2020011C3020060
:10C2B000B1C30200B1C30200B1C30200B1C30200A6
:10C2C000B1C30200B1C30200B1C302007BC30200CC
:10C2D0001DC30200FFF782FFBDF80E301846FFF7BE
:10C2E0002BFF034683F00103DBB2002B05D0324A5B
:10C2F000F0210420FAF7BEF857E0019BDB7B012B0D
:10C3000053D0BDF80E3019462C48FBF711FA4CE01B
:10C31000BDF80E301846FFF74FFF49E0019B1B7A2E
:10C32000C3F30313DBB28DF80D309DF80D30032BF2
:10C330008CBF01230023DAB2BDF80E301946204825
:10C34000FFF782FF9DF80D30022B8CBF01230023E5
:10C35000DAB2BDF80E3019461A48FFF775FF9DF89E
:10C360000D30012B8CBF01230023DAB2BDF80E3053
:10C3700019461548FFF768FF1AE0019B1B7A002B4E
:10C3800015D1019B5B7AC3F3C003DBB2002B14BF52
:10C39000012300238DF80C309DF80C20BDF80E30E1
:10C3A00019460748FFF750FF01E000BF00E000BF5B
:10C3B00000BF05B05DF804FB4C1103003C380020C1
:10C3C00048380020443800204038002000B583B0B1
:10C3D0000346ADF80630BDF80630132B01D9002313
:10C3E00006E0BDF8063019460348FBF7D2F90346CC
:10C3F000184603B05DF804FB3438002000B583B064
:10C400000346ADF80630BDF806301846FFF7DEFFEC
:10C410000346002B02D0BDF8063000E01423184676
:10C4200003B05DF804FB00B587B003900B460192A2
:10C43000ADF80A30019B002B01D10E2338E0019B9F
:10C4400000221A60039B002B01D10E2330E0039BD6
:10C450001B68002B01D10E232AE0039BDB8803F02D
:10C4600003039BB2002B01D0072321E0BDF80A3063
:10C470001846FFF7C3FF03468DF817309DF81730B5
:10C48000142B01D1052313E0039B1B799DF8172082
:10C490009A4201D304230BE0039B1B689DF81720ED
:10C4A0000399C98801FB02F21A44019B1A60002318
:10C4B000184607B05DF804FB82B00190019B1B7821
:10C4C0001AB2019B01331B781B021BB213431BB230
:10C4D0009BB2184602B0704700B585B00190019834
:10C4E000FFF7EAFF0346ADF80E30BDF80E3003F05B
:10C4F0000103002B14BF01230023DBB2184605B053
:10C500005DF804FB90DF704700BF1846A5DF704759
:10C5100000BF1846B5DF704700BF184682B00190D3
:10C52000019BF7221A80019B17225A80019B00224F
:10C530001A71019B00225A71019BFB229A71019B87
:10C540001B22DA7100BF02B0704700B589B0034604
:10C550000A46ADF806301346ADF80430BDF8043095
:10C56000ADF81430BDF80430ADF816300023ADF846
:10C5700018300023ADF81A3003AB00221A609A80FD
:10C5800003AA05A9BDF806301846FFF7BBFF0790C0
:10C59000079B002B02D0BDF80C30002B079B1846E0
:10C5A00009B05DF804FB00B587B001900091009BD5
:10C5B0009B88ADF81630BDF81630DB00019A1344A5
:10C5C00006330493019B1A79049B9A71009BDB7BD1
:10C5D000012B02D0022B05D009E0019B1A88049B95
:10C5E0001A8004E0019B5A88049B1A8000BF049BB8
:10C5F0001A88049B5B889A4215D9049B1A88BDF857
:10C60000163011461846FFF781FF0390039B002B5D
:10C6100003D1049B01225A7105E0039B112B02D127
:10C62000049B01221A71049B9A79049BDB799A423C
:10C6300008D9049B9B799AB2BDF81630114618466A
:10C64000FFF783FF00BF07B05DF804FB00B583B0C0
:10C6500001900091009B9B88DB00019A13440633F4
:10C660001846FFF75BFF00BF03B05DF804FB00B5A1
:10C6700087B001900091009B9B88ADF81630009B1D
:10C680005B89ADF81430BDF81630DB00019A134415
:10C6900006330493049B1B88BDF81420934228BFE3
:10C6A00013469AB2049B5A80049B5B88172B38BFB1
:10C6B00017239AB2049B5A80019B1B69002B15D04B
:10C6C000049B5B79002B11D040F67723ADF808303E
:10C6D000BDF81630ADF80A30049B5B88ADF80C301D
:10C6E000019B1B6902AA114601989847049B0022EE
:10C6F0005A71049B00221A7100BF07B05DF804FB59
:10C7000000B589B001900091009B9B88ADF81E3068
:10C71000009BDB88ADF81C30BDF81E30DB00019AB1
:10C72000134406330693BDF81C30172B38BF17236C
:10C73000ADF81C30069B1B88BDF81C20934228BF17
:10C7400013469AB2069B5A80069B00221A71069BDA
:10C750001A88BDF81E3011461846FFF7DBFE05901B
:10C76000069B5B79002B16D1019B1B69002B13D014
:10C7700040F67723ADF80C30BDF81E30ADF80E3022
:10C78000069B5B88ADF81030019B1B6903AA11461C
:10C790000198984700E000BF09B05DF804FB30B590
:10C7A00091B001900091009B04AC1D1D0FCD0FC4F2
:10C7B0000FCD0FC495E8070084E80700BDF81030DE
:10C7C000ADF83E30BDF81420BDF83E30D1B2019A2C
:10C7D000DB0013440A465A73019B1B69002B19D0D6
:10C7E00002AB00221A609A804DF67A23ADF8083029
:10C7F000BDF83E30ADF80A30BDF83E30019ADB009E
:10C8000013445B7B8DF80C30019B1B6902AA114617
:10C810000198984700BF11B030BD00B587B00190B6
:10C820000091009B04330593059B1B88DB00019A54
:10C83000134406330493059B9B888DF80F30049BAB
:10C840009B799DF80F20934228BF13468DF80E3038
:10C85000059B1B889DF80E2092B211461846FFF7E3
:10C8600074FE00BF07B05DF804FB000000B587B0A0
:10C8700001900091009B0593019B9B88ADF81230BD
:10C88000BDF81230002B40F08480019B1B88552B93
:10C8900048D0552B55DC242B32DC102B51DB103BC0
:10C8A000142B4ED801A252F823F000BF07C9020092
:10C8B00011C9020043C9020043C9020043C9020072
:10C8C00043C9020043C9020043C9020043C9020030
:10C8D00043C9020043C9020043C9020043C9020020
:10C8E00043C9020043C9020043C9020043C9020010
:10C8F00043C9020043C9020039C902002FC902001E
:10C900003A2B0AD01DE001990598FFF74CFE19E07B
:10C9100001990598FFF79AFE14E001990598FFF731
:10C92000A6FE0FE001990598FFF7EAFE0AE00199DB
:10C930000598FFF734FF05E001990598FFF76DFFB3
:10C9400000E000BFBDF81230059ADB0013449B7A6B
:10C95000002B1FD0BDF81230059ADB001344DA8893
:10C96000BDF8123011461846FFF7D0FD0390039B27
:10C97000002B0FD1BDF81230059ADB0013440022C2
:10C980009A72BDF81230059ADB0013440122DA7264
:10C9900000E000BF07B05DF804FB00BFB0DF7047E8
:10C9A00000BF184666DF704700BF184682B001908E
:10C9B0000B46ADF80230019B002B01D10E230AE09B
:10C9C000019B1B78DE2B01D0082304E0019BBDF8FE
:10C9D00002205A800023184602B0704700B585B087
:10C9E0000190019B1B7A002B18D0019B5B880021D2
:10C9F0001846FFF7D7FF0390039B002B03D1019B41
:10CA000000221A720AE0039B112B03D1019B012221
:10CA10001A7203E0019B5B680398984700BF05B05A
:10CA20005DF804FB00B583B001900091009B1B7979
:10CA3000012B0BD1009B1A88019B5B889A4205D180
:10CA4000019B01221A720198FFF7C8FF00BF03B0D3
:10CA50005DF804FB82B00190009100BF02B0704706
:10CA600000B589B001900091009B1A88019B5B88FA
:10CA70009A4236D1009B02330793079B1B78022B07
:10CA800031D1079B1B7A042B07D0079B1B7A062BFF
:10CA900003D0079B1B7A052B27D102AB00221A601B
:10CAA0005A609A60DA6002238DF808304FF4C07340
:10CAB000ADF80C30079B1B7A052B02D10023ADF893
:10CAC0000C30009B1B8802AA11461846FFF766FF30
:10CAD0000690069B002B09D0019B5B68069898473F
:10CAE00004E000BF02E000BF00E000BF09B05DF855
:10CAF00004FB00B585B001900091009B002B40D055
:10CB0000019B002B3FD0009B0393039B1B78DE2BE4
:10CB10003BD1019B9A88039B5B889A4202D1039880
:10CB2000FFF75CFF019B1B88512B18D0512B2EDC8B
:10CB3000112B1BD0112B2ADC012B02D0022B07D08A
:10CB400025E0019B043319460398FFF76BFF21E0B2
:10CB5000019B043319460398FFF77CFF1AE0019B01
:10CB6000043319460398FFF77BFF13E0019B9A8873
:10CB7000039B5B889A420CD1039B4FF6FF725A804D
:10CB800007E000BF06E000BF04E000BF02E000BF16
:10CB900000E000BF05B05DF804FBADDF704700BFEB
:10CBA000184600B58FB00190009100230393019BBC
:10CBB0005869009B9B8803AA1946FFF734FC0D9027
:10CBC00005AB08220021184602F0A2FB04AB069335
:10CBD0000223ADF814300023ADF81630009B98887E
:10CBE000019B1B8905AA1946FFF7D7FF0D900D9BE6
:10CBF000002B26D1019B9B69002B22D0069B184657
:10CC0000FFF76AFC0346002B1BD0039B002B02D0CE
:10CC1000039B01221A7007AB18220021184602F06C
:10CC200077FB02238DF81C30019B0893009B9B88A7
:10CC3000ADF82430039B0A93019B9B6907AA104619
:10CC4000984700BF0FB05DF804FB00B58DB00190B0
:10CC50000091009B06330B93019B5869009B9B88B6
:10CC600003AA1946FFF7DFFB0A9004AB1822002144
:10CC7000184602F04DFB019B0593009B9B88ADF885
:10CC80001830039B07930B9B1A88019B1B899A42C0
:10CC900025D10B9B5B89022B21D1039B002B38D024
:10CCA0000B9B0C331846FFF717FC0346002B06D0EE
:10CCB000039B01221A7002238DF8103005E0039BBC
:10CCC00000221A7003238DF81030019B9B69002B02
:10CCD0001FD0019B9B6904AA1046984719E00B9B43
:10CCE0001A88019B9B899A4214D1019B9B69002B56
:10CCF00010D000238DF810300B9B0C3308930B9B46
:10CD00005B89ADF82430019B9B6904AA10469847C3
:10CD100000E000BF00BF0DB05DF804FB00B58BB0B4
:10CD200001900091019B5869009B9B8802AA1946BB
:10CD3000FFF779FB0990099B002B1AD1029B1B7806
:10CD4000002B17D003AB18220021184602F0E0FA9E
:10CD500001238DF80C30019B0493009B9B88ADF858
:10CD60001430029B0693019B9B6903AA10469847C7
:10CD700000E000BF0BB05DF804FB00B585B001908A
:10CD80000091009B002B1ED0019B002B1BD0009B11
:10CD90000393019B1B88572B10D0572B15DC102BAE
:10CDA00002D0502B05D010E001990398FFF7F9FE4F
:10CDB0000CE001990398FFF748FF07E001990398F9
:10CDC000FFF7ACFF02E000BF00E000BF05B05DF878
:10CDD00004FB000000B583B00190019B002B03D140
:10CDE0000449C420FDF77CFE019B5B68184603B034
:10CDF0005DF804FBB8110300014B1B78184670471F
:10CE0000AC38002000B585B06B4611491846FAF7DA
:10CE100035FD10E06B461846FFF7DCFF0390039BDF
:10CE20001B680293039B5A68029B104698476B4607
:10CE30001846FAF74DFD6B461846FFF7CBFF034641
:10CE4000002BE7D100BF00BF05B05DF804FB00BFB9
:10CE50008412030008B5FFF7D5FF00BF08BD61DFEE
:10CE6000704700BF1846000000B583B00190019BD9
:10CE7000002B03D10449C420FDF732FE019B5B68FF
:10CE8000184603B05DF804FB9012030000B5ADF541
:10CE9000077D01AB1860244B1B7883F00103DBB2E4
:10CEA000002B3BD14FF4FA73ADF806320DF2062297
:10CEB00002AB11461846FFF7D2FF8590859B002BE9
:10CEC00003D0859B052B22D129E002AB84937FAB55
:10CED00016491846FAF7D2FC11E07FAB1846FFF767
:10CEE000C3FF8390839B1B688293839B5A68829BBA
:10CEF0001146849898477FAB1846FAF7E9FC7FAB58
:10CF00001846FFF7B1FF0346002BE6D1CAE7084AEF
:10CF100040F239118598F9F7ADFA00E000BF0DF540
:10CF2000077D5DF804FB00BFAD3800205C130300F3
:10CF3000EC12030000B583B00190019B002B03D1DC
:10CF40000449C420FDF7CCFD019B5B68184603B083
:10CF50005DF804FB681303004BDF704700BF184601
:10CF600000B589B0019004AB1846FFF7F5FF0790B4
:10CF7000079B002B03D0079B052B20D124E002AB9D
:10CF800013491846FAF77AFC11E002AB1846FFF78E
:10CF9000D1FF0690069B1B680593049A069B59686F
:10CFA000059B1046984702AB1846FAF791FC02AB76
:10CFB0001846FFF7BFFF0346002BE6D1D3E7054A2B
:10CFC0006B210798F9F756FA00BF09B05DF804FB2A
:10CFD00034140300C413030000B585B00190019B15
:10CFE000002B0CD0084B43F001030393019B9B01E2
:10CFF0000293054B43F001030298984700E000BFFD
:10D0000005B05DF804FB00BF4014030000B583B019
:10D010000190019B1B681F2B04D9054940F2CD10DC
:10D02000FDF75EFD4FF0A043184603B05DF804FB2A
:10D030004814030000B585B0019001AB1846FFF716
:10D04000E5FF0390019B012202FA03F319460398BE
:10D0500000F021F800BF05B05DF804FB00B585B015
:10D06000019001AB1846FFF7D1FF0390039800F041
:10D070000AF80246019B22FA03F303F00103184663
:10D0800005B05DF804FB82B00190019BD3F8103528
:10D09000184602B0704782B001900091019B009A3F
:10D0A000C3F80C2500BF02B0704700B583B00190F3
:10D0B000019B002B0FD04FF47A70FFF78DFF019B7F
:10D0C000013B0193019B002B14BF01230023DBB222
:10D0D000002B01D0EFE700BF03B05DF804FB00B503
:10D0E0008FB003900291009313468DF80730002310
:10D0F0000D93029B09939DF807300A93009B0B93B5
:10D100009DF840300C93039B043309A90022184674
:10D11000FCF7CEFE0D900D9B18460FB05DF804FB9A
:10D1200082B00190019B184602B0704700B58DB0E7
:10D13000059004910392059B049A5A60059B039AFB
:10D140009A60059B7F2283F85121059BFF2283F87B
:10D150005221059BFF2283F85321059B002283F86F
:10D160005421059B01221A73059B08221A83059BF3
:10D1700000229A76059BFF22DA76059B01221A7718
:10D18000059B00225A77059B012283F82020059BEE
:10D19000072283F83020059B062283F83120059B67
:10D1A000012283F83220059B002283F83320059B5F
:10D1B000012283F85021059800F02AFC4FF6FF73F6
:10D1C000ADF82A300DF12A0201230221059800F062
:10D1D00023FA304A09AB1268114619800233120C47
:10D1E0001A7009AB002219460420FBF78BFF0B9045
:10D1F0000420FFF733FF0346002B14BF0123002355
:10D20000DBB2002B00D0F3E701238DF823300DF1C2
:10D21000230201239621059800F0FEF900238DF8E2
:10D22000203000238DF8213008AA02238F21059891
:10D2300000F0F2F90121059800F0D4FD4FF4A0723E
:10D240000321059800F0DFFD0023009300234FF633
:10D25000FF724FF6FF71059800F088FC01238DF8EE
:10D260001F300DF11F0201238A21059800F0D4F927
:10D27000059B20331946059800F0F0FC059B0C3304
:10D280001946059800F0BBFC012318460DB05DF867
:10D2900004FB00BF8014030000B59BB00390C023C3
:10D2A0008DF8543000238DF8553000230D930EABCC
:10D2B00000221A605A609A60DA601A615A619A61B3
:10D2C0000023059306AB00221A605A609A60DA6068
:10D2D0001A615A619A6103238DF8673003238DF830
:10D2E00066300023189382238DF83430C0238DF8E4
:10D2F000353000238DF836300420FFF79BFE0120E7
:10D30000FFF7D3FE174B00221A70039B586805AB3A
:10D310000DA9032200920322FFF7E1FE1790179B4D
:10D320001693169B002B04D00F4A6C211698F9F720
:10D33000A1F8179B002B02D00C48FEF7CFF8094B41
:10D340001B78DBB2002B0CBF01230023DBB2002BC8
:10D3500000D0F4E7039800F023F800BF1BB05DF89D
:10D3600004FB00BF8C2D002084140300C8140300AC
:10D3700000B583B00190094B1B78002B03D0074BFD
:10D380001B78062B02D10198FFF786FF019800F069
:10D3900007F800BF03B05DF804FB00BF372B002087
:10D3A00000B583B001900420FFF758FE0346012B1F
:10D3B0000CBF01230023DBB2002B00D0F3E700BF3A
:10D3C00003B05DF804FB000010B598B0059003921F
:10D3D0001A460B468DF8133013468DF81230059817
:10D3E000FFF7C6FF00230E930FAB00221A605A60AE
:10D3F0009A60DA601A615A619A610023069307AB5A
:10D4000000221A605A609A60DA601A615A619A6161
:10D410009DF8123002338DF85F309DF812300233E0
:10D420008DF85E309DF813308DF8383000238DF87C
:10D430003930184B00221A70059B586806AC9DF8CD
:10D440005F200EA99DF85E3000932346FFF747FE4C
:10D450001690169B002B04D00F4A93211698F9F7CB
:10D4600009F80C4B1B78DBB2002B0CBF0123002307
:10D47000DBB2002B00D0F4E706AB02339DF812209C
:10D480001946039801F01BFF0598FFF789FF00BFBD
:10D4900018B010BD8C2D00208414030000B58BB093
:10D4A00003900B46ADF80A300398FFF761FF1D2388
:10D4B0008DF81C30BDF80A301B0A9BB2DBB28DF828
:10D4C0001D30BDF80A30DBB28DF81E3000238DF818
:10D4D0001F3000238DF82030124B00221A70039B5E
:10D4E000586805AB07A9052200920522FFF7F7FD52
:10D4F0000990099B002B01D000230FE0094B1B78FA
:10D50000DBB2002B0CBF01230023DBB2002B00D0C9
:10D51000F4E70398FFF744FF9DF8183018460BB066
:10D520005DF804FB8C2D002010B5ADF5087D05AC31
:10D530002060084603A90A6019460DF1130302464C
:10D540001A700DF112030A461A7046AB00221A60D7
:10D550000433FB220021184601F0DAFE06AB00225C
:10D560001A600433FB220021184601F0D1FE0DF1B0
:10D5700012031B7803338DF81F320DF112031B7851
:10D5800003338DF81E3205AB1868FFF7F1FE46AB8A
:10D590001E221A7046AB0DF1130212785A7046AB78
:10D5A00000229A701A4B00221A7005AB1B6858684B
:10D5B00006AC9DF81F2246A99DF81E320093234613
:10D5C000FFF78DFD8690869B002B04D0114ADE214B
:10D5D0008698F8F74FFF0E4B1B78DBB2002B0CBF81
:10D5E00001230023DBB2002B00D0F4E706AB0333AA
:10D5F0000DF11202127803A81946006801F05FFECF
:10D6000005AB1868FFF7CCFE00BF0DF5087D10BD17
:10D610008C2D00208414030010B59AB0059003925D
:10D620001A460B468DF8133013468DF8123000233E
:10D630000E930FAB00221A605A609A60DA601A618A
:10D640005A619A610023069307AB00221A605A6060
:10D650009A60DA601A615A619A619DF8123001335A
:10D660008DF867309DF8123001338DF86630002355
:10D6700018930598FFF77CFE9DF813308DF838302D
:10D680000EAB01339DF812200399184601F017FEE6
:10D690001B4B00221A70059B586806AC9DF867204A
:10D6A0000EA99DF8663000932346FFF718FD1790EA
:10D6B000179B1693169B002B04D0124AF52116983F
:10D6C000F8F7D8FE179B002B04D00F48FDF706FF94
:10D6D000179B12E00A4B1B78DBB2002B0CBF012317
:10D6E0000023DBB2002B00D0F4E79DF81330842B2D
:10D6F00002D00598FFF754FE179B18461AB010BDCC
:10D700008C2D002084140300C814030000B599B0C8
:10D71000059003921A460B46ADF8123013468DF869
:10D72000113000230E930FAB00221A605A609A60EA
:10D73000DA601A615A619A610023069307AB0022EE
:10D740001A605A609A60DA601A615A619A619DF8AB
:10D75000113003338DF85F309DF8113003338DF8AD
:10D760005E300598FFF704FE0D238DF83830BDF8C4
:10D7700012301B0A9BB2DBB28DF83930BDF8123083
:10D78000DBB28DF83A300EAB03339DF811200399CC
:10D79000184601F094FD144B00221A70059B58683E
:10D7A0009DF85F200EA9002300930023FFF797FC4C
:10D7B0001690169B002B05D00C4A40F215111698B6
:10D7C000F8F758FE084B1B78DBB2002B0CBF012387
:10D7D0000023DBB2002B00D0F4E70598FFF7E0FD53
:10D7E00000BF19B05DF804FB8C2D002084140300E9
:10D7F00000B585B00190019B93F83331032B29D9F3
:10D80000019B03F25110019B34330422194601F0AD
:10D81000EFFC0346002B0CBF01230023DBB2002BDF
:10D820000BD0019BD3F838315A1C019BC3F8382127
:10D83000019B012283F834210DE000238DF80C3088
:10D8400000238DF80D3003AA02238F210198FFF7E2
:10D85000E3FE00E000BF05B05DF804FB00B585B055
:10D8600001908DED000ADDED007A9FED2B7AF4EE4C
:10D87000C77AF1EE10FA06DDE1238DF80C30E923CA
:10D880008DF80D303EE0DDED007A9FED247AF4EE68
:10D89000C77AF1EE10FA06DDD7238DF80C30D823C5
:10D8A0008DF80D302EE0DDED007A9FED1D7AF4EE5F
:10D8B000C77AF1EE10FA06DDC1238DF80C30C523CE
:10D8C0008DF80D301EE0DDED007A9FED167AF4EE56
:10D8D000C77AF1EE10FA06DD75238DF80C3081233E
:10D8E0008DF80D300EE0DDED007A9FED0F7AF4EE4D
:10D8F000C77AF1EE10FA05DD6B238DF80C306F233B
:10D900008DF80D3003AA022398210198FFF784FEB9
:10D9100000BF05B05DF804FBA493564EE2A74A4E43
:10D920001295374E5858DB4DE2A7CA4D0000000053
:10D9300030B585B001908DED000A00230393324B82
:10D940001B78002B0DD1DDED007A9FED307A67EE6C
:10D95000877AB0EE670A0198FFF780FF2A4B012211
:10D960001A70009800F032FF1FA3D3E9002300F0E3
:10D97000D5FC02460B4614461D469FED1D1B9FED30
:10D980001E0B01F0B1FA53EC102B1DA1D1E90001DF
:10D9900000F060FD02460B462046294600F05AFD85
:10D9A00002460B461046194600F0EAFE0346039372
:10D9B000039B1B0EDBB28DF80830039B1B0CDBB204
:10D9C0008DF80930039B1B0ADBB28DF80A30039BEC
:10D9D000DBB28DF80B3002AA042386210198FFF7F1
:10D9E0001BFE00BF05B030BD0000000080842E414A
:10D9F000000000000000394000000000000000406E
:10DA00000000000080847E41AE380020002474496C
:10DA100000B585B00190084B01221A7000238DF8E3
:10DA20000F300DF10F02012380210198FFF7F4FD63
:10DA300000BF05B05DF804FB372B002000B583B0B4
:10DA40000190064B04221A7000230022D121019874
:10DA5000FFF7E2FD00BF03B05DF804FB372B0020A9
:10DA600000B585B00190084611461A4603468DF868
:10DA700003300B468DF8023013468DF801309DF8C7
:10DA800003308DF80C309DF802308DF80D309DF884
:10DA900001308DF80E309DF818308DF80F3003AA44
:10DAA000042395210198FFF7B7FD00BF05B05DF88D
:10DAB00004FB000000B587B003900B468DF80B30D7
:10DAC00013468DF80A309DF80A30002B18D02448F0
:10DAD000FDF704FD01230093012300220621039892
:10DAE000FFF7BEFF18238DF8143000238DF8153092
:10DAF00005AA022340F6E7010398FFF707FE17E0A7
:10DB00001848FDF7EBFC01230093002307220421B2
:10DB10000398FFF7A5FF38238DF8143000238DF804
:10DB2000153005AA022340F6E7010398FFF7EEFD42
:10DB30009DF90B3019460C48FDF7D0FC9DF80B30D1
:10DB40008DF8143002238DF8153005AA02238E219A
:10DB50000398FFF761FD00BF07B05DF804FB00BF4D
:10DB6000E4140300FC1403001415030000B587B08F
:10DB70000390084611461A460346ADF80A300B4694
:10DB8000ADF808301346ADF80630BDF80A301B0A70
:10DB90009BB2DBB28DF81030BDF80A30DBB28DF8E5
:10DBA0001130BDF808301B0A9BB2DBB28DF8123081
:10DBB000BDF80830DBB28DF81330BDF806301B0A13
:10DBC0009BB2DBB28DF81430BDF80630DBB28DF8B5
:10DBD0001530BDF820301B0A9BB2DBB28DF8163031
:10DBE000BDF82030DBB28DF8173004AA08230821D5
:10DBF0000398FFF711FD00BF07B05DF804FB00B507
:10DC000085B001900091002302930023ADF80C3001
:10DC1000009B9B891B0A9BB2DBB28DF80830009BEE
:10DC20009B89DBB28DF80930009B9B7B8DF80A3015
:10DC3000009BDB7B8DF80B30009B1B7C8DF80C3040
:10DC4000009B5B7C8DF80D3002AA06238C21019885
:10DC5000FFF7E2FC00BF05B05DF804FB00B585B03E
:10DC60000190009100230393009B1B7C8DF80C30E6
:10DC7000009B5B7C8DF80D30009B9B7C8DF80E30FB
:10DC8000009BDB7C8DF80F3003AA04238B210198C5
:10DC9000FFF7C2FC00BF05B05DF804FB82B0019045
:10DCA000019BD3F84C31184602B0704782B0019006
:10DCB000019B93F948311BB2184602B0704700002F
:10DCC00030B585B00190019800F0C3F80346ADF877
:10DCD0000E304FF6FF71019800F0D2F8BDF80E300B
:10DCE00019463C48FDF7FAFB3B4B1B78042B0CD143
:10DCF000BDF80E3003F00103002B06D0364B012295
:10DD00001A703648FDF7EAFB61E0334B1B78052BB0
:10DD10005DD1BDF80E3003F00203002B57D02E4B1F
:10DD200001221A70019B93F85031002B1ED10198EB
:10DD3000FFF76EFE00238DF80C3003AA012340F696
:10DD400089010198FFF7E2FC40F644110198FFF7C2
:10DD5000A5FB034643F00203DBB28DF80C3003AAA7
:10DD6000012340F689010198FFF7D0FC019B343371
:10DD7000FF220021184601F0CBFABDF80E3003F067
:10DD80004003002B23D1019B03F134010DF10D025F
:10DD9000FF23019800F090F8019B03F59E7319464C
:10DDA000019800F0ECF89DF80D301C460198FFF743
:10DDB0007DFF03461D460198FFF770FF03462A4684
:10DDC00021460748FDF78AFB0198FFF711FD00BFC8
:10DDD00005B030BD24150300372B0020301503009B
:10DDE0003C15030000B583B001900B468DF803305D
:10DDF0000DF1030201239D210198FFF70DFC00BFE7
:10DE000003B05DF804FB00B587B003900B460192A8
:10DE10008DF80B309DF80B3003F00703DBB28DF863
:10DE20001430019B1B0CDBB28DF81530019B1B0AD3
:10DE3000DBB28DF81630019BDBB28DF8173005AAE6
:10DE4000042397210398FFF7E7FB00BF07B05DF8B5
:10DE500004FB00B585B0019003AA022312210198AA
:10DE6000FFF7B2FA9DF80C301B021AB29DF80D3084
:10DE70001BB213431BB29BB2184605B05DF804FBFE
:10DE800000B585B001900B46ADF80230BDF8023008
:10DE90001B0A9BB2DBB28DF80C30BDF80230DBB24E
:10DEA0008DF80D3003AA022302210198FFF7B4FB7D
:10DEB00000BF05B05DF804FB00B587B00390029188
:10DEC00001928DF8033000238DF817300DF1170300
:10DED0001A460199039800F01AF8019B1B789DF8E7
:10DEE00003209A4201D201230DE0019B1A78039B83
:10DEF00083F833219DF81710019B1B78029A039831
:10DF0000FFF712FB0023184607B05DF804FB00B5CD
:10DF100087B003900291019205AA0223132103986E
:10DF2000FFF752FA039B93F82030012B0ED140F2F9
:10DF300004710398FFF7B2FA0346DB11012B05D1F8
:10DF4000039B9B7E012B01D1012300E00023002BCA
:10DF500009D040F202710398FFF7A0FA03461A466F
:10DF6000029B1A7003E09DF81420029B1A709DF822
:10DF70001520019B1A7000BF07B05DF804FB00B5C7
:10DF800085B00190009103AA032314210198FFF7A3
:10DF90001BFA019B93F82020009B1A70009B1B78B2
:10DFA000002B02D0012B1AD047E09DF80C20009BDB
:10DFB0001A719DF80D30DA0F13445B105B425AB2B0
:10DFC000009B9A719DF80E30DA0F13445B105B4290
:10DFD0005AB2009B5A71009B00229A6036E09DF86D
:10DFE0000C30DA0F13445B105B425AB2009B1A7379
:10DFF0009DF80D305BB2002B07DB9DF80D309B08C0
:10E00000DBB25AB2009B5A730AE09DF80D30A3F5BB
:10E010008073002B00DA03339B105AB2009B5A73B3
:10E020009DF80E30DA0F13445B105B425AB2009B2E
:10E030009A73009B00221A6108E0142200210098C4
:10E0400001F066F9009B0F221A7000BF00BF05B0F7
:10E050005DF804FB82B00190019B184602B0704746
:10E0600084B00390029101928DF80330039B029AD1
:10E070001A60039B019A5A60039B9DF803201A7251
:10E08000039B049ADA60039B4FF040221A61039BC2
:10E0900000221A75039B184604B0704782B00190A5
:10E0A000019B1033184602B0704782B00190009176
:10E0B000019B009A1A60019B00225A72019B002268
:10E0C000DA72019B00229A71019B184602B07047D8
:10E0D00030B591EA030F00F18480841A71EB030CD0
:10E0E00005D2121953EB0C03001B71EB0C0140F22B
:10E0F000000CCFF6E07C1CEA430F54D0BCEB410F80
:10E1000061D90C0DA4EB135E31EA0C0141F48011CE
:10E1100033EA0C0343F48013DEF1200C2AD303FA14
:10E120000CF5401941F1000122FA0EF5401923FACD
:10E130000EF5694112FA0CF2CD0208D349085FEAE4
:10E1400030005FEA320228BF42F001020134013C94
:10E150005FEA500C72F1004250F1000051EB0451A3
:10E160004FF4001313EB410F38BF30BD090D090503
:10E17000002030BDBEF1200EBEF1200F1ED223FACA
:10E180000EF5401941F10001CEF1200C124218BFEA
:10E19000012203FA0CF52A43CEE711EA5C0F04BF13
:10E1A0000020002130BD1CEA410F04BF01F00041F6
:10E1B000002030BD01F00041002030BD21F480116D
:10E1C00001EB045130BD004218BF41F00101BCEB2E
:10E1D000410F08BF30BD4FF0FE4141F478010020EF
:10E1E00030BD83F00043841A71EB030E07D28EF02A
:10E1F000004E001B71EB0E01121953EB0E0340F29F
:10E20000000CCFF6E07C1CEA430FC6D0BCEB410FFC
:10E2100072D90C0DA4EB135EC90241EA5051C00241
:10E2200041F00041DB0243EA5253D20243F0004383
:10E23000DEF1200C41D312FA0CF522FA0EF203FAA9
:10E240000CF542EA050218BF42F0010223FA0EF370
:10E25000801A9941E30AC4F30A0411F0404F03D431
:10E2600018D0013C40004941013C23D44205C00A7A
:10E2700040EA4150C90A51EAC3715FEA500C72F199
:10E28000004250F1000051EB045130BD01002FD08D
:10E290000020203C0029F9D0B1FA81FCDCF1200EED
:10E2A00011FA0CF130FA0EF510FA0CF02943A4EB38
:10E2B0000C04D9E70020D90730BDAEF1200EBEF125
:10E2C000200F0DD2CEF1200C03FA0CF533FA0EF329
:10E2D0002A4318BF43F00103C01A61F10001B9E7F6
:10E2E00021F00041C00A40EA4150C90A01EB045143
:10E2F00030BD0020002130BD004218BF41F00101B7
:10E30000BCEB410F7FF467AFBCEB430F3FF463AF4F
:10E3100030BD00BF83F00043FFF7DABEF0B540F236
:10E32000FF7681EA030C16EA115E1EBFB64516EAB7
:10E330001355B5425AD021EA465141F48011A1FB50
:10E34000024723EA465343F48013AE44A0FB03651F
:10E350000CF0004C36197D41A1FB034747F1000347
:10E36000A0FB0217F619654153F10003094218BFDB
:10E3700046F0010640F2FE74B3F5007F13D2AEF50D
:10E38000806EA6452BD24CEA0331280341EA155191
:10E3900040EA16503203450872F1004250F1000085
:10E3A00051EB0E51F0BDAEF2FF3EA64517D24CEA3E
:10E3B000C321E80241EA555140EA5650F2024508AD
:10E3C00072F1004250F1000051EB0E51F0BD0CF023
:10E3D000004141F0FE4141F470010020F0BD1EEA11
:10E3E0000E0FF4D50CF000410020F0BD16EA115FCD
:10E3F00004BF01F000410020004218BF41F00101BC
:10E4000016EA135F04BF03F000430022124218BF54
:10E4100043F0010306EA1354B44218BF9EEA060F04
:10E4200003D00CF000410020F0BD21F0004123F0AA
:10E430000043B1EB065F06D8B3EB065F03D80029B3
:10E4400018BF002BC3D140F20001C7F6F8710020BD
:10E45000F0BD00BF2DE9F04391EA030E0EF0004E2F
:10E4600040F20007CFF6E07717EA41051EBF95EAB4
:10E47000070F17EA430595EA070F00F0A1807F0D0B
:10E4800017EA135623EA475343F4801317EA11554A
:10E4900021EA475141F48011AD1B05F2FD354FEAE9
:10E4A000D31C1CF1010C4FF00047B7FBFCF77F01B8
:10E4B000A2FB079C0024E3FB07C4DCF1000CD9F1AC
:10E4C00000097CF1000CA0FB07620020E1FB0720A3
:10E4D00000275FEAC628E0FB0987760D46EAC226D8
:10E4E000520DF61900277A41E0FB0C625FEAC8235F
:10E4F000E2FB09375FEA585848EAC628760D18EB60
:10E50000070800214E41E2FB0C8602EBC020DA0234
:10E51000E6FB09215B0D43EAC8235FEA58585B1804
:10E52000002758EB0708E6FB0C38D102E8FB091777
:10E53000520D42EAC3225B0DD21900277B41E8FB52
:10E540000C2308EBC6265FEAC128E3FB0987490DC7
:10E5500041EAC221520DC91942F10002E3FB0C123B
:10E56000470019EB08095CEB010C72EB040453EB58
:10E57000C62047EB56530026B3F5000F7641AD1980
:10E580000236D6F1200910FA09F4F04013FA09F224
:10E590001043F340E40F001943F10003B3F5001FEB
:10E5A00024BF5B08013540F2FE77BD4204D24EEA3B
:10E5B00005511944BDE8F0832D4224D5714626E06B
:10E5C000004218BF41F00101124218BF43F001039D
:10E5D000B7EB410F2CBFB7EB430F1BE0B7EB410F7D
:10E5E00004BFB7EB430F15E017EA410F04BF17EA6A
:10E5F000430F0FE017EA410FE0D017EA430F02D0B4
:10E60000B7EB430FDAD04EF0FE4141F47001002029
:10E61000BDE8F08340F20001C7F6F871F7E700BFEC
:10E620004FF4001C1CEB410F98BF1CEB430F11D89B
:10E6300051EA030C50EA4C0C5CEA020C0CD004D2F8
:10E6400082428B4180410130704790429941804124
:10E650000130704700207047012070474FF4001CC4
:10E660001CEB410F98BF1CEB430F0CD850EA410C38
:10E6700008BF52EA430C08D0904208BF99420CBF31
:10E68000012000207047002070470120704700BF24
:10E690004FF4001C1CEB410F98BF1CEB430F11D82B
:10E6A00051EA030C50EA4C0C5CEA020C0CD004D288
:10E6B0009042994180410130704782428B418041B4
:10E6C0000130704700207047012070474FF4001C54
:10E6D0001CEB410F98BF1CEB430F11D851EA030C00
:10E6E00050EA4C0C5CEA020C0AD004D282428B4104
:10E6F000804140427047904299418041404270477A
:10E70000002070474FF4001C1CEB410F98BF1CEB1E
:10E71000430F11D851EA030C50EA4C0C5CEA020C8E
:10E720000AD004D2904299418041404270478242CF
:10E730008B4180414042704700207047C1F30A532B
:10E7400040F21E42D21A0BDDCB0243EA505040F099
:10E75000004030FA02F090EAE170B0EBE1707047EF
:10E760004B00004218BF43F0010313F5001F88BFA0
:10E7700021F0004111F0004058BF6FF00040704799
:10E780000B0D40F21E42D21A07DBCB0243EA505077
:10E7900040F0004030FA02F07047490060EB0000A2
:10E7A000704700BF80B110F0004248BFD0F10000B8
:10E7B000120D02F21D42B0FA80F18840521AC30ACB
:10E7C000400503EB0251704701007047C0F3C75189
:10E7D00091B142004FEA40704FEAD2014FEA310155
:10E7E00001F16051B2F17F4F38BF704701F16051C4
:10E7F00018BF41F40021704710F00041002070471D
:10E8000001F000428B1AA3F16051B1F5801F0ADBC1
:10E81000B1F17F6F09D242EAC102C10071F100413A
:10E8200042EB507070471046704701285B4113F56A
:10E83000001F04D842F0FE4040F400007047C900B9
:10E8400041EA507040EA020040F4800040F080400D
:10E85000704700BF10EE100A4FEA4000B0F17F4F42
:10E860000CBF01200020704710EE100A410000206C
:10E87000B1F17F4F18BF50EB0000704751EC100B07
:10E880000128494111F5001F8CBF0120002070476D
:10E8900010EE100A00F00040704700BF51EC100B62
:10E8A00021F0004141EC100B704700BFB0EEC00AF0
:10E8B000704700BF00B510EE100A00F003F800EE3C
:10E8C000100A00BD4FF07F43B3EB400F22D9410047
:10E8D00008BF704703EA4002120E7F3A14DB172A82
:10E8E000A8BF70474FF6FF73C0F27F03D3401842B2
:10E8F00020EA030018BF10F0004F08BF70474FF424
:10E900000001D1404018704710F0004F0CBF0020AC
:10E910000248704718BF024870470000000080BFDF
:10E920000000C07F00B5014610EE100A00F003F8A9
:10E9300000EE100A00BD4FF07F43B3EB400F98BFCD
:10E94000704713EA400207D0120E7E3A0A6020EAAE
:10E95000530040F07C5070470A6000F00040704760
:10E9600000B5014610EE100A00F003F800EE100AA0
:10E9700000BD4FF07F43B3EB400F98BF704713EAE1
:10E98000400204BF00F00040704711EB1262DCBF90
:10E9900000F000407047FF2A3CBF00EBC1507047B9
:10E9A00040004FEA3300704770B555EC104B0646F7
:10E9B000002210EE100A00232946FFF74FFE20B177
:10E9C000002345EC104B336070BD25F0FF4121F46E
:10E9D000E00141F07F53C5F30A51224643F400138E
:10E9E000A1F2FE3143EC102B316070BD000000003D
:10E9F0002DE9704355EC104B0646002210EE100A2C
:10EA000000232946FFF72AFEB8B9C5F30A53334459
:10EA100040F2FE72934214DC002EA04601DB002B74
:10EA20000FDB002B09DD25F0FF4222F4E00242EA71
:10EA3000035949EC108BBDE870839FED070BBDE8CF
:10EA4000708300F0CBFB084B1B6803609FED040B49
:10EA5000BDE87083AFF300800000000000000000FC
:10EA6000000000000000F07F80150300000000009F
:10EA70002DE9F84355EC104BFFF700FF002840F05C
:10EA8000A58073A3D3E9002320462946FFF71EFE85
:10EA9000002840F0A28070A3D3E900232046294635
:10EAA000FFF730FE18B19FED520BBDE8F88345EC3F
:10EAB000104BFFF7F3FE6AA3D3E9002351EC100BD0
:10EAC000FFF720FE002840F085800022002320462A
:10EAD0002946FFF7DDFD0026002800F08780584F0B
:10EAE00045A3D3E9002320462946FFF717FC324609
:10EAF0003B46FFF7EDFAFFF721FE0646FFF752FE11
:10EB00003FA3D3E9002380468946FFF707FC02466E
:10EB10000B4620462946FFF7FDFB3BA3D3E9002324
:10EB200004460D4640464946FFF7F8FB02460B46B1
:10EB300020462946FFF7CCFA02460B468046894616
:10EB4000FFF7ECFB32A3D3E9002304460D46FFF7A1
:10EB5000E5FB31A3D3E90023FFF7BAFA22462B469F
:10EB6000FFF7DCFB374B0022FFF7B2FA42464B4679
:10EB7000FFF7D4FB2AA3D3E9002380468946204629
:10EB80002946FFF7CBFB28A3D3E90023FFF7A0FA20
:10EB900022462B46FFF7C2FB294B0022FFF798FACB
:10EBA00042464B46FFF7B6FB02460B4640464946F7
:10EBB000FFF750FC224B0022FFF78AFA013641ECA6
:10EBC000100B3046FFF714FFBDE8F88345EC104BFF
:10EBD000BDE8F8839FED160B67E700F0FFFA1A4BCC
:10EBE0001B6803609FED140BBDE8F883174F77E7B0
:10EBF00000000000000000003CF92F9E2C15F73F9C
:10EC0000000000000030E63FA80C615C10D02B3FF4
:10EC10001CDC586FA452F13EE0F6B36FE4707C3F09
:10EC20000938DE6F993F403FB35142718E71AC3F5E
:10EC3000000000000000F03F000000000000F07F36
:10EC40000000E03F0000D03F801503000000E0BF5F
:10EC5000EF39FAFE422E8640D2BC7ADD2B2386C0E5
:10EC60002342920CA19CC73B2DE9F04F85B055EC97
:10EC7000104BFFF703FE002840F0C1800022002364
:10EC800020462946FFF7EAFC002840F0BD8000221C
:10EC9000002320462946FFF735FD002840F0AF80CD
:10ECA00045EC104B03A8FFF77FFE55EC104B76A305
:10ECB000D3E9002310EE100A2946FFF707FD0028CC
:10ECC00040F0A780039B204629465C1E00226C4B27
:10ECD0000394FFF71FFB04460D4645EC104B4FF025
:10ECE000FF30FFF785FE664B51EC100B0022FFF75B
:10ECF000EFF902460B4620462946FFF7ABFB0246DA
:10ED00000B4606460F46FFF709FB49A3D3E900234C
:10ED100004460D46FFF702FB47A3D3E90023FFF7A4
:10ED2000D7F947A3D3E900238046894620462946E0
:10ED3000FFF7F0FA22462B46FFF7F0FA42A3D3E999
:10ED40000023FFF7C5F9424682468B464B462046D4
:10ED50002946FFF7E3FA3EA3D3E90023FFF7DAFAE7
:10ED60005246804689465B4620462946FFF7D6FA3A
:10ED700039A3D3E90023FFF7CDFA02460B464046FC
:10ED80004946FFF767FB02460B4620462946FFF738
:10ED9000C5FA32463B46FFF7C1FA02460B460398D6
:10EDA000CDE90023FFF7FEFCDDE9002304460D4614
:10EDB00030463946FFF78CF929A3D3E900230646EC
:10EDC0000F4620462946FFF7A9FA02460B46304671
:10EDD0003946FFF77DF924A3D3E9002306460F4601
:10EDE00020462946FFF79AFA02460B463046394636
:10EDF000FFF76EF941EC100B05B0BDE8F08F9FED09
:10EE00001C0B05B0BDE8F08F9FED1B0B05B0BDE8F6
:10EE1000F08F0022204629461A4BFFF77BFA024664
:10EE200045EC104B4FF0FF3014460D4659E700BF3C
:10EE300029BD56B31544E9BFEDAF16204A623040F4
:10EE40000FCE674B80D541407E2615FA83807340F4
:10EE50009AB5B312FF07504077900D9CFE0B884087
:10EE6000A80C615C10D02BBF000000000030E63F12
:10EE7000000000000000F87F000000000000F0FF2C
:10EE80000000E03F0000F03FCD3B7F669EA0E63FE4
:10EE9000DFED137AB4EE670AF1EE10FA12D010EE3D
:10EEA000102AC2F3C7537F3B11D4162B12DC0D4935
:10EEB00021FA03F322EA030207EE902A026030EE01
:10EEC000670A7047C0ED007AB0EE670A7047C0ED80
:10EED000007A704780ED000AB0EE670A704700BF05
:10EEE00000000000FFFF7F002DE9F04157EC116B9F
:10EEF00082B011EE100A4A4B3946002255EC104BF5
:10EF0000FFF7ACFBC0BB0022002320462946FFF7D9
:10EF1000A5FB58B13046394600220023FFF780FB9D
:10EF200078BB9FED390B02B0BDE8F0813946304621
:10EF3000FFF704FC8046FFF735FC32463B46FFF7FF
:10EF40008DFB40BB0022002320462946FFF7DAFB59
:10EF5000B8B945EC104BFFF7A1FCFFF785FE304632
:10EF600053EC102B3946FFF7D9F941EC100BFFF7A2
:10EF70007FFD02B0BDE8F08145EC104B02B0BDE86A
:10EF8000F08100F02BF9274B9FED210B1B680360EC
:10EF900002B0BDE8F081B8F1000F24DB2ED09FED68
:10EFA0001E0B18F0010F51EC100B22462B4603D01C
:10EFB000FFF7B4F941EC100B5FEA680822462B46D4
:10EFC00020462946AFD08DED000BFFF7A7F99DED48
:10EFD000000B04460D4618F0010F51EC100B2246B1
:10EFE0002B46E9D0E4E722462B460D490020FFF7E7
:10EFF00031FAC8F1000804460D46D0E79FED060B34
:10F0000091E700BFAFF300800000000000000000A7
:10F01000000000000000F0FF000000000000F03FD2
:10F020000000F03F7C15030000B52DED028BF5EEDE
:10F03000400AF1EE10FA83B04BD0B0EE608AF0EEE9
:10F04000408AFFF711FC30B1B0EE680A03B0BDECA6
:10F05000028B5DF804FBB0EE480AFFF705FC0028C0
:10F0600043D1F5EE408AF1EE10FAEDD0B0EE680A29
:10F07000FFF7F0FB00283FD1B0EE480AFFF7EAFBAC
:10F080000028E1D1B0EE480AFFF710FCB0EE408A4C
:10F0900088EE880A01A8FFF7FBFEDDED017AF5EEA8
:10F0A000C08AB0EE680AF1EE10FAA8EE670AB1EE77
:10F0B000487A24DDB4EEC08AF1EE10FA98BF30EE43
:10F0C000480AB5EEC00AF1EE10FABFD530EE080AD4
:10F0D000BCE700F083F8114B9FED110A1B68036039
:10F0E00003B0BDEC028B5DF804FBB0EE480A03B040
:10F0F000BDEC028B5DF804FB9FED090AA6E7B4EEB8
:10F10000C70AF1EE10FA98BF30EE080AB5EEC00A51
:10F11000F1EE10FA9ADD30EE480A97E77C1503000D
:10F120000000C07F002816DB002817DD0022B7EEA4
:10F13000000A0C4B10F0010F1CBFD3ED007A20EE3B
:10F14000270A401004330028F4DC4AB1F7EE007AB5
:10F1500087EE800A704740420122E8E7B7EE000AD6
:10F16000704700BF8415030038B504460846A268FE
:10F1700042B1236861685D1C8D4208BF00208B424C
:10F1800008D2D054E3682BB121686268914201D261
:10F190002146984723680133236038BD70B54C1E63
:10F1A00009D41646C5B229463046FFF7DDFF013CBB
:10F1B000B4F1FF3FF7D170BD10F0100F08D108B5C2
:10F1C00010F4007F14BF30202020FFF7E7FF08BDB8
:10F1D00070470028B8BF40427047000000B5F7F7FD
:10F1E000F7F8024B18445DF804FB00BF080000006C
:10F1F0007AB370B414460F2A15D902460B4640EA7A
:10F20000010515F0030F01D0013C0EE01946104630
:10F210000432043306680D68AE4204D11046194624
:10F22000043C042CF2D8013C0ED00A4603460444A8
:10F23000114618460133013206780D78AE4203D1EB
:10F2400018461146A342F3D100780B78C01A70BC5F
:10F250007047002070470EB400B586B007AA52F878
:10F26000041B05920390002304936FF00043029364
:10F2700001A800F0D3F806B05DF804EB03B07047C6
:10F28000037853B159B10144034613F8012F12B169
:10F290008B42FAD10B46181A70470346FBE7034628
:10F2A000F9E710B584B00C46114602900022039293
:10F2B00001941A46684600F0B1F804B010BD8446C7
:10F2C00040EA010313F0030F18D18446202A0BD320
:10F2D0002DE9F007B1E8F807A0E8F807A2F120024D
:10F2E000202AF7D2BDE8F007042A07D351F8043BDF
:10F2F00040F8043BA2F10402042AF7D2002A05D008
:10F3000011F8013B00F8013B013AF9D16046704722
:10F310008446002A2DD010F0030F04D000F8011B02
:10F32000013A26D0F7E7C9B241EA012141EA014199
:10F33000202A12D3A2F120022DE9F0030B460C463D
:10F340000D460E460F4688468946A0E8FA03203A45
:10F35000FBD2BDE8F00320320BD0042A05D340F8DD
:10F36000041B043A05D0042AF9D200F8011B013A23
:10F37000FBD160467047024610F0030F16D111F022
:10F38000030F13D12DE9F0004FF001374FF0803318
:10F3900051F8044BA4EB070525EA04051D4002D1F2
:10F3A00042F8044BF4E7A1F10401F0BC11F8013B71
:10F3B00002F8013B002BF9D1704700F1010110F078
:10F3C000030F11D010F8012B002A23D010F0030FE7
:10F3D0000AD010F8012B002A1CD010F0030F03D024
:10F3E00010F8012B002A15D02DE970004FF00132E2
:10F3F0004FF0803350F8044BA4EB020525EA0405D6
:10F400001D4000D1F6E7A0F1040070BC10F8012BFC
:10F41000002AFBD1A0EB0100704700002DE9F04F5E
:10F420002DED048B89B083460392002303600D46C3
:10F4300015F8011B002900F0BF86DFEDA48A00F05B
:10F44000ABBE002607E05E2866D146F4805601E098
:10F4500046F0400615462A4612F8010B3028F2D82D
:10F460001F2838D9A0F12003102B34D801A151F85E
:10F4700023F000BF51F40200D7F40200D7F40200D9
:10F48000B9F40200D7F40200D7F40200D7F4020066
:10F49000BFF40200D7F40200D7F40200D7F4020050
:10F4A000C5F40200D7F40200CBF40200D7F4020046
:10F4B000D7F40200D1F4020046F08006CAE746F411
:10F4C0000046C7E746F02006C4E746F01006C1E74D
:10F4D00046F40076BEE72A281ED1039B191D03912E
:10F4E0001F68002FBCBF7F4246F010061078AA1C90
:10F4F00027EAE7752E2824D00027742845D07A28DB
:10F5000043D06C2800F0C2804C2800F0C5806828E9
:10F5100000F0D38091463BE0A0F13003DBB2092B31
:10F5200088BF0027E4D8002707EB8707303800EBB7
:10F53000470712F8010BA0F13003DBB2092BF3D916
:10F54000D6E710782A280AD1039B191D03911F685A
:10F5500050780232002FD0DB46F48076CDE70132BE
:10F56000A0F13003DBB2092B88BF0027F4D80027B5
:10F5700007EB8707303800EB470712F8010BA0F1C3
:10F580003003DBB2092BF3D9E4E7914619F8010BFC
:10F59000782800F28480DFE810F0210682008200E3
:10F5A000820082008200820082008200820082004B
:10F5B000820082008200820082008200820082003B
:10F5C000820082008200820082008200820082002B
:10F5D000820082008200820082008200820082001B
:10F5E00082008200A30082008200820082008200EA
:10F5F00082008200820082008200820082008200FB
:10F6000082008200820082008200820082008200EA
:10F6100082008200820082008200820082008200DA
:10F6200082008200C401E101E601820082008200C2
:10F6300082008200820082008200820082008200BA
:10F64000820082008200820082001E01820082000D
:10F65000820082008200820082008200820082009A
:10F66000A9005301C601E301E801820053018200B1
:10F67000820082008200B900410104018200820000
:10F68000CE0082004C01820082002001914619F8D0
:10F69000010B46F001067BE746F0010691460C4B54
:10F6A0001C68002C00F0748503AB019300972B4677
:10F6B00032465946A04700F06BBD1078682809D043
:10F6C00002F1010946F0040662E700BF0000C842EB
:10F6D000B038002046F0080602F10209507857E7DA
:10F6E00025215846FFF740FD00F052BD039B1A1D2F
:10F6F00003921C78013D5A4629463046FFF75CFDCF
:10F7000021465846FFF730FDB0463AE016F0080FA4
:10F7100008D0DBF80020039B191D03911B681A70A9
:10F7200000F036BD039B1A1D03921B68DBF8002016
:10F730001A6000F02DBD039B1A1D03921C688C4BB0
:10F74000002C08BF1C4626F4007816F4807F23D0D6
:10F7500039462046FFF794FD0646AD1B5A4629461A
:10F760004046FFF729FD06F1FF3A56B127463444DB
:10F7700017F8011B5846FFF7F7FCBC42F8D14FF0D1
:10F78000FF3A18F0100F00F003855A462946202052
:10F79000FFF704FD00F0FCBC2046FFF70EFE064616
:10F7A000DBE7039B1A1D03921B6816F0800F0CBF4A
:10F7B0000024232446F4807608271A46002B00F004
:10F7C000B58404AB4FF0000806F40050DFF8A4C184
:10F7D000A64600F068BC46F4005616F0800F1BD019
:10F7E00043F2780443F25803782818BF1C4616F4F5
:10F7F000807F01D026F4007616F4804F32D0039B30
:10F800001A1D03921B6816F0040F1FD01BB2002BA9
:10F8100020DA5B422D242DE00024E8E716F0800F6B
:10F820000CBF0024302416F4807FE5D026F4007647
:10F83000E2E716F4807F07D026F400760024DBE7A9
:10F8400046F480460024D7E70024D5E716F0080FD9
:10F85000DDD0DBB216F0200F61D116F0400F18BFDB
:10F86000202407E0039B1A1D03921B6816F0040F67
:10F8700050D09BB216F4807F00F0E48326F400762B
:10F880005838202800F2398401A252F820F000BF35
:10F89000BBF70200FB000300FB000300FB000300BA
:10F8A000FB000300FB000300FB000300FB00030060
:10F8B000FB000300FB000300FB000300FB00030050
:10F8C00071000300FB000300FB000300FB000300CA
:10F8D000FB00030071000300FB000300FB000300BA
:10F8E000FB000300FB000300FB00030049000300D2
:10F8F000BBF70200FB000300FB000300FB0003005A
:10F90000FB00030071000300FB000300FB00030089
:10F91000BBF7020016F0080FACD0DBB2AAE72B242D
:10F92000A8E746F4005646F48066039B073323F0AD
:10F93000070303F108020392D3E90001FEF760FF19
:10F9400008EE100A16F4807F16D0B7B906F44067A7
:10F95000B7F5406F14BF002701270EE046F40056AC
:10F9600046F40066E1E746F4005646F44066DCE7FC
:10F970009C1503006C1503000627B0EE480AFEF73D
:10F9800069FF002840F0B980B0EE480AFEF76CFF2E
:10F990008046002840F0CA80B0EE480AFEF778FFA3
:10F9A000002840F0CC8018EE103A08EE103A07A874
:10F9B00000EE103AFEF7B6FF079B03EB4303C94A7C
:10F9C00082FB0312DB17C3EBA2030793B5EE408A59
:10F9D000F1EE10FA40F0BD8006F44064B4F5806F9B
:10F9E0000AD0B4F5406F40F06C81079BBB4203DA4C
:10F9F00013F1040F80F2658107984042FFF792FBF4
:10FA000028EE008A8DED028AB5EE408AF1EE10FAFA
:10FA100034D0B0EE480AFEF71DFF002840F0AF805A
:10FA2000F2EE047AB4EEE78AF1EE10FA0DDB079BF2
:10FA3000F2EE047A013388EE278AB4EEE78AF1EE1B
:10FA400010FAF7DA8DED028A0793DDED027AB7EE50
:10FA5000007AF4EEC77AF1EE10FA0FD5079B013B5E
:10FA6000F2EE046A1A4667EEA67A013BF4EEC77A14
:10FA7000F1EE10FAF6D4CDED027A079227B1B4F583
:10FA8000406F08BF07F1FF377842FFF74BFBF6EEF8
:10FA9000007A60EE277A9DED027A77EE877AB2EEF1
:10FAA000047AF4EEC77AF1EE10FA80F28180B0EEBB
:10FAB000678A002F00F0918006F40863B3F5006FA9
:10FAC0007ED026F4006302937B1DED1A013D16F4EF
:10FAD000805F00F0F380079A834B83FB0213A3EB54
:10FAE000E27303EB4303D31A0233042B00F2E480E6
:10FAF000DFE803F099DA9699DA00B5EEC08AF1EE04
:10FB000010FA0CD416F4005F784C794B08BF1C46F1
:10FB100016F0200F08BF013426F4807613E616F4A1
:10FB2000005F744C744B08BF1C46F5E716F4005F89
:10FB3000724C734B08BF1C4626F4807603E646F0F1
:10FB40006006F1EE487A17EE903A2EE7079B0133F4
:10FB5000079307980130FFF7E5FAB4EEC08AF1EE9B
:10FB600010FAF3DC02E0079B013B07930798FFF7CD
:10FB7000D9FAB4EEC08AF1EE10FAF4D42CE7B5EE5F
:10FB8000C08AF1EE10FA0CD416F4005F574C584BB3
:10FB900008BF1C4616F0200F08BF013426F48076FB
:10FBA000D1E516F4005F534C534B08BF1C46F5E7F4
:10FBB000079B01330793B2EE047A87EE878A78E7D2
:10FBC000092FA8BF09273846FFF7ACFA60EE087A7C
:10FBD000FCEEE77A17EE903A4BB926F400630293F5
:10FBE000053D16F080073FF472AF47466EE7454A81
:10FBF000A2FB0312D20802EB8202B3EB420F7FF4A6
:10FC000060AF4049A1FB0323DB08013FE5D0A1FB26
:10FC10000302D20802EB8202B3EB420FF2D050E7AC
:10FC20004FF0010808E0F2EE047A27EE888A013AE4
:10FC30000792013D4FF0020827EAE77716F0600FC0
:10FC400018BF05F1FF350798FFF7C3FA6328C8BF4F
:10FC500005F1FF35F0EE487ABCEEC87A17EE104A8F
:10FC6000B8EE478A37EEC88A25EAE57A029B13F494
:10FC7000047F00F0D580029B13F0200F00F0DE809F
:10FC800013F0400F14BF2D212B215846FFF76CFABB
:10FC9000029B13F0100F00F0DB801B4E08F10055A3
:10FCA000013D06EBC505EAE028EE888A023A079294
:10FCB000023D4FF00308BFE7D046BDE74FF0010813
:10FCC000BCE716F4806F3ED0079B0E2B3ADC013365
:10FCD000FC1A092CA8BF092416F0800F16D027465D
:10FCE00031E000BF6766666656555555B41503008A
:10FCF000BC150300A4150300AC150300C4150300D4
:10FD0000C8150300CDCCCCCCD0150300BB426BD0C2
:10FD1000F6EE009AB2EE049A2046FFF703FA28EEB8
:10FD2000000A30EE290AFEF7C5FDF0EE490AFFF79A
:10FD30007BF9B5EE400AF1EE10FA57D1013CEBD158
:10FD4000274600E0474626F480630293079B7842EB
:10FD5000A3F108028242C8BFA3F10900FFF7E2F94C
:10FD60004FF0FF30FEF7FCFD38EE008AB0EE489A07
:10FD700007980130FFF7D6F9B4EEC08AF1EE10FA19
:10FD800002DD079B013307930798002840DB092811
:10FD90002EDCFCEEC97A17EE904AB8EE678A39EE8F
:10FDA000488A0023079320460021092C35D9DFF823
:10FDB00058C44FF0010808F10108FCE902239942F8
:10FDC00008BF9042F7D207EB0803079A1344ED1AD5
:10FDD00006F080033B4318BF05F1FF3516F0600FB6
:10FDE00018BF05F1FF353FE72746ACE72746AAE7EE
:10FDF000A0F109030793C0F10900FFF793F929EE79
:10FE0000009AFCEEC97A17EE904A08EE108ACAE70B
:10FE1000002407944FF00108D5E74FF00108D2E71E
:10FE2000002D7FF728AF20255646013E294658462B
:10FE3000FFF79AF9002EF8D1B2461CE7029B13F0A7
:10FE4000400F3FF425AF20215846FFF78DF91FE7FB
:10FE5000BAF1000F3FF421AF30255646013E294646
:10FE60005846FFF781F9002EF8D1B24615E74FF05A
:10FE7000300C61465846FFF777F9B04515D0D5E903
:10FE80000023A846083D0021994208BF9442EED3C2
:10FE90004FF0300C0CF1010C5FFA8CFCA41A00211D
:10FEA000994208BF9442F5D2E3E7029B13F4006441
:10FEB00049D1002F55D1029B13F0800F40F0918162
:10FEC000029B13F4806F2FD013F4005F14BF452101
:10FED00065215846FFF748F9079B002BC0F2948034
:10FEE0002B215846FFF740F90799632900F39480C6
:10FEF0000799C14C84FB0132C917C1EBA201303113
:10FF0000C9B25846FFF730F9079B84FB0324D91781
:10FF1000C1EBA40101EB8101A3EB410303F130012B
:10FF2000C9B25846FFF720F9BAF1000F00F030814E
:10FF300020245546013D21465846FFF715F9002D6E
:10FF4000F8D1AA4624E1079B002BB2DD3025013B06
:10FF5000079329465846FFF707F9079B002BF6DC65
:10FF6000A7E72E215846FFF7FFF83D46092FA8BF07
:10FF7000092525EAE5757F1B8CB10798281AFFF73C
:10FF8000D1F820EE088AFCEEC87A17EE904A7DB3CD
:10FF900005F10055013D994B03EBC50519E02846D5
:10FFA000FFF7C0F820EE088AFCEEC87A17EE904AF8
:10FFB000EDE70CF1010C5FFA8CFCA41A00219942C8
:10FFC00008BF9442F5D261465846FFF7CDF8B045D8
:10FFD0000ED0D5E90023A846083D0021994208BF6C
:10FFE000944202D34FF0300CE3E74FF0300CEAE7D5
:10FFF000002F3FF465AF3024013F21465846FFF7FC
:020000023000CC
:10000000B3F8002FF8D15BE72D215846FFF7ACF885
:10001000079B5B42079367E7794C84FB0132C91762
:10002000C1EB62113031C9B25846FFF79DF8079A0B
:1000300084FB0231D317C3EB6113642101FB13234B
:10004000079355E701271BE41A464FF00008002BE1
:1000500055D004A94FF0000803F00703303301F82E
:10006000013B08F10108D2081346002AF4D146E00A
:1000700019464FF00008002B41D04FF0000806F45D
:10008000004E4FF02C0ADFF884C17346A6461C468A
:1000900024E002F00F015B4C615C03F8011B08F1E6
:1000A0000108120906D00028F3D002F00F011CF855
:1000B0000110F2E7744622E008AB03EB0800ACFB4A
:1000C0000132D20802EB8203A1EB4303303300F884
:1000D000103C08F1010809290DD91146002CEBD07C
:1000E00008F00303032BE7D108AB434403F810AC3B
:1000F00008F10108E0E7744601E04FF00008A7EBC3
:10010000080727EAE777ED1BA5EB0805FF2C10D9B8
:10011000023D16F4007F11D0C4F307215846FFF7C3
:1001200023F8E1B25846FFF71FF812E04FF000083D
:10013000E5E7002C5BD116F4007F0AD15A46294628
:100140003046FFF739F8FF2C98BF00252CD8002C3B
:10015000E7D15A4629463046FFF72EF85A46394627
:100160003020FFF71BF8B8F1010A0ED404AB544657
:100170001C449846217827465846FEF7F5FF44452B
:1001800004F1FF34F6D14FF0FF3A16F0100F0DD105
:100190004D4615F8011B79B125293FF452A958465F
:1001A000FEF7E2FFA946F3E70025B5E75A462946E0
:1001B0002020FEF7F3FFEBE7DBF808303BB1DBF87C
:1001C0000020DBF804108A423CBF00219954DBF880
:1001D000000009B0BDEC048BBDE8F08F4FF0FF309C
:1001E000F7E72E215846FEF7BFFF3D46C3E6013D27
:1001F00016F4007FABD1A1E767666666D0150300F1
:100200001F85EB515C150300D8150300CDCCCCCC79
:08021000B183020000000000B0
:1002180085C20200000000006DC80200F02E002018
:10022800A5BC0200102F002085C0020000000000BD
:100238007BCD0200F82A0020F3CA0200042F002018
:1002480091AA02000000000011AB020000000000AB
:0402580065A6020095
:08025C00D9830200000000003C
:100264008DCE02000000000061CF020000000000FB
:04027400D9B10200FA
:1002780000000000D82B002071650200433A5C554D
:10028800736572735C507572766573685C446F63EE
:10029800756D656E74735C4769744875625C5472F9
:1002A80061636B46575F4643435C3372645F7061BA
:1002B8007274795C6E5246355F53444B5F31365CDD
:1002C800636F6D706F6E656E74735C6C696272617A
:1002D800726965735C74696D65725C6170705F7476
:1002E800696D6572322E630001000600433A5C5561
:1002F800736572735C507572766573685C446F637E
:10030800756D656E74735C4769744875625C547288
:1003180061636B46575F4643435C3372645F706149
:100328007274795C6E5246355F53444B5F31365C6C
:10033800636F6D706F6E656E74735C6C6962726109
:10034800726965735C7574696C5C6170705F7574F3
:10035800696C5F706C6174666F726D2E630000006B
:100368002E2E2F3372645F70617274792F6E52462D
:10037800355F53444B5F31362F696E746567726120
:1003880074696F6E2F6E7266782F6E7266785F670B
:100398006C75652E680000002E2E2F3372645F7016
:1003A800617274792F6E5246355F53444B5F313614
:1003B8002F6D6F64756C65732F6E7266782F686128
:1003C8006C2F6E72665F7274632E6800433A5C55D8
:1003D800736572735C507572766573685C446F639D
:1003E800756D656E74735C4769744875625C5472A8
:1003F80061636B46575F4643435C3372645F706169
:100408007274795C6E5246355F53444B5F31365C8B
:10041800636F6D706F6E656E74735C6C6962726128
:10042800726965735C74696D65725C6472765F721B
:1004380074632E63000000000338FDD87047000085
:100448002E2E2F3372645F70617274792F6E52464C
:10045800355F53444B5F31362F636F6D706F6E6538
:100468006E74732F6C69627261726965732F657837
:10047800706572696D656E74616C5F7365637469CC
:100488006F6E5F766172732F6E72665F73656374E9
:10049800696F6E5F697465722E6800002E2E2F33A7
:1004A80072645F70617274792F6E5246355F53447F
:1004B8004B5F31362F636F6D706F6E656E74732F7F
:1004C8006C69627261726965732F6D757465782FD6
:1004D8006E72665F6D74782E68000000433A5C5552
:1004E800736572735C507572766573685C446F638C
:1004F800756D656E74735C4769744875625C547297
:1005080061636B46575F4643435C3372645F706157
:100518007274795C6E5246355F53444B5F31365C7A
:10052800636F6D706F6E656E74735C6C6962726117
:10053800726965735C7077725F6D676D745C6E72FB
:10054800665F7077725F6D676D742E6300000000E0
:10055800580203005C02030004000000433A5C55A3
:10056800736572735C507572766573685C446F630B
:10057800756D656E74735C4769744875625C547216
:1005880061636B46575F4643435C3372645F7061D7
:100598007274795C6E5246355F53444B5F31365CFA
:1005A800636F6D706F6E656E74735C6C6962726197
:1005B800726965735C6578706572696D656E746182
:1005C8006C5F73656374696F6E5F766172735C6E7E
:1005D80072665F73656374696F6E5F697465722EA6
:1005E80063000000433A5C55736572735C50757222
:1005F800766573685C446F63756D656E74735C478C
:1006080069744875625C547261636B46575F464310
:10061800435C3372645F70617274795C6E52463504
:100628005F53444B5F31365C636F6D706F6E656E00
:1006380074735C6C69627261726965735C736F7202
:10064800746C6973745C6E72665F736F72746C69D4
:1006580073742E6300000000433A5C55736572732F
:100668005C507572766573685C446F63756D656E12
:1006780074735C4769744875625C547261636B4655
:10068800575F4643435C3372645F70617274795C90
:100698006E5246355F53444B5F31365C696E746504
:1006A80067726174696F6E5C6E7266785C6C6567A0
:1006B8006163795C6E72665F6472765F636C6F63A8
:1006C8006B2E6300FFFFFFFF0006FF0000000040E5
:1006D800000000002E2E2F3372645F7061727479EF
:1006E8002F6E5246355F53444B5F31362F696E7417
:1006F8006567726174696F6E2F6E7266782F6E729D
:1007080066785F676C75652E68000000433A5C5533
:10071800736572735C507572766573685C446F6359
:10072800756D656E74735C4769744875625C547264
:1007380061636B46575F4643435C3372645F706125
:100748007274795C6E5246355F53444B5F31365C48
:100758006D6F64756C65735C6E7266785C647269E3
:10076800766572735C7372635C6E7266785F636CD5
:100778006F636B2E630000002E2E2F3372645F7040
:10078800617274792F6E5246355F53444B5F313630
:100798002F696E746567726174696F6E2F6E726609
:1007A800782F6E7266785F676C75652E680000003A
:1007B8002E2E2F3372645F70617274792F6E5246D9
:1007C800355F53444B5F31362F6D6F64756C6573BD
:1007D8002F6E7266782F68616C2F6E72665F677015
:1007E800696F2E6800000000433A5C5573657273A8
:1007F8005C507572766573685C446F63756D656E81
:1008080074735C4769744875625C547261636B46C3
:10081800575F4643435C3372645F70617274795CFE
:100828006E5246355F53444B5F31365C6D6F64756D
:100838006C65735C6E7266785C64726976657273F7
:100848005C7372635C6E7266785F6770696F7465FB
:100858002E630000433A5C55736572735C50757281
:10086800766573685C446F63756D656E74735C4719
:1008780069744875625C547261636B46575F46439E
:10088800435C3372645F70617274795C6E52463592
:100898005F53444B5F31365C6D6F64756C65735C98
:1008A8006E7266785C647269766572735C73726383
:1008B8005C7072735C6E7266785F7072732E630020
:1008C8002E2E2F3372645F70617274792F6E5246C8
:1008D800355F53444B5F31362F696E7465677261BB
:1008E80074696F6E2F6E7266782F6E7266785F67A6
:1008F8006C75652E680000002E2E2F3372645F70B1
:10090800617274792F6E5246355F53444B5F3136AE
:100918002F6D6F64756C65732F6E7266782F6861C2
:100928006C2F6E72665F6770696F2E68000000003A
:10093800433A5C55736572735C507572766573687B
:100948005C446F63756D656E74735C476974487554
:10095800625C547261636B46575F4643435C337213
:10096800645F70617274795C6E5246355F53444BB4
:100978005F31365C6D6F64756C65735C6E7266783A
:100988005C647269766572735C7372635C6E7266BE
:10099800785F7370696D2E630000000001A002008B
:1009A8002E2E2F3372645F70617274792F6E5246E7
:1009B800355F53444B5F31362F696E7465677261DA
:1009C80074696F6E2F6E7266782F6E7266785F67C5
:1009D8006C75652E680000002E2E2F3372645F70D0
:1009E800617274792F6E5246355F53444B5F3136CE
:1009F8002F6D6F64756C65732F6E7266782F6861E2
:100A08006C2F6E72665F6770696F2E680000000059
:100A1800433A5C55736572735C507572766573689A
:100A28005C446F63756D656E74735C476974487573
:100A3800625C547261636B46575F4643435C337232
:100A4800645F70617274795C6E5246355F53444BD3
:100A58005F31365C6D6F64756C65735C6E72667859
:100A68005C647269766572735C7372635C6E7266DD
:100A7800785F7477696D2E63000000000000000045
:100A880000000000000000000338FDD87047000097
:100A98002E2E2F3372645F70617274792F6E5246F6
:100AA800355F53444B5F31362F6D6F64756C6573DA
:100AB8002F6E7266782F68616C2F6E72665F677032
:100AC800696F2E68000000004E52465F5057525F13
:100AD8004D474D545F4556545F505245504152451D
:100AE8005F5359534F4646004E52465F5057525F28
:100AF8004D474D545F4556545F50524550415245FD
:100B08005F57414B45555000456E746572696E6775
:100B1800204446552C20796F75206D6179206861D5
:100B2800766520746F20666978207468697320631D
:100B38006F6465004E52465F5057525F4D474D54A3
:100B48005F4556545F505245504152455F52455398
:100B580045540000433A5C55736572735C50757276
:100B6800766573685C446F63756D656E74735C4716
:100B780069744875625C547261636B46575F46439B
:100B8800435C6663635F6761726E65745C6D61691F
:100B98006E2E6370700000000A46524F4D3A2025B1
:100BA8003032783A253032783A253032783A253062
:100BB80032783A253032783A253032782025640A5E
:100BC80000000000527373693A25640A00000000AF
:100BD800424154543A25660A00000000736B69705C
:100BE8007065642073656E64696E672025640A0009
:100BF8004E6F74696669656420776974682041433B
:100C08004B0A0000536F66746465766963652061FA
:100C180073736572746564210A0000000A52656383
:100C280065697665642064617461202825642062A2
:100C380079746573292066726F6D20424C45204E89
:100C480055533A2000000000253032583A00000081
:100C58000A000000434F4E4649475F445554000080
:100C68007564206661696C0A000000007564206D77
:100C7800656D6F7279206661696C0A004461746100
:100C8800206C656E2069732073657420746F203042
:100C9800782558282564290A00000000415454206A
:100CA8004D54552065786368616E676520636F6D84
:100CB800706C657465642E2063656E7472616C2057
:100CC80030782578207065726970686572616C206B
:100CD800307825780A00000055445F5374617274B7
:100CE8002E2E2E210A0000001B5B33326D4C6F52F2
:100CF8006120526164696F2053656C656374656433
:100D08000A1B5B306D0000001B5B33346D424C45A1
:100D180020526164696F2053656C65637465640A69
:100D28001B5B306D000000001B5B33326D4C6F5253
:100D38006120526164696F205472616E736D6974C9
:100D48000A1B5B306D0000001B5B33346D424C4561
:100D580020526164696F205472616E736D69740A00
:100D68001B5B306D000000001B5B33336D424C454C
:100D78002F4C6F526120526164696F20536C656516
:100D8800700A1B5B306D00001B5B33326D4C6F5279
:100D98006120496E74657276616C20526164696F76
:100DA80020726563656976650A1B5B306D0000001B
:100DB8001B5B33356D2D2D2D2D2D2D2D7363616E00
:100DC8004475726174696F6E3A2025640A1B5B3042
:100DD8006D0000001B5B33346D424C45205261644A
:100DE800696F205363616E0A1B5B306D0000000061
:100DF800446F206E6F74206D656173757265207421
:100E0800656D70657261747572650A001B5B3332BB
:100E18006D4C6F526120526164696F20436F6E742C
:100E2800696E756F7573205472616E736D69740A9B
:100E38001B5B306D000000001B5B33346D424C457A
:100E480020526164696F20436F6E74696E756F75A7
:100E580073205472616E736D69740A1B5B306D0088
:100E68001B5B33326D4C6F526120526164696F2095
:100E78004D6F64756C61746564205472616E736D36
:100E880069740A1B5B306D005273736954483A25C4
:100E98003032582C2042617474563A253032580A40
:100EA800000000006D696C6C69732025640A0000FD
:100EB800706F776572206D676D742D3E20656E7456
:100EC80072696E670A000000706F776572206D673F
:100ED8006D742D3E2065786974696E670A0000009C
:100EE8004F54413A2025640A00000000616476549A
:100EF800696D653A2025640A00000000626C65741B
:100F0800786C6576656C2864293A2025640A0000A7
:100F18006C6F726174786C6576656C2864293A2008
:100F280025640A00736C65657054696D653A2025FF
:100F3800640A00007363616E4475726174696F6E50
:100F48003A2025640A0000004D4F44453A202564A4
:100F58000A0000001B5B33346D6368616E6E656C5C
:100F68003A2025640A1B5B306D0000001B5B33329E
:100F78006D6368616E6E656C3A20252E32660A1BB9
:100F88005B306D00526164696F3A2025640A000085
:100F98004D4143203D20253032583A253032583AC9
:100FA800253032583A253032583A253032583A25C9
:100FB8003032580025730A005363616E3A20256465
:100FC800094164763A20256409536C6565703A20B6
:100FD80025640A006E524625782056617269616E52
:100FE800743A2025632563256325630A0000000001
:100FF8007061636B6167653A2025780A000000001C
:1010080044657649443A20257825780A000000008E
:101018002D2D2D2D3E2046696E616C20544D50318A
:1010280031372054656D70203D2025332E326620DF
:1010380025430A001B5B33326D6C6F72615F72610E
:1010480064696F5F64697361626C650A1B5B306D0C
:10105800000000001B5B33326D6C6F72615F726160
:1010680064696F5F63775F6D6F64652074696D6530
:10107800640A1B5B306D00006770696F74652069D6
:101088006E6974206661696C656420666F72204CB5
:101098006F7261205350490A000000004C6F526182
:1010A80020726164696F20696E6974206661696C79
:1010B80065640A004C6F526120726164696F20692F
:1010C8006E697420737563636573730A00000000AA
:1010D800FFFFFFFF06FF00000000004000000000C7
:1010E8000100020048656C6C6F20576F726C642CAD
:1010F8002054686973206973204C6F7261204D6FAA
:1011080064756C61746564204361727269657220EC
:10111800576176650A0D0000682D00200000000068
:101128000030004000000000010000005465726DAE
:10113800696E616C000000005254540053454747E3
:1011480045520000433A5C55736572735C50757282
:10115800766573685C446F63756D656E74735C4720
:1011680069744875625C547261636B46575F4643A5
:10117800435C3372645F70617274795C6E52463599
:101188005F53444B5F31365C636F6D706F6E656E95
:1011980074735C626C655C636F6D6D6F6E5C626CC2
:1011A800655F636F6E6E5F73746174652E630000B4
:1011B8002E2E2F3372645F70617274792F6E5246CF
:1011C800355F53444B5F31362F636F6D706F6E65BB
:1011D8006E74732F6C69627261726965732F6578BA
:1011E800706572696D656E74616C5F73656374694F
:1011F8006F6E5F766172732F6E72665F736563746C
:10120800696F6E5F697465722E680000433A5C55B9
:10121800736572735C507572766573685C446F634E
:10122800756D656E74735C4769744875625C547259
:1012380061636B46575F4643435C3372645F70611A
:101248007274795C6E5246355F53444B5F31365C3D
:10125800636F6D706F6E656E74735C736F667464C4
:1012680065766963655C636F6D6D6F6E5C6E7266E3
:101278005F7364682E6300000100000764020300C6
:1012880074020300080000002E2E2F3372645F7072
:10129800617274792F6E5246355F53444B5F313615
:1012A8002F636F6D706F6E656E74732F6C696272E9
:1012B80061726965732F6578706572696D656E74A2
:1012C800616C5F73656374696F6E5F766172732FAB
:1012D8006E72665F73656374696F6E5F6974657259
:1012E8002E680000433A5C55736572735C507572E2
:1012F800766573685C446F63756D656E74735C477F
:1013080069744875625C547261636B46575F464303
:10131800435C3372645F70617274795C6E524635F7
:101328005F53444B5F31365C636F6D706F6E656EF3
:1013380074735C736F66746465766963655C636F08
:101348006D6D6F6E5C6E72665F7364685F626C650C
:101358002E63000018020300580203000800000072
:101368002E2E2F3372645F70617274792F6E52461D
:10137800355F53444B5F31362F636F6D706F6E6509
:101388006E74732F6C69627261726965732F657808
:10139800706572696D656E74616C5F73656374699D
:1013A8006F6E5F766172732F6E72665F73656374BA
:1013B800696F6E5F697465722E680000433A5C5508
:1013C800736572735C507572766573685C446F639D
:1013D800756D656E74735C4769744875625C5472A8
:1013E80061636B46575F4643435C3372645F706169
:1013F8007274795C6E5246355F53444B5F31365C8C
:10140800636F6D706F6E656E74735C736F66746412
:1014180065766963655C636F6D6D6F6E5C6E726631
:101428005F7364685F736F632E63000010020300CC
:1014380018020300080000000338FDD870470000B8
:101448002E2E2F3372645F70617274792F6E52463C
:10145800355F53444B5F31362F6D6F64756C657320
:101468002F6E7266782F68616C2F6E72665F677078
:10147800696F2E680000000003000200433A5C55C3
:10148800736572735C507572766573685C446F63DC
:10149800756D656E74735C4769744875625C5472E7
:1014A80061636B46575F4643435C7378313236312C
:1014B8005C52485F5358313236782E6370700000A2
:1014C80073656E6420636F6D6D616E64206661691B
:1014D8006C0A0000256300000A00000053583132EE
:1014E800363120434849502053454C4543544544E0
:1014F8000A00000053583132363220434849502000
:1015080053454C45435445440A0000004C6F526112
:1015180020706F7765723A2025640A00697271201D
:101528003D2025640A000000547820446F6E650A47
:10153800000000006C656E2025642C2052737369CE
:101548002025642C204672657120657272202564FE
:101558000A000000303132333435363738396162A9
:101568006364656630313233343536373839414251
:1015780043444546210000002200000000002041AD
:101588000000C84200401C4620BCBE4CCA1B0E5A74
:10159800AEC59D74286E756C6C2900002D494E46A9
:1015A800000000002D696E66000000002B494E46C1
:1015B800000000002B696E66000000004E414E00DE
:1015C8006E616E00000000000100000000000000D5
:1015D8000A00000000000000640000000000000095
:1015E800E8030000000000001027000000000000D1
:1015F800A08601000000000040420F00000000002B
:10160800809698000000000000E1F5050000000049
:1016180000CA9A3B0000000000E40B5402000000DE
:1016280000E87648170000000010A5D4E800000084
:1016380000A0724E1809000000407A10F35A00000A
:101648000080C6A47E8D03000000C16FF2862300CF
:1016580000008A5D78456301000064A7B3B6E00D19
:081668000000E8890423C78A91
:1016700000100140110004000090D00300C0644439
:101680005900000049540100EC2E00200100040024
:10169000000000000000000000000000000000004A
:1016A00000000000F02A002000000000FFFF000002
:1016B00064000000000100000000000000000000C5
:1016C000000000004C3300201F0000001F0028080D
:040000032000635D19
:00000001FF
