:020000022000DC
:10600000000001205D630200B9630200BB6302006F
:10601000BD630200BF630200C16302000000000014
:10602000000000000000000000000000C363020048
:10603000C563020000000000C7630200C9630200DC
:10604000F1890200CB630200CD960200E5A00200B8
:1060500039A50200CB630200ED930200CB6302007E
:10606000CB630200CB630200CB630200CB63020070
:10607000CB630200CB630200CB630200CB63020060
:10608000CB63020011750200CB630200CB630200F8
:10609000CB630200CB630200A5000300CB630200C8
:1060A000CB630200CB630200CB630200CB63020030
:1060B000CB630200CB630200000000000000000080
:1060C000CB630200CB630200CB630200CB63020010
:1060D000CB630200CB630200CB6302000000000030
:1060E00000000000000000000000000000000000B0
:1060F00000000000000000000000000000000000A0
:10610000000000000000000000000000000000008F
:10611000000000000000000000000000000000007F
:10612000000000000000000000000000000000006F
:10613000000000000000000000000000000000005F
:10614000000000000000000000000000000000004F
:10615000000000000000000000000000000000003F
:10616000000000000000000000000000000000002F
:10617000000000000000000000000000000000001F
:10618000000000000000000000000000000000000F
:1061900000000000000000000000000000000000FF
:1061A00000000000000000000000000000000000EF
:1061B00000000000000000000000000000000000DF
:1061C00000000000000000000000000000000000CF
:1061D00000000000000000000000000000000000BF
:1061E00000000000000000000000000000000000AF
:1061F000000000000000000000000000000000009F
:10620000354936480A1A02D0072291438D4634494F
:1062100034480A1A06D00722914381F309880222E2
:1062200082F3148830483149314A00F044F831484B
:106230003149324A00F03FF831483249324A00F0E1
:106240003AF832483249334A00F035F83248334997
:10625000334A00F030F833483349344A00F02BF821
:1062600033483449344A00F026F83448344900228F
:1062700000F02CF833483449002200F027F8334866
:106280003349091A082902DB002202604160314AC1
:1062900090471F481F49884205D00268043003B464
:1062A000904703BCF7E700208646EC46002000211B
:1062B000294A9047FEE7884207D0521A05D0037852
:1062C00001300B700131013AF9D17047884202D098
:1062D00002700130FAE770470000012000E0002062
:1062E000000001200000012040450300D82A0020C2
:1062F000682B0020D0630200D0630200D02B030083
:1063000040450300D82A0020D82A0020342C03005E
:10631000342C0300382C0300342C0300342C0300ED
:10632000342C0300382C0300382C030040450300B4
:10633000D0450300682B0020682B0020682B00202C
:1063400074400020744000207840002078400020F5
:10635000786000208563020095C5020000F036B821
:106360000F484FF00701884385460E4880470E4886
:10637000016841F470010160BFF34F8FBFF36F8F6D
:10638000FFF73EBF09480A490A4A884207D0521A15
:1063900005D0037801300B700131013AF9D1704713
:1063A00000000120A57B020088ED00E0342C0300F2
:1063B000D82A0020D82A0020FEE7FEE7FEE7FEE705
:1063C000FEE7FEE7FEE7FEE7FEE7FEE7FFF7C8BFF2
:1063D000004870476C40002086B003900291019203
:1063E00001238DF817309DF81730214A039B136065
:1063F0001F4A029B53601E4A019B9360039B44F219
:106400000102934213D0039B44F20202934221D132
:10641000019B174AD360164BDB681B881A46144B46
:106420009A61134BDB685B68114AD36112E0019BF0
:106430000F4A13610E4B1B699B680D4A53610C4B4D
:106440001B691B680A4A9361094B1B695B68084A10
:10645000D36100BF72B600BF00BF9DF81730DBB23A
:10646000002BFAD162B600BF00BF06B0704700BF74
:10647000682B002000B583B002900091019244F295
:10648000010071466A4600F003F803B000BD00BF8A
:1064900000B587B003900291019272B600BF039BD2
:1064A00044F20202934217D0039B44F20202934249
:1064B00018D8039B44F20102934210D0039B44F28C
:1064C000010293420ED8039B012B0DD0039B41F296
:1064D000010293420AD005E0019B059307E0019B6E
:1064E000049304E000BF02E000BF00E000BF084BDF
:1064F0001B6803F00103002B00D000BE019A029933
:106500000398FFF769FF00BF07B05DF804FB00BF09
:10651000F0ED00E0F0B583B0124800F0DFFF034675
:1065200018464FF00001104BD3E90023861841EBC9
:106530000307CDE900670D4BD3E90023DDE9000136
:10654000994208BF904207D2DDE9002312F180741E
:1065500043F10005CDE90045DDE900231046194669
:1065600003B0F0BDD82A0020902B0020982B0020EB
:1065700088B001900091019B0793009B0693079BB5
:10658000D3E90223CDE90423069BD3E90223CDE915
:106590000223DDE90423DDE90201994208BF9042AC
:1065A0002CBF01230023DBB2184608B0704700005F
:1065B00030B585B00190019B5B69002B03D12B495D
:1065C000A22004F0ADFB00238DF80F30284B1B7880
:1065D000002B45D0019B002B42D0019B1B7FDBB2DF
:1065E000002B3DD0FFF796FF019BD3E90223994290
:1065F00008BF90422CD3019B1B69002B02D1019B49
:1066000000221A77019B5B69019A926910469847AC
:10661000019B1B69002B23D0019B1B7FDBB2002B4E
:106620001ED0019BD3E90201019B1B691A464FF062
:106630000003841841EB0305019BC3E90245019B5C
:1066400019460C4801F0E8F901238DF80F3007E0F6
:10665000019B1946074801F0DFF901238DF80F303F
:106660009DF80F30184605B030BD00BF442C030024
:106670008C2B0020382C0300F0B589B001900091DC
:106680000D230793009B00221A70019BD3E902455A
:10669000FFF740FF02460B46A61A65EB0307CDE95C
:1066A0000467DDE90423012A73F100031BDB049B6B
:1066B000B3F5350F05D300F0B7FA0246154B134476
:1066C00003E0019BD3E90223134603934FF496039F
:1066D000039A0021104800F003FE0790079B002B4F
:1066E00005D1012313E000210B4800F0D1FE079BE8
:1066F0000D2B07D10198FFF75BFF03461A46009B5D
:106700001A7003E00549F52004F00AFB002318463F
:1067100009B0F0BDFFFFB400D82A0020442C0300CC
:1067200000B583B0044801F0B1F90190019B18460F
:1067300003B05DF804FB00BF382C030000B583B044
:10674000044801F0C5F90190019B184603B05DF8BB
:1067500004FB00BF382C030000B583B0FFF7E0FF57
:106760000190019B002B02D0019B00221A77019B14
:10677000002BF3D100BF00BF03B05DF804FB0000A5
:10678000054BD3E9002312F1807043F10001024B65
:10679000C3E9000100BF7047902B002000B583B013
:1067A0000190134B1B68002B1DD0019800F096FE42
:1067B0000F4B1B68D3E90223134623F07F4319468E
:1067C00000F026FA0346B3F5960F04D309494FF4B7
:1067D000957004F0A5FA064B1B681846FFF7E8FE13
:1067E000034B00221A6000BF03B05DF804FB00BF3A
:1067F000882B0020442C030000B583B00190FFF7E4
:1068000089FE02460B460349C1E9002300BF03B0DD
:106810005DF804FB982B002000B587B00190FFF7CE
:106820008DFF049000238DF81730049B002B48D077
:106830002B4B1B68002B03D101238DF8173019E077
:10684000049BD3E90201264B1B68D3E9022399423A
:1068500008BF90420ED201238DF81730204B1B68E1
:106860001B7FDBB2002B05D01D4B1B6819461D4852
:1068700001F0D2F89DF81730002B2AD0FFF750FF17
:1068800004900DF10F0319460498FFF7F5FE034637
:10689000002B12D0124B1B68002B02D1019800F084
:1068A0002BFC0F4A049B13609DF80F3083F001030B
:1068B000DBB2002BB3D000BF0EE0094B00221A6000
:1068C000ADE7074B1B68002B05D1019800F02AFCAF
:1068D00001E000BF00E000BF00BF07B05DF804FBAF
:1068E000882B0020382C030000B587B001902C4A7B
:1068F00003AB1946104600F0EEFE059048E0059BFC
:106900001B78022B2ED0022B32DC002B02D0012B65
:1069100014D02DE0059B5B681B7FDBB283F0010385
:10692000DBB2002B26D0059B5B6801221A77059B02
:106930005B6819461B4801F06FF81BE0059B5A681D
:10694000194B1B689A4203D1174B00221A6012E0C0
:10695000059B5B681946134801F0CEF803468DF895
:10696000133008E0FFF7F8FE104B01221A7002E026
:1069700000BF00E000BF0A4A03AB1946104600F012
:10698000C3FE074A03AB1946104600F0A4FE05906B
:10699000059B002BB3D100BF00BF07B05DF804FB1F
:1069A000F82B0020382C0300882B00208C2B002093
:1069B00000B583B00190019800F05DFD0346002B07
:1069C00001D0FFF7DDFE0021019800F072FD0346C3
:1069D000002B02D00198FFF7E1FE0121019800F0A1
:1069E00068FD0346002B02D00198FFF705FF0198D0
:1069F000FFF77AFF0198FFF70FFF00BF03B05DF8C4
:106A000004FB000008B5024800F075FD00BF08BD9A
:106A1000D82A002000B585B0034600918DF80730D4
:106A2000114A02AB1946104600F028FE0390039B62
:106A3000002B13D0039B9DF807201A70039B009A2C
:106A40005A60094A02AB1946104600F030FE034670
:106A5000002B01D0FFF7D6FF002300E004231846E7
:106A600005B05DF804FB00BFF82B002000B583B033
:106A7000164B1B680093164808235822154900F04E
:106A8000CAFD0190019B002B01D0019B19E06B46D0
:106A9000114A1946114800F0CFFA0190019B002BD2
:106AA00001D0019B0DE001210C4800F0D3FC012333
:106AB0000B4A0121094800F04BFB0A4B01221A70D6
:106AC000019B184603B05DF804FB00BFB02C030027
:106AD000F82B0020A02B0020B1690200D82A00204A
:106AE000FFFF7F008C2B002000B587B003900B4682
:106AF00001928DF80B30039B002B04D1134940F217
:106B00002E2004F00DF9019B002B04D10F4940F217
:106B10002F2004F005F9019B002B01D1072310E081
:106B2000039B1B680593059B019A5A619DF80B30E6
:106B3000012B0CBF01230023DBB21A46059B1A610F
:106B40000023184607B05DF804FB00BF442C030087
:106B500030B587B0039002910192039B002B04D1C2
:106B6000154940F23E2004F0DBF8039B0593059B9A
:106B70001B7FDBB2002B01D000231AE0059B019A9A
:106B80009A61FFF7C7FC029B1A464FF00003841876
:106B900041EB0305059BC3E90245059B1B69002BDF
:106BA00002D0059B029A1A6105990020FFF732FF77
:106BB0000346184607B030BD442C030000B585B02D
:106BC0000190019B002B04D109494FF4157004F08A
:106BD000A7F8019B0393039B00221A7703990120D6
:106BE000FFF718FF0346184605B05DF804FB00BF29
:106BF000442C030008B5054B00221A700021022026
:106C0000FFF708FF0346184608BD00BF8C2B002085
:106C100082B001900091019A009BD31A23F07F4328
:106C2000184602B07047000008B5034800F056FC53
:106C30000346184608BD00BFD82A002082B0EFF3F3
:106C400010830093009B019372B600BF019B18460E
:106C500002B0704762B600BF00BF704700B585B094
:106C60000190FFF7EBFF0390164B9B68002B1BD1A5
:106C7000144B01229A60144BD3F88020134B13401D
:106C8000104A1360104B114AC3F880200E4BD3F802
:106C900084300C4A53600C4B4FF0FF32C3F8842011
:106CA000019B00221A7002E0019B01221A70039BD3
:106CB000002B01D1FFF7CEFF0023184605B05DF889
:106CC00004FB00BF0C2C002000E100E0FC06FFBD2F
:106CD00000B585B003468DF80730104B9B68002B3C
:106CE00016D09DF80730002B12D1FFF7A7FF0390B5
:106CF0000B4A0A4B1B681360094A084B5B685360D8
:106D0000064B00229A60039B002B01D1FFF7A2FFE4
:106D10000023184605B05DF804FB00BF0C2C0020D2
:106D200000E100E000B583B0019000F02BF80346CD
:106D3000012B03D00549432003F0F2FF0198FFF730
:106D40008DFF00BF03B05DF804FB00BFB42C03004F
:106D500000B583B003468DF8073000F013F8034602
:106D6000012B03D00649512003F0DAFF9DF80730CC
:106D70001846FFF7ADFF00BF03B05DF804FB00BF8E
:106D8000B42C030084B0EFF305830193019BC3F39C
:106D900008030393039B002B0DD1EFF3148300939F
:106DA000009B0293029B03F00103002B0CBF012305
:106DB0000023DBB200E00123184604B07047000056
:106DC00082B003468DF807309DF8073003F01F02AC
:106DD00005499DF907305B09012000FA02F241F8EC
:106DE000232000BF02B0704700E100E082B00346FC
:106DF0008DF807309DF8073003F01F0206499DF912
:106E000007305B09012000FA02F2403341F82320E9
:106E100000BF02B0704700BF00E100E082B003464F
:106E200000918DF807309DF90730002B0CDA009B9C
:106E3000DAB20C499DF8073003F00F03043B52010E
:106E4000D2B20B441A7609E0009BDAB206499DF9EA
:106E500007305201D2B20B4483F8002300BF02B0C6
:106E6000704700BF00ED00E000E100E000B583B036
:106E700003460A468DF8073013468DF806309DF814
:106E80000630012B03D99DF80630032B0BD99DF852
:106E90000630042B03D99DF80630072B03D9084987
:106EA0006B2003F03DFF9DF806209DF90730114649
:106EB0001846FFF7B3FF00BF03B05DF804FB00BF47
:106EC000282D030000B583B003468DF807309DF9E7
:106ED00007301846FFF774FF00BF03B05DF804FBEE
:106EE00000B585B00190019B002B0AD0074B43F001
:106EF00001030393019B9B010293039B0298984714
:106F000000E000BF05B05DF804FB00BF002E0300E9
:106F100084B0039002910192039B029A02F5A87239
:106F2000019943F8221000BF04B0704782B001906D
:106F30000091019B009A02F5A87253F8223018467E
:106F400002B0704782B001900091019B009AC3F893
:106F5000042300BF02B0704782B001900091019BF2
:106F6000009AC3F8082300BF02B0704782B00190B6
:106F70000B46ADF80230BDF80230019A13441B688D
:106F8000184602B0704784B001900B46ADF802304D
:106F9000BDF80230019A134400221A60BDF8023095
:106FA000019A13441B680393039B00BF04B070470E
:106FB00082B00190019BD3F80435184602B07047A7
:106FC00000B583B001900091009BB3F5805F04D3BE
:106FD00006494FF4BE7003F0A3FE019B009AC3F86C
:106FE000082500BF03B05DF804FB00BF602D03005F
:106FF00082B001900B468DF803309DF80320019B71
:1070000013441A460123136000BF02B0704782B0D8
:1070100001900091019B009AC3F8442300BF02B085
:10702000704782B001900091019B009AC3F84823F9
:1070300000BF02B07047000000B587B00390029116
:107040000192039B002B03D12849552003F068FED1
:10705000029B002B03D12549562003F061FE019BC2
:10706000002B03D12149572003F05AFE039B5B7983
:1070700019461F4A019B42F82130039B5B791D4A48
:10708000DB0013441B79002B03D008230593059BD9
:1070900027E0039B1A68029B1B8819461046FFF7DE
:1070A0008FFF039B93F90420029B9B78194610469F
:1070B000FFF7DCFE039B93F904301846FFF702FF4D
:1070C000039B5B790B4ADB00134401221A71039B7B
:1070D0005B791946074A039B42F831300023059338
:1070E000059B184607B05DF804FB00BF942D030014
:1070F000182C00201C2C002000B583B00190019BAF
:10710000002B03D10649872003F00AFE019B1B6870
:1071100000211846FFF76CFF00BF03B05DF804FBC9
:10712000942D030000B583B00190019B002B03D187
:1071300006498D2003F0F4FD019B1B6804211846CD
:10714000FFF756FF00BF03B05DF804FB942D03006A
:1071500000B587B00390029101928DF80330039B34
:10716000002B03D12149962003F0DAFD4FF4803241
:10717000029B02FA03F30593029B50339BB29B00E0
:10718000ADF81230019B23F07F430193039B1B68F2
:1071900005991846FFF7E0FE039B1B680599184602
:1071A000FFF73FFF039B1B68BDF8122011461846EE
:1071B000FFF7E9FE039B1B68019A02991846FFF747
:1071C000A7FE039B1B6805991846FFF720FF9DF853
:1071D0000330002B05D0039B1B6805991846FFF769
:1071E000B1FE00BF07B05DF804FB00BF942D0300A3
:1071F00000B585B00390029113468DF80730039BCC
:10720000002B03D10B49A92003F08AFD039B1B68C7
:1072100002991846FFF7FBFE9DF80730002B05D0BA
:10722000039B1B6802991846FFF78CFE00BF05B050
:107230005DF804FB942D030000B583B0019000912C
:10724000019B002B03D10A49B32003F069FD019B88
:107250001B6800991846FFF7E4FE019B1B68009924
:107260001846FFF779FE00BF03B05DF804FB00BFCE
:10727000942D030000B583B001900B46ADF80230A9
:10728000019B002B03D10F49BA2003F049FD019B5C
:107290001B68BDF8022011461846FFF767FE03463B
:1072A000002B09D0019B1B68BDF80220114618462F
:1072B000FFF769FE012300E00023184603B05DF8E4
:1072C00004FB00BF942D030082B001900091019A4D
:1072D000009BD31A23F07F43184602B0704700008A
:1072E00000B58BB00390029101920093039B002B99
:1072F00003D15749CD2003F013FD4FF48032029B98
:1073000002FA03F30993029B50339BB29B00ADF842
:107310002230019B23F07F43019309990398FFF7E3
:107320008BFF039B1B681846FFF742FE0790039BE9
:107330001B6802991846FFF7F9FD0690039B1B682E
:10734000079A02991846FFF7E3FD039B1B68BDF8F7
:10735000222011461846FFF716FE07990698FFF7F8
:10736000B3FF0346012B0AD11020FFF7B9FD039BA1
:107370001B68BDF8222011461846FFF704FE039B48
:107380001B681846FFF714FE079007990198FFF74E
:107390009BFF0590039B1B6809991846FFF737FE72
:1073A000059B012B15D1039B1868019B01331A46DD
:1073B0000299FFF7ADFD1020FFF792FD039B1B68BC
:1073C0001846FFF7F5FD0246079B934235D00D2383
:1073D00039E0039B1B68019A02991846FFF798FD54
:1073E000039B1B681846FFF7E3FD0790019B013BD9
:1073F00007991846FFF768FF0590009BC3F1FF133C
:1074000003F57F43059A9A4201D90D231BE0059BA2
:10741000002B12D1039B1868019B01331A46029975
:10742000FFF776FD039B1B681846FFF7C1FD024678
:10743000079B934201D00D2305E00122099903988F
:10744000FFF7D6FE002318460BB05DF804FB00BF23
:10745000942D030000B583B001900B468DF80330E6
:107460009DF803301A4602210198FFF7C1FE00BFC4
:1074700003B05DF804FB00B583B001904FF4827156
:107480000198FFF7F7FE0346184603B05DF804FBCA
:1074900000B583B0019000914FF48032009B02FA56
:1074A00003F319460198FFF7C7FE00BF03B05DF86C
:1074B00004FB00B585B001900091009B50339BB256
:1074C0009B00ADF80E30BDF80E3019460198FFF75D
:1074D000D1FE0346184605B05DF804FB00B583B045
:1074E0000190019B1B681846FFF762FD0346184692
:1074F00003B05DF804FB00B583B00190019B93F9E4
:1075000004301846FFF772FC00BF03B05DF804FBBF
:1075100008B5044B1B68044A12681046984700BF20
:1075200008BD00BF182C00201C2C002086B0019044
:107530000091019B53E8011F8AB2D88902449889BF
:10754000824228BF121A1889824202BFBFF32F8FCE
:10755000002307E0C2EA010243E801200028E9D144
:107560004FF001038DF80F30059002910492029ABA
:10757000009B1A609DF80F30DBB2184606B07047CA
:1075800084B00190019951E8013FC3EA034341E807
:107590000132002AF7D10392029300BF04B0704772
:1075A00086B001900091019B53E8021F1FFAA1F2DF
:1075B000D888824202BFBFF32F8F00230DE0D88905
:1075C00002449889824228BF121AC1EA024243E863
:1075D00002200028E8D14FF001038DF80F3005900C
:1075E00002910492029A009B1A609DF80F30DBB260
:1075F000184606B0704784B00190019951E8023FE7
:10760000C3EA234341E80232002AF7D103920293EE
:1076100000BF04B0704784B00390029111461A462F
:107620000B46ADF806301346ADF80430029B002B34
:1076300001D10E231FE0BDF80630BDF80420B3FBD6
:10764000F2F102FB01F29B1A9BB2002B01D009233D
:1076500011E0039B029A1A60039B00225A60039B6D
:1076600000229A60039BBDF806209A81039BBDF817
:107670000420DA810023184604B0704700B585B0B5
:1076800001900091009B19460198FFF74FFF0346B8
:10769000002B07D0019B1B68009A128813440393A8
:1076A000039B00E00023184605B05DF804FB00B51D
:1076B00083B001900091009B1A88009B5B889A42DE
:1076C00004D10198FFF75CFF012300E00023184676
:1076D00003B05DF804FB00B585B001900091009BFC
:1076E00019460198FFF75CFF0346002B07D0019B6A
:1076F0001B68009A528813440393039B00E0002305
:10770000184605B05DF804FB00B583B00190009108
:10771000009B1A88009B5B889A4204D10198FFF76E
:107720006AFF012300E00023184603B05DF804FB64
:1077300000B585B001900091009B5B099B00019A08
:107740001A44009B03F01F03012101FA03F31946B9
:10775000104600F036F8039000BF05B05DF804FB5A
:1077600000B585B001900091009B5B099B00019AD8
:107770001A44009B03F01F03012101FA03F3DB43CA
:107780001946104600F035F8039000BF05B05DF8CB
:1077900004FB82B001900091009B5B099B00019A61
:1077A00013441A68009B03F01F0322FA03F303F04B
:1077B0000103002B14BF01230023DBB2184602B0E3
:1077C000704710B487B001900091019B009A53E874
:1077D000004F44EA020043E8000191F0000FF6D1A7
:1077E000059404900391049B184607B05DF8044B80
:1077F000704710B487B001900091019B009A53E844
:10780000004F04EA020043E8000191F0000FF6D1B6
:10781000059404900391049B184607B05DF8044B4F
:107820007047000082B003468DF807309DF807309E
:1078300003F01F0206499DF907305B09012000FA99
:1078400002F2603341F8232000BF02B0704700BF4E
:1078500000E100E000B583B00190019B002B03D153
:107860000649722003F05CFA019B00221A60BFF304
:107870005F8F00BF00BF03B05DF804FB642E030000
:1078800041DF704700BF184600B585B000238DF872
:1078900003300DF103031846FFF744FAF1EE103AF6
:1078A0000193019B0393039B23F09F030293029B8D
:1078B000E1EE103A00BFBFF35F8F00BF2620FFF755
:1078C000B1FF9DF803301846FFF742FA039B03F01F
:1078D0000703002B03D004497D2003F021FA00BFE9
:1078E00005B05DF804FB00BFA42E030008B5064BED
:1078F00000221A700548FFF7ADFF0549054800F062
:107900002FF80023184608BD282C0020242C002026
:10791000182F03002C2C002000B583B0FFF7B4FF14
:1079200008F092FB0346002B0ED0FFF7A9FF019051
:10793000019B002B0ED0019B022B0BD007494FF46B
:10794000B07003F0EDF905E020BF00BF40BF00BFFD
:1079500020BF00BF00BF03B05DF804FBA42E0300EE
:1079600000B583B001900091019B002B03D1104919
:10797000502003F0D5F9009B002B03D10C49512076
:1079800003F0CEF9019B009A1A60019B1B681A68EC
:10799000019B5A60019B5A68019B1B685B689A4275
:1079A00002D1019B00225A6000BF03B05DF804FBC6
:1079B000242F030000B583B00190019B002B03D15D
:1079C0001449632003F0ACF9019B1B68002B03D121
:1079D0001049642003F0A4F9019B5B68002B14D0CC
:1079E000019B5B681A46019B1B689B6813441A46FF
:1079F000019B5A60019B5A68019B1B685B689A4215
:107A000004D1019B00225A6000E000BF03B05DF882
:107A100004FB00BF242F030000B585B00190009146
:107A2000019B002B03D118493A2003F079F9009B00
:107A3000002B03D114493B2003F072F9019B5B68D2
:107A400003930FE0019B9B68039A1268009910460C
:107A50009847034683F00103DBB2002B07D1039B59
:107A60001B680393039B1B68002BEBD100E000BF56
:107A7000039B1A68009B1A60039B009A1A6000BF60
:107A800005B05DF804FB00BFAC2F030000B585B066
:107A90000190019B002B03D10C49512003F040F9C8
:107AA000019B5B681B680393019B5B681B68002B51
:107AB00006D0019B5B681A68019B5B6812681A60BC
:107AC000039B184605B05DF804FB00BFAC2F030014
:107AD00000B583B00190019B002B03D105495D20C7
:107AE00003F01EF9019B5B681B68184603B05DF844
:107AF00004FB00BFAC2F030000B585B001900091DE
:107B0000019B002B03D11649692003F009F9009B62
:107B1000002B03D112496A2003F002F900238DF8EB
:107B20000F30019B5B6802930FE0029B1B68009A79
:107B30009A4207D1009B1A68029B1A6001238DF8B4
:107B40000F3006E0029B1B680293029B1B68002B10
:107B5000EBD19DF80F30184605B05DF804FB00BF6F
:107B6000AC2F0300BFF34F8F00BF074BDB6803F45C
:107B7000E0620549054B1343CB60BFF34F8F00BF55
:107B800000BF00BFFCE700BF00ED00E00400FA0505
:107B9000024B034A1A6000BF704700BFE02A002072
:107BA0000090D00308B500F097F90346002B06D0EB
:107BB000B74B1B681B0AB74A03F01F03136000F0A2
:107BC000B7F90346002B02D0B34BB44A1A6000F059
:107BD000CBF90346002B06D0B14B1B685B0BB14AB7
:107BE00003F00703136000F0EBF90346002B05D008
:107BF000AD4BDB68AC4A23F08073D36000F0FCF936
:107C00000346002B0ED04FF080430022C3F80C2116
:107C10004FF080430022C3F810214FF08043002230
:107C2000C3F8382500F014FA0346002B02D09F4B0E
:107C300003221A6000F028FA0346002B0BD09C4B5D
:107C400005221A609B4B01221A609B4B00221A608E
:107C50009A4B3F221A6000F033FA0346002B76D08D
:107C60004FF08053964AD3F80434C2F820354FF0D1
:107C70008053934AD3F80834C2F824354FF0805328
:107C80008F4AD3F80C34C2F828354FF080538C4A11
:107C9000D3F81034C2F82C354FF08053884AD3F80B
:107CA0001434C2F830354FF08053854AD3F8183475
:107CB000C2F834354FF08053814AD3F81C34C2F8EF
:107CC00040354FF080537E4AD3F82034C2F8443513
:107CD0004FF080537A4AD3F82434C2F848354FF035
:107CE0008053774AD3F82834C2F84C354FF080538C
:107CF000734AD3F82C34C2F850354FF08053704A91
:107D0000D3F83034C2F854354FF080536C4AD3F86E
:107D10003434C2F860354FF08053694AD3F83834B0
:107D2000C2F864354FF08053654AD3F83C34C2F84A
:107D300068354FF08053624AD3F84034C2F86C354E
:107D40004FF080535E4AD3F84434C2F8703500F0E7
:107D5000D3F90346002B05D05A4B1B685A4A03F04F
:107D60004F03136000F0F4F90346002B0DD04FF0E1
:107D70008043D3F8003403F00103002B05D04FF00B
:107D800080436FF00102C3F8002400F00DFA0346AF
:107D9000002B05D04D4B1B684C4A43F480631360A5
:107DA0004B4BD3F888304A4A43F47003C2F888300A
:107DB000BFF34F8F00BFBFF36F8F00BF4FF0102393
:107DC000D3F80C3203F00103012B25D1414B0122E2
:107DD000C3F8042500BF3F4BD3F80034002BFAD082
:107DE0004FF01023D3F80C324FF0102223F0010390
:107DF000C2F80C3200BF374BD3F80034002BFAD056
:107E0000344B0022C3F8042500BF324BD3F80034B2
:107E1000002BFAD0FFF7A6FE4FF01023D3F8003264
:107E2000002B05DB4FF01023D3F80432002B2BDAA4
:107E3000284B0122C3F8042500BF264BD3F8003499
:107E4000002BFAD04FF010231522C3F8002200BFF8
:107E5000204BD3F80034002BFAD04FF0102315221A
:107E6000C3F8042200BF1B4BD3F80034002BFAD018
:107E7000184B0022C3F8042500BF164BD3F800347A
:107E8000002BFAD0FFF76EFEFFF782FE00BF08BDA1
:107E9000240300104035014074C007400DF0ADBA16
:107EA000440200103C050040F0ED00E0A005004059
:107EB00010560040885600401856004014560040A6
:107EC00000C0004058020010E40E00403C17004083
:107ED00000ED00E000E00140124B1B68DBB2062B16
:107EE0001DD1114B1B6803F00F03002B17D10F4B53
:107EF0001B6803F0F003302B01D1012310E00B4B82
:107F00001B6803F0F003402B01D1012308E0074B6D
:107F10001B6803F0F003502B01D1012300E0002384
:107F200018467047E00F00F0E40F00F0E80F00F093
:107F30000A4B1B68DBB2062B0DD1094B1B6803F003
:107F40000F03002B07D1074B1B6803F0F003302B06
:107F500001D1012300E0002318467047E00F00F034
:107F6000E40F00F0E80F00F0124B1B68DBB2062BA9
:107F70001DD1114B1B6803F00F03002B17D10F4BC2
:107F80001B6803F0F003302B01D1012310E00B4BF1
:107F90001B6803F0F003402B01D1012308E0074BDD
:107FA0001B6803F0F003502B01D1012300E00023F4
:107FB00018467047E00F00F0E40F00F0E80F00F003
:107FC0000A4B1B68DBB2062B0DD1094B1B6803F073
:107FD0000F03002B07D1074B1B6803F0F003302B76
:107FE00001D1012300E0002318467047E00F00F0A4
:107FF000E40F00F0E80F00F0124B1B68DBB2062B19
:108000001DD1114B1B6803F00F03002B17D10F4B31
:108010001B6803F0F003302B01D1012310E00B4B60
:108020001B6803F0F003402B01D1012308E0074B4C
:108030001B6803F0F003502B01D1012300E0002363
:1080400018467047E00F00F0E40F00F0E80F00F072
:108050000A4B1B68DBB2062B0DD1094B1B6803F0E2
:108060000F03002B07D1074B1B6803F0F003302BE5
:1080700001D1012300E0002318467047E00F00F013
:10808000E40F00F0E80F00F00A4B1B68DBB2062B90
:108090000DD1094B1B6803F00F03002B07D1074BD1
:1080A0001B6803F0F003302B01D1012300E0002313
:1080B00018467047E00F00F0E40F00F0E80F00F002
:1080C0000A4B1B68DBB2062B0DD1094B1B6803F072
:1080D0000F03002B07D1074B1B6803F0F003502B55
:1080E00001D1012300E0002318467047E00F00F0A3
:1080F000E40F00F0E80F00F0124B1B68DBB2062B18
:108100001DD1114B1B6803F00F03002B17D10F4B30
:108110001B6803F0F003302B01D1012310E00B4B5F
:108120001B6803F0F003402B01D1012308E0074B4B
:108130001B6803F0F003502B01D1012300E0002362
:1081400018467047E00F00F0E40F00F0E80F00F071
:10815000124B1B68DBB2062B1DD1114B1B6803F0C1
:108160000F03002B17D10F4B1B6803F0F003302BCC
:1081700001D1012310E00B4B1B6803F0F003402BEF
:1081800001D1012308E0074B1B6803F0F003502BDB
:1081900001D1012300E0002318467047E00F00F0F2
:1081A000E40F00F0E80F00F0064B1B68062B05D12A
:1081B000054B1B68062B01D1012300E00023184664
:1081C000704700BF300100103401001082B0034638
:1081D0008DF807309DF8073003F01F0206499DF91E
:1081E00007305B09012000FA02F2203341F8232016
:1081F00000BF02B0704700BF00E100E008B507F023
:1082000023FF034683F00103DBB2002B03D10549B2
:10821000792002F085FD00F0D1FB034B00229A701B
:1082200000BF08BD20300300342C002000B583B00F
:1082300000230193144B1B78002B02D0852301935C
:108240001CE0114B00229A600F4B00225A600E4B2B
:1082500000221A610C4B0022DA600C4800F058FB37
:10826000019007F0F1FE034683F00103DBB2002B1F
:1082700001D000F073FB044B01221A70019B1846D9
:1082800003B05DF804FB00BF342C002055840200CD
:1082900084B001900091019B1B68039306E0039A50
:1082A000009B9A420DD0039B1B680393039B002BFA
:1082B000F5D1019B1A68009B1A60019B009A1A6015
:1082C00000E000BF04B0704784B00190019B1B68C0
:1082D0000393039B002B03D0039B1A68019B1A6036
:1082E000039B184604B0704700B585B00190294B38
:1082F0001B78002B03D12849E92002F011FD254B02
:108300009B78DBB2002B19D0019B002B03D0019B83
:108310005B680120984700238DF80F300DF10F03A3
:108320001846FEF7FFFC1B4BDB680133194AD3608C
:108330009DF80F301846FEF70BFD1EE000238DF868
:108340000E300DF10E031846FEF7ECFC019B002BDE
:1083500003D001991148FFF79BFF0E4BDB68002B00
:1083600001D100F00FFB0B4BDB680133094AD360EE
:108370009DF80E301846FEF7EBFC064BDB68002B31
:1083800004D1054940F2051002F0CAFC00BF05B057
:108390005DF804FB342C002020300300442C002026
:1083A00000B583B0164B1B78002B04D115494FF450
:1083B000857002F0B5FC124BDB68002B04D111492B
:1083C00040F20B1002F0ACFC00238DF807300DF1E9
:1083D00007031846FEF7A6FC094BDB68013B084A79
:1083E000D360074BDB68002B01D1FFF707FF9DF837
:1083F00007301846FEF7ACFC00BF03B05DF804FB85
:10840000342C00202030030000B585B003468DF8E1
:1084100007309DF80730002B02D10C4B039301E08D
:108420000B4B03930398FFF74FFF0290029B002B27
:1084300006D0029B5B689DF8072010469847F1E73D
:1084400000BF00BF05B05DF804FB00BF3C2C00205E
:10845000442C002000B583B003468DF807309DF80A
:108460000730002B05D10A4B01225A700020FFF77C
:10847000CBFF9DF80730012B05D1054B01229A70E7
:108480000120FFF7C1FF00BF03B05DF804FB00BF90
:10849000342C002000B583B001900091019B002B8B
:1084A00005D1054B01225A700020FFF7ADFF00BF38
:1084B00003B05DF804FB00BF342C002000B585B08C
:1084C000034600918DF807309DF80730032B29D023
:1084D000032B35DC002B02D0012B04D030E0002030
:1084E000FFF774FE2DE000238DF80F300DF10F0320
:1084F0001846FEF717FC154B1B7883F00103DBB21F
:10850000002B01D0FFF792FE104BDB6801330F4ABE
:10851000D3600E4B01229A709DF80F301846FEF77B
:1085200017FC0EE0094B1B78002B04D1084940F2E0
:10853000452002F0F5FB00F011FAFFF731FF00E0F3
:1085400000BF00BF05B05DF804FB00BF342C002065
:108550002030030000B589B001900091009B079383
:10856000019B1B788DF80830019B5B680393019B8E
:108570009B68DBB28DF81030019BDB680593019B93
:108580001B69DBB28DF81830074A079B52F823307D
:108590000649079A51F8221002AA1046984700BFD0
:1085A00009B05DF804FB00BF482C0020542C0020CB
:1085B00010B58AB00390029101920093039B1B783F
:1085C00009932249099B019A41F823202049099BDC
:1085D000009A41F82320002308931E4B04AC0FCBD4
:1085E00084E80F00029B1B788DF81030029B5B78AB
:1085F0008DF81130029B9B788DF81230029BDB784E
:108600008DF81330029B1B798DF81530029B5B7936
:108610008DF81630029B9B680693029B1B7B8DF89E
:108620001C30029B5B7B8DF81D30039B181D019B4A
:10863000002B01D0084A00E00022099B04A901F0A8
:10864000D1FA0890089B18460AB010BD482C0020AB
:10865000542C00208C3003005585020082B0034664
:108660008DF807309DF8073003F01F0205499DF98A
:1086700007305B09012000FA02F241F8232000BF15
:1086800002B0704700E100E082B0034600918DF82F
:1086900007309DF90730002B0CDA009BDAB20C4949
:1086A0009DF8073003F00F03043B5201D2B20B4494
:1086B0001A7609E0009BDAB206499DF907305201AB
:1086C000D2B20B4483F8002300BF02B0704700BF52
:1086D00000ED00E000E100E082B00190019B1B0B87
:1086E0005BB2184602B0704700B583B003460A4635
:1086F0008DF8073013468DF806309DF80630012BB3
:1087000003D99DF80630032B0BD99DF80630042BB6
:1087100003D99DF80630072B03D908496B2002F0D6
:10872000FFFA9DF806209DF9073011461846FFF71D
:10873000ABFF00BF03B05DF804FB00BF9C3003003B
:1087400000B583B003468DF807309DF90730184611
:10875000FFF784FF00BF03B05DF804FB82B003465F
:108760008DF807300F4A9DF90730002B00DA1F33D0
:108770005B115BB252F823209DF90730594203F098
:108780001F0301F01F0158BF4B425BB222FA03F3F3
:1087900003F00103002B14BF01230023DBB21846B2
:1087A00002B0704700E100E082B001904FF08042DB
:1087B000019BC2F8043300BF02B0704782B0019041
:1087C0004FF08042019BC2F8083300BF02B07047EF
:1087D00082B003468DF807309DF8073003F18043DF
:1087E00001221A6000BF02B0704784B00346ADF8A2
:1087F0000630BDF8063003F1804300221A60BDF850
:10880000063003F180431B680393039B00BF04B051
:10881000704782B00346ADF80630BDF8063003F16C
:1088200080431B68002B14BF01230023DBB21846D2
:1088300002B0704782B001904FF08042019BC2F8B5
:10884000183500BF02B070474FF08043D3F818349A
:108850001B0C03F00103002B14BF01230023DBB228
:108860001846704700B583B006238DF807304FF0E7
:108870008040FFF731FF03461846FFF76FFF0346BE
:1088800083F00103DBB2002B13D04FF08040FFF7E1
:1088900023FF03461A469DF8073019461046FFF796
:1088A00023FF4FF08040FFF717FF03461846FFF7FE
:1088B00047FF00BF03B05DF804FB000084B0124B1B
:1088C000DB680393104A039B43F08073D3600F4B24
:1088D0001B6802930D4A029B43F0010313600B4B8C
:1088E0005B68019300BF094B5A68019BD31AB3F52B
:1088F0000A5FF8D3054A029B1360034A039BD360C7
:1089000000BF04B0704700BFF0ED00E0001000E0D1
:1089100000B585B00190019B002B03D10D49A42027
:1089200002F0FEF9002303930B4B1B79002B02D0BE
:108930008523039308E0084A019B1360064B01223C
:108940001A71054B00225A71039B184605B05DF859
:1089500004FB00BFD4300300602C002008B5074B97
:108960001B79002B03D10649BD2002F0D9F9FFF78E
:1089700079FF0120FFF75EFF00BF08BD602C0020DB
:10898000D430030008B50B4B1B79002B03D10A49E7
:10899000EA2002F0C5F94FF48270FFF726FF0220AB
:1089A000FFF702FFFFF78AFF0820FFF711FF00BF64
:1089B00008BD00BF602C0020D430030008B50A4B6E
:1089C0001B79002B03D10949F72002F0A9F90C20EB
:1089D000FFF7FEFE00BFFFF737FF0346002BFAD17B
:1089E00000BF00BF08BD00BF602C0020D4300300D2
:1089F00008B54FF48070FFF70CFF0346002B14D02E
:108A00004FF48070FFF7F1FE0120FFF7D7FE114B06
:108A10005B7983F00103DBB2002B06D00D4B012202
:108A20005A710C4B1B68002098474FF48270FFF777
:108A3000F0FE0346002B0AD04FF48270FFF7D5FEFC
:108A40000220FFF7BBFE034B1B680120984700BFC5
:108A500008BD00BF602C002082B003468DF80730AF
:108A60009DF8073003F01F0205499DF907305B09A7
:108A7000012000FA02F241F8232000BF02B0704743
:108A800000E100E082B0034600918DF807309DF9C7
:108A90000730002B0CDA009BDAB20C499DF8073046
:108AA00003F00F03043B5201D2B20B441A7609E0E3
:108AB000009BDAB206499DF907305201D2B20B444D
:108AC00083F8002300BF02B0704700BF00ED00E054
:108AD00000E100E000B583B003460A468DF8073098
:108AE00013468DF806309DF80630012B03D99DF80A
:108AF0000630032B0BD99DF80630042B03D99DF8C3
:108B00000630072B03D908496B2002F009F99DF8BC
:108B100006209DF9073011461846FFF7B3FF00BF46
:108B200003B05DF804FB00BF4031030000B583B023
:108B300003468DF807309DF907301846FFF78CFF84
:108B400000BF03B05DF804FB00B583B00346ADF889
:108B50000630BDF80630184600F026F803461B68BC
:108B6000012B0CBF01230023DBB2184603B05DF8D4
:108B700004FB00B585B00346ADF80630BDF80630FD
:108B8000184600F011F803461A4600231360BDF89A
:108B90000630184600F008F803461B680393039B51
:108BA00000BF05B05DF804FB82B00346ADF80630A7
:108BB000BDF8063003F1804303F5C043184602B008
:108BC0007047000082B00190034A019BC2F8043351
:108BD00000BF02B0704700BF0060004082B001904B
:108BE000034BD3F80423019B1340184602B070478F
:108BF0000060004082B00190084A019B03F5A27317
:108C000052F82330054943F00102019B03F5A2739A
:108C100041F8232000BF02B0704700BF0060004051
:108C200084B00390029113468DF80730144A039BD9
:108C300003F5A27352F82330114923F4473323F488
:108C40004073039A02F5A27241F822300C4A039B4A
:108C500003F5A27352F82320029B1B0203F4F85180
:108C60009DF807301B0403F440330B4304491A43B7
:108C7000039B03F5A27341F8232000BF04B07047A3
:108C80000060004082B00190054A019B03F5A27389
:108C900052F823301B0A03F01F03184602B0704736
:108CA0000060004082B00190064A019B03F5A27368
:108CB00052F823301B0C03F00303DBB2184602B05A
:108CC000704700BF0060004000B583B00190019B79
:108CD0001B681F2B04D9054940F2CD1002F020F883
:108CE0004FF0A043184603B05DF804FB7831030051
:108CF00000B585B00190084611461A4603468DF826
:108D000003300B468DF8023013468DF8013001AB6D
:108D10001846FFF7D9FF03909DF803209DF8023015
:108D20005B001A439DF801309B001A439DF81830F0
:108D30001B0242EA03019DF81C301B04019A1943EF
:108D4000039B02F5E07243F8221000BF05B05DF806
:108D500004FB00B585B003900B468DF80B309DF8F1
:108D60000B30002201920022009200220021039881
:108D7000FFF7BEFF00BF05B05DF804FB00B585B08E
:108D8000019001AB1846FFF79FFF0390019A039BE8
:108D900002F5E07253F8223023F002030293019AA5
:108DA000039B02F5E072029943F8221000BF05B060
:108DB0005DF804FB00B585B001900B468DF80330DB
:108DC00001AB1846FFF780FF0390019A039B02F561
:108DD000E07253F82230019A23F44031039B02F5EC
:108DE000E07243F82210019A039B02F5E07253F8F7
:108DF00022309DF8032012041146019A1943039B67
:108E000002F5E07243F8221000BF05B05DF804FBE4
:108E100000B585B0019001AB1846FFF755FF0390F0
:108E2000039800F020F80246019B22FA03F303F0B6
:108E30000103184605B05DF804FB00B585B001904C
:108E400001AB1846FFF740FF0390019A039B02F520
:108E5000E07253F822301B0C03F00303DBB2184618
:108E600005B05DF804FB82B00190019BD3F810358A
:108E7000184602B07047000000B587B00390029119
:108E800001924FF0A0430493039A029B1344012BD9
:108E900004D9124940F2FD2001F042FF039B0593E3
:108EA00011E0059B9B0006AA134453F8083C1846A2
:108EB000FFF7D9FF0246019B1A60019B043301931F
:108EC000059B01330593039A029B1344059A9A422A
:108ED000E7D300BF00BF07B05DF804FB78310300A3
:108EE00084B001900091009B0393019BDB080293E7
:108EF000019B03F0070301930122019B02FA03F394
:108F00000399029A0A4412781340184604B0704735
:108F100084B001900091009B0393019BDB080293B6
:108F2000019B03F007030193039A029B13441B78F0
:108F30005AB20121019B01FA03F35BB2134359B208
:108F4000039A029B1344CAB21A7000BF04B0704760
:108F500082B001900C4A019B1344303393F90030E6
:108F6000002B09DB084A019B1344303393F900308E
:108F7000072B01DC012300E0002303F00103DBB237
:108F8000184602B0704700BF682C002082B00190E4
:108F9000064A019B1344303393F90030072BCCBFB2
:108FA00001230023DBB2184602B07047682C002072
:108FB00082B00190064A019B1344303393F900308C
:108FC000DB43DBB2DB09DBB2184602B0704700BFFF
:108FD000682C002084B00390029101928DF8033038
:108FE000029B59B20E4A039B134430330A461A704F
:108FF0000B49029B019A41F823209DF8033083F02E
:109000000103DBB2002B08D0029B083B039A51B24C
:10901000034A13440A4683F8502000BF04B0704747
:10902000682C002082B00190044A019B1344303325
:10903000FF221A7000BF02B0704700BF682C0020EA
:1090400000B583B0019004490198FFF761FF00BFAC
:1090500003B05DF804FB00BFBC2C002082B001907F
:10906000044A019B1344303393F90030184602B090
:10907000704700BF682C002082B00190034A019B1A
:1090800052F82330184602B0704700BF682C002009
:1090900000B589B00390029113468DF80730FF2385
:1090A0008DF81F309DF80730002B01D0002300E021
:1090B000082305939DF80730002B01D0082300E01A
:1090C0000C230493059B069314E00F4A069B52F869
:1090D0002330B3F1FF3F0AD19DF80730029A069979
:1090E0000398FFF777FF069B8DF81F3006E0069B7D
:1090F00001330693069A049B9A42E6D39DF91F30EA
:10910000184609B05DF804FB682C002082B00346C5
:109110008DF807309DF80730094A4FF0FF3142F8CB
:1091200023109DF80730072B07D99DF80730083B1F
:10913000034A1344FF2283F8502000BF02B0704757
:10914000682C002000B583B0254B93F85830002BD5
:1091500003D008230093009B3EE000238DF80730E6
:1091600009E09DF807301846FFF75CFF9DF80730CF
:1091700001338DF807309DF807301F2BF1D90023FC
:109180008DF8073009E09DF807301846FFF7BEFF5D
:109190009DF8073001338DF807309DF807300B2B11
:1091A000F1D9042200210F4808F093FD0621062082
:1091B000FFF790FC0620FFF7B9FC4FF4BE70FFF7F5
:1091C000D8FC4FF00040FFF7FDFC054B012283F86F
:1091D000582000230093009B184603B05DF804FB61
:1091E000682C0020BC2C002000B587B003900291B1
:1091F0000192039B1F2B04D9364940F2072001F04E
:109200008FFD002305930398FFF7D2FE0346002B42
:1092100002D00823059357E0029B9B78C3F34003D9
:10922000DBB21A4601990398FFF732FF03468DF827
:1092300013309DF91330B3F1FF3F43D0029B9B786D
:10924000C3F38003DBB283F00103DBB2002B13D046
:10925000029B9B7803F00103DBB2002B03D0039841
:10926000FFF78CFD05E0029B5B7819460398FFF73A
:1092700070FD0398FFF7E4FE029B9B7803F0020366
:10928000DBB2002B08D09DF91300029B1B781A4615
:109290000399FFF7C5FC17E09DF91330083B0E4A10
:1092A000134493F95010029B1B789B015AB29DF90D
:1092B0001330083B0A4351B2074A13440A4683F865
:1092C000502001E004230593059B184607B05DF884
:1092D00004FB00BFB0310300682C002000B589B04A
:1092E00001900B468DF80330019B1F2B04D93D499B
:1092F00040F2372001F014FD0198FFF759FE0346B4
:10930000002B04D137494FF40E7001F009FD01988C
:10931000FFF73CFE0346002B2FD00198FFF79EFE7F
:109320000346083B304A134493F950308DF80F3010
:109330009DF80F309B098DF80E309DF80E30032BF1
:109340000BD10198FFF764FD0346002B01D00323E6
:1093500000E002238DF81F3008E09DF80E30012B4D
:1093600001D1022300E003238DF81F309DF81F3048
:1093700019460198FFF71EFD30E00198FFF7E8FD60
:109380000346002B2AD00198FFF768FE0346069398
:10939000069B9BB240339BB29B00ADF81630069BF8
:1093A0001846FFF727FCBDF816301846FFF7E1FB1B
:1093B0009DF80330002B11D00198FFF74FFE0346B4
:1093C0001846FFF759FE0490049B002B06D001229B
:1093D000069B02FA03F31846FFF7F4FB00BF09B03F
:1093E0005DF804FBB0310300682C002000B595B097
:1093F00000231393002303934FF48073ADF846309A
:10940000012310930023129321E0BDF84630184643
:10941000FFF79AFB0346002B0ED01098FFF7DEFBF8
:109420000346002B08D0BDF846301846FFF7A1FBD5
:10943000139A109B13431393109B5B001093BDF87A
:1094400046300433ADF84630129B01331293129B21
:10945000072BDAD94FF4BE70FFF776FB0346002BDB
:109460000DD04FF4BE70FFF784FB139B43F0004315
:10947000139303AB1A4601210020FFF7FDFC139B59
:10948000DBB2002B29D0012310930023129321E09B
:10949000109A139B1340002B16D01298FFF7F2FB83
:1094A0000D901298FFF7FEFB03468DF833301298AB
:1094B000FFF7E2FD0B900B9B002B05D09DF83320AE
:1094C0000B9B11460D989847109B5B001093129BC5
:1094D00001331293129B072BDAD9139B002B80F2D6
:1094E000EE8000238DF83B300023029300230F937E
:1094F0000AE00F9B9B0014AA13444FF0FF3243F87D
:109500004C2C0F9B01330F930F9B002BF1D00023AA
:109510008DF83B300023129378E06B4A129B134482
:10952000503393F900308DF82B309DF82B3023F019
:10953000C0030993644A129B1344503393F90030DB
:10954000B3F1FF3F5FD001AB19460998FFF7C8FCA4
:109550000346002B57D09DF82B309B098DF8233004
:109560000998FFF77BFD03461846FFF785FD079036
:10957000079B002B03D19DF82330032B43D19DF88B
:109580002330032B04D102AB19460998FFF7C0FC26
:109590000998FFF752FC03468DF81B3003AB1946C0
:1095A0000998FFF79DFC0590059B002B03D09DF8C3
:1095B0001B30022B06D0059B002B24D19DF81B30BD
:1095C000032B20D19DF82330032B13D19DF81B30A2
:1095D000022B01D1032300E002238DF813309DF804
:1095E000133019460998FFF7E5FB9DF83B3001332E
:1095F0008DF83B30079B002B05D09DF82320079B5F
:10960000114609989847129B01331293129B032B22
:1096100083D99DF83B30002B4CD001238DF83A3094
:109620006B461A4601210020FFF726FC00230F930A
:1096300014E00F9B9B0014AA134453F8502C0F9B6B
:109640009B0014A90B4453F8443C9A4203D00023D6
:109650008DF83A3005E00F9B01330F930F9B002BE1
:10966000E7D09DF83A30002B03D000238DF83B3033
:1096700020E000230F931AE00F9B9B0014AA1344D1
:1096800053F8502C0F9B9B0014A90B4443F8442C17
:109690000F9B9B0014AA134453F8482C0F9B9B006C
:1096A00014A90B4443F84C2C0F9B01330F930F9BD1
:1096B000002BE1D09DF83B30002B7FF428AF00BF9A
:1096C00015B05DF804FB00BF682C002008B5064B00
:1096D0001B68002B03D10549512001F021FB024BEF
:1096E0001B68984700BF08BDC42C00201C32030033
:1096F00082B00190019B044A934201D1034B00E0E8
:109700000023184602B0704700200040C42C0020FF
:1097100000B587B001900091019B002B03D11C493B
:10972000772001F0FDFA0198FFF7E2FF0490049B17
:10973000002B25D000238DF8173000238DF80B3037
:109740000DF10B031846FDF7EDFA049B1B79002B76
:1097500003D001238DF8173005E0049B009A1A60AE
:10976000049B01221A719DF80B301846FDF7F0FAA0
:109770009DF81730002B03D011230393039B02E0C5
:1097800000230393039B184607B05DF804FB00BF5A
:109790001C32030082B003468DF807309DF8073075
:1097A00003F01F0205499DF907305B09012000FA0B
:1097B00002F241F8232000BF02B0704700E100E050
:1097C00082B0034600918DF807309DF90730002BD9
:1097D0000CDA009BDAB20C499DF8073003F00F0356
:1097E000043B5201D2B20B441A7609E0009BDAB274
:1097F00006499DF907305201D2B20B4483F8002389
:1098000000BF02B0704700BF00ED00E000E100E0E3
:1098100082B00190019B03F06043B3F1005F0CBF85
:1098200001230023DBB2184602B0704782B00190DA
:10983000019B1B0B5BB2184602B0704700B583B0AA
:1098400003460A468DF8073013468DF806309DF81A
:109850000630012B03D99DF80630032B0BD99DF858
:109860000630042B03D99DF80630072B03D908498D
:109870006B2001F055FA9DF806209DF9073011463E
:109880001846FFF79DFF00BF03B05DF804FB00BF63
:109890008832030000B583B003468DF807309DF988
:1098A00007301846FFF776FF00BF03B05DF804FBF2
:1098B00082B001900B468DF803309DF80330019A79
:1098C000134401221A6000BF02B0704784B00190B7
:1098D0000B46ADF80230BDF80230019A1344002265
:1098E0001A60BDF80230019A13441B680393039B6E
:1098F00000BF04B0704782B001900B46ADF8023053
:10990000BDF80230019A13441B68002B14BF0123D9
:109910000023DBB2184602B0704782B0019000917C
:10992000019B009AC3F8042300BF02B0704782B0C5
:1099300001900091019B009AC3F8082300BF02B078
:10994000704782B00190019B0722C3F8002500BF39
:1099500002B0704784B00390029101920093039B80
:10996000029AC3F80825039B019AC3F80C25039BB0
:10997000009AC3F8102500BF04B0704782B0019070
:109980000091009A019BC3F8242500BF02B07047E4
:1099900084B0039002910192029A039BC3F844257C
:1099A000039B019AC3F8482500BF04B0704784B0F8
:1099B000039002910192029A039BC3F83425039B02
:1099C000019AC3F8382500BF04B0704784B00190F5
:1099D0000B468DF8033013468DF802309DF80230A7
:1099E000002B14BF01230023DBB203939DF8033047
:1099F000032B10D0032B13DC012B02D0022B05D03C
:109A00000EE0039B43F0020303930AE0039B43F041
:109A10000403039305E0039B43F00603039300E074
:109A200000BF019B039AC3F8542500BF04B07047E0
:109A300082B001900B468DF803309DF80320019B06
:109A4000C3F8C02500BF02B0704782B00190019BEF
:109A50000122C3F8502500BF02B0704782B00190C8
:109A6000019B0022C3F8502500BF02B0704782B0AE
:109A70000190019B0122C3F8402500BF02B070474E
:109A800082B00190019B0022C3F8402500BF02B0C4
:109A90007047000000B583B00190019B1B681F2B2D
:109AA00004D9054940F2CD1001F03AF94FF0A04336
:109AB000184603B05DF804FBC032030000B585B062
:109AC0000190084611461A4603468DF803300B46AE
:109AD0008DF8023013468DF8013001AB1846FFF7C0
:109AE000D9FF03909DF803209DF802305B001A43D4
:109AF0009DF801309B001A439DF818301B0242EA82
:109B000003019DF81C301B04019A1943039B02F5C5
:109B1000E07243F8221000BF05B05DF804FB00B509
:109B200085B00390002301930023009300230122BA
:109B300001210398FFF7C2FF00BF05B05DF804FBE9
:109B400000B585B003900B468DF80B309DF80B30B7
:109B50000022019200220092002200210398FFF7C8
:109B6000ADFF00BF05B05DF804FB00B585B0019006
:109B700001AB1846FFF78EFF0390019B012202FA0A
:109B800003F31946039800F018F800BF05B05DF81C
:109B900004FB00B585B0019001AB1846FFF77AFFD2
:109BA0000390019B012202FA03F31946039800F087
:109BB0000EF800BF05B05DF804FB82B00190009183
:109BC000019B009AC3F8082500BF02B0704782B01D
:109BD00001900091019B009AC3F80C2500BF02B0D0
:109BE0007047000000B58DB0059004910392029378
:109BF000049B002B03D17049AD2001F091F8059B27
:109C00001B791A461346DB0013449B006B4A13442E
:109C10000993099B1B7F002B03D008230793079B05
:109C2000C5E0059B1B680893059B1A68059B1B797B
:109C30001946634B53F8213019461046FFF768FD6B
:109C40000346002B03D011230793079BAFE0099B2A
:109C5000039A1A60099B029A5A60049B1B7B012B92
:109C600005D8049B1B781846FFF793FF04E0049B7C
:109C70001B781846FFF779FF049B1B7818460023D2
:109C8000019300230093002300220121FFF716FF18
:109C9000049B5B78FF2B09D0049B5B780B930B989C
:109CA000FFF777FF0B98FFF73AFF02E04FF0FF3323
:109CB0000B93049B9B78FF2B07D0049B9B780A9304
:109CC00001210A98FFF73CFF02E04FF0FF330A93AF
:109CD000049B9A78099B83F82020049BDA78099BDF
:109CE000DA77049BDB78FF2B17D0049B1B79002BC2
:109CF00005D0049BDB781846FFF74BFF04E0049B7C
:109D0000DB781846FFF731FF049BDB781846FFF736
:109D100006FF049B1A79099B9A77049B1B781946C6
:109D20000A9B0B9A0898FFF715FE049B9B6819463F
:109D30000898FFF723FE049B197B049B5B7B1A4664
:109D40000898FFF743FE049B9B7919460898FFF794
:109D50006FFE099B1B68002B03D040210898FFF77A
:109D6000DCFD0898FFF7EDFD099B1B68002B15D063
:109D7000059B1B681846FFF759FD03461A46049BCE
:109D80005B7919461046FFF759FD059B1B6818467D
:109D9000FFF74CFD03461846FFF77CFD099B0022A8
:109DA0005A77099B01221A7700230793079B1846CD
:109DB0000DB05DF804FB00BFF8320300CC2C00208E
:109DC0006433030000B583B00190019BDB7FFF2B60
:109DD0000ED0019B9B7F002B05D0019BDB7F18469B
:109DE000FFF7D7FE04E0019BDB7F1846FFF7BDFEBF
:109DF000019B00225A77019B00221A72019B1B686B
:109E0000019A02F10800019A52681146984700BF72
:109E100003B05DF804FB00B583B001900B468DF8EC
:109E200003309DF8033083F00103DBB2002B04D034
:109E300040210198FFF77BFD03E040210198FFF7E7
:109E40006CFD00BF03B05DF804FB00B583B001906A
:109E50000091009B03F00103002B03D00198FFF752
:109E6000F4FD02E00198FFF7F9FD009B03F0020307
:109E7000002B03D00198FFF7FAFD02E00198FFF7ED
:109E8000FFFD00BF03B05DF804FB00B587B0039091
:109E9000029101920093019B1B68002B0AD0019B49
:109EA0001B681846FFF7B4FC034683F00103DBB2DE
:109EB000002B0ED1019B9B68002B11D0019B9B684E
:109EC0001846FFF7A5FC034683F00103DBB2002B25
:109ED00006D0029B00225A7710230593059B54E07D
:109EE000019B1968019B5B681A460398FFF750FDB8
:109EF000019B9968019BDB681A460398FFF757FDA1
:109F00004FF48C710398FFF7E1FC00990398FFF779
:109F10009CFF009B03F00803002B03D11021039842
:109F2000FFF7C6FC029B1B68002B1FD100BF4FF43C
:109F30008C710398FFF7DFFC034683F00103DBB26B
:109F4000002BF4D1029BDB7FFF2B1BD0029B9B7F5E
:109F5000002B05D0029BDB7F1846FFF71AFE11E0AD
:109F6000029BDB7F1846FFF700FE0BE0009B03F02F
:109F70000403002B0CBF01230023DBB21946039816
:109F8000FFF749FF00230593059B184607B05DF8CE
:109F900004FB000010B586B0039002910192039B70
:109FA0001B791A461346DB0013449B00394A1344BD
:109FB0000593059B1B7F002B04D1374940F23220CB
:109FC00000F0AEFE029B1B68002B08D1029B5B6871
:109FD000002B04D0304940F2332000F0A1FE029B58
:109FE0009B68002B08D1029BDB68002B04D02A4918
:109FF0004FF40D7000F094FE039B1B79002B07D1EA
:10A00000029BDB68FF2B03D8029B5B68FF2B04D904
:10A01000214940F2352000F083FE00230493059B84
:10A020005B7FDBB2002B03D011230493049B2EE053
:10A03000059B1B68002B07D0019B03F01403002B2A
:10A0400002D1059B01225A77059B029A03F10C0469
:10A0500013460FCB84E80F00059BDB7FFF2B0ED050
:10A06000059B9B7F002B05D0059BDB7F1846FFF7E8
:10A070007CFD04E0059BDB7F1846FFF78AFD039B10
:10A080001868019B029A0599FFF7FFFE03461846E0
:10A0900006B010BDCC2C0020F832030000B583B010
:10A0A000019000914FF48C710198FFF724FC034656
:10A0B000002B10D04FF48C710198FFF707FC009B28
:10A0C0001B68002B04D106494FF4277000F028FECE
:10A0D0000098FFF777FE00BF03B05DF804FB00BFF8
:10A0E000F832030008B503490348FFF7D7FF00BF64
:10A0F00008BD00BFCC2C00200030004082B0019091
:10A100000B468DF803309DF80330019A1344012269
:10A110001A6000BF02B0704784B001900B46ADF8E2
:10A120000230BDF80230019A134400221A60BDF8D3
:10A130000230019A13441B680393039B00BF04B0D1
:10A14000704782B001900B46ADF80230BDF8023086
:10A15000019A13441B68002B14BF01230023DBB2B8
:10A16000184602B0704782B001900091019B009A9E
:10A17000C3F8042300BF02B0704782B00190009181
:10A18000019B009AC3F8082300BF02B0704782B059
:10A190000190019B0622C3F8002500BF02B0704762
:10A1A00082B00190019B0022C3F8002500BF02B0DD
:10A1B000704784B00190019BD3F8C4340393019B92
:10A1C000039AC3F8C424039B184604B0704782B0B6
:10A1D00001900091019B009AC3F8002200BF02B0D9
:10A1E000704782B00190019BD3F84C35184602B0FD
:10A1F000704782B00190019BD3F83C35184602B0FD
:10A200007047000000B585B00190009101238DF8E2
:10A210000F30009B1B7B032B55D801A252F823F073
:10A2200097A20200AFA202006FA2020031A20200B8
:10A23000009B9B68324A934207D10198FFF7D1FFF8
:10A240000246009B1B699A420DD1009B9B6840F21D
:10A250000222934239D10198FFF7C3FF0246009BC7
:10A260005B699A4231D000238DF80F302DE00198C0
:10A27000FFF7B7FF0246009B1B699A4207D101987E
:10A28000FFF7B7FF0246009B5B699A421FD000238D
:10A290008DF80F301BE00198FFF7A3FF0246009BEB
:10A2A0001B699A4215D000238DF80F3011E00198F8
:10A2B000FFF79FFF0246009B1B699A420BD00023C9
:10A2C0008DF80F3007E000BF06E000BF04E000BFDC
:10A2D00002E000BF00E000BF9DF80F3083F00103F3
:10A2E000DBB2002B05D00198FFF75AFF0198FFF76A
:10A2F0004EFF9DF80F30184605B05DF804FB00BF17
:10A300000002040030B58BB001900091009B1B68E7
:10A31000002B04D1864940F2862000F001FD4FF465
:10A3200092710198FFF70DFF0346002B2BD04FF4DD
:10A3300092710198FFF7F0FE4FF482710198FFF7D8
:10A3400000FF034683F00103DBB2002B1BD0009B10
:10A350009B6819460198FFF710FF009B02229A6044
:10A36000009B9B6819460198FFF7FDFE202101988C
:10A37000FFF7C4FE14210198FFF7C0FE009B0122E5
:10A3800083F82E20D1E04FF482710198FFF7D9FEB7
:10A390000346002B4AD04FF482710198FFF7BCFEB0
:10A3A000009B04AC03F10C050FCD0FC42B68236098
:10A3B000009B93F82E3083F00103DBB2002B12D008
:10A3C00000990198FFF71EFF0346002B14BF0123DD
:10A3D0000023DBB283F00103DBB203F00103DAB246
:10A3E000009B83F82E204FF4B0710198FFF794FE84
:10A3F0004FF4AE710198FFF78FFE009B93F8303059
:10A4000083F00103DBB2002B04D1009B93F82E30C4
:10A41000002B4CD000210198FFF7D9FE009B0022B1
:10A420009A6044490198FFF7A8FE40E04FF4A471F8
:10A430000198FFF771FE009B1B7B002B1BD1009B3B
:10A4400004AC03F10C050FCD0FC42B682360009BF7
:10A4500093F8303083F00103DBB2002B27D00021CA
:10A460000198FFF7B4FE009B00229A6031490198E1
:10A47000FFF783FE1BE04FF400710198FFF7A7FE82
:10A48000009B40F202229A602A490198FFF775FE6C
:10A49000009B9B6819460198FFF765FE082101980B
:10A4A000FFF72CFE20210198FFF728FE3DE00198E0
:10A4B000FFF77FFE0990099B03F00203002B03D0F6
:10A4C00001238DF80C301DE0099B03F00403002BE1
:10A4D00003D002238DF80C3014E0099B03F0010334
:10A4E000002B03D002238DF80C300BE0009B93F877
:10A4F0002E30002B03D004238DF80C3002E0002313
:10A500008DF80C30009B93F8303083F00103DBB200
:10A51000002B03D0009B002283F82F20009B1B6898
:10A52000009A516803AA104698470BB030BD00BF8F
:10A53000D833030002029C0108B503494FF04020C4
:10A54000FFF7E0FE00BF08BDF02C0020BFF34F8FE7
:10A5500000BF074BDB6803F4E0620549054B13437A
:10A56000CB60BFF34F8F00BF00BF00BFFCE700BF51
:10A5700000ED00E00400FA0530DF704700BF184628
:10A5800031DF704700BF184600B585B00190019BD0
:10A59000002B0CD0084B43F001030393019B9B015C
:10A5A0000293054B43F001030298984700E000BF77
:10A5B00005B05DF804FB00BF5034030000B583B064
:10A5C0000190019B1B681F2B04D9054940F2CD1057
:10A5D00000F0A6FB4FF0A043184603B05DF804FB63
:10A5E0005834030000B585B00190084611461A465C
:10A5F00003468DF803300B468DF8023013468DF874
:10A60000013001AB1846FFF7D9FF03909DF80320F6
:10A610009DF802305B001A439DF801309B001A43FD
:10A620009DF818301B0242EA03019DF81C301B0400
:10A63000019A1943039B02F5E07243F8221000BF10
:10A6400005B05DF804FB00B585B003900B468DF8AE
:10A650000B309DF80B300022019200220092002264
:10A6600000210398FFF7BEFF00BF05B05DF804FBB3
:10A6700074DF704700BF184676DF704700BF18468A
:10A680007ADF704700BF18467CDF704700BF18466E
:10A690008ADF704700BF18468BDF704700BF18463F
:10A6A0008FDF704700BF184600B583B00190019B53
:10A6B000002B0FD04FF47A70FFF766FF019B013B30
:10A6C0000193019B002B14BF01230023DBB2002B5D
:10A6D00001D0EFE700BF03B05DF804FB014B1B683E
:10A6E000184670471831002082B00190034B1B6858
:10A6F0000133024A136000BF02B0704718310020D6
:10A7000000B585B003468DF807309DF80730032B60
:10A710001AD801A252F823F031A7020029A702009B
:10A7200039A7020041A70200114802F065FB0BE0C7
:10A73000104802F061FB07E00F4802F05DFB03E008
:10A740000E4802F059FB00BFFCF754FA0390039B3C
:10A750000293029B002B05D0094A40F24D2102983A
:10A76000FBF788FE0123184605B05DF804FB00BF27
:10A7700090340300B0340300D0340300FC340300F1
:10A780001C35030070B58CB0059000230893059B21
:10A790000333784A1360059B9B69774A1360059BD6
:10A7A0009A8B764B1A80764B1B7883F00103DBB2D1
:10A7B000002B00F0F980704B1B6805331A78714B41
:10A7C0001B789A4240F09C816B4B1B6806331A78C9
:10A7D0006C4B5B789A4240F09381674B1B68073360
:10A7E0001A78694B1B789A4240F08A81624B1B6849
:10A7F00008331A78644B5B789A4240F081815F4B52
:10A800001A88624B1B889A4240F07A814FF0FF33DE
:10A810000893089BB3F1FF3F40F095805C4B00220A
:10A820001A70544B1B681B781C46524B1B68013333
:10A830001B781D464F4B1B6802331B781E464D4B41
:10A840001B6803331B781A464A4B1B6804331B787A
:10A850001946484B1B6805331B781846059B93F92E
:10A860001330039302900191009233462A46214609
:10A87000484802F0C1FA05230B930B9B002B15DB14
:10A880003C4B1A680B9B1344434A127810461978C4
:10A89000424A342303FB00F31A440B9B134448330E
:10A8A0000A461A700B9B013B0B93E6E73A4B1B7869
:10A8B000184601F0B9FF304B1B6809331A78364B44
:10A8C0001B78184651B2354A342303FB00F3134476
:10A8D00057330A461A70304B1B7819462F4A3423D7
:10A8E00003FB01F31344573393F9003019462C4806
:10A8F00002F082FA204B1B680A331A78264B1B7829
:10A90000194607EE902AF8EE677A244A342303FBAF
:10A9100001F313446433C3ED007A1F4B1B781946CF
:10A920001E4A342303FB01F3134464331B681846A7
:10A9300006F01EFF02460B461A4802F05DFA164B5F
:10A9400000221A70DCE0089801F06EFF124B1B78B1
:10A950000A930A9B002B00F3D380104A0A9B3421F0
:10A9600001FB03F31344683300221A800A9B01336E
:10A970000A93EEE7F4370020F8370020FC37002078
:10A980007F320020F82A0020FC2A0020582B0020CB
:10A99000FE2A0020603503007832002000380020B5
:10A9A0008C35030098350300584B1B6807331A7821
:10A9B000574B1B789A4240F0A380544B1B680833D6
:10A9C0001A78534B5B789A4240F09A80514B1B683F
:10A9D0000021184601F06CFF0346B3F1FF3F0CBFA6
:10A9E00001230023DBB2002B00F08A80494B1B6857
:10A9F0001B781C46474B1B6801331B781D46454B93
:10AA00001B6802331B781E46424B1B6803331B78BE
:10AA10001A46404B1B6804331B7819463D4B1B6894
:10AA200005331B781846059B93F913300393029066
:10AA30000191009233462A462146374802F0DCF95C
:10AA400005230993099B002B15DB324B1A68099BE0
:10AA50001344324A127810461978314A342303FBE2
:10AA600000F31A44099B134448330A461A70099BA1
:10AA7000013B0993E6E7294B1B781846059B93F9A0
:10AA80001310274A342303FB00F3134457330A46B9
:10AA90001A70224B1B781946214A342303FB01F319
:10AAA0001344573393F9003019461E4802F0A4F9B5
:10AAB000164B1B680A331A78184B1B78194607EE99
:10AAC000902AF8EE677A164A342303FB01F3134405
:10AAD0006433C3ED007A114B1B781946104A3423B6
:10AAE00003FB01F3134464331B68184606F040FE71
:10AAF00002460B460C4802F07FF9084B00221A7000
:10AB000000F0D4FA00BF0CB070BD00BFF8370020D1
:10AB1000FC2A0020F4370020603503007832002042
:10AB2000003800208C3503009835030000B585B04F
:10AB300001900091019B04330393019B1B881D2B03
:10AB400004D1039B04331846FFF71CFE00BF05B079
:10AB50005DF804FB00B583B00023009305F0DEF937
:10AB600001906B461946012005F0D2FA01906B4620
:10AB7000184605F05BFB019000BF03B05DF804FBD5
:10AB800000B583B00190184B01221A60174B1B6867
:10AB9000012B24D1164B1B68002B09DC154B01221D
:10ABA0001A60124B00221A60134B01221A7016E031
:10ABB000124B1B684FF47A7202FB03F3184600F045
:10ABC00021F80B4B1B68013B094A1360084B1B68BB
:10ABD00019460B4802F010F9074B00221A7000BF0B
:10ABE00003B05DF804FB00BFF0390020F839002005
:10ABF000FC390020F4390020003A00205C2B0020B2
:10AC0000A435030030B583B00190154A00211548E2
:10AC1000FBF76AFF019B18464FEAE0714FF0000214
:10AC20004FF00003CB0343EA5043C20312F57A749A
:10AC300043F100054FF4FA624FF000032046294625
:10AC400006F01CFF02460B46134600221946064832
:10AC5000FBF77EFF054B00221A6000BF03B030BD3A
:10AC600081AB0200543E0300D8300020F0390020B0
:10AC700008B5064A01210648FBF736FF00221021DD
:10AC80000448FBF765FF00BF08BD00BFE9A602004E
:10AC9000583E0300F830002000B583B00023009335
:10ACA00005F03CF901906B461946012005F030FA99
:10ACB0006B46184605F0BAFA019000BF03B05DF884
:10ACC00004FB08B5FFF746FF00F0F0F900BF08BD30
:10ACD00008B5F42200210D4806F0FBFF0B4B412282
:10ACE0001A700A4B43225A70084B4B229A70074B3A
:10ACF0003122DA70064B1B88064A0449064804F0E4
:10AD000007FF064802F078F800BF08BDD8360020DB
:10AD1000242B00202C2B0020082B0020B83503000A
:10AD200000B583B003460091ADF80630064802F046
:10AD300063F8BDF80630009A19460448FBF79AFB01
:10AD400000BF03B05DF804FBCC350300EFBEADDE01
:10AD500000B589B00190019B1B78002B40F09380D7
:10AD6000019B9B8A19464A4802F046F80023079344
:10AD7000019B9B8A1A46079B93420CD2019B1A693E
:10AD8000079B13441B781946424802F035F8079B8D
:10AD900001330793ECE7404802F02EF8019B1B6952
:10ADA00002331B78012B0CD13C4B01221A704FF05F
:10ADB0008043B122C3F81C256420FFF775FCFFF720
:10ADC000C5FB019B1B6904331A78354B1A70019B34
:10ADD0001B6906331B781A464FF47A7303FB02F3A0
:10ADE000304A1360019B1B6907331B785AB22E4B04
:10ADF0001A70019B1B6908331B781A464FF47A734B
:10AE000003FB02F3294A1360019B1B6909331B787A
:10AE10001A464FF47A7303FB02F3254A1360019B31
:10AE20001B690A331A78234B1A70002306930B23ED
:10AE30000593059B0E2B0FDC019B1A69059B1A4499
:10AE4000069B591C0691127808A90B4403F8102C94
:10AE5000059B01330593ECE704A903AB04221846D4
:10AE600006F00EFFDDED037AFDEEE77A17EE902A8D
:10AE7000114B1A60019B1B6910331B781A460F4B4C
:10AE80001A60FFF725FF00BF09B05DF804FB00BFA3
:10AE9000E43503001036030018360300013A0020A1
:10AEA0001D310020342B0020F42A00203C2B0020F0
:10AEB000382B0020023A0020642B0020282D00208F
:10AEC00000B585B09DF80430012262F303038DF8CC
:10AED00004309DF80430012262F307138DF804302A
:10AEE000124806F04BFF03469AB201AB0F491846D1
:10AEF000FFF7CAFB02AB08220021184606F0E9FE64
:10AF00001023ADF808303C23ADF80A300023ADF82B
:10AF10000C304FF4C873ADF80E3002AB1846FFF793
:10AF2000AFFB00BF05B05DF804FB00BF1C3603009B
:10AF300000B583B000230093002300936B461946AD
:10AF4000094804F0FDFA01AB04220021184606F07E
:10AF5000C0FE064B019301AB1946054804F032FDD3
:10AF600000BF03B05DF804FB9832002051AD020031
:10AF7000082B002000B583B00190019B1B78002BAB
:10AF800005D1054B1B883B211846FFF775FB00BF19
:10AF900003B05DF804FB00BF242B002000B589B08E
:10AFA00001AB1C220021184606F093FE00230193FA
:10AFB0004FF4A03302934FF4F023039303238DF84F
:10AFC00010300023ADF8123000238DF81430064BFA
:10AFD00006930023079301AB184603F0D9FA00BF8C
:10AFE00009B05DF804FB00BF75AF020000B585B085
:10AFF00001900091019B1B88562B42D0562B47DCB9
:10B000003B2B37D03B2B43DC212B25D0212B3FDCA6
:10B01000102B02D0112B0ED03AE0019B9A881F4BC7
:10B020001A801E4B1B8819461D4804F0ABFA1D4BB5
:10B0300001221A702DE0194B4FF6FF721A80174B40
:10B040001B883B211846FFF717FB164B00221A708E
:10B05000154B01221A601CE000238DF80D300023EF
:10B060008DF80C30019B9B8803AA11461846FFF708
:10B0700017FB0EE0019B9B8813211846FFF7FCFA93
:10B0800007E0019B9B8813211846FFF7F5FA00E0C3
:10B0900000BF00BF05B05DF804FB00BF242B0020FB
:10B0A000983200207E320020F039002008B5FFF7EA
:10B0B000F3FA03490348FFF7EBFA00BF08BD00BFEE
:10B0C000502B0020402B002000B583B004F026FF59
:10B0D0000023019301AB1946012005F019F803463E
:10B0E000002B14BF01230023DBB2002B02D00B483E
:10B0F00001F082FE01AB184605F098F80346002BDC
:10B1000014BF01230023DBB2002B02D0044801F05E
:10B1100073FE00BF03B05DF804FB00BF28360300D8
:10B120003436030000B5ADB001ABAC2200211846A7
:10B1300006F0CFFD02238DF8043000238DF8063091
:10B1400005238DF807300123ADF850300C4B1593D3
:10B1500001238DF880304023239344F250632493DD
:10B1600000232A9301AB1946064802F0AFFE0121E5
:10B17000044802F09EFE00BF2DB05DF804FB00BF46
:10B18000282B0020A432002000B583B0019000914C
:10B19000009B5A88124B1B889A4214D1009B1B8833
:10B1A00040F6772293420ED1009B9B88033B9AB2D4
:10B1B0000C4B1A800B4B1B8819460A4B1B881A46EE
:10B1C000094801F019FE019B5B881946019B1B8809
:10B1D0001A46064801F010FE00BF03B05DF804FBFC
:10B1E000242B0020262B0020443603006436030065
:10B1F00008B50549054804F0BCF8F721034804F0F8
:10B20000E3F800BF08BD00BF89B10200843200200E
:10B2100008B50321024802F031FF00BF08BD00BF9E
:10B22000A432002008B5FFF74FFFFFF749FEFFF7F4
:10B23000DFFFFFF77DFEFFF775FFFFF7AFFEFFF7BC
:10B24000E7FF044B00221A70034801F0D5FD00BF50
:10B2500008BD00BF7E320020A036030082B00190FE
:10B26000019B082B38D801A252F823F091B20200BA
:10B2700099B20200A1B20200A9B20200B1B202006A
:10B28000B9B20200C1B20200C9B20200D1B20200DA
:10B29000154BD8221A7023E0134BFF221A701FE0BF
:10B2A000114BEC221A701BE00F4BF0221A7017E0C2
:10B2B0000D4BF4221A7013E00B4BF8221A700FE0BA
:10B2C000094BFC221A700BE0074B00221A7007E0B2
:10B2D000054B04221A7003E0034B00221A7000BFD2
:10B2E00000BF02B0704700BF0C3B0020124B002291
:10B2F000C3F80022104B0022C3F810210E4B00228D
:10B300001A600D4B0122DA600B4B01221A610A4BC5
:10B310000122C3F80C21084BD3F81031002B0CBFCD
:10B3200001230023DBB2002B00D0F4E7024B002204
:10B33000C3F8102100BF70470010004008B5114B42
:10B340000122C3F8FC2F0F4B0122C3F800220E4B41
:10B3500093F900301846FFF781FF0C4B1A78094B20
:10B36000C3F80C250A4B1A78064BC3F81025094B75
:10B370001A68044BC3F80825024B01221A6000BF6B
:10B3800008BD00BF00100040F42A00200C3B002044
:10B39000602B0020642B002000B583B0384B0422C2
:10B3A0001A70384BD3F85036364A23F00103C2F8EE
:10B3B0005036344B344AC3F81825324B0022C3F8B8
:10B3C0003425304B0022C3F82C252E4B0122C3F824
:10B3D00030252C4BCC22C3F824252A4B4FF0CC32FD
:10B3E000C3F81C25274B294AC3F81425284BFF22F4
:10B3F0001A7000238DF807309DF80730FF2B0BD013
:10B400009DF807300133224ACC21D1549DF80730F2
:10B4100001338DF80730EFE71A4B1D4AC3F80425B6
:10B42000184B2122C3F800221A4B93F9003018461A
:10B43000FFF714FF184B1A78124BC3F80C25104B6A
:10B440001A78104BC3F81025144B1A680D4BC3F82B
:10B4500008250C4B0022C3F80C210A4B01221A606C
:10B46000084BD3F80C31002B0CBF01230023DBB2B7
:10B47000002B00D0F4E700BF03B05DF804FB00BF71
:10B48000602B002000100040FF00040308000001B2
:10B490000C3A0020F42A00200C3B0020642B0020F2
:10B4A00010B584B00390FFF719F903465A4A1360A8
:10B4B000594B1B681946594801F09EFCFFF7B2FE34
:10B4C0000398FFF79FFB564801F096FC554B1B680D
:10B4D000002B03D0544B1B78002B01D0012300E03C
:10B4E0000023002B02D0FCF717FAEFE74F4801F0DA
:10B4F00083FC4F4B93F854301846FFF7B9F84FF4DC
:10B500007A70FFF7D1F804F05DFD4FF47A70FFF721
:10B51000CBF801F027FA474B93F90030082B02DDF6
:10B52000444B07221A70444B1B68002B03DB424B31
:10B530001B68642B06DD414B1B78002B02D13E4B70
:10B5400011221A603B4B93F900301C463C4B1968A2
:10B550003C4B1A683C4B18683C4B1B6800930346F5
:10B56000204600F0DDFB03465AB2394B1A70324BCD
:10B570001B68384A1360384B1B781946374801F06E
:10B580003BFC374B1B681946364801F035FC294B0C
:10B5900093F900301946344801F02EFC2C4B93F9F6
:10B5A00000301946314801F027FC314B1B68194621
:10B5B000304801F021FC304B1B6819462F4801F040
:10B5C0001BFC2F4B1B7819462E4801F015FC1A4B1B
:10B5D0001B6819462C4801F00FFC1E4B1B681946CE
:10B5E0002A4801F009FC154B1B781946284801F040
:10B5F00003FC194B1B78002B09D04FF08043B1227C
:10B60000C3F81C256420FFF74FF8FEF79FFFFFF7F4
:10B6100043FB00BF04B010BD043A0020F037030024
:10B62000FC370300F03900207E320020143803007C
:10B63000A4320020F42A0020642B00201D310020B9
:10B64000D0300020E42A0020E82A0020EC2A002044
:10B65000D4300020F02A0020013A00202C380300CA
:10B66000342B002038380300483803005C380300CE
:10B67000382B0020703803003C2B0020803803005A
:10B68000023A002094380300A0380300B8380300C1
:10B69000D038030008B5FCF7C9FD0020FCF724FEF4
:10B6A000FCF724F900BF08BD30B587B04FF08053D8
:10B6B000D3F8A8301B0ADBB263F03F03DBB28DF88E
:10B6C00010304FF08053D3F8A830DBB28DF8113032
:10B6D0004FF08053D3F8A4301B0EDBB28DF812303C
:10B6E0004FF08053D3F8A4301B0CDBB28DF813302D
:10B6F0004FF08053D3F8A4301B0ADBB28DF814301E
:10B700004FF08053D3F8A430DBB28DF815309DF89C
:10B7100010301C469DF811301D469DF812309DF8E2
:10B7200013209DF814109DF81500039002910192CA
:10B7300000932B4622460549054806F06DFA044958
:10B74000044801F059FB00BF07B030BDDC380300EE
:10B75000E03900200039030010B584B04FF0805369
:10B76000D3F80431029302AB03934FF08053D3F824
:10B770000011039B03331B781846039B02331B788D
:10B780001C46039B01331B781A46039B1B780193CD
:10B790000092234602460C4801F02EFB4FF08053E6
:10B7A000D3F808311946094801F026FB4FF08053C1
:10B7B0001B6E4FF08052526E1946054801F01CFB7B
:10B7C00000BF04B010BD00BF203903003C390300A6
:10B7D0004C3903000000000030B589B00DF10303BF
:10B7E0001846FEF7C9FE034607939DF80330002B69
:10B7F00003D002217A48FEF7C3FE794B1B789DF8EF
:10B800001B209A420ED10DF103031846FEF7B4FE39
:10B81000034605939DF80330002B03D001217048A7
:10B82000FEF7AEFE6E4B5B789DF813209A420ED168
:10B830000DF103031846FEF79FFE034603939DF8A0
:10B840000330002B03D001216648FEF799FE644BBC
:10B850001A78654BA3FB021399080B469B000B4417
:10B86000D31ADAB25E4B1A705D4B5B785A085F49A7
:10B87000A1FB021252086E2101FB02F29B1ADAB2FE
:10B88000574B5A70564B1B78184605F05DFF04461F
:10B890000D46534B5B78184605F056FF4EA3D3E98F
:10B8A000002305F0A1FD02460B462046294605F07F
:10B8B00079FC02460B461046194605F073FF034615
:10B8C0004B4A13604A4BD3ED007A9DED027A77EE36
:10B8D000677AF5EEC07AF1EE10FA07DD444BD3ED4E
:10B8E000007A9DED027A77EE677A08E0404BD3ED5F
:10B8F000007A9DED027A77EE677AF1EE677A17EEBD
:10B90000900A05F035FF4FF000023A4B05F0EEFECD
:10B910000346002B49D00DF103031846FEF72CFE19
:10B92000034601939DF80330002B03D002212C48DD
:10B93000FEF726FE2A4B1A782B4BA3FB021399081D
:10B940000B469B000B44D31ADAB2254B1A70244BDA
:10B950005B785A082549A1FB021252086E2101FBAF
:10B9600002F29B1ADAB21E4B5A701D4B1B78184616
:10B9700005F0EAFE04460D46194B5B78184605F0C3
:10B98000E3FE15A3D3E9002305F02EFD02460B4686
:10B990002046294605F006FC02460B46104619468D
:10B9A00005F000FF0346124A13600D4B1B788DF81B
:10B9B0001B300B4B5B788DF813300D4B1B680293DB
:10B9C0000B4BD3ED007A9FED0C7A77EE877AB0EED1
:10B9D000670A09B030BD00BF7B14AE47E17A843FEF
:10B9E0002C2D00202D2D0020CDCCCCCC95204F0926
:10B9F000302D00200000D03F0000664400B583B029
:10BA00002F4801F0F9F92F4805F0ECF80022012148
:10BA10002C4805F0B5FA002240212A4805F0B0FA7A
:10BA200030224121274805F0ABFA274B93F900302B
:10BA300000221946234805F059F900220421214823
:10BA400005F09EFA002205211E4805F099FA002310
:10BA50008DF8073001238DF806303021194805F0A4
:10BA60005DFA03465BB203F06F035BB29DF80720FB
:10BA7000012A01D1002201E06FF07F0213435AB284
:10BA80009DF806301B015BB213435BB2DBB21A4672
:10BA900030210C4805F074FA31210A4805F03EFACD
:10BAA00003461A463121074805F06AFA00220021B0
:10BAB000044804F094FF00BF03B05DF804FB00BF2E
:10BAC00080390300A42D0020D430002008B5322096
:10BAD000FEF7EAFD024805F085F800BF08BD00BF8B
:10BAE000A42D002010B586B000210620FEF7ABFD86
:10BAF0003220FEF7D9FD154B01AC0FCB84E80F00C7
:10BB000002238DF8073005238DF8063003238DF8C6
:10BB1000053004238DF804304FF0005303930023C5
:10BB20008DF8113001A90023094A0A48FCF740FDAD
:10BB30000590059B002B05D0074A40F29F710598A0
:10BB4000FAF798FC00BF06B010BD00BFA83903008B
:10BB500011CA02005C3E03001C35030008B5062232
:10BB60001749184804F08CFC034683F00103DBB24C
:10BB7000002B04D0144801F03FF900231EE0134BC2
:10BB800093F90030002219460E4805F0AFF80F4B2C
:10BB900093F9003019460E4801F02EF94FF47A70EF
:10BBA000FEF782FD0B4B1B6807EE903AF8EEE77A42
:10BBB000B0EE670A034804F067FF0123184608BD8A
:10BBC0005C3E0300A42D0020B8390300D4300020CF
:10BBD000D0390300F02A002000B583B0134801F0EB
:10BBE0000BF900230193FB220021114806F071F8A4
:10BBF000019B104A10490E4806F00EF80C4806F05A
:10BC0000BDF80346DBB21A4609490C4804F0E7FECA
:10BC10000A4804F0D2FE034683F00103DBB2002B96
:10BC200000D0F5E7019B01330193DCE7EC39030019
:10BC3000D42F0020E0390020103A0300A42D00206A
:10BC400000B583B0114801F0D7F83220FEF72CFD83
:10BC50000F4804F05BFE0346002BF6D03220FEF7BF
:10BC600023FDFB2200210B4806F033F8FB238DF85F
:10BC700007300DF107031A460649054804F06EFE29
:10BC80000449054801F0B8F8DFE700BF883A03002F
:10BC9000A42D0020D82E00200039030000B585B067
:10BCA00001901A4801F0A8F80198FEF7ABFF184B75
:10BCB0001B68002B0CBF01230023DBB2002B1FD01D
:10BCC0003220FEF7F1FC134804F020FE0346002B5F
:10BCD000EDD03220FEF7E8FCFB2200210E4805F0F3
:10BCE000F8FFFB238DF80F300DF10F031A460A49B8
:10BCF000084804F033FE0849084801F07DF8D6E70B
:10BD000000F030FE00BF05B05DF804FBAC3A030064
:10BD1000F0390020A42D0020D82E00200039030087
:10BD200084B00390029101920093039A029BD31A6C
:10BD30000499009A8A1A02FB03F20199029BCB1A1A
:10BD400092FBF3F2009B1344184604B070470000C6
:10BD500000B583B0FDF7F6F90190019B0093009BBD
:10BD6000002B05D00B4A40F646010098FAF782FBFB
:10BD7000FFF790FCFFF798FCFFF7EEFC00F0EDFDFD
:10BD8000FEF776FFFEF788FF0123184603B05DF843
:10BD900004FB00BF1C35030008B5FFF7A3FE122308
:10BDA000184608BD08B59048FFF77AFB8F4B1B7803
:10BDB000022B11D18E4B1B78002B0DD18D4B1B68A4
:10BDC000002B09D18C4B1B68002B05D18B4B1B68BA
:10BDD000002B01D1042340E1844B1B78002B11D1AF
:10BDE000834B1B78002B0DD1824B1B68002B09D194
:10BDF000814B1B68002B05D1804B1B68002B01D1A8
:10BE000003232AE1794B1B78032B11D1784B1B7844
:10BE1000002B0DD1774B1B68002B09D1764B1B688B
:10BE2000002B05D1754B1B68002B01D1052314E1B4
:10BE30006E4B1B78022B11D16D4B1B78002B0DD153
:10BE40006C4B1B68002B09D16B4B1B68002B05DD6D
:10BE50006A4B1B68002B01D10623FEE0634B1B7865
:10BE6000022B11D1624B1B78002B0DD1614B1B684B
:10BE7000002B09DD604B1B68002B05D15F4B1B6855
:10BE8000002B01DD0723E8E0584B1B78032B11D171
:10BE9000574B1B78002B0DD1564B1B68002B09DD2F
:10BEA000554B1B68002B05D1544B1B68002B01DD43
:10BEB0000823D2E04D4B1B78022B11D14C4B1B7841
:10BEC000002B0DD14B4B1B68002B09D14A4B1B6833
:10BED000002B05DD494B1B68002B01DD0923BCE06D
:10BEE000424B1B78022B11D1414B1B78002B0DD1FB
:10BEF000404B1B68002B09DD3F4B1B68002B05DD09
:10BF00003E4B1B68002B01DD0A23A6E0374B1B7854
:10BF1000032B11D1364B1B78002B0DD1354B1B68F1
:10BF2000002B09DD344B1B68002B05DD334B1B68F0
:10BF3000002B01DD0B2390E02C4B1B78022B11D141
:10BF40002B4B1B78012B0DD12A4B1B68002B09D1E1
:10BF5000294B1B68002B05D1284B1B68002B01D1F6
:10BF60000C237AE0214B1B78032B11D1204B1B783B
:10BF7000012B0DD11F4B1B68002B09D11E4B1B68D9
:10BF8000002B05D11D4B1B68002B01D10D2364E054
:10BF9000164B1B78022B11D1154B1B78012B0DD1A1
:10BFA000144B1B68002B09D1134B1B68002B05DDBC
:10BFB000124B1B68002B01D10E234EE00B4B1B785C
:10BFC000022B1DD10A4B1B78012B19D1094B1B6881
:10BFD000002B15DD084B1B68002B11D1074B1B688C
:10BFE000002B0DDD0F2338E0C0D40100023A002001
:10BFF0001D310020342B00203C2B0020382B00204A
:10C00000174B1B78032B11D1164B1B78012B0DD12D
:10C01000154B1B68002B09DD144B1B68002B05D149
:10C02000134B1B68002B01DD102316E00C4B1B7813
:10C03000022B11D10B4B1B78012B0DD10A4B1B6826
:10C04000002B09D1094B1B68002B05DD084B1B6831
:10C05000002B01DD112300E00323184608BD00BFBB
:10C06000023A00201D310020342B00203C2B002000
:10C07000382B002008B5FBF74FFCFCE708B503F0B0
:10C08000A1FF1F4B01221A604FF080430022C3F82A
:10C0900000214FF0804301221A604FF08043D3F813
:10C0A0000031002B0CBF01230023DBB2002B00D09A
:10C0B000F3E7144B0022C3F80022124B0022C3F80E
:10C0C0001021104B00221A600E4B0122DA600D4B3A
:10C0D00001221A610B4B0122C3F80C21094BD3F842
:10C0E0001031002B0CBF01230023DBB2002B00D04A
:10C0F000F4E7044B0022C3F8102100BF08BD00BFC5
:10C1000000D000400010004008B5FFF7B7FFFFF770
:10C1100015F90323184608BD08B5FFF7AFFFFFF771
:10C120003BF90323184608BD08B5044B1B681846A5
:10C1300000F026FC0623184608BD00BF3C2B00205B
:10C1400008B5FFF79BFFFFF7F9F8144B1B6818467B
:10C15000FEF758FD124B1B68002B0CBF0123002378
:10C16000DBB2002B02D0FBF7D7FBF3E700F0FAFBC2
:10C17000FFF7BCF80B4B1B681846FEF743FD084B56
:10C180001B68002B0CBF01230023DBB2002B02D065
:10C19000FBF7C2FBF3E700F0E5FBD4E7342B00200C
:10C1A000F0390020382B002008B5FFF767FFFFF7B4
:10C1B000F3F8144B1B681846FEF724FD124B1B685E
:10C1C000002B0CBF01230023DBB2002B02D0FBF7B6
:10C1D000A3FBF3E700F0C6FBFFF788F80B4B1B68E7
:10C1E0001846FEF70FFD084B1B68002B0CBF012300
:10C1F0000023DBB2002B02D0FBF78EFBF3E700F04D
:10C20000B1FBD4E7342B0020F0390020382B00207C
:10C2100008B5FFF733FF0C4B1B68184600F0B0FB66
:10C220000A4B1B681846FEF7EDFC094B1B68002BF8
:10C230000CBF01230023DBB2002B02D0FBF76CFB09
:10C24000F3E700F08FFBE6E73C2B0020382B0020C3
:10C25000F039002008B5FFF711FFFFF76FF8174B13
:10C260001B681846FEF7CEFC154B1B68002B0CBF55
:10C2700001230023DBB2002B02D0FBF74DFBF3E7D9
:10C2800000F070FBFFF732F80E4B1B681846FEF704
:10C29000B9FC0B4B1B68002B0CBF01230023DBB246
:10C2A000002B02D0FBF738FBF3E700F05BFB064BFB
:10C2B0001B68184600F064FBCFE700BF342B00205A
:10C2C000F0390020382B00203C2B002008B5FFF768
:10C2D000D5FEFFF761F8174B1B681846FEF792FC76
:10C2E000154B1B68002B0CBF01230023DBB2002B76
:10C2F00002D0FBF711FBF3E700F034FBFEF7F6FF8B
:10C300000E4B1B681846FEF77DFC0B4B1B68002B81
:10C310000CBF01230023DBB2002B02D0FBF7FCFA99
:10C32000F3E700F01FFB064B1B68184600F028FBE4
:10C33000CFE700BF342B0020F0390020382B00203D
:10C340003C2B002008B5074800F056FDFFF706FC1F
:10C350004FF47A70FEF7A8F9FFF750FB0323184655
:10C3600008BD00BFF03A030008B5074800F044FDDF
:10C37000FFF7F4FB4FF47A70FEF796F9FFF72CFC09
:10C380000323184608BD00BF1C3B030008B507483F
:10C3900000F032FDFFF7E2FB4FF47A70FEF784F90C
:10C3A000FFF74EFC0323184608BD00BF403B0300C7
:10C3B00008B5074800F020FDFFF7D0FB4FF47A7076
:10C3C000FEF772F9034B1B681846FFF767FCF9E7A5
:10C3D000683B03003C2B002008B5FFF7BFFB4FF480
:10C3E0007A70FEF761F9184800F006FDFFF706FBCA
:10C3F000164B1B681846FEF705FC154B1B68002BF7
:10C400000CBF01230023DBB2002B02D0FBF784FA20
:10C41000F3E700F0A7FA0F4800F0EEFCFFF756FB39
:10C420000D4B1B681846FEF7EDFB094B1B68002BF4
:10C430000CBF01230023DBB2002B02D0FBF76CFA08
:10C44000F3E700F08FFACEE7903B0300342B002097
:10C45000F0390020B43B0300382B002008B5FFF76B
:10C460007DFB4FF47A70FEF71FF9184800F0C4FC0A
:10C47000FFF7B2FB164B1B681846FEF7C3FB154BC4
:10C480001B68002B0CBF01230023DBB2002B02D062
:10C49000FBF742FAF3E700F065FA0F4800F0ACFC56
:10C4A000FFF714FB0D4B1B681846FEF7ABFB094B5F
:10C4B0001B68002B0CBF01230023DBB2002B02D032
:10C4C000FBF72AFAF3E700F04DFACEE71C3B030036
:10C4D000342B0020F0390020B43B0300382B00201F
:10C4E00008B5154B14221A70FFF738FB9FED130A9D
:10C4F000134804F0C9FAFFF781FAFFF76DF9F0EE7F
:10C50000407AB0EE670A0E4804F0BEFAFFF776FAFA
:10C51000C820FEF777FB0B4B1B68002B0CBF0123D9
:10C520000023DBB2002B02D0FBF7F6F9F3E700F0B3
:10C5300019FAFFF7CBFAE0E7D430002000A06644F8
:10C54000A42D0020F0390020032318467047000076
:10C5500008B50B4800F050FC0A4B00221A700A4B39
:10C5600014221A70FFF7FAFA9FED080A084804F03F
:10C570008BFAFFF731FBFFF763FB0323184608BD77
:10C58000D03B0300242D0020D4300020000065445F
:10C59000A42D002008B5854B00221A70834B1B7810
:10C5A000142B00F2FB8001A252F823F001C6020016
:10C5B00015C6020029C602003DC6020049C6020097
:10C5C0005DC6020071C6020085C6020099C602005F
:10C5D000ADC60200C1C60200D5C60200E9C602000F
:10C5E000FDC6020011C7020039C702004DC7020094
:10C5F00025C7020061C7020075C7020089C7020093
:10C600006B4800F0F9FBFFF7A3FB03461A46674BA4
:10C610001A70C9E0674800F0EFFBFFF7BDFB034667
:10C620001A46624B1A70BFE0634800F0E5FBFFF763
:10C63000B9FB03461A465D4B1A70B5E05F4800F03F
:10C64000DBFBFFF717FDAFE05D4800F0D5FBFFF720
:10C650005BFD03461A46554B1A70A5E0594800F099
:10C66000CBFBFFF759FD03461A46504B1A709BE06F
:10C67000554800F0C1FBFFF757FD03461A464B4BE8
:10C680001A7091E0514800F0B7FBFFF759FD0346DF
:10C690001A46464B1A7087E04D4800F0ADFBFFF795
:10C6A00083FD03461A46414B1A707DE0494800F06D
:10C6B000A3FBFFF7ADFD03461A463C4B1A7073E02F
:10C6C000454800F099FBFFF7C5FD03461A46374B76
:10C6D0001A7069E0414800F08FFBFFF7F7FD034651
:10C6E0001A46324B1A705FE03D4800F085FBFFF7B9
:10C6F00029FE03461A462D4B1A7055E0394800F0C2
:10C700007BFBFFF731FE03461A46284B1A704BE0BD
:10C71000354800F071FBFFF739FE03461A46234BFC
:10C720001A7041E0314800F067FBFFF741FE034615
:10C730001A461E4B1A7037E02D4800F05DFBFFF7DC
:10C740004BFE03461A46194B1A702DE0294800F09B
:10C7500053FBFFF783FE03461A46144B1A7023E07F
:10C76000254800F049FBFFF7BBFE03461A460F4B76
:10C770001A7019E0214800F03FFBFFF7E5FE034681
:10C780001A460A4B1A700FE01D4800F035FBFFF700
:10C79000DFFE03461A46054B1A7005E0194800F003
:10C7A0002BFBFFF767FC00BFF8E600BF242D00203D
:10C7B000EC3B0300FC3B0300103C0300243C030063
:10C7C000343C03004C3C0300643C0300783C030011
:10C7D000903C0300A83C0300BC3C0300D43C030095
:10C7E000F03C0300083D0300203D0300343D0300FE
:10C7F000483D0300603D0300783D0300A03D030079
:10C80000C43D0300D43D030082B00190054BB3F852
:10C81000E0301A46019B42FA03F303F00103184685
:10C8200002B070470038002000B583B00190019835
:10C83000FFF7EAFF0346002B0CBF01230023DBB206
:10C84000002B22D0174BB3F8E0301AB20121019B24
:10C8500001FA03F31BB213431BB29AB2114BA3F8B4
:10C86000E020FDF73BFF02460F4B1B68D31A0F4A2F
:10C87000A2FB03239B0998B20A4A019B342101FBC6
:10C8800003F31344743302461A80064A019B342191
:10C8900001FB03F31344683300221A8000BF03B086
:10C8A0005DF804FB00380020043A0020D34D6210EC
:10C8B00000B585B00190009100230393039B002BEA
:10C8C00020DC039B342202FB03F1009A13461B0178
:10C8D0009B1ADB000B4440330D4A134408330622F5
:10C8E0001946019800F016F80346002B14BF0123E7
:10C8F0000023DBB2002B01D0039B05E0039B013337
:10C900000393DBE74FF0FF33184605B05DF804FBF7
:10C910000038002086B00390029101920023059315
:10C92000059A019B9A420FDA059B039A13441A78E1
:10C93000059B02990B441B789A4201D0002304E026
:10C94000059B01330593EBE70123184606B07047BA
:10C9500008B5FDF7A1FE00BF08BD08B5FAF786F8D7
:10C9600000BF08BD08B50448FAF728F9034B0022B8
:10C970001A6000BF08BD00BFD8300020F039002089
:10C9800000B583B001901A4B00221A70194B002297
:10C990001A70194B00221A70174B00221A70174B8D
:10C9A00000221A70164B00221A70164B00221A70C1
:10C9B000FEF787F90198FEF725F9134B1B68002B4A
:10C9C00005D1124B1B78002B01D1012300E000237D
:10C9D000002B02D0FAF7A0FFEFE7FFF7B9FFFFF750
:10C9E000C1FF03F0EFFA00BF03B05DF804FB00BF26
:10C9F000793200207A3200207B3200207C32002005
:10CA00007D320020083A0020F039002078320020E2
:10CA100082B001900091034B01221A7000BF02B056
:10CA2000704700BF1C31002000B583B001900B4659
:10CA30008DF803309DF80330012B03D1044803F037
:10CA4000FFFD00E000BF00BF03B05DF804FB00BFC6
:10CA5000A42D002000B585B003900291039B012B0B
:10CA600032D1029B4FF6FF7293422DD1184804F049
:10CA70005BFB4FF0CC73009302230722082115487B
:10CA800004F058FB134804F073FB034619461248A0
:10CA900004F075FB114803F0E7FC114803F088FC33
:10CAA000104B1B686433104A13600F4B1B689AB21B
:10CAB0000E4B5A800B4B1B689AB20C4B9A800C4B56
:10CAC0001B689AB2094BDA8000BF05B05DF804FB21
:10CAD000342D0020382D0020502D0020A42D0020C2
:10CAE00020310020302B0020CC370020402B0020AC
:10CAF000D037002008B54FF6FF710120FFF7AAFFDD
:10CB000008BD000000B583B01F4B0193019B0222BA
:10CB10001A61019B02225A61019B1C4A9A61019B86
:10CB20001B4ADA61019B4FF400721A62019B0022DA
:10CB30009A62019B00225A62019B0022DA62019BE9
:10CB4000124A9A64019B134ADA64019B10221A6507
:10CB5000019B00229A65019B00225A65019B0022DD
:10CB6000DA65019B07330C49184605F0E5F8019B8F
:10CB70000A49184605F0E0F8019B20229A7100BF8F
:10CB800003B05DF804FB00BF103B00206C3E0300C7
:10CB9000883B0020883D0020783E03007C3E030057
:10CBA00000B589B003900291019200230693039B84
:10CBB000DB680593039B1B690493049A059B9A42C7
:10CBC00005D9049A059BD31A013B079307E0039B01
:10CBD0009A680499059BCB1A1344013B0793039B66
:10CBE0009A68059BD31A079A934228BF1346079366
:10CBF000079A019B934228BF13460793039B5A68E9
:10CC0000059B1344079A0299184605F039F8069ACD
:10CC1000079B13440693029A079B13440293019ABD
:10CC2000079BD31A0193059A079B13440593039B13
:10CC30009B68059A9A4201D100230593039B059AAC
:10CC4000DA60019B002BB5D1069B184609B05DF850
:10CC500004FB00B589B0039002910192039BDB684D
:10CC60000793039B9A68079BD31A0693069A019B26
:10CC70009A420ED9039B5A68079B1344019A029962
:10CC8000184604F0FDFF079A019B1A44039BDA60E3
:10CC90001AE0069B0593039B5A68079B1344059A69
:10CCA0000299184604F0ECFF019A069BD31A0593EB
:10CCB000039B5868029A069B1344059A194604F090
:10CCC000DFFF039B059ADA6000BF09B05DF804FB43
:10CCD00086B00190019B1B690493019BDB68039361
:10CCE000049A039B9A4208D8019B9A68039BD21A24
:10CCF000049B1344013B059304E0049A039BD31A5D
:10CD0000013B0593059B184606B0704700B589B0F6
:10CD1000039002910192029B0693039B5A1C1346B7
:10CD20005B001344DB00204A13440593059B5B69B9
:10CD3000022B29D0022B2ED8002B02D0012B13D08E
:10CD400029E00598FFF7C4FF0490049A019B9A42DA
:10CD500002D20023079321E0019B0793019A0699D1
:10CD60000598FFF776FF19E00598FFF7B1FF0490EB
:10CD7000019A049B934228BF13460793079A06998A
:10CD80000598FFF766FF09E0019A06990598FFF7F5
:10CD900007FF079002E00023079300BF079B184698
:10CDA00009B05DF804FB00BF103B002000B587B060
:10CDB0000390029101920F4B1B78002B01D1FFF7DA
:10CDC000A1FE00238DF813300DF113031846F9F777
:10CDD000A9FF019A02990398FFF798FF05909DF823
:10CDE00013301846F9F7B4FF059B184607B05DF8F5
:10CDF00004FB00BF103B00200FB400B5A3B025AB6F
:10CE0000009301A8009B249A802104F02BFF21901D
:10CE1000219B802B06DD01AB802219460020FFF705
:10CE2000C5FF08E0219B002B05DD219A01AB1946C7
:10CE30000020FFF7BBFF219B184623B05DF804EBF1
:10CE400004B070476DDF704700BF184679DF704748
:10CE500000BF18467DDF704700BF184664DF70478B
:10CE600000BF184682B003460091ADF80630BDF809
:10CE70000630DAB2009B1A70BDF806301B0A9AB26F
:10CE8000009B0133D2B21A700223184602B07047D9
:10CE900000B589B0039002911346ADF80630029BAD
:10CEA0001B8803F10902BDF806309A4201D90C2310
:10CEB00053E004AB1846FFF7C5FF0790079B0693A6
:10CEC000069B002B01D0069B47E0029B1B881A465D
:10CED000039B134408221A70029B1B8801339AB2E9
:10CEE000029B1A80029B1B881A46039B13441B2239
:10CEF0001A70029B1B8801339AB2029B1A80029B14
:10CF00001B881A46039B981804AB01330622194666
:10CF100004F0B6FE029B1B8806339AB2029B1A806D
:10CF20009DF8103023F00103DBB2002B07D1029BE8
:10CF30001B881A46039B134400221A7006E0029BCA
:10CF40001B881A46039B134401221A70029B1B88FC
:10CF500001339AB2029B1A800023184609B05DF88B
:10CF600004FB00B589B0039002910192ADF8023044
:10CF7000039B1B78012B05D1039B5B78002B01D110
:10CF8000072392E0019B1B889A1CBDF802309A424D
:10CF90000ED8039B1B78012B0CD1019B1B881A46D2
:10CFA000039B5B7813449A1CBDF802309A4201D966
:10CFB0000C237AE0019B1B88BDF80220D31A9BB298
:10CFC000023BADF81C30BDF81C30ADF81230019BAF
:10CFD0001B880233029A13440DF1120211461846BF
:10CFE000FFF738FF0690069B0593059B002B01D0A9
:10CFF000059B5AE0039B1B78022B06D0039B5B78B2
:10D000009AB2BDF812309A4209D3BDF81230BDF879
:10D010001C209A4203D309238DF81F3017E0082300
:10D020008DF81F30039B1B78012B0CD1039B5B7881
:10D030009BB2BDF81C209A4205D3039B5B789BB240
:10D04000ADF8123003E0BDF81C30ADF81230BDF879
:10D050001230FE2B01D90C2327E0BDF81230DAB2D2
:10D06000019B1B881946029B0B440132D2B21A70F5
:10D07000019B1B8801339AB2019B1A80019B1B887C
:10D080001A46029B13449DF81F201A70019B1B88AF
:10D0900001339AB2019B1A80019B1A88BDF81230A5
:10D0A00013449AB2019B1A800023184609B05DF818
:10D0B00004FB00B589B0039002911346ADF8063029
:10D0C000029B1B881A1DBDF806309A4201D90C2319
:10D0D0003BE00DF116031846FFF7B8FE0790079BDB
:10D0E0000693069B002B01D0069B2EE0029B1B881B
:10D0F0001A46039B134403221A70029B1B880133B8
:10D100009AB2029B1A80029B1B881A46039B134407
:10D1100019221A70029B1B8801339AB2029B1A8053
:10D12000BDF81620029B1B881946039B0B44194629
:10D130001046FFF797FE03461946029B1A888BB2EA
:10D1400013449AB2029B1A800023184609B05DF876
:10D1500004FB84B0029101921A4603468DF80F3009
:10D160001346ADF80C30019B1B88DA1CBDF80C305F
:10D170009A4201D90C2328E0019B1B881A46029B86
:10D18000134402221A70019B1B8801339AB2019B3F
:10D190001A80019B1B881A46029B134401221A70B5
:10D1A000019B1B8801339AB2019B1A80019B1B884B
:10D1B0001A46029B13449DF80F201A70019B1B888E
:10D1C00001339AB2019B1A800023184604B07047BD
:10D1D00084B0029101921A4603468DF80F3013462F
:10D1E000ADF80C30019B1B88DA1CBDF80C309A425C
:10D1F00001D90C2328E0019B1B881A46029B13448B
:10D2000002221A70019B1B8801339AB2019B1A807B
:10D21000019B1B881A46029B13440A221A70019B29
:10D220001B8801339AB2019B1A80019B1B881A4606
:10D23000029B13449DF80F201A70019B1B88013339
:10D240009AB2019B1A800023184604B0704700B5BB
:10D250008FB0039001930B468DF80B3013468DF879
:10D260000A3000238DF83330109B1B88ADF8303026
:10D2700000230D9371E0039B5A680D9B9B001A4499
:10D2800005AB106818600DF11B0105AB00221846B4
:10D29000FFF7E4FD0A900A9B0993099B002B01D03C
:10D2A000099B7CE09DF81B309DF80A209A4251D1E1
:10D2B0009DF83330002B01D0002300E002238DF8CD
:10D2C0002330109B1B881A469DF81B301A449DF88A
:10D2D00023301A44BDF844309A4201DD0C235EE04D
:10D2E0009DF8333083F00103DBB2002B16D0109B86
:10D2F0001B8801339AB2109B1A80109B1B881A4618
:10D30000019B13449DF80B201A70109B1B8801335E
:10D310009AB2109B1A8001238DF83330109B1B8822
:10D320001A46019B1A440DF11B0105AB1846FFF785
:10D3300095FD0A900A9B0793079B002B01D0079B42
:10D340002DE0109B1A889DF81B309BB213449AB2B3
:10D35000109B1A800D9B01330D93039B1B881A466B
:10D360000D9B934287DB9DF83330002B16D0109B2A
:10D370001A88BDF83030D31A9BB2013BADF82E307D
:10D38000BDF82E30FF2B01D90C2308E0BDF830305A
:10D39000019A1344BDF82E20D2B21A700023184609
:10D3A0000FB05DF804FB00B58BB0059003930B46FE
:10D3B0008DF8133013468DF812309DF81310BDF818
:10D3C000343001930C9B0093039B02220598FFF7D6
:10D3D0003EFF0990099B0893089B002B01D0089BF6
:10D3E00014E09DF81210BDF8343001930C9B0093AB
:10D3F000039B10220598FFF72AFF0990099B0793CA
:10D40000079B002B01D0079B00E0002318460BB0C0
:10D410005DF804FB82B00190019B1B88052B0AD9A3
:10D42000019B1B88B3F5486F07D9019B1B884FF6FA
:10D43000FF72934201D0072325E0019B5B88052BF7
:10D440000AD9019B5B88B3F5486F07D9019B5B88BC
:10D450004FF6FF72934201D0072314E0019B1B8813
:10D460004FF6FF7293420DD0019B5B884FF6FF721F
:10D47000934207D0019B1A88019B5B889A4201D98D
:10D48000072300E00023184602B0704700B587B0BC
:10D49000039002910192ADF80230019B1B889A1D06
:10D4A000BDF802309A4201D90C234DE00398FFF7F2
:10D4B000B1FF0590059B0493049B002B01D0049BB6
:10D4C00042E0019B1B881A46029B134405221A70F6
:10D4D000019B1B8801339AB2019B1A80019B1B8818
:10D4E0001A46029B134412221A70019B1B880133B7
:10D4F0009AB2019B1A80039B1A88019B1B881946CC
:10D50000029B0B4419461046FFF7ACFC0346194634
:10D51000019B1A888BB213449AB2019B1A80039B19
:10D520005A88019B1B881946029B0B4419461046DA
:10D53000FFF798FC03461946019B1A888BB21344E7
:10D540009AB2019B1A800023184607B05DF804FBCD
:10D5500000B587B0039002910192ADF80230039BB1
:10D560009B8802330593019B1B881A46059B134435
:10D570009A1CBDF802309A4201D90C2354E0059B55
:10D58000FE2B01D90C234FE0059BDAB2019B1B88CF
:10D590001946029B0B440132D2B21A70019B1B88C0
:10D5A00001339AB2019B1A80019B1B881A46029B89
:10D5B0001344FF221A70019B1B8801339AB2019B0E
:10D5C0001A80039B1A88019B1B881946029B0B44F7
:10D5D00019461046FFF746FC03461946019B1A8878
:10D5E0008BB213449AB2019B1A80039B9B88002B39
:10D5F00019D0039B9B68002B01D1072314E0019BEA
:10D600001B881A46029B9818039B9968039B9B886A
:10D610001A4604F035FB019B1A88039B9B88134430
:10D620009AB2019B1A800023184607B05DF804FBEC
:10D6300000B589B0039002910192ADF80230039BCE
:10D640009B6A002B01D1072372E000238DF81F3065
:10D6500066E0039B996A9DF81F2013465B00134404
:10D660009B000B440693069B9B8802330593059B06
:10D67000FE2B01D90C235BE0059BDAB2019B1B88D2
:10D680001946029B0B440132D2B21A70019B1B88CF
:10D6900001339AB2019B1A80019B1B881A46029B98
:10D6A000134416221A70019B1B8801339AB2019B06
:10D6B0001A80069B1A88019B1B881946029B0B4403
:10D6C00019461046FFF7CEFB03461946019B1A8800
:10D6D0008BB213449AB2019B1A80069B9B88002B45
:10D6E00019D0069B9B68002B01D1072320E0019BEA
:10D6F0001B881A46029B9818069B9968069B9B8874
:10D700001A4604F0BDFA019B1A88069B9B881344B5
:10D710009AB2019B1A809DF81F3001338DF81F309B
:10D72000039B93F82C309DF81F209A4291D300233D
:10D73000184609B05DF804FB00B595B0059004915A
:10D74000039200231393039B1B88ADF84A30039B7D
:10D7500000221A80059B93F82D30002B0ED0BDF8C7
:10D760004A301A4603990498FFF792FB1390139BD3
:10D770001193119B002B01D0119BD8E0059B9B7846
:10D78000002B0ED0BDF84A301A4603990498FFF7D3
:10D7900090FC1390139B1093109B002B01D0109BB7
:10D7A000C5E0059BDB78002B10D0059BDB7858B2D9
:10D7B000BDF84A30039A0499FFF7CBFC1390139BF2
:10D7C0000F930F9B002B01D00F9BB0E0059B5B6874
:10D7D000002B11D0059B5B6893F90000BDF84A301F
:10D7E000039A0499FFF7F4FC1390139B0E930E9B7E
:10D7F000002B01D00E9B9AE0059B1B89002B14D0B7
:10D80000059B03F10800BDF84A300193039B009388
:10D81000049B06220221FFF7C6FD1390139B0D9374
:10D820000D9B002B01D00D9B81E0059B1B8A002BDB
:10D8300014D0059B03F11000BDF84A300193039BFF
:10D840000093049B07220321FFF7ADFD1390139B68
:10D850000C930C9B002B01D00C9B68E0059B1B8B51
:10D86000002B14D0059B03F11800BDF84A3001933A
:10D87000039B0093049B15221421FFF794FD139042
:10D88000139B0B930B9B002B01D00B9B4FE0059B35
:10D890001B6A002B0FD0059B186ABDF84A30039A0B
:10D8A0000499FFF7F3FD1390139B0A930A9B002B37
:10D8B00001D00A9B3BE0059B5B6A002B0FD0059BC8
:10D8C000586ABDF84A30039A0499FFF741FE139055
:10D8D000139B0993099B002B01D0099B27E0059B13
:10D8E00093F82C30002B0ED0BDF84A30039A0499DF
:10D8F0000598FFF79DFE1390139B0893089B002B40
:10D9000001D0089B13E0059B1B78002B0ED0BDF8BF
:10D910004A30039A04990598FFF723FB1390139B51
:10D920000793079B002B01D0079B00E0139B184631
:10D9300015B05DF804FB86B0039001921A460B46C1
:10D94000ADF80A3013468DF80930039B002B02D046
:10D95000019B002B01D100234DE00023ADF81630D0
:10D960000CE0BDF81630039A13441B789AB2BDF848
:10D97000163013449BB20133ADF81630019B1B885F
:10D98000BDF816209A4209D3BDF816300133039A28
:10D9900013441B789DF809209A4205D0BDF8162043
:10D9A000BDF80A309A42DCD3BDF81620BDF80A3023
:10D9B0009A4201D300231EE0BDF816300233ADF8C1
:10D9C0001430BDF81630039A13441B789BB2013B08
:10D9D000ADF81230BDF81420BDF812301A44BDF86D
:10D9E0000A309A4201DD002305E0019BBDF81420B6
:10D9F0001A80BDF81230184606B0704700B585B0E1
:10DA000001900B46ADF8023013468DF8013000232B
:10DA1000ADF80C309DF8013003AABDF80210019852
:10DA2000FFF789FF0346ADF80E30BDF80E30002B2E
:10DA300001D1002304E0BDF80C301A46019B1344C9
:10DA4000184605B05DF804FB72DF704700BF18464A
:10DA500073DF704700BF184682B00190019B93F8B6
:10DA60003034184602B0704784B00190002303930D
:10DA70000AE0019A039B13441B78002B01D0012379
:10DA800006E0039B01330393039B052BF1D900238D
:10DA9000184604B07047000082B003468DF8073086
:10DAA0009DF807305A1C074B83FB02135910D317FC
:10DAB000C91A0B469B000B44D11ACBB2184602B0D0
:10DAC000704700BF6766666682B001900091009B58
:10DAD000DB7B012B04D1009B9A88019BA3F82424B3
:10DAE00000BF02B0704700B585B001900091019B66
:10DAF000002283F82E24009B9A88019BB3F82434DB
:10DB00009A4216D1019B1B7983F00103DBB2002BF3
:10DB10000FD00121019800F0B1FA0390039B002B74
:10DB200007D0019B9B6B002B03D0019B9B6B039841
:10DB3000984700BF05B05DF804FB00B585B00190C3
:10DB40000091009B1B88262B1ED1009B1B7A012B6A
:10DB500003D0009B1B7A022B17D1019B9B781846A0
:10DB6000FFF79AFF03461946019800F087FA0390E1
:10DB7000039B002B09D0019B9B6B002B05D0019BC5
:10DB80009B6B0398984700E000BF05B05DF804FB6D
:10DB900000B585B001900B468DF80330019B03F270
:10DBA00027431846FFF760FF03468DF80F309DF8B6
:10DBB0000330013B032B33D801A252F823F000BFFE
:10DBC000D1DB0200F5DB020009DC020015DC0200FB
:10DBD000019B9B79002B0DD0019B93F8243083F09F
:10DBE0000103DBB2002B05D09DF80F30002B01D0D4
:10DBF000012316E0019BDB79002B05D09DF80F3047
:10DC0000002B01D002230CE0019B1B7A002B01D0DA
:10DC1000032306E0019B5B7A002B01D0042300E084
:10DC20000023184605B05DF804FB00BF82B00190E8
:10DC30000091019B012283F83120019B0022C3F84F
:10DC40002024019B03F22642009B5A60009B002285
:10DC50009A60009B02221A70009B80229A81002306
:10DC6000184602B0704782B001900091019B0222D9
:10DC700083F83120019B93F82430002B03D0009BC4
:10DC800007221A7002E0009B03221A70019B1B6995
:10DC90009AB2009B9A81019B0022C3F82024019B29
:10DCA00003F22642009B5A60019BDA68009B9A604F
:10DCB0000023184602B0704700B583B00190019B65
:10DCC0005B79002B0FD0019B93F82E3483F0010376
:10DCD000DBB2002B07D00198FFF7BEFE0346002BF6
:10DCE00001D0012300E0002303F00103DBB218465A
:10DCF00003B05DF804FB00B585B001900B468DF8CC
:10DD00000330019BD3F81004019BB3F814340122B3
:10DD10001946FFF773FE0390039B002B03D0039B70
:10DD20009DF803201A70019B03F15400019B03F539
:10DD30008261019B3C331A46FFF786FE0346184674
:10DD400005B05DF804FB00B585B001900091019B22
:10DD50005A69009B9A60019B9B699AB2009B9A81C9
:10DD6000019B93F82430002B04D0019B062283F8FA
:10DD70003C2003E0019B012283F83C200198FFF73F
:10DD80009BFF0346002B13D0009B02221A7504212F
:10DD90000198FFF7B0FF0390039B0293029B002BB7
:10DDA00001D0029B0FE0019B052283F8312003E0A4
:10DDB000019B032283F83120019B03F58262019BC2
:10DDC000C3F820240023184605B05DF804FB00B515
:10DDD00085B001900091019BDA69009B9A60019BDC
:10DDE0001B6A9AB2009B9A81019B93F82430002B06
:10DDF00004D0019B062283F83C2003E0019B012212
:10DE000083F83C200198FFF757FF0346002B13D0FF
:10DE1000009B02221A7504210198FFF76CFF039002
:10DE2000039B0293029B002B01D0029B0FE0019BFE
:10DE3000062283F8312003E0019B042283F831207D
:10DE4000019B03F58262019BC3F82024002318463E
:10DE500005B05DF804FB82B00190019B9B78002B1C
:10DE600006D0019B93F82030002B01D000230AE05C
:10DE7000019B9B6A042B03D0019B5B6A042B01D19D
:10DE8000002300E00123184602B0704784B00190DF
:10DE9000019B93F82430002B03D0EE23ADF80E3015
:10DEA00002E01F23ADF80E30BDF80E30184604B066
:10DEB000704782B001900B468DF80330019B9DF8AE
:10DEC000032083F8302000BF02B0704730B587B020
:10DED00001900091009B002B02D0019B002B01D1EF
:10DEE0000E23B8E0009B78331846FFF7B4FF0346D3
:10DEF00083F00103DBB2002B01D00723ABE0019BD1
:10DF000000229A70019A009B141D03F178050FCD31
:10DF10000FC40FCD0FC495E8070084E80700019BEC
:10DF2000002283F83020009BD3F8A420019B5A6381
:10DF3000009BD3F8A820019B9A63019B4FF6FF72C8
:10DF4000A3F82424019B03F58262019BC3F82024DB
:10DF5000019B03F2264307220021184603F0B9FE75
:10DF6000019B1B7883F00103DBB2002B03D0019BE4
:10DF7000FF2283F85420019B03F15502019BC3F853
:10DF800010240198FFF782FF03461A46019BA3F86D
:10DF900014240098019B03F15501019B03F21443E3
:10DFA0001A46FFF7C9FB0590059B0493049B002BC1
:10DFB00001D0049B4FE0019B03F23122019BC3F887
:10DFC00018240198FFF762FF03461A46019BA3F845
:10DFD0001C24009B03F13C00019BD3F81814019B07
:10DFE00003F21C431A46FFF7A7FB0590059B03931A
:10DFF000039B002B01D0039B2DE0019B012283F8A2
:10E000005120019B9B699AB2019BA3F84820019B78
:10E01000012283F83C20019B00221A64019B00220C
:10E0200083F85020019B5A69019B5A64019B03F1BC
:10E030005400019B3C331A460021FFF705FD059073
:10E04000059B0293029B002B01D0029B03E0019BE6
:10E0500001221A70059B184607B030BD82B00190AE
:10E06000019B1B68012B03D0019B1B68022B01D174
:10E07000012300E00023184602B0704700B585B0C8
:10E0800001900B468DF80330019B1B7883F0010350
:10E09000DBB2002B01D0082309E1019B9DF803208E
:10E0A0009A70019B03F2264307220021184603F0D1
:10E0B00010FE019B9B79002B03D0019B9B78012BC9
:10E0C0000FD0019BDB79002B03D0019B9B78012BA8
:10E0D00007D0019BDB79002B14D0019B9B78022B8E
:10E0E00010D1019B5B6B002B08D0019B012283F8B0
:10E0F0002D24019B5B6B0820984703E0019B0022C5
:10E1000083F82D249DF8033019460198FFF740FD50
:10E1100003461A46019B9A70019B5B6B002B20D033
:10E12000019B9B78032B03D0019B9B78042B18D178
:10E13000019B5B79002B14D0019B93F82E3483F064
:10E140000103DBB2002B0CD0019B002283F83024AA
:10E15000019B012283F82F24019B5B6B07209847CA
:10E1600003E0019B002283F82F24019B3C331822FB
:10E170000021184603F0ADFD019B012283F83C20ED
:10E18000019B2C331846FFF769FF0346002B06D08E
:10E19000019BDB6ADAB2019B83F8512003E0019B0B
:10E1A000012283F85120019B93F82430002B12D0D8
:10E1B000019B28331846FFF751FF0346002B06D07A
:10E1C000019B9B6ADAB2019B83F8522003E0019B1A
:10E1D000012283F85220019B002283F85020019BEA
:10E1E0009B78042B31D801A252F823F041E20200BF
:10E1F00001E2020011E2020021E2020031E202002B
:10E20000019B3C3319460198FFF710FD03901DE078
:10E21000019B3C3319460198FFF725FD039015E05B
:10E22000019B3C3319460198FFF78DFD03900DE0EB
:10E23000019B3C3319460198FFF7C9FD039005E0A7
:10E24000019B002283F8312000E000BF019B9B78F6
:10E25000002B20D0019B03F15400019BD3F8201424
:10E26000019B3C331A46FFF7EFFB0390039B002B07
:10E2700001D0039B1BE0019B93F85420019B93F872
:10E28000303019461046FFF7E3FB0390039B002B49
:10E2900001D0039B0BE0019B5B6B002B06D0019B25
:10E2A0005B6B019A92F8312010469847002318467C
:10E2B00005B05DF804FB00BF00B585B0019000918A
:10E2C000009B0393019B1B88262B10D0262B13DC6D
:10E2D000102B02D0112B05D00EE001990398FFF707
:10E2E000F3FB0AE001990398FFF7FDFB05E00199B4
:10E2F0000398FFF722FC00E000BF00BF05B05DF807
:10E3000004FB75DF704700BF184676DF704700BF1B
:10E3100018467ADF704700BF18467BDF704700BFA2
:10E320001846000084B00346ADF80630002303937E
:10E3300016E00F49039A13469B0013449B000B44BD
:10E340001B88BDF806209A4207D1039A13469B000A
:10E3500013449B00064A134406E0039B01330393D6
:10E36000039B002BE5D00023184604B0704700BF84
:10E37000B83D002082B001900B46ADF80230019B01
:10E38000BDF802201A80019B00221A72019B0549E8
:10E3900003F10A020B4603CB1060516000BF02B0CC
:10E3A000704700BFE83D002082B00190019B4FF60E
:10E3B000FF721A8000BF02B0704788B003900291CC
:10E3C00011461A460B46ADF806301346ADF8043038
:10E3D000039B9B881A46BDF8063013440793039BA2
:10E3E0009B881946039B9B88BDF80620934228BF53
:10E3F00013469BB2CB1A0693039BDB881A46BDF8E3
:10E40000043013440593039BDB881946039BDB8888
:10E41000BDF80420934228BF13469BB2CB1A049345
:10E42000029B5A88039B1B889A4205D3029B5A88F9
:10E43000039B5B889A4201D900231CE0029B9B88C6
:10E440001A46069B934205D8029B9B881A46079B57
:10E45000934201D200230EE0029BDB881A46049B04
:10E46000934205D8029BDB881A46059B934201D252
:10E47000002300E00123184608B0704700B583B0C0
:10E480000190064B9B69002B03D0044B9B690198BC
:10E49000984700BF03B05DF804FB00BFCC3D0020EF
:10E4A00000B585B003460091ADF80630BDF80630E2
:10E4B00000991846FFF725FF0390039B002B05D01A
:10E4C000039B112B02D00398FFF7D8FF039B002B6F
:10E4D0000CBF01230023DBB2184605B05DF804FB36
:10E4E00000B589B00190019B0793079B9BB218462A
:10E4F000FFF718FF0690069B002B42D0069B1A7A66
:10E50000224B1B7B9A4215D2079B9AB2069B0A3379
:10E5100019461046FFF7C4FF03468DF813309DF8E7
:10E520001330002B2DD0069B1B7A0133DAB2069BE9
:10E530001A7226E0069B00221A72144B1B7C002BD9
:10E540000FD0079B9BB23B211846FFF7DEFE0590DC
:10E55000059B002B05D0059B082B02D00598FFF7E3
:10E560008DFF0A4B5B69002B0BD000238DF80C301C
:10E57000079B9BB2ADF80E30044B5B6903AA1046B3
:10E58000984700BF09B05DF804FB00BFCC3D0020F8
:10E5900030B587B00190019B002B01D10E2353E0D1
:10E5A0002B4A019B14461D460FCD0FC495E807006A
:10E5B00084E80700264B274A1A60019B1B68002B42
:10E5C00011D0019B1B681846FFF7A3FE0490049B23
:10E5D000002B01D0049B37E0019B1A681D4B10688B
:10E5E000516803C308E01B48FFF797FE0490049BA3
:10E5F000002B01D0049B27E00023059320E0059A1F
:10E6000013469B0013449B00134A1344039303983F
:10E61000FFF7CAFE059B5B01104A1A44039B5A6030
:10E62000039B04330E4A00211846F8F75DFA049064
:10E63000049B002B01D0032306E0059B01330593C7
:10E64000059B002BDBD00023184607B030BD00BF70
:10E65000CC3D0020E83D0020B83D0020983D002042
:10E66000E1E4020000B587B003460091ADF8063042
:10E67000009B5B7A002B1AD1009B1B7A002B03D1E5
:10E68000164B5B68059302E0144B9B680593009B57
:10E690005B68BDF8062005991846F8F759FA04900A
:10E6A000049B002B16D00498FFF7E8FE12E0009BB5
:10E6B00000221A72094B5B69002B0BD001238DF8E5
:10E6C0000C30BDF80630ADF80E30044B5B6903AA80
:10E6D0001046984700BF07B05DF804FBCC3D002012
:10E6E00000B585B00190019BDB7B8DF80F30019B5D
:10E6F0009B88ADF80C309DF80F30012B2CD14FF6D4
:10E70000FF70FFF70FFE0290029B002B03D1042045
:10E71000FFF7B4FE21E0BDF80C3019460298FFF770
:10E7200029FE029B03F10A00019B03F110014FF641
:10E73000FF7340F2F312FFF740FE03461A46029BB6
:10E740005A72074BDB89002B07D1BDF80C300299B8
:10E750001846FFF787FF00E000BF05B05DF804FB37
:10E76000CC3D002000B587B00190019B9B88ADF89F
:10E770001630BDF816301846FFF7D4FD0490049B00
:10E78000002B0ED0049B5B681846F8F717FA03902D
:10E79000039B002B02D00398FFF770FE0498FFF74D
:10E7A00003FE00BF07B05DF804FB000000B587B0B2
:10E7B0000190019B06330593059B1A88194BDB8951
:10E7C0009A422BD1059B5B89022B27D1019B9B8809
:10E7D000ADF81230BDF812301846FFF7A3FD0390D4
:10E7E000039B002B1AD0059B0C33184600F074FADB
:10E7F0000346002B06D0BDF8123003991846FFF7E8
:10E8000031FF0BE0039B5B681846F8F7D7F90290DD
:10E81000029B002B02D00298FFF730FE00BF07B02A
:10E820005DF804FBCC3D002000B585B00190019B54
:10E830009B88ADF80E30BDF80E301846FFF772FD1C
:10E840000290029B002B15D0029B03F10A00019B52
:10E8500003F108014FF6FF7340F2F312FFF7ADFD2D
:10E8600003461A46029B5A72BDF80E3002991846AA
:10E87000FFF7F8FE00BF05B05DF804FB00B583B0FC
:10E8800001900091019B1B88502B12D0502B18DC5B
:10E89000122B12D0122B14DC102B02D0112B04D00F
:10E8A0000FE00198FFF71CFF0CE00198FFF75AFFFB
:10E8B00008E00198FFF77AFF04E00198FFF7B4FF42
:10E8C00000E000BF00BF03B05DF804FB30B58FB0BF
:10E8D0000190009100230293009B002B1AD000238B
:10E8E0000D9314E06B460D991846F8F752FF034656
:10E8F000002B09D0029B5A1C02920D9A92B25B0027
:10E900000EA90B4423F82C2C0D9B01330D930D9B6A
:10E91000132BE7D9019B1D4602AC0FCC0FC50FCCC2
:10E920000FC594E8070085E8070001980FB030BDD7
:10E9300000B583B00346ADF80630BDF80630132BA2
:10E9400001D900230CE0BDF8063019460648F8F757
:10E95000EFFEBDF8063019460448F8F7E9FE01233A
:10E96000184603B05DF804FBF83D0020F43D00209C
:10E9700000B585B00346ADF80630002303930DE0E3
:10E98000039B9B00094A13440433BDF8062011463B
:10E990001846F8F7E5FE039B01330393039B1D2BF9
:10E9A000EED900BF00BF05B05DF804FBF03D0020CC
:10E9B00000B583B00346ADF80630BDF80630194601
:10E9C0000348F8F7CDFE00BF03B05DF804FB00BFBD
:10E9D000F83D002030B59BB0184B9B68DB43189383
:10E9E000164B5A6818AB11461846F8F702FF189AEA
:10E9F0006B4611461846FFF769FF0DAC6D460FCD0B
:10EA00000FC40FCD0FC495E8070084E8070000236A
:10EA100019930BE0199B5B001AAA134433F8303C9E
:10EA20001846FFF7A5FF199B013319930D9B199AFF
:10EA30009A42EFD300BF00BF1BB030BDF03D0020B5
:10EA400000B583B001900B46ADF8023013468DF847
:10EA500001309DF80130002B06D0BDF80230194678
:10EA60000198F8F765FE05E0BDF8023019460198F7
:10EA7000F8F776FE00BF03B05DF804FB00B585B083
:10EA800001900091019B9B88ADF80E30019B1B8883
:10EA9000103B0A2B00F2888001A252F823F000BF3D
:10EAA000CDEA020009EB0200A9EB0200A9EB02008B
:10EAB000A9EB0200A9EB0200A9EB0200A9EB0200FE
:10EAC000A9EB020073EB020015EB0200FFF782FFD7
:10EAD000BDF80E301846FFF72BFF034683F0010305
:10EAE000DBB2002B05D0324AF0210420F7F7C2FC3C
:10EAF00057E0019BDB7B012B53D0BDF80E3019464C
:10EB00002C48F8F715FE4CE0BDF80E301846FFF71C
:10EB10004FFF49E0019B1B7AC3F30313DBB28DF86F
:10EB20000D309DF80D30032B8CBF01230023DAB28A
:10EB3000BDF80E3019462048FFF782FF9DF80D30D2
:10EB4000022B8CBF01230023DAB2BDF80E30194628
:10EB50001A48FFF775FF9DF80D30012B8CBF01237C
:10EB60000023DAB2BDF80E3019461548FFF768FFEA
:10EB70001AE0019B1B7A002B15D1019B5B7AC3F332
:10EB8000C003DBB2002B14BF012300238DF80C302F
:10EB90009DF80C20BDF80E3019460748FFF750FFCE
:10EBA00001E000BF00E000BF00BF05B05DF804FB5E
:10EBB000843E0300FC3D0020083E0020043E00206F
:10EBC000003E002000B583B00346ADF80630BDF826
:10EBD0000630132B01D9002306E0BDF80630194694
:10EBE0000348F8F7D6FD0346184603B05DF804FB6A
:10EBF000F43D002000B583B00346ADF80630BDF803
:10EC000006301846FFF7DEFF0346002B02D0BDF8A2
:10EC1000063000E01423184603B05DF804FB00B58D
:10EC200087B003900B460192ADF80A30019B002B90
:10EC300001D10E2338E0019B00221A60039B002BB8
:10EC400001D10E2330E0039B1B68002B01D10E2362
:10EC50002AE0039BDB8803F003039BB2002B01D067
:10EC6000072321E0BDF80A301846FFF7C3FF03462B
:10EC70008DF817309DF81730142B01D1052313E0C0
:10EC8000039B1B799DF817209A4201D304230BE0C4
:10EC9000039B1B689DF817200399C98801FB02F2AA
:10ECA0001A44019B1A600023184607B05DF804FB64
:10ECB00082B00190019B1B781AB2019B01331B7833
:10ECC0001B021BB213431BB29BB2184602B0704723
:10ECD000AADF704700BF184600B585B001900198C3
:10ECE000FFF7E6FF0346ADF80E30BDF80E3003F037
:10ECF0000103002B14BF01230023DBB2184605B02B
:10ED00005DF804FB82B0034600918DF80730009A4D
:10ED100013786FF303031370009A13786FF30713DC
:10ED200013709DF80730052B5BD801A252F823F031
:10ED300049ED02005FED020079ED020093ED020063
:10ED4000ADED0200C7ED0200009A13786FF30303E4
:10ED50001370009A13786FF30713137040E0009A52
:10ED60001378012161F303031370009A13780121D2
:10ED700061F30713137033E0009A1378012161F3F4
:10ED800003031370009A1378022161F307131370C1
:10ED900026E0009A1378012161F303031370009AAF
:10EDA0001378032161F30713137019E0009A1378A5
:10EDB000022161F303031370009A1378012161F3B8
:10EDC000071313700CE0009A1378022161F3030318
:10EDD0001370009A1378022161F30713137000BFB8
:10EDE00000BF00BF02B0704700B595B00346029166
:10EDF0000192ADF80E30029B9B78002B03D10123CA
:10EE00008DF81E3003E0029B9B788DF81E30029B2C
:10EE10001B88ADF81C3006AB03220021184602F017
:10EE200058FF029B5B7C06AA11461846FFF76AFF53
:10EE3000029B9A7C06AB013319461046FFF762FF2E
:10EE4000029BDA7B9DF81A3062F3C3038DF81A3007
:10EE5000029B1A7C9DF81A3062F304138DF81A3065
:10EE6000029B1A7B9DF81A3062F300038DF81A306A
:10EE7000029B1B7D002B01D0022200E001229DF8A5
:10EE80001A3062F342038DF81A300DAB1C220021B8
:10EE9000184602F01EFF029B5B7B03F01003DBB2FF
:10EEA000002B06D1029B5B7B03F02003DBB2002B1F
:10EEB00024D004AB03220021184602F00AFF029B73
:10EEC000DA7C04AB013319461046FFF71BFF9DF8AF
:10EED0001030012262F303038DF810309DF81030DA
:10EEE000012262F307138DF810309DF812300122D1
:10EEF00062F342038DF8123004AB1293029B5B7BEA
:10EF00008DF83430029B9B7B8DF8353008AB142292
:10EF10000021184602F0DDFE07AB089306AB09930B
:10EF2000029B9B88ADF82C30029B9B68002B06D07F
:10EF3000029BDB88ADF82830029B9B680C93029BF8
:10EF40009B69002B4FD005AB03220021184602F02D
:10EF5000C0FE029B9B691B88ADF83C30029B9B69FD
:10EF60005B88ADF83E30029B9B695B680E9305ABF6
:10EF70001193029B9B691B7B05AA11461846FFF75C
:10EF8000C1FE029B9B695A7B05AB013319461046B3
:10EF9000FFF7B8FE029B9B699A7A9DF8163062F3E0
:10EFA000C3038DF81630029B9B69DA7A9DF8163000
:10EFB00062F304138DF81630029B9B691A7A9DF850
:10EFC000163062F300038DF81630029B9B699B7B21
:10EFD000002B01D0022200E001229DF8163062F3DE
:10EFE00042038DF81630029BDB69002B02D0029B96
:10EFF000DB69109308AA0DA9BDF80E00019BFFF76D
:10F0000067FE0346184615B05DF804FB90DF7047B5
:10F0100000BF1846A5DF704700BF1846B5DF704730
:10F0200000BF184682B00190019BF7221A80019B15
:10F0300017225A80019B00221A71019B00225A71EB
:10F04000019BFB229A71019B1B22DA7100BF02B067
:10F05000704700B589B003460A46ADF8063013463E
:10F06000ADF80430BDF80430ADF81430BDF804300C
:10F07000ADF816300023ADF818300023ADF81A3083
:10F0800003AB00221A609A8003AA05A9BDF80630D6
:10F090001846FFF7BBFF0790079B002B02D0BDF877
:10F0A0000C30002B079B184609B05DF804FB00B537
:10F0B00087B001900091009B9B88ADF81630BDF899
:10F0C0001630DB00019A134406330493019B1A792E
:10F0D000049B9A71009BDB7B012B02D0022B05D095
:10F0E00009E0019B1A88049B1A8004E0019B5A885E
:10F0F000049B1A8000BF049B1A88049B5B889A4279
:10F1000015D9049B1A88BDF8163011461846FFF72A
:10F1100081FF0390039B002B03D1049B01225A71B2
:10F1200005E0039B112B02D1049B01221A71049B61
:10F130009A79049BDB799A4208D9049B9B799AB20D
:10F14000BDF8163011461846FFF783FF00BF07B021
:10F150005DF804FB00B583B001900091009B9B8893
:10F16000DB00019A134406331846FFF75BFF00BF2C
:10F1700003B05DF804FB00B587B001900091009BDF
:10F180009B88ADF81630009B5B89ADF81430BDF854
:10F190001630DB00019A134406330493049B1B884A
:10F1A000BDF81420934228BF13469AB2049B5A809C
:10F1B000049B5B88172B38BF17239AB2049B5A8095
:10F1C000019B1B69002B15D0049B5B79002B11D090
:10F1D00040F67723ADF80830BDF81630ADF80A30A8
:10F1E000049B5B88ADF80C30019B1B6902AA114699
:10F1F00001989847049B00225A71049B00221A71BF
:10F2000000BF07B05DF804FB00B589B00190009124
:10F21000009B9B88ADF81E30009BDB88ADF81C304E
:10F22000BDF81E30DB00019A134406330693BDF887
:10F230001C30172B38BF1723ADF81C30069B1B88DA
:10F24000BDF81C20934228BF13469AB2069B5A80F1
:10F25000069B00221A71069B1A88BDF81E301146C3
:10F260001846FFF7DBFE0590069B5B79002B16D155
:10F27000019B1B69002B13D040F67723ADF80C30AF
:10F28000BDF81E30ADF80E30069B5B88ADF810302F
:10F29000019B1B6903AA11460198984700E000BF33
:10F2A00009B05DF804FB30B591B001900091009B6E
:10F2B00004AC1D1D0FCD0FC40FCD0FC495E8070082
:10F2C00084E80700BDF81030ADF83E30BDF81420DA
:10F2D000BDF83E30D1B2019ADB0013440A465A739E
:10F2E000019B1B69002B19D002AB00221A609A8087
:10F2F0004DF67A23ADF80830BDF83E30ADF80A304F
:10F30000BDF83E30019ADB0013445B7B8DF80C3076
:10F31000019B1B6902AA11460198984700BF11B0D2
:10F3200030BD00B587B001900091009B0433059378
:10F33000059B1B88DB00019A134406330493059B4D
:10F340009B888DF80F30049B9B799DF80F2093428A
:10F3500028BF13468DF80E30059B1B889DF80E20A4
:10F3600092B211461846FFF774FE00BF07B05DF871
:10F3700004FB00B585B001900091019B002B01D1E9
:10F380000E231DE0019B009A1A61019BF7221A804F
:10F39000019BF7225A80019BFB221A7100230393E1
:10F3A0000AE0039BDB00019A134406331846FFF77B
:10F3B00039FE039B01330393039B002BF1D0002301
:10F3C000184605B05DF804FB82B001900B46ADF81D
:10F3D0000230019B002B01D10E230EE0BDF802305C
:10F3E000162B03D9BDF80230F72B01D9072304E00F
:10F3F000019BBDF802201A800023184602B0704716
:10F4000000B587B001900091009B0593019B9B88FC
:10F41000ADF81230BDF81230002B40F08480019B13
:10F420001B88552B48D0552B55DC242B32DC102B58
:10F4300051DB103B142B4ED801A252F823F000BF31
:10F440009BF40200A5F40200D7F40200D7F40200F6
:10F45000D7F40200D7F40200D7F40200D7F4020078
:10F46000D7F40200D7F40200D7F40200D7F4020068
:10F47000D7F40200D7F40200D7F40200D7F4020058
:10F48000D7F40200D7F40200D7F40200CDF4020052
:10F49000C3F402003A2B0AD01DE001990598FFF74A
:10F4A00006FE19E001990598FFF754FE14E0019952
:10F4B0000598FFF760FE0FE001990598FFF7A4FE9D
:10F4C0000AE001990598FFF7EEFE05E0019905981D
:10F4D000FFF727FF00E000BFBDF81230059ADB0000
:10F4E00013449B7A002B1FD0BDF81230059ADB0025
:10F4F0001344DA88BDF8123011461846FFF78AFD2A
:10F500000390039B002B0FD1BDF81230059ADB004E
:10F51000134400229A72BDF81230059ADB0013449E
:10F520000122DA7200E000BF07B05DF804FB00BF03
:10F53000B0DF704700BF184666DF704700BF18464F
:10F5400082B001900091019B002B01D10E2316E0A7
:10F55000009B002B01D10E2311E0019B1B78DE2BB9
:10F5600001D108230BE0009B1A68019B5A60019BA4
:10F57000DE221A70019B4FF6FF725A800023184654
:10F5800002B0704782B001900B46ADF80230019B8B
:10F59000002B01D10E230AE0019B1B78DE2B01D04A
:10F5A000082304E0019BBDF802205A80002318467E
:10F5B00002B0704700B585B00190019B1B7A002B0B
:10F5C00018D0019B5B8800211846FFF7B5FF039018
:10F5D000039B002B03D1019B00221A720AE0039BBC
:10F5E000112B03D1019B01221A7203E0019B5B687E
:10F5F0000398984700BF05B05DF804FB00B583B0E1
:10F6000001900091009B1B79012B0BD1009B1A8864
:10F61000019B5B889A4205D1019B01221A720198D5
:10F62000FFF7C8FF00BF03B05DF804FB82B0019094
:10F63000009100BF02B0704700B589B00190009101
:10F64000009B1A88019B5B889A4236D1009B02334B
:10F650000793079B1B78022B31D1079B1B7A042B46
:10F6600007D0079B1B7A062B03D0079B1B7A052B21
:10F6700027D102AB00221A605A609A60DA60022336
:10F680008DF808304FF4C073ADF80C30079B1B7A2F
:10F69000052B02D10023ADF80C30009B1B8802AA79
:10F6A00011461846FFF744FF0690069B002B09D031
:10F6B000019B5B680698984704E000BF02E000BF2A
:10F6C00000E000BF09B05DF804FB00B585B0019013
:10F6D0000091009B002B40D0019B002B3FD0009B52
:10F6E0000393039B1B78DE2B3BD1019B9A88039BE2
:10F6F0005B889A4202D10398FFF75CFF019B1B884D
:10F70000512B18D0512B2EDC112B1BD0112B2ADCA6
:10F71000012B02D0022B07D025E0019B04331946B0
:10F720000398FFF76BFF21E0019B04331946039810
:10F73000FFF77CFF1AE0019B043319460398FFF79B
:10F740007BFF13E0019B9A88039B5B889A420CD154
:10F75000039B4FF6FF725A8007E000BF06E000BF30
:10F7600004E000BF02E000BF00E000BF05B05DF8AC
:10F7700004FBA8DF704700BF1846ADDF704700BF2D
:10F780001846AEDF704700BF184662DF704700BF03
:10F79000184600B58FB00190009100230393019BA0
:10F7A0005869009B9B8803AA1946FFF738FA0D9009
:10F7B00005AB08220021184602F08BFA04AB069331
:10F7C0000223ADF814300023ADF81630009B988862
:10F7D000019B1B8905AA1946FFF7CFFF0D900D9BD2
:10F7E000002B26D1019B9B69002B22D0069B18463B
:10F7F000FFF772FA0346002B1BD0039B002B02D0AD
:10F80000039B01221A7007AB18220021184602F050
:10F8100060FA02238DF81C30019B0893009B9B88A3
:10F82000ADF82430039B0A93019B9B6907AA1046FD
:10F83000984700BF0FB05DF804FB00B58DB0019094
:10F840000091009B06330B93019B5869009B9B889A
:10F8500003AA1946FFF7E3F90A9004AB1822002126
:10F86000184602F036FA019B0593009B9B88ADF881
:10F870001830039B07930B9B1A88019B1B899A42A4
:10F8800025D10B9B5B89022B21D1039B002B38D008
:10F890000B9B0C331846FFF71FFA0346002B06D0CC
:10F8A000039B01221A7002238DF8103005E0039BA0
:10F8B00000221A7003238DF81030019B9B69002BE6
:10F8C0001FD0019B9B6904AA1046984719E00B9B27
:10F8D0001A88019B9B899A4214D1019B9B69002B3A
:10F8E00010D000238DF810300B9B0C3308930B9B2A
:10F8F0005B89ADF82430019B9B6904AA10469847A8
:10F9000000E000BF00BF0DB05DF804FB00B58BB098
:10F9100001900091019B5869009B9B8802AA19469F
:10F92000FFF77DF90990099B002B1AD1029B1B78E8
:10F93000002B17D003AB18220021184602F0C9F99A
:10F9400001238DF80C30019B0493009B9B88ADF83C
:10F950001430029B0693019B9B6903AA10469847AB
:10F9600000E000BF0BB05DF804FB00B585B001906E
:10F970000091009B002B1ED0019B002B1BD0009BF5
:10F980000393019B1B88572B10D0572B15DC102B92
:10F9900002D0502B05D010E001990398FFF7F9FE33
:10F9A0000CE001990398FFF748FF07E001990398DD
:10F9B000FFF7ACFF02E000BF00E000BF05B05DF85C
:10F9C00004FB000010B592B0019000914F4B0AACBF
:10F9D0000FCB84E80F00019B002B01D10E2391E097
:10F9E000009B002B01D10E238CE0009B1A68019B29
:10F9F0009A61019A0AAB11461846FFF7C6FE1190AC
:10FA0000119B1093109B002B01D0109B7AE0019B5F
:10FA10001B788DF83A300123ADF83830019B9A1CE1
:10FA20000EAB19460120FFF7A4FE1190119B0F9316
:10FA30000F9B002B01D00F9B64E002AB2022002122
:10FA4000184602F046F90223ADF80830019B1B78F6
:10FA50008DF80A30F423ADF80C300123ADF80E30E8
:10FA600001238DF814309DF8153043F008038DF80C
:10FA700015309DF8153043F004038DF8153001233F
:10FA80008DF8193001238DF81A30019B5888019B9D
:10FA900003F10C0202AB1946FFF7A6F91190119B76
:10FAA000002B01D0119B2DE002AB20220021184633
:10FAB00002F00FF90323ADF80830019B1B788DF895
:10FAC0000A30F423ADF80C300123ADF80E300123D9
:10FAD0008DF814309DF8153043F010038DF8153073
:10FAE00001238DF8193001238DF81A3001238DF888
:10FAF0001B30019B5888019B1A1D02AB1946FFF76A
:10FB000073F90346184612B010BD00BFF03E030063
:10FB100000B58DB0039002910192ADF80230039BC5
:10FB2000002B01D10E2342E0039B5B6905AABDF8BF
:10FB300002101846FFF773F80B900B9B0A930A9B71
:10FB4000002B01D00A9B32E0BDF802304FF6FF7265
:10FB5000934202D0059B002B01D1052327E0059B92
:10FB60001B7883F00103DBB2002B01D008231EE0D9
:10FB7000019B1B88F42B01D9072318E006AB102248
:10FB80000021184602F0A5F8039B9B88ADF81830B9
:10FB9000029B0993019B089301238DF81A3006AA52
:10FBA000BDF8023011461846FFF7EBFD0346184634
:10FBB0000DB05DF804FB000082B003468DF80730FD
:10FBC0009DF8073003F01F0205499DF907305B09D6
:10FBD000012000FA02F241F8232000BF02B0704772
:10FBE00000E100E082B003468DF807309DF8073051
:10FBF00003F01F0206499DF907305B09012000FA56
:10FC000002F2203341F8232000BF02B0704700BF4A
:10FC100000E100E082B003468DF807309DF907301F
:10FC2000002B0BDA0B4A9DF8073003F00F03043B5F
:10FC300013441B7EDBB25B09DBB208E0064A9DF988
:10FC40000730134493F80033DBB25B09DBB218468C
:10FC500002B0704700ED00E000E100E000B583B0C5
:10FC60000190019B002B03D10449C420FBF758F8F5
:10FC7000019B5B68184603B05DF804FB003F03007E
:10FC800010DF704700BF184611DF704700BF1846ED
:10FC900082B003468DF807309DF907301F2B0CDC2E
:10FCA0009DF907300F4A22FA03F303F00103002BFA
:10FCB00014BF01230023DBB210E09DF907303F2B76
:10FCC0000BDC9DF90730203B012202FA03F3002BE5
:10FCD00014BF01230023DBB200E00123184602B069
:10FCE000704700BFFC06FFBD82B00190019B072B4F
:10FCF00007D8EC22019B42FA03F303F00103002B27
:10FD000001D1002300E00123184602B07047000033
:10FD100000B583B003468DF807309DF907301846CB
:10FD2000FFF7B6FF0346002B02D142F201032EE09B
:10FD30009DF907301846FFF76DFF03461846FFF799
:10FD4000D3FF0346002B02D142F202031FE0124B05
:10FD50009B68002B15D09DF907305B090E4A52F8BD
:10FD600023209DF8073003F01F03012101FA03F35C
:10FD700019469DF907305B090A43074941F82320DA
:10FD800004E09DF907301846FFF716FF00231846D8
:10FD900003B05DF804FB00BF0C2C002000B583B05D
:10FDA00003468DF807309DF907301846FFF770FFBE
:10FDB0000346002B02D142F201031FE0114B9B6866
:10FDC000002B15D09DF907305B090E4A52F823101D
:10FDD0009DF8073003F01F03012202FA03F3DA4310
:10FDE0009DF907305B090A40064941F8232004E0E9
:10FDF0009DF907301846FFF7F5FE0023184603B0BB
:10FE00005DF804FB0C2C002000B587B003468DF88C
:10FE1000073002AB14491846F7F7A2FD17E002AB12
:10FE20001846FFF71BFF0590059B1B680493059B75
:10FE300059689DF80720049B104698470346002BFD
:10FE400001D111230BE002AB1846F7F7B3FD02AB6B
:10FE50001846FFF703FF0346002BE0D100231846A6
:10FE600007B05DF804FB00BFCC3F030000B587B0CE
:10FE700003468DF8073002AB11491846F7F770FDBD
:10FE800012E002AB1846FFF7E9FE0590059B1B68E0
:10FE90000493059B59689DF80720049B10469847DA
:10FEA00002AB1846F7F786FD02AB1846FFF7D6FE01
:10FEB0000346002BE5D100BF00BF07B05DF804FB8F
:10FEC000D83F030000B583B01620FFF721FF019053
:10FED000019B0093009B002B04D0044AA1210098B1
:10FEE000F6F7C8FA00BF03B05DF804FB5C3F0300FF
:10FEF00000B583B01620FFF751FF0190019B0093DE
:10FF0000009B002B04D0044AAD210098F6F7B2FA0A
:10FF100000BF03B05DF804FB5C3F030000B585B093
:10FF2000234B1B78002B01D008233CE0214B0122FE
:10FF30001A700020FFF768FF0346112B01D1002340
:10FF400031E00020FFF792FF1B4B1B680293002358
:10FF50008DF807300DF107031846F6F7E3FE02AB04
:10FF600016491846FFF78CFE0390039B002B0CBF2D
:10FF700001230023DAB20E4B1A709DF807301846A1
:10FF8000F6F7E6FE039B002B01D0039B0BE0094B29
:10FF900000221A700A4B00221A70FFF793FF01200B
:10FFA000FFF764FF0023184605B05DF804FB00BFAF
:10FFB0006C3E00206E3E0020C83F030091640200AA
:10FFC0006D3E002000B583B01D4B1B7883F001030C
:10FFD000DBB2002B01D008232EE01A4B01221A704D
:10FFE0000120FFF711FF0346112B01D1002323E06D
:10FFF0000220FFF73BFF00238DF803300DF10303D0
:020000023000CC
:100000001846F6F78FFEFFF73FFE01900C4B0022DB
:100010001A709DF803301846F6F79AFE019B002BE4
:1000200001D0019B08E0074B00221A70FFF760FF28
:100030000320FFF71BFF0023184603B05DF804FB05
:100040006C3E00206E3E0020014B1B781846704726
:100050006C3E002000B585B06B4611491846F7F795
:100060007FFC10E06B461846FFF7F8FD0390039BFA
:100070001B680293039B5A68029B104698476B4685
:100080001846F7F797FC6B461846FFF7E7FD03465F
:10009000002BE7D100BF00BF05B05DF804FB00BF37
:1000A000E43F030008B5FFF7D5FF00BF08BD60DFE0
:1000B000704700BF184669DF704700BF184661DF10
:1000C000704700BF1846000000B583B00190019B47
:1000D000002B03D10449C420FAF722FE019B5B6880
:1000E000184603B05DF804FBF03F030082B00190B6
:1000F000019B002B01D10E2304E0044B1A46019B07
:100100001A600023184602B0704700BFD82A0020AA
:1001100000B587B0034600918DF807300098FFF7CF
:10012000E5FF0590059B002B01D0059B7AE002AB13
:100130000C220021184601F0CCFD9DF807308DF807
:10014000083001238DF80A300623ADF80C30009BEF
:100150001A6802AB19462020FFF7ADFF059002ABED
:100160000C220021184601F0B4FD01238DF809305E
:1001700000238DF80A3000238DF80B30009B1A689D
:1001800002AB19464020FFF796FF059002AB0C2208
:100190000021184601F09DFD9DF807308DF80830CC
:1001A000F723ADF80A30009B1A6802AB19462320EA
:1001B000FFF781FF059002AB0C220021184601F0E9
:1001C00088FD01238DF80830009B1A6802AB1946A0
:1001D0000120FFF770FF059002AB0C2200211846AA
:1001E00001F077FD4FF4B0630293009B1A6802ABF5
:1001F0001946A120FFF75FFF059002AB0C220021FA
:10020000184601F066FD9DF808306FF300038DF885
:100210000830009B1A6802AB1946A020FFF74BFF7D
:1002200005900023184607B05DF804FB00B585B0C3
:100230000190019B1B6803930198FFF738FF029020
:10024000019B1B68039A9A42029B002B02D1044B2C
:1002500001221A70029B184605B05DF804FB00BF2E
:100260006F3E002000B5ADF5077D01AB1860244B53
:100270001B7883F00103DBB2002B3BD14FF4FA7300
:10028000ADF806320DF2062202AB11461846FFF712
:1002900016FF8590859B002B03D0859B052B22D1D3
:1002A00029E002AB84937FAB16491846F7F758FB59
:1002B00011E07FAB1846FFF707FF8390839B1B6815
:1002C0008293839B5A68829B1146849898477FABA0
:1002D0001846F7F76FFB7FAB1846FFF7F5FE0346AE
:1002E000002BE6D1CAE7084A40F239118598F6F7A3
:1002F000C1F800E000BF0DF5077D5DF804FB00BF0D
:100300006F3E0020BC4003004C40030000B583B0AA
:100310000190019B002B03D10449C420FAF700FD92
:10032000019B5B68184603B05DF804FBC8400300FE
:100330004BDF704700BF184600B589B0019004AB91
:100340001846FFF7F5FF0790079B002B03D0079B8C
:10035000052B20D124E002AB13491846F7F700FB28
:1003600011E002AB1846FFF7D1FF0690069B1B6811
:100370000593049A069B5968059B1046984702AB63
:100380001846F7F717FB02AB1846FFF7BFFF034607
:10039000002BE6D1D3E7054A6B210798F6F76AF8F8
:1003A00000BF09B05DF804FB944103002441030041
:1003B00082B00190019B184602B0704700B585B02D
:1003C0000190019B002B0CD0084B43F001030393D9
:1003D000019B9B010293054B43F001030298984750
:1003E00000E000BF05B05DF804FB00BFA0410300C2
:1003F00000B583B00190019B002B0FD04FF47A70B1
:10040000FFF7DCFF019B013B0193019B002B14BF15
:1004100001230023DBB2002B01D0EFE700BF03B0C4
:100420005DF804FB00B58FB0039002910093134672
:100430008DF8073000230D93029B09939DF8073038
:100440000A93009B0B939DF840300C93039B04335D
:1004500009A900221846F9F79DFD0D900D9B18463D
:100460000FB05DF804FB000082B00190034A019BCD
:100470001A60019B184602B0704700BF2444030075
:1004800000B587B0039002910192039B029A1A6112
:10049000039B019A9A62039B7F221A71039B01229C
:1004A0005A71039B7F229A72039BFF22DA72039B8D
:1004B000FF221A73039B00225A73039B0022DA6106
:1004C00080220121039800F05BFD0346002B14BF3E
:1004D00001230023DBB2002B04D04E48FCF78CFC38
:1004E000002393E00A20FFF783FF0121039800F027
:1004F00015FD03468DF817309DF81730194646480C
:10050000FCF77AFC9DF91730002B04DB4348FCF71D
:1005100073FC00237AE09DF8173003F00103002BF1
:1005200003D13F48FCF768FC02E03E48FCF764FC5E
:10053000FF221221039800F023FD9DF816306FF37F
:1005400000038DF816309DF8163043F002038DF845
:1005500016309DF816306FF382038DF816300023A5
:100560008DF8153001238DF81430039B9B6A05A983
:100570002D4A1846F8F738FE0346002B14BF012316
:100580000023DBB2002B02D02848FCF735FC039B8C
:100590009B6A01211846F8F7A1FE00220E2103985C
:1005A00000F0EEFC0346002B14BF01230023DBB256
:1005B000002B02D01E48FCF71FFC00220F210398DD
:1005C00000F0DEFC0346002B14BF01230023DBB246
:1005D000002B02D01748FCF70FFC039800F0DAFA62
:1005E0000121039800F02CFC0821039800F04CFC3A
:1005F0009FED110A039800F047FA00221721039893
:1006000000F074FB0D48FCF7F7FB0123184607B018
:100610005DF804FBB8410300FC41030018420300ED
:100620003C4203005042030029CA02006442030016
:1006300088420300A442030000006744C042030054
:1006400000B585B001901221019800F067FC0346C7
:100650008DF80F301C21019800F060FC03468DF8E6
:100660000E30019B93F82030DBB2042B11D19DF8A2
:100670000F3003F0A0039DF80E2002F04002002A84
:100680000CBF01220022D2B21343002B01D0012360
:1006900000E00023002B0DD09DF80F301946724862
:1006A000FCF7AAFB019B9B8A9BB201339AB2019B88
:1006B0009A82CBE0019B93F82030DBB2042B07D168
:1006C0009DF80F3003F04003002B01D0012300E020
:1006D0000023002B7CD01321019800F01FFC03465F
:1006E0008DF80D301021019800F018FC03461A46D1
:1006F0000D21019800F044FC019B03F12D029DF8AF
:100700000D300021019800F073FC019B9DF80D2035
:1007100083F82C20FF221221019800F031FC1921CE
:10072000019800F0FBFB03465BB2002B00DA0333B9
:100730009B105BB21AB2019BA3F82E211A210198DB
:1007400000F0ECFB03461AB2019BA3F83021019B99
:10075000B3F92E31002B0EDA019BB3F930319AB286
:10076000019BB3F92E319BB213449BB21AB2019B89
:10077000A3F830210EE0019BB3F930311B013B4A55
:1007800082FB03121A44D210DB17D31A1AB2019B50
:10079000A3F83021019B93F82D31002B0AD0019B47
:1007A000B3F930319BB29D3B9BB21AB2019BA3F8C7
:1007B000302109E0019BB3F930319BB2A43B9BB2DD
:1007C0001AB2019BA3F83021019800F053F83DE0E4
:1007D000019B93F82030DBB2032B07D19DF80F303B
:1007E00003F00803002B01D0012300E00023002BBD
:1007F0000DD0019B1B8B9BB201339AB2019B1A83D4
:100800001B48FCF7F9FA019800F0C4F91EE0019BBF
:1008100093F82030DBB2052B07D19DF80F3003F0A1
:100820000403002B01D0012300E00023002B0DD096
:100830009DF80F3003F00103002B14BF01230023A8
:10084000DAB2019B9A76019800F0A4F9FF221221F6
:10085000019800F095FBFF221221019800F090FB17
:1008600000BF05B05DF804FBD84203008988888882
:10087000EC42030000B583B00190019B93F82C304B
:10088000DBB2032B94BF01230023DBB2002B03D088
:100890001D48FCF7B1FA33E0019B93F82D20019B32
:1008A0009A71019B93F82E20019BDA71019B93F8BA
:1008B0002F20019B1A72019B93F83020019B5A72E2
:1008C000019B5B79002B0BD1019B9B79DAB2019BD9
:1008D0001B799A4204D0019B9B79DBB2FF2B01D19B
:1008E000012300E00023002B0AD0019BDB8A9BB28E
:1008F00001339AB2019BDA82019B012283F82C21F9
:1009000003B05DF804FB00BFF842030000B583B0FC
:100910000190019B93F82030DBB2032B0CBF012325
:100920000023DBB2002B01D0002306E0019800F089
:1009300075F9019B93F82C31DBB2184603B05DF8D2
:1009400004FB82B00190019B002283F82C21019BC3
:10095000002283F82C2000BF02B0704700B585B09C
:100960000390029101920398FFF7D0FF034683F0B2
:100970000103DBB2002B01D000231AE0029B002B05
:1009800013D0019B002B10D0039B93F82C30DBB2CB
:10099000043BDAB2019B1A70039B2D33191D019B96
:1009A0001B781A46029801F06BF90398FFF7C9FF0C
:1009B0000123184605B05DF804FB82B00190019B4D
:1009C00093F82030DBB2032B0CBF01230023DBB2F2
:1009D000002B00D0F3E70123184602B0704700B5A2
:1009E00085B00390029113468DF807309DF80730CB
:1009F000FB2B01D900233AE00398FFF7DEFF0398B1
:100A000000F0C8F800220D21039800F0B9FA039B0A
:100A10009B7A1A460021039800F0B2FA039BDB7A16
:100A20001A460021039800F0ABFA039B1B7B1A4681
:100A30000021039800F0A4FA039B5B7B1A46002177
:100A4000039800F09DFA9DF80730029A0021039860
:100A500000F016FB9DF807300433DBB21A46222162
:100A6000039800F08DFA039800F012F9012318465C
:100A700005B05DF804FB82B00190FB23184602B07C
:100A8000704700000000000000B585B001908DEDBA
:100A9000000A009800F06CFE3AA3D3E9002300F0AE
:100AA000A3FC02460B461046194638A3D3E900239F
:100AB00000F036FD02460B461046194600F032FEA5
:100AC00003460393039B1B0CDBB21A4606210198D5
:100AD00000F056FA0346002B14BF01230023DBB2BB
:100AE000002B02D02248FCF787F9039B1B0ADBB2DC
:100AF0001A460721019800F043FA0346002B14BF61
:100B000001230023DBB2002B02D01A48FCF774F952
:100B1000039BDBB21A460821019800F031FA034624
:100B2000002B14BF01230023DBB2002B02D012489C
:100B3000FCF762F9DDED007A9FED107AF4EEC77AEA
:100B4000F1EE10FAACBF01230023DAB2019B83F867
:100B50002D21009800F00CFE02460B460848FCF7D9
:100B60004BF90123184605B05DF804FBAFF3008094
:100B700004430300144303002443030000C0424421
:100B8000344303000000000080842E410000000078
:100B900080844E4000B583B00190019B93F82030D3
:100BA000DBB2022B14BF01230023DBB2002B13D0D6
:100BB00001220121019800F0E3F90346002B14BF44
:100BC00001230023DBB2002B02D00548FCF714F907
:100BD000019B022283F8202000BF03B05DF804FBD4
:100BE0005043030000B583B00190019B93F820307F
:100BF000DBB2012B14BF01230023DBB2002B08D092
:100C000000220121019800F0BBF9019B012283F829
:100C100020200123184603B05DF804FB00B583B023
:100C20000190019B93F82030DBB2042B14BF012309
:100C30000023DBB2002B23D005220121019800F014
:100C40009FF90346002B14BF01230023DBB2002BC6
:100C500002D00D48FCF7D0F800224021019800F0A6
:100C60008FF90346002B14BF01230023DBB2002BB6
:100C700002D00648FCF7C0F8019B042283F820202C
:100C800000BF03B05DF804FB644303008843030026
:100C900000B583B00190019B93F82030DBB2032BA9
:100CA00014BF01230023DBB2002B18D00322012143
:100CB000019800F065F940224021019800F060F9A8
:100CC0000346002B14BF01230023DBB2002B02D00C
:100CD0000548FCF791F8019B032283F8202000BF10
:100CE00003B05DF804FB00BFA043030000B583B070
:100CF00001900B468DF8033013468DF802309DF8B5
:100D00000230002B1DD09DF903300E2B02DD0E2387
:100D10008DF803309DF90330B3F1FF3F02DAFF2372
:100D20008DF803309DF803300133DBB25BB243F042
:100D300070035BB2DBB21A460921019800F020F97A
:100D400035E09DF90330172B02DD17238DF80330B2
:100D50009DF90330042B02DC05238DF803309DF947
:100D60000330142B0BDD87224D21019800F008F988
:100D70009DF80330033BDBB28DF8033004E004221E
:100D80004D21019800F0FCF89DF80330053BDBB2E3
:100D90005BB263F07F035BB2DBB21A4609210198B4
:100DA00000F0EEF8FF220B21019800F0E9F800BFF7
:100DB00003B05DF804FB000000B583B00190009122
:100DC000009B1B781A461D21019800F0D9F80346B4
:100DD000002B14BF01230023DBB2002B02D01548E7
:100DE000FCF70AF8009B5B781A461E21019800F078
:100DF000C7F80346002B14BF01230023DBB2002BEE
:100E000002D00D48FBF7F8FF009B9B781A4626217D
:100E1000019800F0B5F80346002B14BF012300230E
:100E2000DBB2002B02D00548FBF7E6FF00BF03B0A2
:100E30005DF804FBC4430300D4430300E443030010
:100E400000B585B001900B468DF803309DF8033056
:100E5000052B01D9002311E09DF8032013465B0008
:100E60001344084A991803AB0322184600F008FF00
:100E700003AB19460198FFF79FFF0123184605B001
:100E80005DF804FBA841030000B583B001900B4658
:100E9000ADF80230BDF802301B12DBB21A46202139
:100EA000019800F06DF8BDF80230DBB21A4621213E
:100EB000019800F065F800BF03B05DF804FB00B5D1
:100EC00083B00190019B93F82030DBB2052B14BF57
:100ED00001230023DBB2002B0DD007220121019852
:100EE00000F04EF880224021019800F049F8019B63
:100EF000052283F82020019B93F82030DBB2052BDC
:100F00000CBF01230023DBB2002B00D0F3E7019BD1
:100F10009B7EDBB2184603B05DF804FB00B589B0D8
:100F200003900B468DF80B309DF80B308DF8183080
:100F300000238DF81930114B00221A70039B186999
:100F400005AB06A9022200920222FFF76BFA079076
:100F5000079B002B01D000230CE0084B1B78DBB271
:100F6000002B0CBF01230023DBB2002B00D0F4E7E1
:100F70009DF81530184609B05DF804FB1C310020BF
:100F800000B589B003900B468DF80B3013468DF8F1
:100F90000A309DF80B3063F07F03DBB28DF8183018
:100FA0009DF80A308DF81930104B00221A70039BFF
:100FB000186905AB06A9022200920222FFF732FA55
:100FC0000790079B002B01D0079B0BE0074B1B787A
:100FD000DBB2002B0CBF01230023DBB2002B00D0BF
:100FE000F4E7079B184609B05DF804FB1C310020AC
:100FF00000B589B0059003921A460B468DF8133060
:1010000013468DF812301A4A9DF813301370194B9D
:1010100000221A709DF8123001338DF81230059BB2
:1010200018699DF812209DF812300093124B104958
:10103000FFF7F8F90790079B002B01D0002313E07E
:101040000C4B1B78DBB2002B0CBF01230023DBB25F
:10105000002B00D0F4E79DF812301A460749039898
:1010600000F00EFE9DF81230184609B05DF804FB42
:10107000703E00201C310020703F0020713F002096
:1010800010B5ADF5087D05AC2060084603A90A60DF
:1010900019460DF1130302461A700DF112030A46A8
:1010A0001A700DF113031B7863F07F03DAB247ABBC
:1010B0001A700DF11203197803AB47AA501C0A46A7
:1010C000196800F0DDFD174B00221A7005AB1B6894
:1010D00018690DF112031B780133DAB20DF1120316
:1010E0001B780133DBB207AC47A900932346FFF717
:1010F00099F98790879B002B01D000230DE0094BC5
:101100001B78DBB2002B0CBF01230023DBB2002BCA
:1011100000D0F4E70DF112031B7818460DF5087D99
:1011200010BD00BF1C31002082B00190019B184609
:1011300002B0704784B00390029101928DF80330A1
:10114000039B029A1A60039B019A5A60039B9DF8C5
:1011500003201A72039B049ADA60039B4FF040222B
:101160001A61039B00221A75039B184604B070474E
:1011700082B00190019B1033184602B0704782B0D4
:1011800001900091019B009A1A60019B00225A7203
:10119000019B0022DA72019B00229A71019B184682
:1011A00002B0704730B591EA030F00F18480841AD1
:1011B00071EB030C05D2121953EB0C03001B71EBFE
:1011C0000C0140F2000CCFF6E07C1CEA430F54D037
:1011D000BCEB410F61D90C0DA4EB135E31EA0C019D
:1011E00041F4801133EA0C0343F48013DEF1200C48
:1011F0002AD303FA0CF5401941F1000122FA0EF549
:10120000401923FA0EF5694112FA0CF2CD0208D307
:1012100049085FEA30005FEA320228BF42F001026B
:101220000134013C5FEA500C72F1004250F10000C1
:1012300051EB04514FF4001313EB410F38BF30BD95
:10124000090D0905002030BDBEF1200EBEF1200FB2
:101250001ED223FA0EF5401941F10001CEF1200C07
:10126000124218BF012203FA0CF52A43CEE711EA15
:101270005C0F04BF0020002130BD1CEA410F04BFF9
:1012800001F00041002030BD01F00041002030BDE0
:1012900021F4801101EB045130BD004218BF41F030
:1012A0000101BCEB410F08BF30BD4FF0FE4141F4DE
:1012B0007801002030BD83F00043841A71EB030EE7
:1012C00007D28EF0004E001B71EB0E01121953EB8A
:1012D0000E0340F2000CCFF6E07C1CEA430FC6D0B0
:1012E000BCEB410F72D90C0DA4EB135EC90241EAAD
:1012F0005051C00241F00041DB0243EA5253D20296
:1013000043F00043DEF1200C41D312FA0CF522FA2F
:101310000EF203FA0CF542EA050218BF42F0010290
:1013200023FA0EF3801A9941E30AC4F30A0411F078
:10133000404F03D418D0013C40004941013C23D424
:101340004205C00A40EA4150C90A51EAC3715FEA46
:10135000500C72F1004250F1000051EB045130BDCD
:1013600001002FD00020203C0029F9D0B1FA81FCE7
:10137000DCF1200E11FA0CF130FA0EF510FA0CF037
:101380002943A4EB0C04D9E70020D90730BDAEF106
:10139000200EBEF1200F0DD2CEF1200C03FA0CF579
:1013A00033FA0EF32A4318BF43F00103C01A61F168
:1013B0000001B9E721F00041C00A40EA4150C90AE2
:1013C00001EB045130BD0020002130BD004218BFA8
:1013D00041F00101BCEB410F7FF467AFBCEB430F61
:1013E0003FF463AF30BD00BFF0B540F2FF7681EA55
:1013F000030C16EA115E1EBFB64516EA1355B54238
:101400005AD021EA465141F48011A1FB024723EA58
:10141000465343F48013AE44A0FB03650CF0004C2C
:1014200036197D41A1FB034747F10003A0FB0217DA
:10143000F619654153F10003094218BF46F0010651
:1014400040F2FE74B3F5007F13D2AEF5806EA64570
:101450002BD24CEA0331280341EA155140EA1650D9
:101460003203450872F1004250F1000051EB0E5179
:10147000F0BDAEF2FF3EA64517D24CEAC321E8020A
:1014800041EA555140EA5650F202450872F10042D5
:1014900050F1000051EB0E51F0BD0CF0004141F055
:1014A000FE4141F470010020F0BD1EEA0E0FF4D59C
:1014B0000CF000410020F0BD16EA115F04BF01F0FE
:1014C00000410020004218BF41F0010116EA135FFD
:1014D00004BF03F000430022124218BF43F001038F
:1014E00006EA1354B44218BF9EEA060F03D00CF06C
:1014F00000410020F0BD21F0004123F00043B1EB9A
:10150000065F06D8B3EB065F03D8002918BF002B8F
:10151000C3D140F20001C7F6F8710020F0BD00BF52
:101520002DE9F04391EA030E0EF0004E40F2000761
:10153000CFF6E07717EA41051EBF95EA070F17EAD5
:10154000430595EA070F00F0A1807F0D17EA1356B7
:1015500023EA475343F4801317EA115521EA475110
:1015600041F48011AD1B05F2FD354FEAD31C1CF18F
:10157000010C4FF00047B7FBFCF77F01A2FB079C73
:101580000024E3FB07C4DCF1000CD9F100097CF175
:10159000000CA0FB07620020E1FB072000275FEAA8
:1015A000C628E0FB0987760D46EAC226520DF619D9
:1015B00000277A41E0FB0C625FEAC823E2FB0937AF
:1015C0005FEA585848EAC628760D18EB070800214C
:1015D0004E41E2FB0C8602EBC020DA02E6FB092159
:1015E0005B0D43EAC8235FEA58585B18002758EBA5
:1015F0000708E6FB0C38D102E8FB0917520D42EA56
:10160000C3225B0DD21900277B41E8FB0C2308EBBA
:10161000C6265FEAC128E3FB0987490D41EAC221DA
:10162000520DC91942F10002E3FB0C12470019EBFD
:1016300008095CEB010C72EB040453EBC62047EB8A
:1016400056530026B3F5000F7641AD190236D6F198
:10165000200910FA09F4F04013FA09F21043F3409C
:10166000E40F001943F10003B3F5001F24BF5B082A
:10167000013540F2FE77BD4204D24EEA05511944CD
:10168000BDE8F0832D4224D5714626E0004218BF04
:1016900041F00101124218BF43F00103B7EB410FC3
:1016A0002CBFB7EB430F1BE0B7EB410F04BFB7EB09
:1016B000430F15E017EA410F04BF17EA430F0FE08D
:1016C00017EA410FE0D017EA430F02D0B7EB430F00
:1016D000DAD04EF0FE4141F470010020BDE8F08305
:1016E00040F20001C7F6F871F7E700BF4FF4001CA5
:1016F0001CEB410F98BF1CEB430F11D851EA030CB0
:1017000050EA4C0C5CEA020C0AD004D29042994197
:1017100080414042704782428B4180414042704745
:10172000002070470B0D40F21E42D21A07DBCB029D
:1017300043EA505040F0004030FA02F07047490050
:1017400060EB0000704700BF80B110F0004248BF5E
:10175000D0F10000120D02F21D42B0FA80F1884073
:10176000521AC30A400503EB02517047010070474B
:10177000C0F3C75191B142004FEA40704FEAD20125
:101780004FEA310101F16051B2F17F4F38BF70472C
:1017900001F1605118BF41F40021704710F0004181
:1017A0000020704701F000428B1AA3F16051B1F59F
:1017B000801F0ADBB1F17F6F09D242EAC102C1008A
:1017C00071F1004142EB507070471046704701289C
:1017D0005B4113F5001F04D842F0FE4040F40000C6
:1017E0007047C90041EA507040EA020040F48000AE
:1017F00040F08040704700BF10EE100A4FEA4000F2
:10180000B0F17F4F0CBF01200020704710EE100A8E
:1018100041000020B1F17F4F18BF50EB000070472E
:1018200010EE100A00F00040704700BFB0EEC00A92
:10183000704700BF00B510EE100A00F003F800EE8C
:10184000100A00BD4FF07F43B3EB400F22D9410097
:1018500008BF704703EA4002120E7F3A14DB172AD2
:10186000A8BF70474FF6FF73C0F27F03D340184202
:1018700020EA030018BF10F0004F08BF70474FF474
:101880000001D1404018704710F0004F0CBF0020FD
:101890000248704718BF024870470000000080BF30
:1018A0000000C07F00B5014610EE100A00F003F8FA
:1018B00000EE100A00BD4FF07F43B3EB400F98BF1E
:1018C000704713EA400207D0120E7E3A0A6020EAFF
:1018D000530040F07C5070470A6000F000407047B1
:1018E00000B5014610EE100A00F003F800EE100AF1
:1018F00000BD4FF07F43B3EB400F98BF704713EA32
:10190000400204BF00F00040704711EB1262DCBFE0
:1019100000F000407047FF2A3CBF00EBC150704709
:1019200040004FEA33007047DFED137AB4EE670AE8
:10193000F1EE10FA12D010EE102AC2F3C7537F3B1B
:1019400011D4162B12DC0D4921FA03F322EA03020B
:1019500007EE902A026030EE670A7047C0ED007A09
:10196000B0EE670A7047C0ED007A704780ED000A5C
:10197000B0EE670A704700BF00000000FFFF7F0065
:1019800000B52DED028BF5EE400AF1EE10FA83B0B2
:101990004BD0B0EE608AF0EE408AFFF737FF30B1EF
:1019A000B0EE680A03B0BDEC028B5DF804FBB0EE4C
:1019B000480AFFF72BFF002843D1F5EE408AF1EEED
:1019C00010FAEDD0B0EE680AFFF716FF00283FD1FD
:1019D000B0EE480AFFF710FF0028E1D1B0EE480A48
:1019E000FFF724FFB0EE408A88EE880A01A8FFF7CF
:1019F0009BFFDDED017AF5EEC08AB0EE680AF1EEEC
:101A000010FAA8EE670AB1EE487A24DDB4EEC08A77
:101A1000F1EE10FA98BF30EE480AB5EEC00AF1EECA
:101A200010FABFD530EE080ABCE700F0EBF8114B16
:101A30009FED110A1B68036003B0BDEC028B5DF8DB
:101A400004FBB0EE480A03B0BDEC028B5DF804FB6A
:101A50009FED090AA6E7B4EEC70AF1EE10FA98BFA7
:101A600030EE080AB5EEC00AF1EE10FA9ADD30EE5B
:101A7000480A97E7504403000000C07F53EA020C75
:101A800061D02DE9F04BB3FA83F51E0007BFB2FA1F
:101A900082F502FA05F403FA05F41646C5F12005AD
:101AA0001EBF22FA05F73C43203556EA044C4FEAA4
:101AB000144418BF0134A3464FF00009C8469042B1
:101AC00071EB030C39D3094207BFB0FA80F700FA73
:101AD00007F6B1FA81F701FA07F6C7F120071EBF32
:101AE00020FA07FC46EA0C062037B6FBFBFC7F1BFE
:101AF000103F07F01F04C4F120060CFA04F42CFA7E
:101B000006F644BF34460026202FA4BF26460024F4
:101B100054EA060C08BF012418EB040849EB060937
:101B2000A4FB027CC01B06FB02CC04FB03CC71EBC4
:101B30000C01904271EB030CC5D20B46024649469C
:101B40004046BDE8F08BB2FBF3F20000002816DB44
:101B5000002817DD0022B7EE000A0C4B10F0010F31
:101B60001CBFD3ED007A20EE270A40100433002872
:101B7000F4DC4AB1F7EE007A87EE800A7047404203
:101B80000122E8E7B7EE000A704700BF54440300A3
:101B900038B504460846A26842B1236861685D1CF6
:101BA0008D4208BF00208B4208D2D054E3682BB18D
:101BB00021686268914201D2214698472368013327
:101BC000236038BD70B54C1E09D41646C5B22946EF
:101BD0003046FFF7DDFF013CB4F1FF3FF7D170BDA8
:101BE00010F0100F08D108B510F4007F14BF30209A
:101BF0002020FFF7E7FF08BD70470028B8BF40422C
:101C00007047000000B5F4F7E3FB024B18445DF8A1
:101C100004FB00BF080000000EB400B586B007AAA0
:101C200052F8041B05920390002304936FF00043C5
:101C3000029301A800F0D2F806B05DF804EB03B0FF
:101C40007047037853B159B10144034613F8012F8B
:101C500012B18B42FAD10B46181A70470346FBE7C4
:101C60000346F9E710B584B00C46114602900022F5
:101C7000039201941A46684600F0B0F804B010BD13
:101C8000844640EA010313F0030F18D18446202A4A
:101C90000BD32DE9F007B1E8F807A0E8F807A2F1A7
:101CA0002002202AF7D2BDE8F007042A07D351F812
:101CB000043B40F8043BA2F10402042AF7D2002AB4
:101CC00005D011F8013B00F8013B013AF9D160461B
:101CD00070478446002A2DD010F0030F04D000F87E
:101CE000011B013A26D0F7E7C9B241EA012141EAD6
:101CF0000141202A12D3A2F120022DE9F0030B4664
:101D00000C460D460E460F4688468946A0E8FA0363
:101D1000203AFBD2BDE8F00320320BD0042A05D3D1
:101D200040F8041B043A05D0042AF9D200F8011B3C
:101D3000013AFBD160467047024610F0030F16D1FE
:101D400011F0030F13D12DE9F0004FF001374FF0E0
:101D5000803351F8044BA4EB070525EA04051D4028
:101D600002D142F8044BF4E7A1F10401F0BC11F8F0
:101D7000013B02F8013B002BF9D1704700F1010152
:101D800010F0030F11D010F8012B002A23D010F00F
:101D9000030F0AD010F8012B002A1CD010F0030FFB
:101DA00003D010F8012B002A15D02DE970004FF058
:101DB00001324FF0803350F8044BA4EB020525EAC2
:101DC00004051D4000D1F6E7A0F1040070BC10F836
:101DD000012B002AFBD1A0EB010070472DE9F04F49
:101DE0002DED048B89B083460392002303600D46DA
:101DF00015F8011B002900F0BF86DFEDA48A00F072
:101E0000ABBE002607E05E2866D146F4805601E0AE
:101E100046F0400615462A4612F8010B3028F2D843
:101E20001F2838D9A0F12003102B34D801A151F874
:101E300023F000BF111E0300971E0300971E03002E
:101E4000791E0300971E0300971E0300971E0300D0
:101E50007F1E0300971E0300971E0300971E0300BA
:101E6000851E0300971E03008B1E0300971E0300B0
:101E7000971E0300911E030046F08006CAE746F451
:101E80000046C7E746F02006C4E746F01006C1E763
:101E900046F40076BEE72A281ED1039B191D039144
:101EA0001F68002FBCBF7F4246F010061078AA1CA6
:101EB00027EAE7752E2824D00027742845D07A28F1
:101EC00043D06C2800F0C2804C2800F0C580682800
:101ED00000F0D38091463BE0A0F13003DBB2092B48
:101EE00088BF0027E4D8002707EB8707303800EBCE
:101EF000470712F8010BA0F13003DBB2092BF3D92D
:101F0000D6E710782A280AD1039B191D03911F6870
:101F100050780232002FD0DB46F48076CDE70132D4
:101F2000A0F13003DBB2092B88BF0027F4D80027CB
:101F300007EB8707303800EB470712F8010BA0F1D9
:101F40003003DBB2092BF3D9E4E7914619F8010B12
:101F5000782800F28480DFE810F0210682008200F9
:101F60008200820082008200820082008200820061
:101F70008200820082008200820082008200820051
:101F80008200820082008200820082008200820041
:101F90008200820082008200820082008200820031
:101FA00082008200A3008200820082008200820000
:101FB0008200820082008200820082008200820011
:101FC0008200820082008200820082008200820001
:101FD00082008200820082008200820082008200F1
:101FE00082008200C401E101E601820082008200D9
:101FF00082008200820082008200820082008200D1
:10200000820082008200820082001E018200820023
:1020100082008200820082008200820082008200B0
:10202000A9005301C601E301E801820053018200C7
:10203000820082008200B900410104018200820016
:10204000CE0082004C01820082002001914619F8E6
:10205000010B46F001067BE746F0010691460C4B6A
:102060001C68002C00F0748503AB019300972B468D
:1020700032465946A04700F06BBD1078682809D059
:1020800002F1010946F0040662E700BF0000C84201
:102090007040002046F0080602F10209507857E728
:1020A00025215846FFF774FD00F052BD039B1A1D11
:1020B00003921C78013D5A4629463046FFF790FDB1
:1020C00021465846FFF764FDB0463AE016F0080F87
:1020D00008D0DBF80020039B191D03911B681A70C0
:1020E00000F036BD039B1A1D03921B68DBF800202D
:1020F0001A6000F02DBD039B1A1D03921C688C4BC7
:10210000002C08BF1C4626F4007816F4807F23D0EC
:1021100039462046FFF795FD0646AD1B5A4629462F
:102120004046FFF75DFD06F1FF3A56B127463444BD
:1021300017F8011B5846FFF72BFDBC42F8D14FF0B2
:10214000FF3A18F0100F00F003855A462946202068
:10215000FFF738FD00F0FCBC2046FFF70FFE0646F7
:10216000DBE7039B1A1D03921B6816F0800F0CBF60
:102170000024232446F4807608271A46002B00F01A
:10218000B58404AB4FF0000806F40050DFF8A4C19A
:10219000A64600F068BC46F4005616F0800F1BD02F
:1021A00043F2780443F25803782818BF1C4616F40B
:1021B000807F01D026F4007616F4804F32D0039B46
:1021C0001A1D03921B6816F0040F1FD01BB2002BC0
:1021D00020DA5B422D242DE00024E8E716F0800F82
:1021E0000CBF0024302416F4807FE5D026F400765E
:1021F000E2E716F4807F07D026F400760024DBE7C0
:1022000046F480460024D7E70024D5E716F0080FEF
:10221000DDD0DBB216F0200F61D116F0400F18BFF1
:10222000202407E0039B1A1D03921B6816F0040F7D
:1022300050D09BB216F4807F00F0E48326F4007641
:102240005838202800F2398401A252F820F000BF4B
:102250007B210300BB2A0300BB2A0300BB2A030027
:10226000BB2A0300BB2A0300BB2A0300BB2A0300CE
:10227000BB2A0300BB2A0300BB2A0300BB2A0300BE
:10228000312A0300BB2A0300BB2A0300BB2A030038
:10229000BB2A0300312A0300BB2A0300BB2A030028
:1022A000BB2A0300BB2A0300BB2A0300092A030040
:1022B0007B210300BB2A0300BB2A0300BB2A0300C7
:1022C000BB2A0300312A0300BB2A0300BB2A0300F8
:1022D0007B21030016F0080FACD0DBB2AAE72B2459
:1022E000A8E746F4005646F48066039B073323F0C4
:1022F000070303F108020392D3E90001FFF752FA42
:1023000008EE100A16F4807F16D0B7B906F44067BD
:10231000B7F5406F14BF002701270EE046F40056C2
:1023200046F40066E1E746F4005646F44066DCE712
:102330006C440300404403000627B0EE480AFFF750
:102340005BFA002840F0B980B0EE480AFFF75EFA69
:102350008046002840F0CA80B0EE480AFFF760FAD5
:10236000002840F0CC8018EE103A08EE103A07A88A
:1023700000EE103AFFF796FA079B03EB4303C94AB6
:1023800082FB0312DB17C3EBA2030793B5EE408A6F
:10239000F1EE10FA40F0BD8006F44064B4F5806FB1
:1023A0000AD0B4F5406F40F06C81079BBB4203DA62
:1023B00013F1040F80F2658107984042FFF7C6FBD6
:1023C00028EE008A8DED028AB5EE408AF1EE10FA11
:1023D00034D0B0EE480AFFF70FFA002840F0AF8083
:1023E000F2EE047AB4EEE78AF1EE10FA0DDB079B09
:1023F000F2EE047A013388EE278AB4EEE78AF1EE32
:1024000010FAF7DA8DED028A0793DDED027AB7EE66
:10241000007AF4EEC77AF1EE10FA0FD5079B013B74
:10242000F2EE046A1A4667EEA67A013BF4EEC77A2A
:10243000F1EE10FAF6D4CDED027A079227B1B4F599
:10244000406F08BF07F1FF377842FFF77FFBF6EEDA
:10245000007A60EE277A9DED027A77EE877AB2EE07
:10246000047AF4EEC77AF1EE10FA80F28180B0EED1
:10247000678A002F00F0918006F40863B3F5006FBF
:102480007ED026F4006302937B1DED1A013D16F405
:10249000805F00F0F380079A834B83FB0213A3EB6A
:1024A000E27303EB4303D31A0233042B00F2E480FC
:1024B000DFE803F099DA9699DA00B5EEC08AF1EE1A
:1024C00010FA0CD416F4005F784C794B08BF1C4608
:1024D00016F0200F08BF013426F4807613E616F4B8
:1024E000005F744C744B08BF1C46F5E716F4005FA0
:1024F000724C734B08BF1C4626F4807603E646F008
:102500006006F1EE487A17EE903A2EE7079B01330A
:10251000079307980130FFF719FBB4EEC08AF1EE7C
:1025200010FAF3DC02E0079B013B07930798FFF7E3
:102530000DFBB4EEC08AF1EE10FAF4D42CE7B5EE40
:10254000C08AF1EE10FA0CD416F4005F574C584BC9
:1025500008BF1C4616F0200F08BF013426F4807611
:10256000D1E516F4005F534C534B08BF1C46F5E70A
:10257000079B01330793B2EE047A87EE878A78E7E8
:10258000092FA8BF09273846FFF7E0FA60EE087A5E
:10259000FCEEE77A17EE903A4BB926F4006302930B
:1025A000053D16F080073FF472AF47466EE7454A97
:1025B000A2FB0312D20802EB8202B3EB420F7FF4BC
:1025C00060AF4049A1FB0323DB08013FE5D0A1FB3D
:1025D0000302D20802EB8202B3EB420FF2D050E7C3
:1025E0004FF0010808E0F2EE047A27EE888A013AFB
:1025F0000792013D4FF0020827EAE77716F0600FD7
:1026000018BF05F1FF350798FFF7F7FA6328C8BF31
:1026100005F1FF35F0EE487ABCEEC87A17EE104AA5
:10262000B8EE478A37EEC88A25EAE57A029B13F4AA
:10263000047F00F0D580029B13F0200F00F0DE80B5
:1026400013F0400F14BF2D212B215846FFF7A0FA9D
:10265000029B13F0100F00F0DB801B4E08F10055B9
:10266000013D06EBC505EAE028EE888A023A0792AA
:10267000023D4FF00308BFE7D046BDE74FF0010829
:10268000BCE716F4806F3ED0079B0E2B3ADC01337B
:10269000FC1A092CA8BF092416F0800F16D0274673
:1026A00031E000BF676666665655555584440300A1
:1026B0008C440300744403007C44030094440300EE
:1026C00098440300CDCCCCCCA0440300BB426BD0DB
:1026D000F6EE009AB2EE049A2046FFF737FA28EE9B
:1026E000000A30EE290AFFF7A5F8F0EE490AFFF7D5
:1026F00047F9B5EE400AF1EE10FA57D1013CEBD1A3
:10270000274600E0474626F480630293079B784201
:10271000A3F108028242C8BFA3F10900FFF716FA2D
:102720004FF0FF30FFF7DCF838EE008AB0EE489A41
:1027300007980130FFF70AFAB4EEC08AF1EE10FAFA
:1027400002DD079B013307930798002840DB092827
:102750002EDCFCEEC97A17EE904AB8EE678A39EEA5
:10276000488A0023079320460021092C35D9DFF839
:1027700058C44FF0010808F10108FCE9022399420E
:1027800008BF9042F7D207EB0803079A1344ED1AEB
:1027900006F080033B4318BF05F1FF3516F0600FCC
:1027A00018BF05F1FF353FE72746ACE72746AAE704
:1027B000A0F109030793C0F10900FFF7C7F929EE5B
:1027C000009AFCEEC97A17EE904A08EE108ACAE722
:1027D000002407944FF00108D5E74FF00108D2E735
:1027E000002D7FF728AF20255646013E2946584642
:1027F000FFF7CEF9002EF8D1B2461CE7029B13F08A
:10280000400F3FF425AF20215846FFF7C1F91FE7DD
:10281000BAF1000F3FF421AF30255646013E29465C
:102820005846FFF7B5F9002EF8D1B24615E74FF03C
:10283000300C61465846FFF7ABF9B04515D0D5E9E5
:102840000023A846083D0021994208BF9442EED3D8
:102850004FF0300C0CF1010C5FFA8CFCA41A002133
:10286000994208BF9442F5D2E3E7029B13F4006457
:1028700049D1002F55D1029B13F0800F40F0918178
:10288000029B13F4806F2FD013F4005F14BF452117
:1028900065215846FFF77CF9079B002BC0F2948016
:1028A0002B215846FFF774F90799632900F39480A8
:1028B0000799C14C84FB0132C917C1EBA201303129
:1028C000C9B25846FFF764F9079B84FB0324D91764
:1028D000C1EBA40101EB8101A3EB410303F1300142
:1028E000C9B25846FFF754F9BAF1000F00F0308131
:1028F00020245546013D21465846FFF749F9002D51
:10290000F8D1AA4624E1079B002BB2DD3025013B1C
:10291000079329465846FFF73BF9079B002BF6DC47
:10292000A7E72E215846FFF733F93D46092FA8BFE8
:10293000092525EAE5757F1B8CB10798281AFFF752
:1029400005F920EE088AFCEEC87A17EE904A7DB3AE
:1029500005F10055013D994B03EBC50519E02846EB
:10296000FFF7F4F820EE088AFCEEC87A17EE904ADA
:10297000EDE70CF1010C5FFA8CFCA41A00219942DE
:1029800008BF9442F5D261465846FFF701F9B045B9
:102990000ED0D5E90023A846083D0021994208BF82
:1029A000944202D34FF0300CE3E74FF0300CEAE7EB
:1029B000002F3FF465AF3024013F21465846FFF712
:1029C000E7F8002FF8D15BE72D215846FFF7E0F834
:1029D000079B5B42079367E7794C84FB0132C91779
:1029E000C1EB62113031C9B25846FFF7D1F8079AEE
:1029F00084FB0231D317C3EB6113642101FB132362
:102A0000079355E701271BE41A464FF00008002BF7
:102A100055D004A94FF0000803F00703303301F844
:102A2000013B08F10108D2081346002AF4D146E020
:102A300019464FF00008002B41D04FF0000806F473
:102A4000004E4FF02C0ADFF884C17346A6461C46A0
:102A500024E002F00F015B4C615C03F8011B08F1FC
:102A60000108120906D00028F3D002F00F011CF86B
:102A70000110F2E7744622E008AB03EB0800ACFB60
:102A80000132D20802EB8203A1EB4303303300F89A
:102A9000103C08F1010809290DD91146002CEBD092
:102AA00008F00303032BE7D108AB434403F810AC51
:102AB00008F10108E0E7744601E04FF00008A7EBD9
:102AC000080727EAE777ED1BA5EB0805FF2C10D9CF
:102AD000023D16F4007F11D0C4F307215846FFF7DA
:102AE00057F8E1B25846FFF753F812E04FF00008EC
:102AF000E5E7002C5BD116F4007F0AD15A4629463F
:102B00003046FFF76DF8FF2C98BF00252CD8002C1D
:102B1000E7D15A4629463046FFF762F85A46394609
:102B20003020FFF74FF8B8F1010A0ED404AB544639
:102B30001C449846217827465846FFF729F8444513
:102B400004F1FF34F6D14FF0FF3A16F0100F0DD11B
:102B50004D4615F8011B79B125293FF452A9584675
:102B6000FFF716F8A946F3E70025B5E75A462946C8
:102B70002020FFF727F8EBE7DBF808303BB1DBF864
:102B80000020DBF804108A423CBF00219954DBF896
:102B9000000009B0BDEC048BBDE8F08F4FF0FF30B2
:102BA000F7E72E215846FEF7F3FF3D46C3E6013D09
:102BB00016F4007FABD1A1E767666666A044030008
:102BC0001F85EB5130440300A8440300CDCCCCCC8E
:082BD0009584020000000000E2
:102BD8007DEA02000000000001F4020084320020B7
:102BE800B9E20200A43200207DE8020000000000E3
:102BF8006BF90200082B0020CBF602009832002067
:102C08002DAB020000000000EDAF02000000000044
:042C180001A702000E
:082C1C00BD840200000000006D
:102C240065020300000000003903030000000000F7
:042C3400F5CA0200DB
:102C380000000000082C002071650200433A5C5532
:102C4800736572735C507572766573685C446F6304
:102C5800756D656E74735C4769744875625C54720F
:102C680061636B46575F4643435C3372645F7061D0
:102C78007274795C6E5246355F53444B5F31365CF3
:102C8800636F6D706F6E656E74735C6C6962726190
:102C9800726965735C74696D65725C6170705F748C
:102CA800696D6572322E630001000600433A5C5577
:102CB800736572735C507572766573685C446F6394
:102CC800756D656E74735C4769744875625C54729F
:102CD80061636B46575F4643435C3372645F706160
:102CE8007274795C6E5246355F53444B5F31365C83
:102CF800636F6D706F6E656E74735C6C6962726120
:102D0800726965735C7574696C5C6170705F757409
:102D1800696C5F706C6174666F726D2E6300000081
:102D28002E2E2F3372645F70617274792F6E524643
:102D3800355F53444B5F31362F696E746567726136
:102D480074696F6E2F6E7266782F6E7266785F6721
:102D58006C75652E680000002E2E2F3372645F702C
:102D6800617274792F6E5246355F53444B5F31362A
:102D78002F6D6F64756C65732F6E7266782F68613E
:102D88006C2F6E72665F7274632E6800433A5C55EE
:102D9800736572735C507572766573685C446F63B3
:102DA800756D656E74735C4769744875625C5472BE
:102DB80061636B46575F4643435C3372645F70617F
:102DC8007274795C6E5246355F53444B5F31365CA2
:102DD800636F6D706F6E656E74735C6C696272613F
:102DE800726965735C74696D65725C6472765F7232
:102DF80074632E63000000000338FDD8704700009C
:102E08002E2E2F3372645F70617274792F6E524662
:102E1800355F53444B5F31362F636F6D706F6E654E
:102E28006E74732F6C69627261726965732F65784D
:102E3800706572696D656E74616C5F7365637469E2
:102E48006F6E5F766172732F6E72665F73656374FF
:102E5800696F6E5F697465722E6800002E2E2F33BD
:102E680072645F70617274792F6E5246355F534495
:102E78004B5F31362F636F6D706F6E656E74732F95
:102E88006C69627261726965732F6D757465782FEC
:102E98006E72665F6D74782E68000000433A5C5568
:102EA800736572735C507572766573685C446F63A2
:102EB800756D656E74735C4769744875625C5472AD
:102EC80061636B46575F4643435C3372645F70616E
:102ED8007274795C6E5246355F53444B5F31365C91
:102EE800636F6D706F6E656E74735C6C696272612E
:102EF800726965735C7077725F6D676D745C6E7212
:102F0800665F7077725F6D676D742E6300000000F6
:102F1800182C03001C2C030004000000433A5C55E5
:102F2800736572735C507572766573685C446F6321
:102F3800756D656E74735C4769744875625C54722C
:102F480061636B46575F4643435C3372645F7061ED
:102F58007274795C6E5246355F53444B5F31365C10
:102F6800636F6D706F6E656E74735C6C69627261AD
:102F7800726965735C6578706572696D656E746198
:102F88006C5F73656374696F6E5F766172735C6E94
:102F980072665F73656374696F6E5F697465722EBC
:102FA80063000000433A5C55736572735C50757238
:102FB800766573685C446F63756D656E74735C47A2
:102FC80069744875625C547261636B46575F464327
:102FD800435C3372645F70617274795C6E5246351B
:102FE8005F53444B5F31365C636F6D706F6E656E17
:102FF80074735C6C69627261726965735C736F7219
:10300800746C6973745C6E72665F736F72746C69EA
:1030180073742E6300000000433A5C557365727345
:103028005C507572766573685C446F63756D656E28
:1030380074735C4769744875625C547261636B466B
:10304800575F4643435C3372645F70617274795CA6
:103058006E5246355F53444B5F31365C696E74651A
:1030680067726174696F6E5C6E7266785C6C6567B6
:103078006163795C6E72665F6472765F636C6F63BE
:103088006B2E6300FFFFFFFF0002FF0000000040FF
:10309800000000002E2E2F3372645F706172747905
:1030A8002F6E5246355F53444B5F31362F696E742D
:1030B8006567726174696F6E2F6E7266782F6E72B3
:1030C80066785F676C75652E68000000433A5C554A
:1030D800736572735C507572766573685C446F6370
:1030E800756D656E74735C4769744875625C54727B
:1030F80061636B46575F4643435C3372645F70613C
:103108007274795C6E5246355F53444B5F31365C5E
:103118006D6F64756C65735C6E7266785C647269F9
:10312800766572735C7372635C6E7266785F636CEB
:103138006F636B2E630000002E2E2F3372645F7056
:10314800617274792F6E5246355F53444B5F313646
:103158002F696E746567726174696F6E2F6E72661F
:10316800782F6E7266785F676C75652E6800000050
:103178002E2E2F3372645F70617274792F6E5246EF
:10318800355F53444B5F31362F6D6F64756C6573D3
:103198002F6E7266782F68616C2F6E72665F67702B
:1031A800696F2E6800000000433A5C5573657273BE
:1031B8005C507572766573685C446F63756D656E97
:1031C80074735C4769744875625C547261636B46DA
:1031D800575F4643435C3372645F70617274795C15
:1031E8006E5246355F53444B5F31365C6D6F647584
:1031F8006C65735C6E7266785C647269766572730E
:103208005C7372635C6E7266785F6770696F746511
:103218002E630000433A5C55736572735C50757297
:10322800766573685C446F63756D656E74735C472F
:1032380069744875625C547261636B46575F4643B4
:10324800435C3372645F70617274795C6E524635A8
:103258005F53444B5F31365C6D6F64756C65735CAE
:103268006E7266785C647269766572735C73726399
:103278005C7072735C6E7266785F7072732E630036
:103288002E2E2F3372645F70617274792F6E5246DE
:10329800355F53444B5F31362F696E7465677261D1
:1032A80074696F6E2F6E7266782F6E7266785F67BC
:1032B8006C75652E680000002E2E2F3372645F70C7
:1032C800617274792F6E5246355F53444B5F3136C5
:1032D8002F6D6F64756C65732F6E7266782F6861D9
:1032E8006C2F6E72665F6770696F2E680000000051
:1032F800433A5C55736572735C5075727665736892
:103308005C446F63756D656E74735C47697448756A
:10331800625C547261636B46575F4643435C337229
:10332800645F70617274795C6E5246355F53444BCA
:103338005F31365C6D6F64756C65735C6E72667850
:103348005C647269766572735C7372635C6E7266D4
:10335800785F7370696D2E6300000000E5A00200BD
:103368002E2E2F3372645F70617274792F6E5246FD
:10337800355F53444B5F31362F696E7465677261F0
:1033880074696F6E2F6E7266782F6E7266785F67DB
:103398006C75652E680000002E2E2F3372645F70E6
:1033A800617274792F6E5246355F53444B5F3136E4
:1033B8002F6D6F64756C65732F6E7266782F6861F8
:1033C8006C2F6E72665F6770696F2E680000000070
:1033D800433A5C55736572735C50757276657368B1
:1033E8005C446F63756D656E74735C47697448758A
:1033F800625C547261636B46575F4643435C337249
:10340800645F70617274795C6E5246355F53444BE9
:103418005F31365C6D6F64756C65735C6E7266786F
:103428005C647269766572735C7372635C6E7266F3
:10343800785F7477696D2E6300000000000000005B
:1034480000000000000000000338FDD870470000AD
:103458002E2E2F3372645F70617274792F6E52460C
:10346800355F53444B5F31362F6D6F64756C6573F0
:103478002F6E7266782F68616C2F6E72665F677048
:10348800696F2E68000000004E52465F5057525F29
:103498004D474D545F4556545F5052455041524533
:1034A8005F5359534F4646004E52465F5057525F3E
:1034B8004D474D545F4556545F5052455041524513
:1034C8005F57414B45555000456E746572696E678C
:1034D800204446552C20796F75206D6179206861EC
:1034E800766520746F206669782074686973206334
:1034F8006F6465004E52465F5057525F4D474D54BA
:103508005F4556545F505245504152455F524553AE
:1035180045540000433A5C55736572735C5075728C
:10352800766573685C446F63756D656E74735C472C
:1035380069744875625C547261636B46575F4643B1
:10354800435C6663635F6A6164655F315C6D616992
:103558006E2E6370700000000A46524F4D3A2025C7
:103568003032783A253032783A253032783A253078
:1035780032783A253032783A253032782025640A74
:1035880000000000527373693A25640A00000000C5
:10359800424154543A25660A00000000736B697072
:1035A8007065642073656E64696E672025640A001F
:1035B8004E6F746966696564207769746820414351
:1035C8004B0A0000536F6674646576696365206111
:1035D80073736572746564210A0000000A5265639A
:1035E80065697665642064617461202825642062B9
:1035F80079746573292066726F6D20424C45204EA0
:1036080055533A2000000000253032583A00000097
:103618000A000000434F4E4649475F445554000096
:103628007564206661696C0A000000007564206D8D
:10363800656D6F7279206661696C0A004461746116
:10364800206C656E2069732073657420746F203058
:10365800782558282564290A000000004154542080
:103668004D54552065786368616E676520636F6D9A
:10367800706C657465642E2063656E7472616C206D
:1036880030782578207065726970686572616C2081
:10369800307825780A00000055445F5374617274CD
:1036A8002E2E2E210A0000001B5B33326D4C6F5208
:1036B8006120526164696F2053656C656374656449
:1036C8000A1B5B306D0000001B5B33346D424C45B8
:1036D80020526164696F2053656C65637465640A80
:1036E8001B5B306D000000001B5B33326D4C6F526A
:1036F8006120526164696F205472616E736D6974E0
:103708000A1B5B306D0000001B5B33346D424C4577
:1037180020526164696F205472616E736D69740A16
:103728001B5B306D000000001B5B33336D424C4562
:103738002F4C6F526120526164696F20536C65652C
:10374800700A1B5B306D00001B5B33326D4C6F528F
:103758006120496E74657276616C20526164696F8C
:1037680020726563656976650A1B5B306D00000031
:103778001B5B33356D2D2D2D2D2D2D2D7363616E16
:103788004475726174696F6E3A2025640A1B5B3058
:103798006D0000001B5B33346D424C452052616460
:1037A800696F205363616E0A1B5B306D0000000077
:1037B800446F206E6F74206D656173757265207437
:1037C800656D70657261747572650A00527373690C
:1037D80054483A253032582C2042617474563A25A0
:1037E8003032580A000000006D696C6C697320253E
:1037F800640A0000706F776572206D676D742D3EE6
:1038080020656E7472696E670A000000706F7765D4
:1038180072206D676D742D3E2065786974696E67D6
:103828000A0000004F54413A2025640A00000000B5
:1038380061647654696D653A2025640A00000000C9
:10384800626C6574786C6576656C2864293A202505
:10385800640A00006C6F726174786C6576656C2818
:1038680064293A2025640A00736C65657054696D93
:10387800653A2025640A00007363616E44757261BD
:1038880074696F6E3A2025640A0000004D4F444564
:103898003A2025640A0000001B5B33346D636861BD
:1038A8006E6E656C3A2025640A1B5B306D00000063
:1038B8001B5B33326D6368616E6E656C3A202564FC
:1038C8000A1B5B306D000000526164696F3A202565
:1038D800640A00004D4143203D20253032583A25E6
:1038E8003032583A253032583A253032583A253055
:1038F80032583A253032580025730A005363616EF6
:103908003A202564094164763A20256409536C6598
:1039180065703A2025640A006E5246257820566163
:103928007269616E743A2025632563256325630AED
:10393800000000007061636B6167653A2025780AB2
:103948000000000044657649443A20257825780A25
:10395800000000001B5B33326D4C6F526120352034
:103968007365636F6E64204357205472616E736D84
:1039780069740A1B5B306D001B5B33326D4C6F52F0
:103988006120436F6E74696E756F7573204357209D
:103998005472616E736D69740A1B5B306D000000B0
:1039A800FFFFFFFF02FF00000000004000000000D2
:1039B8004C6F526120726164696F20696E6974206E
:1039C8006661696C65640A00545820706F77657287
:1039D800206368616E67656420746F3A2025640A05
:1039E800000000001B5B33326D4C6F526120436F47
:1039F8006E74696E756F7573205472616E736D693C
:103A0800740A1B5B306D000069643D25732D2D2DF4
:103A18002D2D68656C6C6F3A20436F756E746572F6
:103A28003A202564000000001B5B33326D4C6F5256
:103A38006120496E74657276616C205472616E7390
:103A48006D69740A1B5B306D0000000069643D25D8
:103A5800732D2D2D2D2D68656C6C6F001B5B33321B
:103A68006D4C6F526120496E74657276616C20549A
:103A780072616E736D6974310A1B5B306D000000F2
:103A88001B5B33326D4C6F526120436F6E74696EED
:103A9800756F757320526563656976650A1B5B30BF
:103AA8006D0000001B5B33326D4C6F526120496E14
:103AB80074657276616C20526563656976650A1B68
:103AC8005B306D002D2D2D2D3E2046696E616C20DA
:103AD800544D503131372054656D70203D202533C9
:103AE8002E32662025430A001B5B33326D4C6F5221
:103AF8006120526164696F20436F6E74696E756FDF
:103B08007573205472616E736D69740A1B5B306D36
:103B1800000000001B5B33326D4C6F526120526114
:103B280064696F204D4357205472616E736D6974D8
:103B38000A1B5B306D0000001B5B33326D4C6F520B
:103B48006120526164696F20436F6E74696E6F758E
:103B580073205472616E736D69740A1B5B306D005B
:103B68001B5B33326D4C6F526120526164696F2068
:103B7800496E74657276616C205265636569766515
:103B88000A1B5B306D0000001B5B33326D4C6F52BB
:103B98006120526164696F204357205472616E73CB
:103BA8006D69740A1B5B306D000000001B5B3332CB
:103BB8006D4C6F526120526164696F2073746F702D
:103BC8000A1B5B306D0000001B5B33356D4C6F5278
:103BD8006120526164696F2073746F700A1B5B30D7
:103BE8006D00000053544154455F534F435F494EA5
:103BF80049540A0053544154455F424F4152445F6F
:103C0800494E49540A00000053544154455F474106
:103C180054545F5345525645520A00005354415478
:103C2800455F534C4545500A000000005354415429
:103C3800455F424C455F434F4E545F43575F54586E
:103C48000A00000053544154455F424C455F434FBE
:103C58004E545F4D43575F54580A00005354415423
:103C6800455F424C455F434F4E545F52580A00002F
:103C780053544154455F424C455F494E545F435746
:103C88005F54580A0000000053544154455F424CA9
:103C9800455F494E545F4D43575F54580A00000032
:103CA80053544154455F424C455F494E545F525806
:103CB8000A00000053544154455F424C455F494E49
:103CC800545F43575F54585F52580A005354415445
:103CD800455F424C455F494E545F4D43575F5458CA
:103CE8005F52580A0000000053544154455F4C4F3E
:103CF80052415F434F4E545F43575F54580A000088
:103D080053544154455F4C4F52415F434F4E545FAB
:103D18004D43575F54580A0053544154455F4C4F24
:103D280052415F434F4E545F52580A005354415416
:103D3800455F4C4F52415F494E545F52580A00004C
:103D480053544154455F4C4F52415F494E545F4371
:103D5800575F54580A00000053544154455F4C4F74
:103D680052415F494E545F4D43575F54580A000013
:103D780053544154455F4C4F52415F52414E444F5A
:103D88004D5F4652455155454E43595F484F505037
:103D9800494E470A0000000053544154455F4C4FB8
:103DA80052415F46495845445F4652455155454E34
:103DB80043595F484F5050494E470A0053544154A5
:103DC800455F44454255470A0000000044454641C6
:103DD800554C543A2053544154455F534C45455033
:103DE8000A0000004C6F526120726164696F20699B
:103DF8006E697420737563636573730A000000004D
:103E0800667265713A2025640A0000007077723A7C
:103E18002025640A0000000048656C6C6F20576F0D
:103E2800726C642C2054686973206973204C6F721B
:103E380061204D6F64756C617465642043617272B2
:103E480069657220576176650A0D0000D830002038
:103E5800F8300020000000000030004000000000A2
:103E6800010000005465726D696E616C000000000D
:103E7800525454005345474745520000433A5C5555
:103E8800736572735C507572766573685C446F63B2
:103E9800756D656E74735C4769744875625C5472BD
:103EA80061636B46575F4643435C3372645F70617E
:103EB8007274795C6E5246355F53444B5F31365CA1
:103EC800636F6D706F6E656E74735C626C655C6356
:103ED8006F6D6D6F6E5C626C655F636F6E6E5F7346
:103EE800746174652E6300009ECADC240EE5A9E0A7
:103EF80093F3A3B50000406E2E2E2F3372645F70CB
:103F0800617274792F6E5246355F53444B5F313678
:103F18002F636F6D706F6E656E74732F6C6962724C
:103F280061726965732F6578706572696D656E7405
:103F3800616C5F73656374696F6E5F766172732F0E
:103F48006E72665F73656374696F6E5F69746572BC
:103F58002E680000433A5C55736572735C50757245
:103F6800766573685C446F63756D656E74735C47E2
:103F780069744875625C547261636B46575F464367
:103F8800435C3372645F70617274795C6E5246355B
:103F98005F53444B5F31365C636F6D706F6E656E57
:103FA80074735C736F66746465766963655C636F6C
:103FB8006D6D6F6E5C6E72665F7364682E63000071
:103FC80001000007342C0300342C03000800000013
:103FD8001C2C0300242C030008000000242C0300E0
:103FE800342C0300080000002E2E2F3372645F70FB
:103FF800617274792F6E5246355F53444B5F313688
:104008002F636F6D706F6E656E74732F6C6962725B
:1040180061726965732F6578706572696D656E7414
:10402800616C5F73656374696F6E5F766172732F1D
:104038006E72665F73656374696F6E5F69746572CB
:104048002E680000433A5C55736572735C50757254
:10405800766573685C446F63756D656E74735C47F1
:1040680069744875625C547261636B46575F464376
:10407800435C3372645F70617274795C6E5246356A
:104088005F53444B5F31365C636F6D706F6E656E66
:1040980074735C736F66746465766963655C636F7B
:1040A8006D6D6F6E5C6E72665F7364685F626C657F
:1040B8002E630000D82B0300182C03000800000012
:1040C8002E2E2F3372645F70617274792F6E524690
:1040D800355F53444B5F31362F636F6D706F6E657C
:1040E8006E74732F6C69627261726965732F65787B
:1040F800706572696D656E74616C5F736563746910
:104108006F6E5F766172732F6E72665F736563742C
:10411800696F6E5F697465722E680000433A5C557A
:10412800736572735C507572766573685C446F630F
:10413800756D656E74735C4769744875625C54721A
:1041480061636B46575F4643435C3372645F7061DB
:104158007274795C6E5246355F53444B5F31365CFE
:10416800636F6D706F6E656E74735C736F66746485
:1041780065766963655C636F6D6D6F6E5C6E7266A4
:104188005F7364685F736F632E630000D02B030056
:10419800D82B0300080000000338FDD87047000042
:1041A80072740492740448940478B40478C40C00BB
:1041B8003173742073706920777269746520666141
:1041C800696C65642C20646964206E6F7420707556
:1041D80074206368697020696E746F20736C6565FC
:1041E8007020616E64204C4F5241206D6F64650AE7
:1041F800000000002D2D2D2D2D2D2D2D2D2D2D4C7C
:104208006F5261204D6F64653A2025640A000000F2
:104218004572726F723A206469646E277420676F02
:1042280020696E746F204C6F7261206D6F64650A2F
:10423800000000004C6F726120696E20736C656528
:1042480070206D6F64650A004C6F726120696E2082
:104258005374616E6462790A000000006770696FC8
:10426800746520696E20696E6974206661696C6581
:104278006420666F72204C6F7261205350490A00A7
:104288005365742054582061646472657373207494
:104298006F2030206661696C65640A00536574207C
:1042A80052782061647265737320746F20302066C1
:1042B80061696C65640A0000496E697469616C2003
:1042C800547820706F7765723A2032330A00000004
:1042D80052656365697665206572726F7220253054
:1042E80032780A00547820446F6E650A0000000096
:1042F800746F6F2073686F72740A0000667265715C
:104308002031206661696C0A0000000066726571E0
:104318002032206661696C0A0000000066726571CF
:104328002033206661696C0A000000004C6F7261DE
:10433800206672657175656E637920736574207483
:104348006F2025660A000000535049207374616E7F
:10435800646279206661696C0A0000004661696CD4
:10436800656420746F20737461727420636F6E7457
:10437800696E756F757320726561640A00000000CC
:104388004661696C656420746F20736574206D6183
:104398007070696E670A00004661696C6564207414
:1043A8006F2073657420547820446F6E65204449EB
:1043B8004F30206D617070696E670A006D6F6465BB
:1043C8006D2031206661696C0A0000006D6F6465BC
:1043D8006D2032206661696C0A0000006D6F6465AB
:1043E8006D2033206661696C0A0000009A99F940D3
:1043F800666626419A9979416666A6410000FA41A7
:10440800CDCC264200007A420000FA4200007A43EE
:104418000000FA430000000000000000770A0300D3
:10442800E50B0300BF0E0300303132333435363725
:104438003839616263646566303132333435363712
:1044480038394142434445462100000000002041DC
:104458000000C84200401C4620BCBE4CCA1B0E5A75
:10446800AEC59D74286E756C6C2900002D494E46AA
:10447800000000002D696E66000000002B494E46C2
:10448800000000002B696E66000000004E414E00DF
:104498006E616E00000000000100000000000000D6
:1044A8000A00000000000000640000000000000096
:1044B800E8030000000000001027000000000000D2
:1044C800A08601000000000040420F00000000002C
:1044D800809698000000000000E1F505000000004B
:1044E80000CA9A3B0000000000E40B5402000000E0
:1044F80000E87648170000000010A5D4E800000086
:1045080000A0724E1809000000407A10F35A00000B
:104518000080C6A47E8D03000000C16FF2862300D0
:1045280000008A5D78456301000064A7B3B6E00D1A
:084538000000E8890423C78A92
:1045400000100140110004000090D003080000009A
:1045500005000000140000009303000007000000A5
:10456000590000004954010080320020010004007D
:10457000000000000000000000000000000000003B
:1045800000000000002B002000000000FFFF1400CE
:10459000010002000400000064000000E8030000C5
:1045A00070170000E8030000000100000000000098
:1045B0000000000000000000D43700201F000000B1
:1045C0001F0000003C0000000400000098030000F1
:040000032000635D19
:00000001FF
