:020000022000DC
:10600000000001205D630200B9630200BB6302006F
:10601000BD630200BF630200C16302000000000014
:10602000000000000000000000000000C363020048
:10603000C563020000000000C7630200C9630200DC
:10604000A1900200CB6302007D9D020075A30200B7
:10605000BDC40200CB6302009D9A0200CB63020024
:10606000CB630200CB630200CB630200CB63020070
:10607000CB630200CB630200CB630200CB63020060
:10608000CB630200697B0200CB630200CB6302009A
:10609000CB630200CB630200D5200300CB63020078
:1060A000CB630200CB630200CB630200CB63020030
:1060B000CB630200CB630200000000000000000080
:1060C000CB630200CB630200CB630200CB63020010
:1060D000CB630200CB630200CB6302000000000030
:1060E00000000000000000000000000000000000B0
:1060F00000000000000000000000000000000000A0
:10610000000000000000000000000000000000008F
:10611000000000000000000000000000000000007F
:10612000000000000000000000000000000000006F
:10613000000000000000000000000000000000005F
:10614000000000000000000000000000000000004F
:10615000000000000000000000000000000000003F
:10616000000000000000000000000000000000002F
:10617000000000000000000000000000000000001F
:10618000000000000000000000000000000000000F
:1061900000000000000000000000000000000000FF
:1061A00000000000000000000000000000000000EF
:1061B00000000000000000000000000000000000DF
:1061C00000000000000000000000000000000000CF
:1061D00000000000000000000000000000000000BF
:1061E00000000000000000000000000000000000AF
:1061F000000000000000000000000000000000009F
:10620000354936480A1A02D0072291438D4634494F
:1062100034480A1A06D00722914381F309880222E2
:1062200082F3148830483149314A00F044F831484B
:106230003149324A00F03FF831483249324A00F0E1
:106240003AF832483249334A00F035F83248334997
:10625000334A00F030F833483349344A00F02BF821
:1062600033483449344A00F026F83448344900228F
:1062700000F02CF833483449002200F027F8334866
:106280003349091A082902DB002202604160314AC1
:1062900090471F481F49884205D00268043003B464
:1062A000904703BCF7E700208646EC46002000211B
:1062B000294A9047FEE7884207D0521A05D0037852
:1062C00001300B700131013AF9D17047884202D098
:1062D00002700130FAE770470000012000E0002062
:1062E000000001200000012078640300D82A00206B
:1062F000942B0020D0630200D06302003C410300D5
:1063000078640300D82A0020D82A0020A041030086
:10631000A0410300A4410300A0410300A0410300E9
:10632000A0410300A4410300A441030078640300DA
:1063300034650300942B0020942B0020942B002024
:1063400078490020784900207C4900207C490020C1
:106350007C6900208563020041E6020000F036B847
:106360000F484FF00701884385460E4880470E4886
:10637000016841F470010160BFF34F8FBFF36F8F6D
:10638000FFF73EBF09480A490A4A884207D0521A15
:1063900005D0037801300B700131013AF9D1704713
:1063A00000000120FD81020088ED00E0A041030013
:1063B000D82A0020D82A0020FEE7FEE7FEE7FEE705
:1063C000FEE7FEE7FEE7FEE7FEE7FEE7FFF7C8BFF2
:1063D000004870477049002086B0039002910192F6
:1063E00001238DF817309DF81730214A039B136065
:1063F0001F4A029B53601E4A019B9360039B44F219
:106400000102934213D0039B44F20202934221D132
:10641000019B174AD360164BDB681B881A46144B46
:106420009A61134BDB685B68114AD36112E0019BF0
:106430000F4A13610E4B1B699B680D4A53610C4B4D
:106440001B691B680A4A9361094B1B695B68084A10
:10645000D36100BF72B600BF00BF9DF81730DBB23A
:10646000002BFAD162B600BF00BF06B0704700BF74
:10647000942B002000B583B002900091019244F269
:10648000010071466A4600F003F803B000BD00BF8A
:1064900000B587B003900291019272B600BF039BD2
:1064A00044F20202934217D0039B44F20202934249
:1064B00018D8039B44F20102934210D0039B44F28C
:1064C000010293420ED8039B012B0DD0039B41F296
:1064D000010293420AD005E0019B059307E0019B6E
:1064E000049304E000BF02E000BF00E000BF084BDF
:1064F0001B6803F00103002B00D000BE019A029933
:106500000398FFF769FF00BF07B05DF804FB00BF09
:10651000F0ED00E084B00190019B9B680393019B28
:10652000DA68039BD31A184604B0704782B0019012
:106530000B468DF80330019B1A68019BDB680199BB
:1065400089880B4013449DF803201A70019BDB6877
:106550005A1C019BDA6000BF02B0704784B0039000
:106560000B460192ADF80A30039B1A68039B9968A9
:10657000BDF80A300B44039989880B4013441A78FC
:10658000019B1A7000BF04B0704700B583B0019042
:106590000091009A00210198FFF7E0FF019B9B68A2
:1065A0005A1C019B9A6000BF03B05DF804FB84B0E5
:1065B000039002911346ADF80630029B002B01D1E7
:1065C0000E231DE0BDF80630002B07D0BDF80630C5
:1065D0005A1EBDF806301340002B01D009230FE0EE
:1065E000039B029A1A60BDF80630013B9AB2039BE6
:1065F0009A80039B00229A60039B0022DA600023AA
:10660000184604B0704700B583B001900B468DF872
:1066100003300198FFF77EFF0246019B9B889A4258
:1066200007D89DF8033019460198FFF77FFF002334
:1066300000E00423184603B05DF804FB00B583B006
:10664000019000910198FFF765FF0346002B05D0EC
:1066500000990198FFF799FF002300E005231846F1
:1066600003B05DF804FB82B00190019BDA68019BE6
:106670009A600023184602B070470000F0B583B05E
:10668000124801F057FA034618464FF00001104B2C
:10669000D3E90023861841EB0307CDE900670D4BD2
:1066A000D3E90023DDE90001994208BF904207D2F7
:1066B000DDE9002312F1807443F10005CDE90045C6
:1066C000DDE900231046194603B0F0BDD82A0020AA
:1066D000C02B0020C82B002088B001900091019BA6
:1066E0000793009B0693079BD3E90223CDE904237C
:1066F000069BD3E90223CDE90223DDE90423DDE98A
:106700000201994208BF90422CBF01230023DBB253
:10671000184608B07047000030B585B00190019B65
:106720005B69002B03D12B49A22006F02DFB00232F
:106730008DF80F30284B1B78002B45D0019B002B88
:1067400042D0019B1B7FDBB2002B3DD0FFF796FFB1
:10675000019BD3E90223994208BF90422CD3019BAD
:106760001B69002B02D1019B00221A77019B5B69F8
:10677000019A926910469847019B1B69002B23D010
:10678000019B1B7FDBB2002B1ED0019BD3E90201D2
:10679000019B1B691A464FF00003841841EB030567
:1067A000019BC3E90245019B19460C4801F060FCBE
:1067B00001238DF80F3007E0019B1946074801F0CF
:1067C00057FC01238DF80F309DF80F30184605B0A7
:1067D00030BD00BFB0410300B82B0020A44103002E
:1067E000F0B589B0019000910D230793009B002222
:1067F0001A70019BD3E90245FFF740FF02460B46A2
:10680000A61A65EB0307CDE90467DDE90423012A35
:1068100073F100031BDB049BB3F5350F05D300F0C8
:10682000B7FA0246154B134403E0019BD3E9022358
:10683000134603934FF49603039A0021104801F086
:106840007BF80790079B002B05D1012313E0002163
:106850000B4801F049F9079B0D2B07D10198FFF771
:106860005BFF03461A46009B1A7003E00549F520BA
:1068700006F08AFA0023184609B0F0BDFFFFB40005
:10688000D82A0020B041030000B583B0044801F0CD
:1068900029FC0190019B184603B05DF804FB00BF82
:1068A000A441030000B583B0044801F03DFC019011
:1068B000019B184603B05DF804FB00BFA441030030
:1068C00000B583B0FFF7E0FF0190019B002B02D0E1
:1068D000019B00221A77019B002BF3D100BF00BF60
:1068E00003B05DF804FB0000054BD3E9002312F16F
:1068F000807043F10001024BC3E9000100BF704703
:10690000C02B002000B583B00190134B1B68002BF7
:106910001DD0019801F00EF90F4B1B68D3E902233B
:10692000134623F07F43194600F026FA0346B3F5D9
:10693000960F04D309494FF4957006F025FA064BDB
:106940001B681846FFF7E8FE034B00221A6000BFE1
:1069500003B05DF804FB00BFB42B0020B04103007E
:1069600000B583B00190FFF789FE02460B4603494C
:10697000C1E9002300BF03B05DF804FBC82B002071
:1069800000B587B00190FFF78DFF049000238DF8CC
:106990001730049B002B48D02B4B1B68002B03D1D6
:1069A00001238DF8173019E0049BD3E90201264B2F
:1069B0001B68D3E90223994208BF90420ED20123FB
:1069C0008DF81730204B1B681B7FDBB2002B05D0E6
:1069D0001D4B1B6819461D4801F04AFB9DF81730F6
:1069E000002B2AD0FFF750FF04900DF10F0319463A
:1069F0000498FFF7F5FE0346002B12D0124B1B68DC
:106A0000002B02D1019800F0A3FE0F4A049B1360F3
:106A10009DF80F3083F00103DBB2002BB3D000BF31
:106A20000EE0094B00221A60ADE7074B1B68002BF4
:106A300005D1019800F0A2FE01E000BF00E000BF18
:106A400000BF07B05DF804FBB42B0020A441030095
:106A500000B587B001902C4A03AB1946104601F0EF
:106A600066F9059048E0059B1B78022B2ED0022B7F
:106A700032DC002B02D0012B14D02DE0059B5B688B
:106A80001B7FDBB283F00103DBB2002B26D0059B1A
:106A90005B6801221A77059B5B6819461B4801F069
:106AA000E7FA1BE0059B5A68194B1B689A4203D111
:106AB000174B00221A6012E0059B5B6819461348C9
:106AC00001F046FB03468DF8133008E0FFF7F8FEAF
:106AD000104B01221A7002E000BF00E000BF0A4A1A
:106AE00003AB1946104601F03BF9074A03AB1946C0
:106AF000104601F01CF90590059B002BB3D100BF97
:106B000000BF07B05DF804FB282C0020A44103005F
:106B1000B42B0020B82B002000B583B00190019861
:106B200000F0D5FF0346002B01D0FFF7DDFE00216A
:106B3000019800F0EAFF0346002B02D00198FFF70E
:106B4000E1FE0121019800F0E0FF0346002B02D096
:106B50000198FFF705FF0198FFF77AFF0198FFF70B
:106B60000FFF00BF03B05DF804FB000008B502484A
:106B700000F0EDFF00BF08BDD82A002000B585B0A9
:106B8000034600918DF80730114A02AB19461046B2
:106B900001F0A0F80390039B002B13D0039B9DF8FA
:106BA00007201A70039B009A5A60094A02AB1946E3
:106BB000104601F0A8F80346002B01D0FFF7D6FFDE
:106BC000002300E00423184605B05DF804FB00BF75
:106BD000282C002000B583B0164B1B680093164884
:106BE00008235822154901F042F80190019B002B1F
:106BF00001D0019B19E06B46114A1946114800F07B
:106C000047FD0190019B002B01D0019B0DE001216C
:106C10000C4800F04BFF01230B4A0121094800F00A
:106C2000C3FD0A4B01221A70019B184603B05DF8A0
:106C300004FB00BF1C420300282C0020D02B0020A6
:106C4000196B0200D82A0020FFFF7F00B82B00201C
:106C500000B587B003900B4601928DF80B30039B73
:106C6000002B04D1134940F22E2006F08DF8019B31
:106C7000002B04D10F4940F22F2006F085F8019B2C
:106C8000002B01D1072310E0039B1B680593059B94
:106C9000019A5A619DF80B30012B0CBF0123002390
:106CA000DBB21A46059B1A610023184607B05DF84F
:106CB00004FB00BFB041030030B587B003900291E0
:106CC0000192039B002B04D1154940F23E2006F0AF
:106CD0005BF8039B0593059B1B7FDBB2002B01D068
:106CE00000231AE0059B019A9A61FFF7C7FC029BFB
:106CF0001A464FF00003841841EB0305059BC3E9D6
:106D00000245059B1B69002B02D0059B029A1A6164
:106D100005990020FFF732FF0346184607B030BD43
:106D2000B041030000B585B00190019B002B04D158
:106D300009494FF4157006F027F8019B0393039B54
:106D400000221A7703990120FFF718FF034618461F
:106D500005B05DF804FB00BFB041030008B5054B6A
:106D600000221A7000210220FFF708FF0346184690
:106D700008BD00BFB82B002082B001900091019A9D
:106D8000009BD31A23F07F43184602B070470000DF
:106D900008B5034800F0CEFE0346184608BD00BF04
:106DA000D82A002000B583B00190019B1B781A46B9
:106DB0000C4B9B5C002B05D0019B0433184604F060
:106DC00011FE0BE0019B1B781A46064B9B5C002BC7
:106DD00004D1019B0C33184603F082FE00BF03B0C0
:106DE0005DF804FBAC2C002000B587B00390029145
:106DF00013468DF8073000230593039B1B781A4632
:106E0000114B9B5C002B09D0039B04339DF807209A
:106E10000299184604F03CFE05900FE0039B1B7896
:106E20001A46094B9B5C002B08D1039B0C339DF841
:106E300007200299184603F0CBFE0590059B1846E3
:106E400007B05DF804FB00BFAC2C002000B585B096
:106E5000019000238DF80F30019B1B781A46114BCF
:106E60009B5C002B08D0019B0433184604F0CEFE37
:106E700003468DF80F300EE0019B1B781A46094B34
:106E80009B5C002B07D1019B0C33184603F028FFB5
:106E900003468DF80F309DF80F30184605B05DF8A9
:106EA00004FB00BFAC2C002000B587B0039002911A
:106EB00013468DF8073000230593039B1B781A4671
:106EC000114B9B5C002B09D0039B04339DF80720DA
:106ED0000299184604F0B2FE05900FE0039B1B7860
:106EE0001A46094B9B5C002B08D1039B0C339DF881
:106EF00007200299184603F04BFF0590059B1846A2
:106F000007B05DF804FB00BFAC2C002084B00190FA
:106F1000019B9B680393019BDA68039BD31A184675
:106F200004B0704700B587B001900091019B1B78B9
:106F3000022B45D0022B6ADC002B52D0012B66D1EC
:106F4000019B1B7A002B05D1012233493348FFF7FF
:106F5000ABFF5DE0019B5B681B7819463048FFF78B
:106F600052FB0590059B002B0AD001238DF80C30B5
:106F7000059B04932B4B1B6803AA104698470DE012
:106F80002748FFF7C3FF0346002B07D000238DF8E7
:106F90000C30244B1B6803AA104698472048FFF783
:106FA000B5FF03461E4A9288934205D801221A492A
:106FB0001A48FFF779FF2BE01B4B01221A7027E0DC
:106FC00002238DF80C30019BDB68049301221249E7
:106FD0001248FFF769FF134B1B6803AA1046984736
:106FE00016E012491248FFF729FB0346002B05D192
:106FF00001220E490948FFF7F7FE09E003238DF847
:107000000C30084B1B6803AA1046984700E000BFED
:1070100000BF07B05DF804FB442C0020E02A0020EC
:10702000482C00203C2C0020452C0020402C002027
:10703000582C002030B591B00390029101928DF848
:1070400003303C4A019B1360029B002B01D10723B4
:107050006DE0029B1968029B5B689BB21A4636483A
:10706000FFF7A5FA0F900F9B0E930E9B002B01D0FC
:107070000E9B5CE0029B9968029BDB689BB21A4600
:107080002E48FFF794FA0F900F9B0D930D9B002B4A
:1070900001D00D9B4BE02A4B04AC1D460FCD0FC415
:1070A00095E80F0084E80F00039B5B690A93039B3C
:1070B0001B7C002B14BF01230023DBB28DF824308E
:1070C0009DF803308DF82C30039B5B7C002B01D0A6
:1070D0000E2300E000238DF82530039BDB68069328
:1070E000039B9B680793039B1B680593039B5B684B
:1070F000049304AB134A1946134801F0A7FD0F90FF
:107100000F9B0C930C9B002B01D00C9B0FE00F4BA3
:1071100000221A70039B1B68B3F1FF3F06D00122C7
:107120000B490948FFF7C0FE034600E0002318465C
:1071300011B030BD3C2C0020482C0020582C0020E1
:1071400020420300256F0200E02A0020452C002089
:10715000442C002000B585B00D48FFF784FA039059
:10716000039B0293029B002B01D0029B0BE009487A
:10717000FFF779FA0390039B0193019B002B01D049
:10718000019B00E00023184605B05DF804FB00BF3A
:10719000482C0020582C002000B587B00190019B9E
:1071A000002B03D11449CA2005F0EEFD134B1B78C8
:1071B0008DF8173001991248FFF740FA04909DF8B6
:1071C0001730002B12D00D4B00221A7001220D49EE
:1071D0000D48FFF769FE0390039B0293029B002B6F
:1071E00004D0054AD6210298FFF744F9049B1846BB
:1071F00007B05DF804FB00BF40420300452C0020AF
:10720000482C0020442C0020E02A002000B585B046
:1072100003468DF807309DF8073019461048FFF7F0
:10722000F2F90390039B002B15D10E48FFF70EFED9
:10723000034683F00103DBB2002B0CD00A49084857
:10724000FFF7FCF90346002B05D10122064905484A
:10725000FFF7CAFD0390039B184605B05DF804FBD9
:10726000582C0020E02A0020402C002008B50348BC
:10727000FFF74CFE0346184608BD00BF482C00200F
:1072800008B50348FFF78EFD0023184608BD00BF70
:10729000E02A002082B0EFF310830093009B01935B
:1072A00072B600BF019B184602B0704762B600BFBD
:1072B00000BF704700B585B00190FFF7EBFF03906A
:1072C000164B9B68002B1BD1144B01229A60144B68
:1072D000D3F88020134B1340104A1360104B114A0F
:1072E000C3F880200E4BD3F884300C4A53600C4B0B
:1072F0004FF0FF32C3F88420019B00221A7002E095
:10730000019B01221A70039B002B01D1FFF7CEFFD6
:107310000023184605B05DF804FB00BF682C002070
:1073200000E100E0FC06FFBD00B585B003468DF826
:107330000730104B9B68002B16D09DF80730002BB0
:1073400012D1FFF7A7FF03900B4A0A4B1B6813608B
:10735000094A084B5B685360064B00229A60039B06
:10736000002B01D1FFF7A2FF0023184605B05DF8FE
:1073700004FB00BF682C002000E100E000B583B0F2
:10738000019000F02BF80346012B03D00549432060
:1073900005F0FAFC0198FFF78DFF00BF03B05DF820
:1073A00004FB00BFB042030000B583B003468DF874
:1073B000073000F013F80346012B03D00649512093
:1073C00005F0E2FC9DF807301846FFF7ADFF00BF5F
:1073D00003B05DF804FB00BFB042030084B0EFF3DC
:1073E00005830193019BC3F308030393039B002BC5
:1073F0000DD1EFF314830093009B0293029B03F0E3
:107400000103002B0CBF01230023DBB200E00123AA
:10741000184604B07047000082B003468DF807306C
:107420009DF8073003F01F0205499DF907305B09FD
:10743000012000FA02F241F8232000BF02B0704799
:1074400000E100E082B003468DF807309DF8073078
:1074500003F01F0206499DF907305B09012000FA7D
:1074600002F2403341F8232000BF02B0704700BF52
:1074700000E100E082B0034600918DF807309DF9ED
:107480000730002B0CDA009BDAB20C499DF807306C
:1074900003F00F03043B5201D2B20B441A7609E009
:1074A000009BDAB206499DF907305201D2B20B4473
:1074B00083F8002300BF02B0704700BF00ED00E07A
:1074C00000E100E000B583B003460A468DF80730BE
:1074D00013468DF806309DF80630012B03D99DF830
:1074E0000630032B0BD99DF80630042B03D99DF8E9
:1074F0000630072B03D908496B2005F045FC9DF8A1
:1075000006209DF9073011461846FFF7B3FF00BF6C
:1075100003B05DF804FB00BF2443030000B583B053
:1075200003468DF807309DF907301846FFF774FFC2
:1075300000BF03B05DF804FB00B585B00190019B6E
:10754000002B0AD0074B43F001030393019B9B01DF
:107550000293039B0298984700E000BF05B05DF8D6
:1075600004FB00BF0044030084B003900291019229
:10757000039B029A02F5A872019943F8221000BFFA
:1075800004B0704782B001900091019B009A02F50F
:10759000A87253F82230184602B0704782B00190AA
:1075A0000091019B009AC3F8042300BF02B070470A
:1075B00082B001900091019B009AC3F8082300BF9C
:1075C00002B0704782B001900B46ADF80230BDF8B2
:1075D0000230019A13441B68184602B0704784B009
:1075E00001900B46ADF80230BDF80230019A134409
:1075F00000221A60BDF80230019A13441B680393FD
:10760000039B00BF04B0704782B00190019BD3F888
:107610000435184602B0704700B583B00190009160
:10762000009BB3F5805F04D306494FF4BE7005F0AC
:10763000ABFB019B009AC3F8082500BF03B05DF8BF
:1076400004FB00BF5C43030082B001900B468DF841
:1076500003309DF80320019B13441A460123136055
:1076600000BF02B0704782B001900091019B009A68
:10767000C3F8442300BF02B0704782B0019000916C
:10768000019B009AC3F8482300BF02B07047000076
:1076900000B587B0039002910192039B002B03D1A8
:1076A0002849552005F070FB029B002B03D125498A
:1076B000562005F069FB019B002B03D1214957207F
:1076C00005F062FB039B5B7919461F4A019B42F858
:1076D0002130039B5B791D4ADB0013441B79002B8F
:1076E00003D008230593059B27E0039B1A68029BA0
:1076F0001B8819461046FFF78FFF039B93F9042060
:10770000029B9B7819461046FFF7DCFE039B93F91A
:1077100004301846FFF702FF039B5B790B4ADB003E
:10772000134401221A71039B5B791946074A039B94
:1077300042F8313000230593059B184607B05DF8E9
:1077400004FB00BF90430300742C0020782C002021
:1077500000B583B00190019B002B03D1064987201F
:1077600005F012FB019B1B6800211846FFF76CFF18
:1077700000BF03B05DF804FB9043030000B583B085
:107780000190019B002B03D106498D2005F0FCFAE6
:10779000019B1B6804211846FFF756FF00BF03B08A
:1077A0005DF804FB9043030000B587B0039002919D
:1077B00001928DF80330039B002B03D121499620C1
:1077C00005F0E2FA4FF48032029B02FA03F30593CC
:1077D000029B50339BB29B00ADF81230019B23F00B
:1077E0007F430193039B1B6805991846FFF7E0FE52
:1077F000039B1B6805991846FFF73FFF039B1B6817
:10780000BDF8122011461846FFF7E9FE039B1B68DE
:10781000019A02991846FFF7A7FE039B1B6805997A
:107820001846FFF720FF9DF80330002B05D0039B7F
:107830001B6805991846FFF7B1FE00BF07B05DF859
:1078400004FB00BF9043030000B585B00390029194
:1078500013468DF80730039B002B03D10B49A92059
:1078600005F092FA039B1B6802991846FFF7FBFE8E
:107870009DF80730002B05D0039B1B680299184622
:10788000FFF78CFE00BF05B05DF804FB90430300DA
:1078900000B583B001900091019B002B03D10A49F0
:1078A000B32005F071FA019B1B6800991846FFF799
:1078B000E4FE019B1B6800991846FFF779FE00BFA4
:1078C00003B05DF804FB00BF9043030000B583B034
:1078D00001900B46ADF80230019B002B03D10F49FC
:1078E000BA2005F051FA019B1B68BDF80220114631
:1078F0001846FFF767FE0346002B09D0019B1B6863
:10790000BDF8022011461846FFF769FE012300E08A
:107910000023184603B05DF804FB00BF904303004A
:1079200082B001900091019A009BD31A23F07F430B
:10793000184602B07047000000B58BB0039002916A
:1079400001920093039B002B03D15749CD2005F0F2
:107950001BFA4FF48032029B02FA03F30993029B55
:1079600050339BB29B00ADF82230019B23F07F4344
:10797000019309990398FFF78BFF039B1B68184637
:10798000FFF742FE0790039B1B6802991846FFF71A
:10799000F9FD0690039B1B68079A02991846FFF7AA
:1079A000E3FD039B1B68BDF8222011461846FFF734
:1079B00016FE07990698FFF7B3FF0346012B0AD17D
:1079C0001020FFF7B9FD039B1B68BDF8222011466C
:1079D0001846FFF704FE039B1B681846FFF714FECA
:1079E000079007990198FFF79BFF0590039B1B6881
:1079F00009991846FFF737FE059B012B15D1039B0C
:107A00001868019B01331A460299FFF7ADFD10205B
:107A1000FFF792FD039B1B681846FFF7F5FD024632
:107A2000079B934235D00D2339E0039B1B68019AD5
:107A300002991846FFF798FD039B1B681846FFF74D
:107A4000E3FD0790019B013B07991846FFF768FF8C
:107A50000590009BC3F1FF1303F57F43059A9A42FB
:107A600001D90D231BE0059B002B12D1039B186845
:107A7000019B01331A460299FFF776FD039B1B68B1
:107A80001846FFF7C1FD0246079B934201D00D2324
:107A900005E0012209990398FFF7D6FE0023184656
:107AA0000BB05DF804FB00BF9043030000B583B04A
:107AB00001900B468DF803309DF803301A460221E1
:107AC0000198FFF7C1FE00BF03B05DF804FB00B5ED
:107AD00083B001904FF482710198FFF7F7FE0346DF
:107AE000184603B05DF804FB00B583B00190009127
:107AF0004FF48032009B02FA03F319460198FFF716
:107B0000C7FE00BF03B05DF804FB00B585B001906F
:107B10000091009B50339BB29B00ADF80E30BDF836
:107B20000E3019460198FFF7D1FE0346184605B0FE
:107B30005DF804FB00B583B00190019B1B681846FB
:107B4000FFF762FD0346184603B05DF804FB00B57D
:107B500083B00190019B93F904301846FFF772FC43
:107B600000BF03B05DF804FB08B5044B1B68044A72
:107B700012681046984700BF08BD00BF742C002053
:107B8000782C002086B001900091019B53E8011FE2
:107B90008AB2D88902449889824228BF121A188969
:107BA000824202BFBFF32F8F002307E0C2EA010227
:107BB00043E801200028E9D14FF001038DF80F3090
:107BC000059002910492029A009B1A609DF80F3072
:107BD000DBB2184606B0704784B00190019951E8B5
:107BE000013FC3EA034341E80132002AF7D103927F
:107BF000029300BF04B0704786B001900091019BD2
:107C000053E8021F1FFAA1F2D888824202BFBFF3D5
:107C10002F8F00230DE0D88902449889824228BF23
:107C2000121AC1EA024243E802200028E8D14FF0CC
:107C300001038DF80F30059002910492029A009B87
:107C40001A609DF80F30DBB2184606B0704784B05A
:107C50000190019951E8023FC3EA234341E802320F
:107C6000002AF7D10392029300BF04B0704784B09A
:107C70000390029111461A460B46ADF806301346A2
:107C8000ADF80430029B002B01D10E231FE0BDF89C
:107C90000630BDF80420B3FBF2F102FB01F29B1A9F
:107CA0009BB2002B01D0092311E0039B029A1A60BA
:107CB000039B00225A60039B00229A60039BBDF83D
:107CC00006209A81039BBDF80420DA810023184620
:107CD00004B0704700B585B001900091009B194633
:107CE0000198FFF74FFF0346002B07D0019B1B684D
:107CF000009A128813440393039B00E00023184664
:107D000005B05DF804FB00B583B001900091009BC5
:107D10001A88009B5B889A4204D10198FFF75CFFA8
:107D2000012300E00023184603B05DF804FB00B512
:107D300085B001900091009B19460198FFF75CFF08
:107D40000346002B07D0019B1B68009A52881344FE
:107D50000393039B00E00023184605B05DF804FB85
:107D600000B583B001900091009B1A88009B5B884E
:107D70009A4204D10198FFF76AFF012300E0002333
:107D8000184603B05DF804FB00B585B00190009182
:107D9000009B5B099B00019A1A44009B03F01F03A0
:107DA000012101FA03F31946104600F036F803905A
:107DB00000BF05B05DF804FB00B585B001900091EF
:107DC000009B5B099B00019A1A44009B03F01F0370
:107DD000012101FA03F3DB431946104600F035F8A0
:107DE000039000BF05B05DF804FB82B001900091E4
:107DF000009B5B099B00019A13441A68009B03F0E7
:107E00001F0322FA03F303F00103002B14BF012325
:107E10000023DBB2184602B0704710B487B001905F
:107E20000091019B009A53E8004F44EA020043E8A6
:107E3000000191F0000FF6D1059404900391049B8A
:107E4000184607B05DF8044B704710B487B0019036
:107E50000091019B009A53E8004F04EA020043E8B6
:107E6000000191F0000FF6D1059404900391049B5A
:107E7000184607B05DF8044B7047000082B0034617
:107E80008DF807309DF8073003F01F0206499DF971
:107E900007305B09012000FA02F2603341F8232029
:107EA00000BF02B0704700BF00E100E000B583B042
:107EB0000190019B002B03D10649722004F064FF5E
:107EC000019B00221A60BFF35F8F00BF00BF03B0A9
:107ED0005DF804FB6444030041DF704700BF1846AF
:107EE00000B585B000238DF803300DF1030318466B
:107EF000FFF744FAF1EE103A0193019B0393039BC1
:107F000023F09F030293029BE1EE103A00BFBFF300
:107F10005F8F00BF2620FFF7B1FF9DF803301846A2
:107F2000FFF742FA039B03F00703002B03D0044939
:107F30007D2004F029FF00BF05B05DF804FB00BF01
:107F4000A444030008B5064B00221A700548FFF749
:107F5000ADFF0549054800F02FF80023184608BD7D
:107F6000842C0020802C002018450300882C002041
:107F700000B583B0FFF7B4FF0AF07EF80346002B8C
:107F80000ED0FFF7A9FF0190019B002B0ED0019BA3
:107F9000022B0BD007494FF4B07004F0F5FE05E05A
:107FA00020BF00BF40BF00BF20BF00BF00BF03B065
:107FB0005DF804FBA444030000B583B00190009178
:107FC000019B002B03D11049502004F0DDFE009BE3
:107FD000002B03D10C49512004F0D6FE019B009ADE
:107FE0001A60019B1B681A68019B5A60019B5A68C2
:107FF000019B1B685B689A4202D1019B00225A6078
:1080000000BF03B05DF804FB2445030000B583B056
:108010000190019B002B03D11449632004F0B4FEAE
:10802000019B1B68002B03D11049642004F0ACFEB7
:10803000019B5B68002B14D0019B5B681A46019B77
:108040001B689B6813441A46019B5A60019B5A683F
:10805000019B1B685B689A4204D1019B00225A6015
:1080600000E000BF03B05DF804FB00BF244503003F
:1080700000B585B001900091019B002B03D11849F8
:108080003A2004F081FE009B002B03D114493B20D1
:1080900004F07AFE019B5B6803930FE0019B9B68F1
:1080A000039A1268009910469847034683F001032B
:1080B000DBB2002B07D1039B1B680393039B1B6858
:1080C000002BEBD100E000BF039B1A68009B1A60F5
:1080D000039B009A1A6000BF05B05DF804FB00BF67
:1080E000AC45030000B585B00190019B002B03D186
:1080F0000C49512004F048FE019B5B681B68039308
:10810000019B5B681B68002B06D0019B5B681A68AB
:10811000019B5B6812681A60039B184605B05DF806
:1081200004FB00BFAC45030000B583B00190019B88
:10813000002B03D105495D2004F026FE019B5B68FE
:108140001B68184603B05DF804FB00BFAC45030094
:1081500000B585B001900091019B002B03D1164919
:10816000692004F011FE009B002B03D112496A2004
:1081700004F00AFE00238DF80F30019B5B68029328
:108180000FE0029B1B68009A9A4207D1009B1A6875
:10819000029B1A6001238DF80F3006E0029B1B68DA
:1081A0000293029B1B68002BEBD19DF80F30184601
:1081B00005B05DF804FB00BFAC450300BFF34F8F73
:1081C00000BF074BDB6803F4E0620549054B13432E
:1081D000CB60BFF34F8F00BF00BF00BFFCE700BF05
:1081E00000ED00E00400FA05024B034A1A6000BFEC
:1081F000704700BFF42A00200090D00308B500F0BB
:1082000097F90346002B06D0B74B1B681B0AB74AE9
:1082100003F01F03136000F0B7F90346002B02D0F0
:10822000B34BB44A1A6000F0CBF90346002B06D0DA
:10823000B14B1B685B0BB14A03F00703136000F0FE
:10824000EBF90346002B05D0AD4BDB68AC4A23F0BD
:108250008073D36000F0FCF90346002B0ED04FF082
:1082600080430022C3F80C214FF080430022C3F862
:1082700010214FF080430022C3F8382500F014FA93
:108280000346002B02D09F4B03221A6000F028FA0D
:108290000346002B0BD09C4B05221A609B4B0122FE
:1082A0001A609B4B00221A609A4B3F221A6000F022
:1082B00033FA0346002B76D04FF08053964AD3F81A
:1082C0000434C2F820354FF08053934AD3F8083471
:1082D000C2F824354FF080538F4AD3F80C34C2F8DB
:1082E00028354FF080538C4AD3F81034C2F82C351F
:1082F0004FF08053884AD3F81434C2F830354FF029
:108300008053854AD3F81834C2F834354FF080537F
:10831000814AD3F81C34C2F840354FF080537E4A6E
:10832000D3F82034C2F844354FF080537A4AD3F85A
:108330002434C2F848354FF08053774AD3F82834B4
:10834000C2F84C354FF08053734AD3F82C34C2F83E
:1083500050354FF08053704AD3F83034C2F854355A
:108360004FF080536C4AD3F83434C2F860354FF084
:108370008053694AD3F83834C2F864354FF08053DB
:10838000654AD3F83C34C2F868354FF08053624AEE
:10839000D3F84034C2F86C354FF080535E4AD3F8BE
:1083A0004434C2F8703500F0D3F90346002B05D0F1
:1083B0005A4B1B685A4A03F04F03136000F0F4F95C
:1083C0000346002B0DD04FF08043D3F8003403F068
:1083D0000103002B05D04FF080436FF00102C3F87A
:1083E000002400F00DFA0346002B05D04D4B1B680E
:1083F0004C4A43F4806313604B4BD3F888304A4AAD
:1084000043F47003C2F88830BFF34F8F00BFBFF34F
:108410006F8F00BF4FF01023D3F80C3203F001032D
:10842000012B25D1414B0122C3F8042500BF3F4B4E
:10843000D3F80034002BFAD04FF01023D3F80C32CD
:108440004FF0102223F00103C2F80C3200BF374B6B
:10845000D3F80034002BFAD0344B0022C3F80425A3
:1084600000BF324BD3F80034002BFAD0FFF7A6FE42
:108470004FF01023D3F80032002B05DB4FF0102310
:10848000D3F80432002B2BDA284B0122C3F8042541
:1084900000BF264BD3F80034002BFAD04FF0102346
:1084A0001522C3F8002200BF204BD3F80034002B64
:1084B000FAD04FF010231522C3F8042200BF1B4B43
:1084C000D3F80034002BFAD0184B0022C3F804254F
:1084D00000BF164BD3F80034002BFAD0FFF76EFE26
:1084E000FFF782FE00BF08BD2403001040350140A5
:1084F00074C007400DF0ADBA440200103C050040C6
:10850000F0ED00E0A0050040105600408856004005
:10851000185600401456004000C000405802001099
:10852000E40E00403C17004000ED00E000E0014098
:10853000124B1B68DBB2062B1DD1114B1B6803F0DD
:108540000F03002B17D10F4B1B6803F0F003302BE8
:1085500001D1012310E00B4B1B6803F0F003402B0B
:1085600001D1012308E0074B1B6803F0F003502BF7
:1085700001D1012300E0002318467047E00F00F00E
:10858000E40F00F0E80F00F00A4B1B68DBB2062B8B
:108590000DD1094B1B6803F00F03002B07D1074BCC
:1085A0001B6803F0F003302B01D1012300E000230E
:1085B00018467047E00F00F0E40F00F0E80F00F0FD
:1085C000124B1B68DBB2062B1DD1114B1B6803F04D
:1085D0000F03002B17D10F4B1B6803F0F003302B58
:1085E00001D1012310E00B4B1B6803F0F003402B7B
:1085F00001D1012308E0074B1B6803F0F003502B67
:1086000001D1012300E0002318467047E00F00F07D
:10861000E40F00F0E80F00F00A4B1B68DBB2062BFA
:108620000DD1094B1B6803F00F03002B07D1074B3B
:108630001B6803F0F003302B01D1012300E000237D
:1086400018467047E00F00F0E40F00F0E80F00F06C
:10865000124B1B68DBB2062B1DD1114B1B6803F0BC
:108660000F03002B17D10F4B1B6803F0F003302BC7
:1086700001D1012310E00B4B1B6803F0F003402BEA
:1086800001D1012308E0074B1B6803F0F003502BD6
:1086900001D1012300E0002318467047E00F00F0ED
:1086A000E40F00F0E80F00F00A4B1B68DBB2062B6A
:1086B0000DD1094B1B6803F00F03002B07D1074BAB
:1086C0001B6803F0F003302B01D1012300E00023ED
:1086D00018467047E00F00F0E40F00F0E80F00F0DC
:1086E0000A4B1B68DBB2062B0DD1094B1B6803F04C
:1086F0000F03002B07D1074B1B6803F0F003302B4F
:1087000001D1012300E0002318467047E00F00F07C
:10871000E40F00F0E80F00F00A4B1B68DBB2062BF9
:108720000DD1094B1B6803F00F03002B07D1074B3A
:108730001B6803F0F003502B01D1012300E000235C
:1087400018467047E00F00F0E40F00F0E80F00F06B
:10875000124B1B68DBB2062B1DD1114B1B6803F0BB
:108760000F03002B17D10F4B1B6803F0F003302BC6
:1087700001D1012310E00B4B1B6803F0F003402BE9
:1087800001D1012308E0074B1B6803F0F003502BD5
:1087900001D1012300E0002318467047E00F00F0EC
:1087A000E40F00F0E80F00F0124B1B68DBB2062B61
:1087B0001DD1114B1B6803F00F03002B17D10F4B7A
:1087C0001B6803F0F003302B01D1012310E00B4BA9
:1087D0001B6803F0F003402B01D1012308E0074B95
:1087E0001B6803F0F003502B01D1012300E00023AC
:1087F00018467047E00F00F0E40F00F0E80F00F0BB
:10880000064B1B68062B05D1054B1B68062B01D1B7
:10881000012300E000231846704700BF300100101C
:108820003401001082B003468DF807309DF8073000
:1088300003F01F0206499DF907305B09012000FA89
:1088400002F2203341F8232000BF02B0704700BF7E
:1088500000E100E008B509F00FFC034683F00103D6
:10886000DBB2002B03D10549792004F08DFA00F02A
:10887000FDFB034B00229A7000BF08BD2046030099
:10888000902C002000B583B000230193144B1B787B
:10889000002B02D0852301931CE0114B00229A602B
:1088A0000F4B00225A600E4B00221A610C4B002223
:1088B000DA600C4800F084FB019009F0DDFB034610
:1088C00083F00103DBB2002B01D000F09FFB044BCF
:1088D00001221A70019B184603B05DF804FB00BF2B
:1088E000902C0020AD8A020084B001900091019B81
:1088F0001B68039306E0039A009B9A420DD0039BEA
:108900001B680393039B002BF5D1019B1A68009B06
:108910001A60019B009A1A6000E000BF04B0704723
:1089200084B00190019B1B680393039B002B03D031
:10893000039B1A68019B1A60039B184604B070479A
:1089400000B585B00190294B1B78002B03D1284935
:10895000E92004F019FA254B9B78DBB2002B19D0E3
:10896000019B002B03D0019B5B68012098470023EB
:108970008DF80F300DF10F031846FEF7FFFC1B4B6F
:10898000DB680133194AD3609DF80F301846FEF7B3
:108990000BFD1EE000238DF80E300DF10E0318467E
:1089A000FEF7ECFC019B002B03D001991148FFF767
:1089B0009BFF0E4BDB68002B01D100F03BFB0B4B08
:1089C000DB680133094AD3609DF80E301846FEF784
:1089D000EBFC064BDB68002B04D1054940F2051087
:1089E00004F0D2F900BF05B05DF804FB902C002024
:1089F00020460300A02C002000B583B0164B1B7846
:108A0000002B04D115494FF4857004F0BDF9124BC9
:108A1000DB68002B04D1114940F20B1004F0B4F9CB
:108A200000238DF807300DF107031846FEF7A6FC6A
:108A3000094BDB68013B084AD360074BDB68002B1E
:108A400001D1FFF707FF9DF807301846FEF7ACFC91
:108A500000BF03B05DF804FB902C0020204603000B
:108A600000B585B003468DF807309DF80730002B20
:108A700002D10C4B039301E00B4B03930398FFF7D8
:108A80004FFF0290029B002B06D0029B5B689DF873
:108A9000072010469847F1E700BF00BF05B05DF81A
:108AA00004FB00BF982C0020A02C002000B583B050
:108AB00003468DF807309DF80730002B05D10A4B8F
:108AC00001225A700020FFF7CBFF9DF80730012BE1
:108AD00005D1054B01229A700120FFF7C1FF00BFAD
:108AE00003B05DF804FB00BF902C002000B583B0FC
:108AF00001900091019B002B05D1054B01225A707A
:108B00000020FFF7ADFF00BF03B05DF804FB00BF1E
:108B1000902C002000B585B0034600918DF80730F9
:108B20009DF80730032B29D0032B35DC002B02D016
:108B3000012B04D030E00020FFF774FE2DE000236D
:108B40008DF80F300DF10F031846FEF717FC154B8B
:108B50001B7883F00103DBB2002B01D0FFF792FEFC
:108B6000104BDB6801330F4AD3600E4B01229A7021
:108B70009DF80F301846FEF717FC0EE0094B1B78E6
:108B8000002B04D1084940F2452004F0FDF800F024
:108B90003DFAFFF731FF00E000BF00BF05B05DF810
:108BA00004FB00BF902C00202046030000B589B0D4
:108BB00001900091009B0793019B1B788DF80C306E
:108BC000019B5B680493019B9B68DBB28DF81430BA
:108BD000019BDB680693074A079B52F8233006493E
:108BE000079A51F8221003AA1046984700BF09B00F
:108BF0005DF804FBA42C0020A82C002000B589B04F
:108C000001900091009B0793019B1B788DF80C301D
:108C1000019B5B680493019B9B68DBB28DF8143069
:108C2000019BDB680693074A079B52F823300649ED
:108C3000079A51F8221003AA1046984700BF09B0BE
:108C40005DF804FBA42C0020A82C002030B58FB0C8
:108C5000039002910192039B1B780C9326490C9B75
:108C6000019A41F82320029B1A6924490C9B41F880
:108C70002320029B5B7F1946214A0C9B13440A4622
:108C80001A70029B04AC1D460FCD0FC495E80F006F
:108C900084E80F000C9B089300230D93039B1B7823
:108CA0001A46174B9B5C002B0DD0039B181D019B94
:108CB000002B01D0134A00E0002204AB194602F059
:108CC0002BFE0D9014E0039B1B781A460C4B9B5C0B
:108CD000002B0DD1039B03F10C00019B002B01D055
:108CE000094A00E0002204AB194601F08FFE0D9006
:108CF0000D9B18460FB030BDA42C0020A82C0020DE
:108D0000AC2C0020AD8B0200FD8B020082B003462C
:108D10008DF807309DF8073003F01F0205499DF9D3
:108D200007305B09012000FA02F241F8232000BF5E
:108D300002B0704700E100E082B0034600918DF878
:108D400007309DF90730002B0CDA009BDAB20C4992
:108D50009DF8073003F00F03043B5201D2B20B44DD
:108D60001A7609E0009BDAB206499DF907305201F4
:108D7000D2B20B4483F8002300BF02B0704700BF9B
:108D800000ED00E000E100E082B00190019B1B0BD0
:108D90005BB2184602B0704700B583B003460A467E
:108DA0008DF8073013468DF806309DF80630012BFC
:108DB00003D99DF80630032B0BD99DF80630042B00
:108DC00003D99DF80630072B03D908496B2003F01F
:108DD000DBFF9DF806209DF9073011461846FFF786
:108DE000ABFF00BF03B05DF804FB00BF8C4603007F
:108DF00000B583B003468DF807309DF9073018465B
:108E0000FFF784FF00BF03B05DF804FB82B00346A8
:108E10008DF807300F4A9DF90730002B00DA1F3319
:108E20005B115BB252F823209DF90730594203F0E1
:108E30001F0301F01F0158BF4B425BB222FA03F33C
:108E400003F00103002B14BF01230023DBB21846FB
:108E500002B0704700E100E082B001904FF0804224
:108E6000019BC2F8043300BF02B0704782B001908A
:108E70004FF08042019BC2F8083300BF02B0704738
:108E800082B003468DF807309DF8073003F1804328
:108E900001221A6000BF02B0704784B00346ADF8EB
:108EA0000630BDF8063003F1804300221A60BDF899
:108EB000063003F180431B680393039B00BF04B09B
:108EC000704782B00346ADF80630BDF8063003F1B6
:108ED00080431B68002B14BF01230023DBB218461C
:108EE00002B0704782B001904FF08042019BC2F8FF
:108EF000183500BF02B070474FF08043D3F81834E4
:108F00001B0C03F00103002B14BF01230023DBB271
:108F10001846704700B583B006238DF807304FF030
:108F20008040FFF731FF03461846FFF76FFF034607
:108F300083F00103DBB2002B13D04FF08040FFF72A
:108F400023FF03461A469DF8073019461046FFF7DF
:108F500023FF4FF08040FFF717FF03461846FFF747
:108F600047FF00BF03B05DF804FB000084B0124B64
:108F7000DB680393104A039B43F08073D3600F4B6D
:108F80001B6802930D4A029B43F0010313600B4BD5
:108F90005B68019300BF094B5A68019BD31AB3F574
:108FA0000A5FF8D3054A029B1360034A039BD36010
:108FB00000BF04B0704700BFF0ED00E0001000E01B
:108FC00000B585B00190019B002B03D10D49A42071
:108FD00003F0DAFE002303930B4B1B79002B02D026
:108FE0008523039308E0084A019B1360064B012286
:108FF0001A71054B00225A71039B184605B05DF8A3
:1090000004FB00BFC4460300B02C002008B5074B8A
:109010001B79002B03D10649BD2003F0B5FEFFF7F5
:1090200079FF0120FFF75EFF00BF08BDB02C0020D4
:10903000C446030008B50B4B1B79002B03D10A492A
:10904000EA2003F0A1FE4FF48270FFF726FF022012
:10905000FFF702FFFFF78AFF0820FFF711FF00BFAD
:1090600008BD00BFB02C0020C446030008B50A4B61
:109070001B79002B03D10949F72003F085FE0C2052
:10908000FFF7FEFE00BFFFF737FF0346002BFAD1C4
:1090900000BF00BF08BD00BFB02C0020C4460300C5
:1090A00008B54FF48070FFF70CFF0346002B14D077
:1090B0004FF48070FFF7F1FE0120FFF7D7FE114B50
:1090C0005B7983F00103DBB2002B06D00D4B01224C
:1090D0005A710C4B1B68002098474FF48270FFF7C1
:1090E000F0FE0346002B0AD04FF48270FFF7D5FE46
:1090F0000220FFF7BBFE034B1B680120984700BF0F
:1091000008BD00BFB02C002082B003468DF80730A8
:109110009DF8073003F01F0205499DF907305B09F0
:10912000012000FA02F241F8232000BF02B070478C
:1091300000E100E082B0034600918DF807309DF910
:109140000730002B0CDA009BDAB20C499DF807308F
:1091500003F00F03043B5201D2B20B441A7609E02C
:10916000009BDAB206499DF907305201D2B20B4496
:1091700083F8002300BF02B0704700BF00ED00E09D
:1091800000E100E000B583B003460A468DF80730E1
:1091900013468DF806309DF80630012B03D99DF853
:1091A0000630032B0BD99DF80630042B03D99DF80C
:1091B0000630072B03D908496B2003F0E5FD9DF825
:1091C00006209DF9073011461846FFF7B3FF00BF90
:1091D00003B05DF804FB00BF3047030000B583B067
:1091E00003468DF807309DF907301846FFF78CFFCE
:1091F00000BF03B05DF804FB00B583B00346ADF8D3
:109200000630BDF80630184600F026F803461B6805
:10921000012B0CBF01230023DBB2184603B05DF81D
:1092200004FB00B585B00346ADF80630BDF8063046
:10923000184600F011F803461A4600231360BDF8E3
:109240000630184600F008F803461B680393039B9A
:1092500000BF05B05DF804FB82B00346ADF80630F0
:10926000BDF8063003F1804303F5C043184602B051
:109270007047000082B00190034A019BC2F804339A
:1092800000BF02B0704700BF0060004082B0019094
:10929000034BD3F80423019B1340184602B07047D8
:1092A0000060004082B00190084A019B03F5A27360
:1092B00052F82330054943F00102019B03F5A273E4
:1092C00041F8232000BF02B0704700BF006000409B
:1092D00084B00390029113468DF80730144A039B23
:1092E00003F5A27352F82330114923F4473323F4D2
:1092F0004073039A02F5A27241F822300C4A039B94
:1093000003F5A27352F82320029B1B0203F4F851C9
:109310009DF807301B0403F440330B4304491A4300
:10932000039B03F5A27341F8232000BF04B07047EC
:109330000060004082B00190054A019B03F5A273D2
:1093400052F823301B0A03F01F03184602B070477F
:109350000060004082B00190064A019B03F5A273B1
:1093600052F823301B0C03F00303DBB2184602B0A3
:10937000704700BF0060004000B583B00190019BC2
:109380001B681F2B04D9054940F2CD1003F0FCFCEB
:109390004FF0A043184603B05DF804FB6847030094
:1093A00000B585B00190084611461A4603468DF86F
:1093B00003300B468DF8023013468DF8013001ABB7
:1093C0001846FFF7D9FF03909DF803209DF802305F
:1093D0005B001A439DF801309B001A439DF818303A
:1093E0001B0242EA03019DF81C301B04019A194339
:1093F000039B02F5E07243F8221000BF05B05DF850
:1094000004FB00B585B003900B468DF80B309DF83A
:109410000B300022019200220092002200210398CA
:10942000FFF7BEFF00BF05B05DF804FB00B585B0D7
:10943000019001AB1846FFF79FFF0390019A039B31
:1094400002F5E07253F8223023F002030293019AEE
:10945000039B02F5E072029943F8221000BF05B0A9
:109460005DF804FB00B585B001900B468DF8033024
:1094700001AB1846FFF780FF0390019A039B02F5AA
:10948000E07253F82230019A23F44031039B02F535
:10949000E07243F82210019A039B02F5E07253F840
:1094A00022309DF8032012041146019A1943039BB0
:1094B00002F5E07243F8221000BF05B05DF804FB2E
:1094C00000B585B0019001AB1846FFF755FF03903A
:1094D000039800F020F80246019B22FA03F303F000
:1094E0000103184605B05DF804FB00B585B0019096
:1094F00001AB1846FFF740FF0390019A039B02F56A
:10950000E07253F822301B0C03F00303DBB2184661
:1095100005B05DF804FB82B00190019BD3F81035D3
:10952000184602B07047000000B587B00390029162
:1095300001924FF0A0430493039A029B1344012B22
:1095400004D9124940F2FD2003F01EFC039B059351
:1095500011E0059B9B0006AA134453F8083C1846EB
:10956000FFF7D9FF0246019B1A60019B0433019368
:10957000059B01330593039A029B1344059A9A4273
:10958000E7D300BF00BF07B05DF804FB68470300E6
:1095900084B001900091009B0393019BDB08029330
:1095A000019B03F0070301930122019B02FA03F3DD
:1095B0000399029A0A4412781340184604B070477F
:1095C00084B001900091009B0393019BDB08029300
:1095D000019B03F007030193039A029B13441B783A
:1095E0005AB20121019B01FA03F35BB2134359B252
:1095F000039A029B1344CAB21A7000BF04B07047AA
:1096000082B001900C4A019B1344303393F900302F
:10961000002B09DB084A019B1344303393F90030D7
:10962000072B01DC012300E0002303F00103DBB280
:10963000184602B0704700BFB82C002082B00190DD
:10964000064A019B1344303393F90030072BCCBFFB
:1096500001230023DBB2184602B07047B82C00206B
:1096600082B00190064A019B1344303393F90030D5
:10967000DB43DBB2DB09DBB2184602B0704700BF48
:10968000B82C002084B00390029101928DF8033031
:10969000029B59B20E4A039B134430330A461A7098
:1096A0000B49029B019A41F823209DF8033083F077
:1096B0000103DBB2002B08D0029B083B039A51B296
:1096C000034A13440A4683F8502000BF04B0704791
:1096D000B82C002082B00190044A019B134430331F
:1096E000FF221A7000BF02B0704700BFB82C0020E4
:1096F00000B583B0019004490198FFF761FF00BFF6
:1097000003B05DF804FB00BF0C2D002082B0019077
:10971000044A019B1344303393F90030184602B0D9
:10972000704700BFB82C002082B00190034A019B13
:1097300052F82330184602B0704700BFB82C002002
:1097400000B589B00390029113468DF80730FF23CE
:109750008DF81F309DF80730002B01D0002300E06A
:10976000082305939DF80730002B01D0082300E063
:109770000C230493059B069314E00F4A069B52F8B2
:109780002330B3F1FF3F0AD19DF80730029A0699C2
:109790000398FFF777FF069B8DF81F3006E0069BC6
:1097A00001330693069A049B9A42E6D39DF91F3033
:1097B000184609B05DF804FBB82C002082B00346BF
:1097C0008DF807309DF80730094A4FF0FF3142F815
:1097D00023109DF80730072B07D99DF80730083B69
:1097E000034A1344FF2283F8502000BF02B07047A1
:1097F000B82C002000B583B0254B93F85830002BCF
:1098000003D008230093009B3EE000238DF807302F
:1098100009E09DF807301846FFF75CFF9DF8073018
:1098200001338DF807309DF807301F2BF1D9002345
:109830008DF8073009E09DF807301846FFF7BEFFA6
:109840009DF8073001338DF807309DF807300B2B5A
:10985000F1D9042200210F4809F0F1FC062106206D
:10986000FFF790FC0620FFF7B9FC4FF4BE70FFF73E
:10987000D8FC4FF00040FFF7FDFC054B012283F8B8
:10988000582000230093009B184603B05DF804FBAA
:10989000B82C00200C2D002000B587B00390029159
:1098A0000192039B1F2B04D9364940F2072003F095
:1098B0006BFA002305930398FFF7D2FE0346002BB3
:1098C00002D00823059357E0029B9B78C3F3400323
:1098D000DBB21A4601990398FFF732FF03468DF871
:1098E00013309DF91330B3F1FF3F43D0029B9B78B7
:1098F000C3F38003DBB283F00103DBB2002B13D090
:10990000029B9B7803F00103DBB2002B03D003988A
:10991000FFF78CFD05E0029B5B7819460398FFF783
:1099200070FD0398FFF7E4FE029B9B7803F00203AF
:10993000DBB2002B08D09DF91300029B1B781A465E
:109940000399FFF7C5FC17E09DF91330083B0E4A59
:10995000134493F95010029B1B789B015AB29DF956
:109960001330083B0A4351B2074A13440A4683F8AE
:10997000502001E004230593059B184607B05DF8CD
:1099800004FB00BFA0470300B82C002000B589B03D
:1099900001900B468DF80330019B1F2B04D93D49E4
:1099A00040F2372003F0F0F90198FFF759FE034623
:1099B000002B04D137494FF40E7003F0E5F90198FC
:1099C000FFF73CFE0346002B2FD00198FFF79EFEC9
:1099D0000346083B304A134493F950308DF80F305A
:1099E0009DF80F309B098DF80E309DF80E30032B3B
:1099F0000BD10198FFF764FD0346002B01D0032330
:109A000000E002238DF81F3008E09DF80E30012B96
:109A100001D1022300E003238DF81F309DF81F3091
:109A200019460198FFF71EFD30E00198FFF7E8FDA9
:109A30000346002B2AD00198FFF768FE03460693E1
:109A4000069B9BB240339BB29B00ADF81630069B41
:109A50001846FFF727FCBDF816301846FFF7E1FB64
:109A60009DF80330002B11D00198FFF74FFE0346FD
:109A70001846FFF759FE0490049B002B06D00122E4
:109A8000069B02FA03F31846FFF7F4FB00BF09B088
:109A90005DF804FBA0470300B82C002000B595B08A
:109AA00000231393002303934FF48073ADF84630E3
:109AB000012310930023129321E0BDF8463018468D
:109AC000FFF79AFB0346002B0ED01098FFF7DEFB42
:109AD0000346002B08D0BDF846301846FFF7A1FB1F
:109AE000139A109B13431393109B5B001093BDF8C4
:109AF00046300433ADF84630129B01331293129B6B
:109B0000072BDAD94FF4BE70FFF776FB0346002B24
:109B10000DD04FF4BE70FFF784FB139B43F000435E
:109B2000139303AB1A4601210020FFF7FDFC139BA2
:109B3000DBB2002B29D0012310930023129321E0E4
:109B4000109A139B1340002B16D01298FFF7F2FBCC
:109B50000D901298FFF7FEFB03468DF833301298F4
:109B6000FFF7E2FD0B900B9B002B05D09DF83320F7
:109B70000B9B11460D989847109B5B001093129B0E
:109B800001331293129B072BDAD9139B002B80F21F
:109B9000EE8000238DF83B300023029300230F93C7
:109BA0000AE00F9B9B0014AA13444FF0FF3243F8C6
:109BB0004C2C0F9B01330F930F9B002BF1D00023F4
:109BC0008DF83B300023129378E06B4A129B1344CC
:109BD000503393F900308DF82B309DF82B3023F063
:109BE000C0030993644A129B1344503393F9003025
:109BF000B3F1FF3F5FD001AB19460998FFF7C8FCEE
:109C00000346002B57D09DF82B309B098DF823304D
:109C10000998FFF77BFD03461846FFF785FD07907F
:109C2000079B002B03D19DF82330032B43D19DF8D4
:109C30002330032B04D102AB19460998FFF7C0FC6F
:109C40000998FFF752FC03468DF81B3003AB194609
:109C50000998FFF79DFC0590059B002B03D09DF80C
:109C60001B30022B06D0059B002B24D19DF81B3006
:109C7000032B20D19DF82330032B13D19DF81B30EB
:109C8000022B01D1032300E002238DF813309DF84D
:109C9000133019460998FFF7E5FB9DF83B30013377
:109CA0008DF83B30079B002B05D09DF82320079BA8
:109CB000114609989847129B01331293129B032B6C
:109CC00083D99DF83B30002B4CD001238DF83A30DE
:109CD0006B461A4601210020FFF726FC00230F9354
:109CE00014E00F9B9B0014AA134453F8502C0F9BB5
:109CF0009B0014A90B4453F8443C9A4203D0002320
:109D00008DF83A3005E00F9B01330F930F9B002B2A
:109D1000E7D09DF83A30002B03D000238DF83B307C
:109D200020E000230F931AE00F9B9B0014AA13441A
:109D300053F8502C0F9B9B0014A90B4443F8442C60
:109D40000F9B9B0014AA134453F8482C0F9B9B00B5
:109D500014A90B4443F84C2C0F9B01330F930F9B1A
:109D6000002BE1D09DF83B30002B7FF428AF00BFE3
:109D700015B05DF804FB00BFB82C002008B5064BF9
:109D80001B68002B03D10549512002F0FDFF024B57
:109D90001B68984700BF08BD142D00200C48030025
:109DA00082B00190019B044A934201D1034B00E031
:109DB0000023184602B0704700200040142D0020F8
:109DC00000B587B001900091019B002B03D11C4985
:109DD000772002F0D9FF0198FFF7E2FF0490049B7F
:109DE000002B25D000238DF8173000238DF80B3081
:109DF0000DF10B031846FDF7C1FA049B1B79002BEC
:109E000003D001238DF8173005E0049B009A1A60F7
:109E1000049B01221A719DF80B301846FDF7C4FA15
:109E20009DF81730002B03D011230393039B02E00E
:109E300000230393039B184607B05DF804FB00BFA3
:109E40000C48030000B585B00190019B002B03D1A5
:109E50000A499B2002F098FF0198FFF7A1FF0390A9
:109E6000039B002B05D0039B00221A60039B00225A
:109E70001A7100BF05B05DF804FB00BF0C48030079
:109E800082B00190019B03F06043B3F1005F0CBF0F
:109E900001230023DBB2184602B0704782B0019064
:109EA0000B468DF803309DF80330019A13440122CC
:109EB0001A6000BF02B0704784B001900B46ADF845
:109EC0000230BDF80230019A134400221A60BDF836
:109ED0000230019A13441B680393039B00BF04B034
:109EE000704782B001900B46ADF80230BDF80230E9
:109EF000019A13441B68002B14BF01230023DBB21B
:109F0000184602B0704782B001900091019B009A00
:109F1000C3F8042300BF02B0704782B001900091E3
:109F2000019B009AC3F8082300BF02B0704784B0B9
:109F3000039002910192029A039BC3F84425039B6C
:109F4000019AC3F8482500BF04B0704784B003905D
:109F500002910192029A039BC3F83425039B019A54
:109F6000C3F8382500BF04B0704782B00190019B50
:109F70000122C3F8502500BF02B0704782B00190A3
:109F8000019B0022C3F8502500BF02B0704782B089
:109F90000190019B0122C3F8402500BF02B0704729
:109FA00082B00190019B0022C3F8402500BF02B09F
:109FB0007047000000B583B00190019B1B681F2B08
:109FC00004D9054940F2CD1002F0DEFE4FF0A04367
:109FD000184603B05DF804FBB048030000B585B037
:109FE000019001AB1846FFF7E5FF0390019B0122AA
:109FF00002FA03F31946039800F018F800BF05B001
:10A000005DF804FB00B585B0019001AB1846FFF781
:10A01000D1FF0390019B012202FA03F31946039832
:10A0200000F00EF800BF05B05DF804FB82B00190AF
:10A030000091019B009AC3F8082500BF02B0704749
:10A0400082B001900091019B009AC3F80C2500BFDB
:10A0500002B0704700B583B00190019BDB7FFF2BFE
:10A060000ED0019B9B7F002B05D0019BDB7F184608
:10A07000FFF7C8FF04E0019BDB7F1846FFF7AEFF48
:10A08000019B00225A77019B00221A72019B1B68D8
:10A09000019A02F10800019A52681146984700BFE0
:10A0A00003B05DF804FB00B583B001900B468DF85A
:10A0B00003309DF8033083F00103DBB2002B04D0A2
:10A0C00040210198FFF729FF03E040210198FFF7A5
:10A0D0001AFF00BF03B05DF804FB00B583B0019028
:10A0E0000091009B03F00103002B03D00198FFF7C0
:10A0F0003CFF02E00198FFF741FF009B03F00203E1
:10A10000002B03D00198FFF742FF02E00198FFF710
:10A1100047FF00BF03B05DF804FB00B587B00390B4
:10A12000029101920093019B1B68002B0AD0019BB6
:10A130001B681846FFF7A4FE034683F00103DBB259
:10A14000002B0ED1019B9B68002B11D0019B9B68BB
:10A150001846FFF795FE034683F00103DBB2002BA0
:10A1600006D0029B00225A7710230593059B54E0EA
:10A17000019B1968019B5B681A460398FFF7D7FE9D
:10A18000019B9968019BDB681A460398FFF7DEFE86
:10A190004FF48C710398FFF78FFE00990398FFF737
:10A1A0009CFF009B03F00803002B03D110210398B0
:10A1B000FFF774FE029B1B68002B1FD100BF4FF4FA
:10A1C0008C710398FFF78DFE034683F00103DBB229
:10A1D000002BF4D1029BDB7FFF2B1BD0029B9B7FCC
:10A1E000002B05D0029BDB7F1846FFF70BFF11E029
:10A1F000029BDB7F1846FFF7F1FE0BE0009B03F0AC
:10A200000403002B0CBF01230023DBB21946039883
:10A21000FFF749FF00230593059B184607B05DF83B
:10A2200004FB000010B586B0039002910192039BDD
:10A230001B791A461346DB0013449B00394A13442A
:10A240000593059B1B7F002B04D1374940F2322038
:10A2500002F09AFD029B1B68002B08D1029B5B68F1
:10A26000002B04D0304940F2332002F08DFD029BD8
:10A270009B68002B08D1029BDB68002B04D02A4985
:10A280004FF40D7002F080FD039B1B79002B07D16A
:10A29000029BDB68FF2B03D8029B5B68FF2B04D972
:10A2A000214940F2352002F06FFD00230493059B05
:10A2B0005B7FDBB2002B03D011230493049B2EE0C1
:10A2C000059B1B68002B07D0019B03F01403002B98
:10A2D00002D1059B01225A77059B029A03F10C04D7
:10A2E00013460FCB84E80F00059BDB7FFF2B0ED0BE
:10A2F000059B9B7F002B05D0059BDB7F1846FFF756
:10A300006DFE04E0059BDB7F1846FFF77BFE039B99
:10A310001868019B029A0599FFF7FFFE034618464D
:10A3200006B010BD1C2D0020E848030000B583B026
:10A33000019000914FF48C710198FFF7D2FD034614
:10A34000002B10D04FF48C710198FFF7B5FD009BE6
:10A350001B68002B04D106494FF4277002F014FD4E
:10A360000098FFF777FE00BF03B05DF804FB00BF65
:10A37000E848030008B503490348FFF7D7FF00BFCB
:10A3800008BD00BF1C2D00200030004082B00346F5
:10A390008DF807309DF8073003F01F0205499DF93D
:10A3A00007305B09012000FA02F241F8232000BFC8
:10A3B00002B0704700E100E082B003468DF807303C
:10A3C0009DF8073003F01F0206499DF907305B092D
:10A3D000012000FA02F2203341F8232000BF02B02E
:10A3E000704700BF00E100E082B0034600918DF8A5
:10A3F00007309DF90730002B0CDA009BDAB20C49CC
:10A400009DF8073003F00F03043B5201D2B20B4416
:10A410001A7609E0009BDAB206499DF9073052012D
:10A42000D2B20B4483F8002300BF02B0704700BFD4
:10A4300000ED00E000E100E082B00190019B1B0B09
:10A440005BB2184602B0704700B583B003460A46B7
:10A450008DF8073013468DF806309DF80630012B35
:10A4600003D99DF80630032B0BD99DF80630042B39
:10A4700003D99DF80630072B03D908496B2002F059
:10A4800083FC9DF806209DF9073011461846FFF71A
:10A49000ABFF00BF03B05DF804FB00BF54490300ED
:10A4A00000B583B003468DF807309DF90730184694
:10A4B000FFF76CFF00BF03B05DF804FB00B583B08D
:10A4C00003468DF807309DF907301846FFF774FFF3
:10A4D00000BF03B05DF804FB84B001900B46ADF8FB
:10A4E0000230BDF80230019A134400221A60BDF810
:10A4F0000230019A13441B680393039B00BF04B00E
:10A50000704782B001900B46ADF80230BDF80230C2
:10A51000019A13441B68002B14BF01230023DBB2F4
:10A52000184602B0704782B001900091019B009ADA
:10A53000C3F8042300BF02B0704782B001900091BD
:10A54000019BD3F80423009B1340002B14BF01236D
:10A550000023DBB2184602B0704782B00190009130
:10A56000019B009AC3F8082300BF02B0704784B073
:10A570000190019BD3F880340393019B039AC3F8A5
:10A580008024039B184604B0704782B00190019B61
:10A590000422C3F8002500BF02B0704782B00190CA
:10A5A000019B0022C3F8002500BF02B0704784B0B1
:10A5B000039002910192039B019AC3F81425039B17
:10A5C000029AC3F80C2500BF04B0704700B583B0F1
:10A5D00001904FF0FF324FF0FF310198FFF7E7FF96
:10A5E00000BF03B05DF804FB82B00190019BD3F87B
:10A5F0000C35184602B0704782B00190019BD3F829
:10A600001435184602B0704782B00190019BD3F810
:10A610000835184602B0704782B00190019BD3F80C
:10A620001035184602B0704784B003900291019231
:10A63000039B029AC3F80825039B019AC3F81025CF
:10A6400000BF04B0704700B583B001904FF0FF32F7
:10A650004FF0FF310198FFF7E7FF00BF03B05DF84F
:10A6600004FB82B00190019BD3F81835DBB2184689
:10A6700002B0704782B001900B468DF803309DF810
:10A680000320019BC3F81C2500BF02B0704782B0B5
:10A6900001900B468DF803309DF80330019A134466
:10A6A00001221A6000BF02B0704782B001900B46D1
:10A6B0008DF8033013468DF802309DF803209DF885
:10A6C00002301343DBB21A46019BC3F86C2500BF6E
:10A6D00002B0704782B001900091019B009AC3F8CC
:10A6E000242500BF02B0704700B583B00190019BE4
:10A6F0001B681F2B04D9054940F2CD1002F044FB22
:10A700004FF0A043184603B05DF804FB8C490300EA
:10A7100000B585B00190084611461A4603468DF8EB
:10A7200003300B468DF8023013468DF8013001AB33
:10A730001846FFF7D9FF03909DF803209DF80230DB
:10A740005B001A439DF801309B001A439DF81830B6
:10A750001B0242EA03019DF81C301B04019A1943B5
:10A76000039B02F5E07243F8221000BF05B05DF8CC
:10A7700004FB00B585B003900023019300230093F0
:10A780000023012201210398FFF7C2FF00BF05B09B
:10A790005DF804FB00B585B003900B468DF80B30D7
:10A7A0009DF80B300022019200220092002200212D
:10A7B0000398FFF7ADFF00BF05B05DF804FB00B5DF
:10A7C00085B003900023019300230093002301220E
:10A7D00000210398FFF79CFF00BF05B05DF804FB64
:10A7E00000B585B0019001AB1846FFF77DFF0390DF
:10A7F000019B012202FA03F31946039800F004F8C2
:10A8000000BF05B05DF804FB82B001900091019B90
:10A81000009AC3F8082500BF02B0704700B583B0A6
:10A8200001900091009B1B68B3F1FF3F09D0009B92
:10A830001B681846FFF7D4FF009B1B681846FFF7FC
:10A8400098FF009B5B68B3F1FF3F05D0009B5B68FE
:10A8500000211846FFF79EFF019B1A68009B9B6929
:10A8600019461046FFF736FF019B1868009B597D7B
:10A87000009B1B7D1A46FFF718FF019B1868009B81
:10A880001968009B5B681A46FFF791FE009B1B7DD1
:10A89000012B22D1009B9B68B3F1FF3F05D0009BA9
:10A8A0009B6800211846FFF775FF009BDB68B3F13A
:10A8B000FF3F09D0009BDB681846FFF791FF009B24
:10A8C000DB681846FFF755FF019B1868009BD968A5
:10A8D000009B9B681A46FFF7A7FE00BF03B05DF818
:10A8E00004FB000000B583B001900B468DF80330E7
:10A8F000019B1B684FF48E711846FFF7EDFD019B1D
:10A900001B684FF4A2711846FFF7E6FD019B1B6818
:10A910000E491846FFF707FE019B1B681846FFF714
:10A920008BFD03461A469DF8033019461046FFF783
:10A930008BFD019B1B681846FFF77EFD03461846FA
:10A94000FFF7AEFD00BF03B05DF804FB800002001E
:10A9500000B583B00190019B1B6808491846FFF7BA
:10A96000FCFD019B1B681846FFF766FD0346184671
:10A97000FFF7A4FD00BF03B05DF804FB84020200F2
:10A9800000B587B00190019B1B681846FFF72CFEAD
:10A990000590019B1B681846FFF72EFE0490019B53
:10A9A0001B681846FFF730FE0390019B1B68184692
:10A9B000FFF732FE0290019B1B681846FFF706FE68
:10A9C000019B1B681846FFF73EFE059BB3F1FF3F56
:10A9D00002D00598FFF7F3FE049BB3F1FF3F02D0CE
:10A9E0000498FFF7ECFE029BB3F1FF3F02D0029800
:10A9F000FFF7E5FE039BB3F1FF3F02D00398FFF79B
:10AA0000DEFE00BF07B05DF804FB000000B587B0B4
:10AA1000039002910192029B002B03D12D49AA20A1
:10AA200002F0B2F9039B1B791A462C2303FB02F3B5
:10AA3000294A1344059300230493059B93F82A3075
:10AA4000002B03D008230493049B3EE0039B1A6869
:10AA5000039B1B791946214B53F8213019461046A8
:10AA6000FFF7AEF90346002B03D011230493049B98
:10AA70002BE002990398FFF7D1FE059B019A5A60DB
:10AA8000029B1A69059B1A60059B5B68002B05D029
:10AA9000029B1B7F19460398FFF724FF039B1B684B
:10AAA0001846FFF772FD059B00229A61059B002264
:10AAB000DA61059B002283F82920059B00225A6158
:10AAC000059B012283F82A20049B184607B05DF8F5
:10AAD00004FB00BFC4490300402D0020304A03009E
:10AAE00000B585B00190019B1B791A462C2303FB0E
:10AAF00002F3114A13440393019B1B681846FFF7A6
:10AB00004DFD039B5B68002B02D00198FFF720FFEF
:10AB10000198FFF735FF019B1B681846FFF792F974
:10AB2000039B002283F82A20039B00225A6000BF67
:10AB300005B05DF804FB00BF402D002000B585B0D6
:10AB4000019000914FF48E710198FFF7C5FC009BB6
:10AB50009A68009B1B6A13441B788DF80F30009B8A
:10AB60001B6A5A1C009B1A629DF80F301946019807
:10AB7000FFF780FD00BF05B05DF804FB00B585B0B0
:10AB800001900091009B5B69039316E0009B93F892
:10AB90002830DBB2002B01D0002314E04FF48E717B
:10ABA0000198FFF7AEFC034683F00103DBB2002BF4
:10ABB000ECD100990198FFF7C1FF009B1B6A039A33
:10ABC0009A42EBD80123184605B05DF804FB00005B
:10ABD00000B587B0039002910192039B1B791A463E
:10ABE0002C2303FB02F33C4A13440493049B93F885
:10ABF0002A30012B04D039494FF48C7002F0C4F88C
:10AC0000029B002B04D1354940F2191002F0BCF828
:10AC1000019B002B04D131494FF48D7002F0B4F840
:10AC2000039800F05DF80346002B03D01123059331
:10AC3000059B4CE0049B019A5A61049B029A9A601E
:10AC4000049B00221A62049B002283F82820002320
:10AC50000593039B1B684FF48E711846FFF73CFC6D
:10AC6000039B1B6808211846FFF711FD039B1B6817
:10AC700004991846FFF762FF049B5B68002B25D1FF
:10AC8000039B1B6804991846FFF778FF034683F07F
:10AC90000103DBB2002B02D00F23059313E000BFAA
:10ACA000039B1B684FF48E711846FFF72AFC03467E
:10ACB00083F00103DBB2002BF2D1039B1B680C2154
:10ACC0001846FFF7E4FC049B00225A61059B1846D6
:10ACD00007B05DF804FB00BF402D0020C44903000D
:10ACE00082B00190019B1B791946074A2C2303FB74
:10ACF00001F3134414331B68002B14BF01230023FA
:10AD0000DBB2184602B07047402D002000B583B07A
:10AD10000190019B1B684FF492711846FFF7DCFB12
:10AD2000019B1B684FF484711846FFF7D5FB019B0C
:10AD30001B6800211846FFF7AAFC00BF03B05DF8AE
:10AD400004FB10B582B001900091009B9B69002B21
:10AD500008D14FF484710198FFF7BEFB0198FFF70B
:10AD600080FC13E04FF484710198FFF7B5FB009B62
:10AD7000DA68009B5B6AD4180198FFF772FC0346FF
:10AD80002370009B5B6A5A1C009B5A6202B010BD84
:10AD900000B589B0039002910192039B1B791A467A
:10ADA0002C2303FB02F37F4A13440693039B1B7976
:10ADB00019467C4A2C2303FB01F313442A331B78E6
:10ADC000012B04D078494FF4B67001F0DDFF029BEF
:10ADD000002B04D1744940F26D1001F0D5FF019BA6
:10ADE000002B04D170494FF4B77001F0CDFF002360
:10ADF0008DF81F30069B5B68002B06D0039B1B68F9
:10AE00004FF401711846FFF7A8FB069B9B69002BC6
:10AE100015D0069BDB69002B0ED0069B5B68002BD0
:10AE200006D0039B1B684FF401711846FFF77BFBAC
:10AE300011230593059BB0E001238DF81F309DF889
:10AE40001F3083F00103DBB2002B0CD0069B019A6C
:10AE50009A61069B029ADA60069B00225A62069B60
:10AE60000022DA6105E0069B029A1A61069B019AAC
:10AE7000DA61069B93F8293083F00103DBB2002BE3
:10AE800009D09DF81F3083F00103DBB2002B02D004
:10AE90000398FFF73BFF069B5B68002B73D1039B76
:10AEA0001B684FF4A2711846FFF716FB039B1B6843
:10AEB0004FF492711846FFF724FB03468DF81330C8
:10AEC000039B1B684FF484711846FFF71AFB034677
:10AED0008DF81230039B1B684FF4A2711846FFF7E0
:10AEE00010FB03468DF811309DF8123083F00103FA
:10AEF000DBB2002B0DD09DF8113083F00103DBB2E3
:10AF0000002B06D09DF8133083F00103DBB2002B39
:10AF1000CCD19DF81330002B0FD19DF81130002BB0
:10AF20000BD1039B1B6806991846FFF70AFF069B87
:10AF30009A69069B5B6A9A42B8D8069B00229A617E
:10AF40009DF81330002B03D003230593059B24E0C9
:10AF50009DF81130002B03D00F230593059B1CE0B7
:10AF6000069B93F82930002B06D0039B1B68002119
:10AF70001846FFF78CFB0DE0039B1B680421184665
:10AF8000FFF785FB06E0039B1B684FF40171184631
:10AF9000FFF7C9FA00230593059B184609B05DF831
:10AFA00004FB00BF402D0020C449030000B589B058
:10AFB00003900291019201238DF81030029B0693B9
:10AFC000019B0593039B5B68039A116804AA1046D2
:10AFD000984700BF09B05DF804FB00B587B0019049
:10AFE000009100238DF80830009B0493019B9B681F
:10AFF0000393019B00225A61019B5B68019A1168CF
:10B0000002AA1046984700BF07B05DF804FB00B5E0
:10B010008BB0019000914FF400710198FFF78DFA09
:10B020000346002B39D04FF492710198FFF769FA6B
:10B030000346002B31D04FF492710198FFF74CFA80
:10B040004FF401710198FFF788FA009B93F82930BB
:10B0500083F00103DBB2002B03D004210198FFF73A
:10B0600016FB02238DF80C300198FFF780FA034697
:10B070000693009B9B690593009BDB680493009BF0
:10B0800000229A61009B0022DA61009B5B68009AB3
:10B09000116803AA1046984752E004210198FFF76F
:10B0A0004CFA0346002B4BD04FF484710198FFF704
:10B0B00028FA0346002B43D000990198FFF741FE80
:10B0C000009B9A69009B5B6A9A4239D1009BDB69BD
:10B0D000002B19D0009BDB680993009B5B6A0893E7
:10B0E000009BDA69009B9A61009B1A69009BDA60F9
:10B0F000009B0022DA61009B00225A62099A08999B
:10B100000098FFF753FF1BE0009B93F8293083F072
:10B110000103DBB2002B03D004210198FFF7B7FA3B
:10B120004FF401710198FFF718FA009B00229A6111
:10B13000009B596A009BDB681A460098FFF736FFB0
:10B140004FF48E710198FFF7DCF90346002B24D0F1
:10B15000009B5B690793009B1B6A079A9A420DD973
:10B16000009B93F82830DBB283F00103DBB2002BA5
:10B1700004D000990198FFF7E1FC0EE04FF48E71C6
:10B180000198FFF7A9F9009B5B69002B05D0009B94
:10B190005B6919460098FFF720FF4FF4A2710198F0
:10B1A000FFF7AFF90346002B1CD04FF4A2710198B2
:10B1B000FFF792F9009B93F82930002B03D0002170
:10B1C0000198FFF764FA009B9B69002B0AD0009B53
:10B1D00000229A61009B596A009BDB681A4600981E
:10B1E000FFF7E4FE00BF0BB05DF804FB08B50349B0
:10B1F0000348FFF70CFF00BF08BD00BF402D002033
:10B200000020004082B003468DF807309DF80730DB
:10B2100003F01F0205499DF907305B09012000FA80
:10B2200002F241F8232000BF02B0704700E100E0C5
:10B2300082B003468DF807309DF8073003F01F02F7
:10B2400006499DF907305B09012000FA02F220331C
:10B2500041F8232000BF02B0704700BF00E100E0CA
:10B2600082B0034600918DF807309DF90730002B1E
:10B270000CDA009BDAB20C499DF8073003F00F039B
:10B28000043B5201D2B20B441A7609E0009BDAB2B9
:10B2900006499DF907305201D2B20B4483F80023CE
:10B2A00000BF02B0704700BF00ED00E000E100E029
:10B2B00082B00190019B03F06043B3F1005F0CBFCB
:10B2C00001230023DBB2184602B0704782B0019020
:10B2D000019B1B0B5BB2184602B0704700B583B0F0
:10B2E00003460A468DF8073013468DF806309DF860
:10B2F0000630012B03D99DF80630032B0BD99DF89E
:10B300000630042B03D99DF80630072B03D90849D2
:10B310006B2001F039FD9DF806209DF9073011469C
:10B320001846FFF79DFF00BF03B05DF804FB00BFA8
:10B33000344A030000B583B003468DF807309DF909
:10B3400007301846FFF75EFF00BF03B05DF804FB4F
:10B3500000B583B003468DF807309DF907301846D5
:10B36000FFF766FF00BF03B05DF804FB84B00190F7
:10B370000B46ADF80230BDF80230019A13440022AA
:10B380001A60BDF80230019A13441B680393039BB3
:10B3900000BF04B0704782B001900B46ADF8023098
:10B3A000BDF80230019A13441B68002B14BF01231F
:10B3B0000023DBB2184602B0704782B001900091C2
:10B3C000019BD3F80022009B1A43019BC3F8002283
:10B3D00000BF02B0704782B001900091019BD3F88A
:10B3E0000022009BDB431A40019BC3F8002200BFF0
:10B3F00002B0704782B001900091019B009AC3F89F
:10B40000042300BF02B0704782B001900091019BFD
:10B41000009AC3F8082300BF02B0704784B00190BF
:10B42000019BD3F880340393019B039AC3F88024D3
:10B43000039B184604B0704782B00190019B08221C
:10B44000C3F8002500BF02B0704782B00190019B95
:10B450000022C3F8002500BF02B0704784B00390FB
:10B4600002910192039B029AC3F80C25039B019A57
:10B47000C3F8142500BF04B0704700B583B0019035
:10B480004FF0FF324FF0FF310198FFF7E7FF00BFA9
:10B4900003B05DF804FB82B00190019BD3F80C353A
:10B4A000184602B0704782B00190019BD3F8143562
:10B4B000184602B0704782B00190019BD3F808355E
:10B4C000184602B0704782B00190019BD3F8103546
:10B4D000184602B0704784B0039002910192039B1A
:10B4E000029AC3F80825039B019AC3F8102500BFF0
:10B4F00004B0704700B583B001904FF0FF324FF0B9
:10B50000FF310198FFF7E7FF00BF03B05DF804FBD0
:10B5100082B001900B468DF803309DF80330019AFC
:10B52000134401221A6000BF02B0704782B001903C
:10B530000B468DF8033013468DF802309DF803203A
:10B540009DF802301343DBB21A46019BC3F86C2509
:10B5500000BF02B0704782B001900091019B009A39
:10B56000C3F8242500BF02B0704784B00390029155
:10B570000192029A039BC3F84425039B019AC3F8E6
:10B58000482500BF04B0704782B00190019BD3F8FA
:10B590004C35184602B0704784B003900291019276
:10B5A000029A039BC3F83425039B019AC3F83825FC
:10B5B00000BF04B0704782B00190019BD3F83C35C6
:10B5C000184602B07047000000B583B00190019B9F
:10B5D0001B681F2B04D9054940F2CD1001F0D4FBA4
:10B5E0004FF0A043184603B05DF804FB6C4A03001B
:10B5F00000B585B00190084611461A4603468DF8FD
:10B6000003300B468DF8023013468DF8013001AB44
:10B610001846FFF7D9FF03909DF803209DF80230EC
:10B620005B001A439DF801309B001A439DF81830C7
:10B630001B0242EA03019DF81C301B04019A1943C6
:10B64000039B02F5E07243F8221000BF05B05DF8DD
:10B6500004FB00B585B00390002301930023009301
:10B660000023012201210398FFF7C2FF00BF05B0AC
:10B670005DF804FB00B585B003900B468DF80B30E8
:10B680009DF80B300022019200220092002200213E
:10B690000398FFF7ADFF00BF05B05DF804FB00B5F0
:10B6A00085B003900023019300230093002301221F
:10B6B00000210398FFF79CFF00BF05B05DF804FB75
:10B6C00000B585B0019001AB1846FFF77DFF0390F0
:10B6D000019B012202FA03F31946039800F004F8D3
:10B6E00000BF05B05DF804FB82B001900091019BA2
:10B6F000009AC3F8082500BF02B0704700B583B0B8
:10B7000001900091009B1B68B3F1FF3F09D0009BA3
:10B710001B681846FFF7D4FF009B1B681846FFF70D
:10B7200098FF009B5B68B3F1FF3F05D0009B5B680F
:10B7300000211846FFF79EFF019B1A68009B9B693A
:10B7400019461046FFF707FF019B1868009B597DBB
:10B75000009B1B7D1A46FFF7E9FE019B1868009BC2
:10B760001968009B5B681A46FFF778FE009B1B7DFB
:10B77000012B22D1009B9B68B3F1FF3F05D0009BBA
:10B780009B6800211846FFF775FF009BDB68B3F14B
:10B79000FF3F09D0009BDB681846FFF791FF009B35
:10B7A000DB681846FFF755FF019B1868009BD968B6
:10B7B000009B9B681A46FFF78EFE00BF03B05DF842
:10B7C00004FB000000B583B001900B468DF80330F8
:10B7D000019B1B684FF488711846FFF7C7FD019B5A
:10B7E0001B684FF490711846FFF7C0FD019B1B6862
:10B7F0004FF492711846FFF7B9FD019B1B684FF497
:10B80000A2711846FFF7B2FD019B1B684FF4AC71A3
:10B810001846FFF7ABFD019B1B680F491846FFF761
:10B82000E9FD019B1B681846FFF750FD03461A46C9
:10B830009DF8033019461046FFF750FD019B1B6829
:10B840001846FFF743FD03461846FFF773FD00BF98
:10B8500003B05DF804FB00BF1003420000B583B0E5
:10B860000190019B1B6808491846FFF7CDFD019B1D
:10B870001B681846FFF72AFD03461846FFF768FDC8
:10B8800000BF03B05DF804FB1003420000B587B0B1
:10B890000190019B1B681846FFF7FDFD0590019B79
:10B8A0001B681846FFF7FFFD0490019B1B681846B4
:10B8B000FFF701FE0390019B1B681846FFF703FE8C
:10B8C0000290019B1B681846FFF7D7FD019B1B6880
:10B8D0001846FFF70FFE059BB3F1FF3F02D0059816
:10B8E000FFF7DDFE049BB3F1FF3F02D00498FFF7A2
:10B8F000D6FE029BB3F1FF3F02D00298FFF7CFFEC6
:10B90000039BB3F1FF3F02D00398FFF7C8FE00BFCF
:10B9100007B05DF804FB000000B587B0039002910A
:10B920000192029B002B03D12B49CF2001F02CFA6E
:10B93000039B1B791A461346DB0013449B00274ADE
:10B940001344059300230493059B93F82030002BA8
:10B9500003D008230493049B3AE0039B1A68039BDB
:10B960001B7919461E4B53F8213019461046FEF735
:10B9700027FA0346002B03D011230493049B27E0EE
:10B9800002990398FFF7BAFE059B019A5A60029B41
:10B990001A69059B1A60059B5B68002B05D0029B0A
:10B9A0001B7F19460398FFF70DFF039B1B68184682
:10B9B000FFF742FD059B00229A61059B0022DA6198
:10B9C000059B00225A61059B012283F82020049BDD
:10B9D000184607B05DF804FBA44A03006C2D002054
:10B9E000104B030000B585B00190019B1B791A46EE
:10B9F0001346DB0013449B00244A13440393039B28
:10BA00005B68002B02D00198FFF728FF019B1B68A1
:10BA100020211846FFF7DFFC019B1B680421184614
:10BA2000FFF776FD019B1B684FF4AC711846FFF7DA
:10BA30009DFC019B1B680C211846FFF769FD00BFA8
:10BA4000019B1B684FF4AC711846FFF7A4FC03463A
:10BA500083F00103DBB2002BF2D1019B1B68184677
:10BA6000FFF7F3FC0198FFF711FF019B1B681846D5
:10BA7000FEF7E8F9039B002283F82020039B0022B5
:10BA80005A6000BF05B05DF804FB00BF6C2D0020BC
:10BA900000B589B0039002910192039B1B791A466D
:10BAA0001346DB0013449B00564A13440693069B3F
:10BAB00093F82030012B04D0534940F22D1001F0AF
:10BAC00063F9029B002B04D14F494FF4977001F0AA
:10BAD0005BF9019B002B04D14B4940F22F1001F080
:10BAE00053F9039B1B79002B02D1019BFF2B04D937
:10BAF00045494FF4987001F047F90298FFF7D8FBD9
:10BB0000034683F00103DBB2002B03D0102307931D
:10BB1000079B73E0039800F079F80346002B03D0ED
:10BB200011230793079B69E0069B019A5A61069BC4
:10BB3000029A9A6000230793039B1B684FF490714D
:10BB40001846FFF713FC039B1B684FF4AC711846B3
:10BB5000FFF70CFC039B1868069B9968069B5B69C2
:10BB60001A46FFF702FD039B1B6808211846FFF7E2
:10BB7000CFFC069B5B68002B3FD1039B1B684FF4F7
:10BB800090711846FFF707FC03468DF81730039BAA
:10BB90001B684FF4AC711846FFF7FDFB03468DF8A8
:10BBA00016309DF8173083F00103DBB2002B06D06E
:10BBB0009DF8163083F00103DBB2002BDDD19DF838
:10BBC0001630002B02D00F23079313E0039B1B6852
:10BBD0000C211846FFF79CFC00BF039B1B684FF429
:10BBE000AC711846FFF7D7FB034683F00103DBB2C5
:10BBF000002BF2D1069B00225A61079B184609B020
:10BC00005DF804FB6C2D0020A44A030082B0019073
:10BC1000019B1B791946084A0B46DB000B449B002D
:10BC2000134414331B68002B14BF01230023DBB221
:10BC3000184602B0704700BF6C2D002000B589B0D7
:10BC4000039002910192039B1B791A461346DB0075
:10BC500013449B00864A13440593039B1B791946A2
:10BC6000834A0B46DB000B449B00134420331B78B4
:10BC7000012B04D07F494FF4C07001F085F8029B7E
:10BC8000002B04D17B4940F2811001F07DF8019B2B
:10BC9000002B04D177494FF4C17001F075F8039B74
:10BCA0001B79002B02D1019BFF2B04D9714940F273
:10BCB000831001F069F80298FFF7FAFA034683F05F
:10BCC0000103DBB2002B03D010230793079BCAE0CC
:10BCD00000238DF81B30059B5B68002B06D0039B6F
:10BCE0001B684FF404711846FFF78EFB059B9B6998
:10BCF000002B15D0059BDB69002B0ED0059B5B68E4
:10BD0000002B06D0039B1B684FF404711846FFF705
:10BD100071FB11230793079BA5E001238DF81B30CE
:10BD20009DF81B3083F00103DBB2002B09D0059B8B
:10BD3000019A9A61059B029ADA60059B0022DA61FA
:10BD400005E0059B029A1A61059B019ADA610023BE
:10BD50000793039B1B684FF488711846FFF706FB97
:10BD6000039B1B684FF4A2711846FFF7FFFA039B71
:10BD70001B68019A02991846FFF70EFC9DF81B30CC
:10BD800083F00103DBB2002B06D0039B1B6800216C
:10BD90001846FFF7BDFB05E0039B1B6820211846F2
:10BDA000FFF70BFB039B1B791946314A0B46DB005F
:10BDB0000B449B00134404331B68002B4BD1039BA3
:10BDC0001B684FF488711846FFF7E5FA03468DF8B3
:10BDD0001330039B1B684FF4A2711846FFF7DBFA80
:10BDE00003468DF81230039B1B684FF4927118467E
:10BDF000FFF7D1FA03468DF811309DF8133083F028
:10BE00000103DBB2002B0DD09DF8123083F001034B
:10BE1000DBB2002B06D09DF8113083F00103DBB2BA
:10BE2000002BCCD1039B1B791946114A0B46DB0032
:10BE30000B449B001344183300221A609DF8113004
:10BE4000002B01D0032307939DF81230002B09D05B
:10BE50000F23079306E0039B1B684FF404711846F9
:10BE6000FFF7C8FA079B184609B05DF804FB00BF4E
:10BE70006C2D0020A44A030000B589B00390029104
:10BE8000019201238DF81030029B0693019B0593CC
:10BE9000039B5B68039A116804AA1046984700BF89
:10BEA00009B05DF804FB00B587B001900091002354
:10BEB0008DF80830009B0493019B9B680393019BC2
:10BEC00000225A61019B5B68019A116802AA104620
:10BED000984700BF07B05DF804FB00B589B001903A
:10BEE00000914FF492710198FFF755FA0346002B29
:10BEF00022D04FF492710198FFF738FA02238DF89F
:10BF000008300198FFF78AFA034605930198FFF776
:10BF100052FB03460493009BDB680393009B0022C3
:10BF20009A61009B0022DA61009B5B68009A1168AD
:10BF300002AA104698473BE04FF488710198FFF73A
:10BF40002AFA0346002B33D04FF488710198FFF78B
:10BF50000DFA0198FFF72FFB0790009B9B69079A4A
:10BF60009A4225D1009BDB69002B17D0009BDB6830
:10BF7000069320210198FFF72EFA009BDA69009BB7
:10BF80009A61009B1A69009BDA60009B0022DA61CB
:10BF9000069A07990098FFF76FFF09E0009B0022BF
:10BFA0009A61009BDB681A4607990098FFF764FFC7
:10BFB0004FF4A2710198FFF7EEF90346002B18D059
:10BFC0004FF4A2710198FFF7D1F9009B9B69002BF8
:10BFD0000FD0009B00229A61009B0022DA61019839
:10BFE000FFF7E9FA0146009BDB681A460098FFF765
:10BFF00043FF4FF490710198FFF7CDF90346002BF2
:10C0000014D04FF490710198FFF7B0F90C2101980A
:10C01000FFF77EFA009B5B69002B07D00198FFF7C2
:10C02000B3FA034619460098FFF73DFF4FF4AC7191
:10C030000198FFF7B0F90346002B10D04FF4AC7114
:10C040000198FFF793F9009B5B69002B07D00198DB
:10C05000FFF79AFA034619460098FFF724FF00BF3E
:10C0600009B05DF804FB000008B503490348FFF779
:10C0700034FF00BF08BD00BF6C2D00200020004031
:10C0800082B001900B468DF803309DF80330019A81
:10C09000134401221A6000BF02B0704784B00190BF
:10C0A0000B46ADF80230BDF80230019A134400226D
:10C0B0001A60BDF80230019A13441B680393039B76
:10C0C00000BF04B0704782B001900B46ADF802305B
:10C0D000BDF80230019A13441B68002B14BF0123E2
:10C0E0000023DBB2184602B0704782B00190009185
:10C0F000019B009AC3F8042300BF02B0704782B0CE
:10C1000001900091019B009AC3F8082300BF02B080
:10C11000704782B00190019B0622C3F8002500BF42
:10C1200002B0704782B00190019B0022C3F8002545
:10C1300000BF02B0704784B00190019BD3F8C434B3
:10C140000393019B039AC3F8C424039B184604B0CD
:10C15000704782B001900091019B009AC3F80022C1
:10C1600000BF02B0704782B00190019BD3F84C35FC
:10C17000184602B0704782B00190019BD3F83C355D
:10C18000184602B07047000000B585B001900091DC
:10C1900001238DF80F30009B1B7B032B55D801A288
:10C1A00052F823F01BC2020033C20200F3C10200A6
:10C1B000B5C10200009B9B68324A934207D10198A7
:10C1C000FFF7D1FF0246009B1B699A420DD1009BED
:10C1D0009B6840F20222934239D10198FFF7C3FFD6
:10C1E0000246009B5B699A4231D000238DF80F30E4
:10C1F0002DE00198FFF7B7FF0246009B1B699A42AA
:10C2000007D10198FFF7B7FF0246009B5B699A428E
:10C210001FD000238DF80F301BE00198FFF7A3FF1C
:10C220000246009B1B699A4215D000238DF80F30FF
:10C2300011E00198FFF79FFF0246009B1B699A429D
:10C240000BD000238DF80F3007E000BF06E000BFE1
:10C2500004E000BF02E000BF00E000BF9DF80F3027
:10C2600083F00103DBB2002B05D00198FFF75AFFE2
:10C270000198FFF74EFF9DF80F30184605B05DF8A6
:10C2800004FB00BF0002040030B58BB001900091A8
:10C29000009B1B68002B04D1864940F2862000F0E9
:10C2A00073FD4FF492710198FFF70DFF0346002BC9
:10C2B0002BD04FF492710198FFF7F0FE4FF482718A
:10C2C0000198FFF700FF034683F00103DBB2002B68
:10C2D0001BD0009B9B6819460198FFF710FF009B3D
:10C2E00002229A60009B9B6819460198FFF7FDFEA9
:10C2F00020210198FFF7C4FE14210198FFF7C0FE2A
:10C30000009B012283F82E20D1E04FF48271019826
:10C31000FFF7D9FE0346002B4AD04FF482710198F3
:10C32000FFF7BCFE009B04AC03F10C050FCD0FC45E
:10C330002B682360009B93F82E3083F00103DBB25F
:10C34000002B12D000990198FFF71EFF0346002B27
:10C3500014BF01230023DBB283F00103DBB203F03F
:10C360000103DAB2009B83F82E204FF4B0710198DC
:10C37000FFF794FE4FF4AE710198FFF78FFE009B1C
:10C3800093F8303083F00103DBB2002B04D1009B23
:10C3900093F82E30002B4CD000210198FFF7D9FEE6
:10C3A000009B00229A6044490198FFF7A8FE40E0F4
:10C3B0004FF4A4710198FFF771FE009B1B7B002BCB
:10C3C0001BD1009B04AC03F10C050FCD0FC42B68EF
:10C3D0002360009B93F8303083F00103DBB2002B25
:10C3E00027D000210198FFF7B4FE009B00229A603D
:10C3F00031490198FFF783FE1BE04FF4007101986B
:10C40000FFF7A7FE009B40F202229A602A4901989A
:10C41000FFF775FE009B9B6819460198FFF765FEC4
:10C4200008210198FFF72CFE20210198FFF728FE34
:10C430003DE00198FFF77FFE0990099B03F002039E
:10C44000002B03D001238DF80C301DE0099B03F075
:10C450000403002B03D002238DF80C3014E0099B59
:10C4600003F00103002B03D002238DF80C300BE006
:10C47000009B93F82E30002B03D004238DF80C3052
:10C4800002E000238DF80C30009B93F8303083F0ED
:10C490000103DBB2002B03D0009B002283F82F2086
:10C4A000009B1B68009A516803AA104698470BB07E
:10C4B00030BD00BF844B030002029C0108B5034954
:10C4C0004FF04020FFF7E0FE00BF08BD902D002098
:10C4D00082B003468DF807309DF8073003F01F0245
:10C4E00006499DF907305B09012000FA02F260332A
:10C4F00041F8232000BF02B0704700BF00E100E018
:10C50000BFF34F8F00BF074BDB6803F4E0620549C0
:10C51000054B1343CB60BFF34F8F00BF00BF00BF7D
:10C52000FCE700BF00ED00E00400FA053FDF7047C4
:10C5300000BF184600B585B00190019B002B0CD0C0
:10C54000084B43F001030393019B9B010293054BAE
:10C5500043F001030298984700E000BF05B05DF882
:10C5600004FB00BFF04B030000B583B00190019BBA
:10C570001B681F2B04D9054940F2CD1000F004FCC4
:10C580004FF0A043184603B05DF804FBF84B0300DE
:10C5900000B585B00190084611461A4603468DF84D
:10C5A00003300B468DF8023013468DF8013001AB95
:10C5B0001846FFF7D9FF03909DF803209DF802303D
:10C5C0005B001A439DF801309B001A439DF8183018
:10C5D0001B0242EA03019DF81C301B04019A194317
:10C5E000039B02F5E07243F8221000BF05B05DF82E
:10C5F00004FB00B585B00390002301930023009352
:10C600000023012201210398FFF7C2FF00BF05B0FC
:10C610005DF804FB00B585B003900B468DF80B3038
:10C620009DF80B300022019200220092002200218E
:10C630000398FFF7ADFF00BF05B05DF804FB00B540
:10C6400085B003900023019300230093002301226F
:10C6500000210398FFF79CFF00BF05B05DF804FBC5
:10C6600000B585B0019001AB1846FFF77DFF039040
:10C67000019B012202FA03F31946039800F018F80F
:10C6800000BF05B05DF804FB00B585B0019001ABBB
:10C690001846FFF769FF0390019B012202FA03F39A
:10C6A0001946039800F00EF800BF05B05DF804FBD2
:10C6B00082B001900091019B009AC3F8082500BF49
:10C6C00002B0704782B001900091019B009AC3F8BC
:10C6D0000C2500BF02B0704774DF704700BF1846DA
:10C6E00076DF704700BF18467ADF704700BF1846F4
:10C6F0007CDF704700BF18468ADF704700BF1846CE
:10C700008BDF704700BF18468FDF704700BF1846A9
:10C7100000B583B00190019B002B0FD04FF47A70CD
:10C72000FFF708FF019B013B0193019B002B14BF06
:10C7300001230023DBB2002B01D0EFE700BF03B0E1
:10C740005DF804FB014B1B6818467047103400204D
:10C7500082B00190034B1B680133024A136000BF93
:10C7600002B070471034002000B585B003468DF844
:10C7700007309DF80730032B1AD801A252F823F096
:10C7800099C7020091C70200A1C70200A9C7020011
:10C79000114802F049FB0BE0104802F045FB07E0AE
:10C7A0000F4802F041FB03E00E4802F03DFB00BFE2
:10C7B000FAF7D4FA0390039B0293029B002B05D057
:10C7C000094A40F275210298F9F754FE01231846F0
:10C7D00005B05DF804FB00BF304C0300504C030073
:10C7E000704C03009C4C0300BC4C030070B58CB033
:10C7F000059000230893059B0333784A1360059B3B
:10C800009B69774A1360059B9A8B764B1A80764B0F
:10C810001B7883F00103DBB2002B00F0F980704B32
:10C820001B6805331A78714B1B789A4240F09C8143
:10C830006B4B1B6806331A786C4B5B789A4240F05E
:10C840009381674B1B6807331A78694B1B789A42B0
:10C8500040F08A81624B1B6808331A78644B5B781E
:10C860009A4240F081815F4B1A88624B1B889A4242
:10C8700040F07A814FF0FF330893089BB3F1FF3FFC
:10C8800040F095805C4B00221A70544B1B681B785B
:10C890001C46524B1B6801331B781D464F4B1B68CF
:10C8A00002331B781E464D4B1B6803331B781A4618
:10C8B0004A4B1B6804331B781946484B1B680533E9
:10C8C0001B781846059B93F913300393029001914E
:10C8D000009233462A462146484802F0A5FA05232D
:10C8E0000B930B9B002B15DB3C4B1A680B9B1344E3
:10C8F000434A127810461978424A342303FB00F366
:10C900001A440B9B134448330A461A700B9B013B95
:10C910000B93E6E73A4B1B78184601F0BFFF304B0C
:10C920001B6809331A78364B1B78184651B2354AC2
:10C93000342303FB00F3134457330A461A70304B79
:10C940001B7819462F4A342303FB01F31344573352
:10C9500093F9003019462C4802F066FA204B1B6808
:10C960000A331A78264B1B78194607EE902AF8EE00
:10C97000677A244A342303FB01F313446433C3ED81
:10C98000007A1F4B1B7819461E4A342303FB01F320
:10C99000134464331B68184606F01AF902460B4626
:10C9A0001A4802F041FA164B00221A70DCE008988F
:10C9B00001F074FF124B1B780A930A9B002B00F3C3
:10C9C000D380104A0A9B342101FB03F313446833DC
:10C9D00000221A800A9B01330A93EEE7EC3A00200A
:10C9E000F03A0020F43A002077350020242B002074
:10C9F000282B0020842B00202A2B0020004D030030
:10CA000070350020F83A00202C4D0300384D03000B
:10CA1000584B1B6807331A78574B1B789A4240F0E3
:10CA2000A380544B1B6808331A78534B5B789A42A7
:10CA300040F09A80514B1B680021184601F072FFAC
:10CA40000346B3F1FF3F0CBF01230023DBB2002BF1
:10CA500000F08A80494B1B681B781C46474B1B68BB
:10CA600001331B781D46454B1B6802331B781E465D
:10CA7000424B1B6803331B781A46404B1B68043338
:10CA80001B7819463D4B1B6805331B781846059BE0
:10CA900093F91330039302900191009233462A4692
:10CAA0002146374802F0C0F905230993099B002B62
:10CAB00015DB324B1A68099B1344324A1278104630
:10CAC0001978314A342303FB00F31A44099B1344B9
:10CAD00048330A461A70099B013B0993E6E7294B44
:10CAE0001B781846059B93F91310274A342303FB40
:10CAF00000F3134457330A461A70224B1B78194629
:10CB0000214A342303FB01F31344573393F90030D4
:10CB100019461E4802F088F9164B1B680A331A782A
:10CB2000184B1B78194607EE902AF8EE677A164ADA
:10CB3000342303FB01F313446433C3ED007A114B38
:10CB40001B781946104A342303FB01F31344643362
:10CB50001B68184606F03CF802460B460C4802F0EB
:10CB600063F9084B00221A7000F0D2FA00BF0CB033
:10CB700070BD00BFF03A0020282B0020EC3A0020C6
:10CB8000004D030070350020F83A00202C4D0300C2
:10CB9000384D030000B585B001900091019B04332E
:10CBA0000393019B1B881D2B04D1039B0433184660
:10CBB000FFF71CFE00BF05B05DF804FB00B583B0B5
:10CBC0000023009305F0C2F901906B46194601203D
:10CBD00005F0B6FA01906B46184605F03FFB019050
:10CBE00000BF03B05DF804FB00B583B00190184BA3
:10CBF00001221A60174B1B68012B24D1164B1B68AE
:10CC0000002B09DC154B01221A60124B00221A601E
:10CC1000134B01221A7016E0124B1B684FF47A7204
:10CC200002FB03F3184600F021F80B4B1B68013B95
:10CC3000094A1360084B1B6819460B4802F0F4F8C8
:10CC4000074B00221A7000BF03B05DF804FB00BF61
:10CC5000E83C0020F03C0020F43C0020EC3C0020AC
:10CC6000F83C0020882B0020444D030030B583B0F1
:10CC70000190154A00211548F9F7EAFF019B184673
:10CC80004FEAE0714FF000024FF00003CB0343EA9C
:10CC90005043C20312F57A7443F100054FF4FA626F
:10CCA0004FF000032046294606F018F902460B46CD
:10CCB0001346002219460648F9F7FEFF054B0022ED
:10CCC0001A6000BF03B030BDE9CB02000857030073
:10CCD000B0330020E83C002008B5064A0121064890
:10CCE000F9F7B6FF002210210448F9F7E5FF00BF6D
:10CCF00008BD00BF51C702000C570300D03300200D
:10CD000000B583B00023009305F020F901906B4635
:10CD10001946012005F014FA6B46184605F09EFAF4
:10CD2000019000BF03B05DF804FB08B5FFF746FFB4
:10CD300000F0EEF900BF08BD08B5F42200210D484F
:10CD400006F07DFA0B4B41221A700A4B43225A70AF
:10CD5000084B4B229A70074B3122DA70064B1B8826
:10CD6000064A0449064804F0EBFE064802F05CF867
:10CD700000BF08BDD0390020502B0020582B0020C8
:10CD8000342B0020584D030000B583B003460091BA
:10CD9000ADF80630064802F047F8BDF80630009AB4
:10CDA00019460448F9F766FB00BF03B05DF804FBC1
:10CDB0006C4D0300EFBEADDE00B589B00190019B64
:10CDC0001B78002B40F09280019B9B8A19464948B2
:10CDD00002F02AF800230793019B9B8A1A46079BBF
:10CDE00093420CD2019B1A69079B13441B78194686
:10CDF000414802F019F8079B01330793ECE73F48DD
:10CE000002F012F8019B1B6902331B78012B0CD135
:10CE10003B4B01221A704FF08043B122C3F81C250E
:10CE20006420FFF775FCFFF76BFB019B1B69043364
:10CE30001A78344B1A70019B1B6905331A78324BF0
:10CE40001A70019B1B6906331B781A464FF47A73DC
:10CE500003FB02F32D4A1360019B1B6907331B7808
:10CE60005AB22B4B1A70019B1B6908331B781A4668
:10CE70004FF47A7303FB02F3264A1360019B1B698C
:10CE800009331B781A464FF47A7303FB02F3224AE4
:10CE90001360019B1B690A331A78204B1A70002318
:10CEA00006930B230593059B0E2B0FDC019B1A6940
:10CEB000059B1A44069B591C0691127808A90B443D
:10CEC00003F8102C059B01330593ECE704A903AB91
:10CED0000422184606F08AF9DDED037AFDEEE77AC2
:10CEE00017EE902A0E4B1A60FFF726FF00BF09B01D
:10CEF0005DF804FB844D0300B04D0300B84D030002
:10CF0000F93C00201534002016340020602B00204E
:10CF1000202B0020682B0020642B0020FA3C0020EE
:10CF2000902B002000B585B09DF80430012262F3FB
:10CF300003038DF804309DF80430012262F30713D7
:10CF40008DF80430124806F0CFF903469AB201ABCF
:10CF50000F491846FFF7CCFB02AB08220021184608
:10CF600006F06DF91023ADF808303C23ADF80A3017
:10CF70000023ADF80C304FF4C873ADF80E3002AB9F
:10CF80001846FFF7B1FB00BF05B05DF804FB00BF1A
:10CF9000BC4D030000B583B0002300930023009331
:10CFA0006B461946094804F0E3FA01AB042200215C
:10CFB000184606F044F9064B019301AB19460548A3
:10CFC00004F018FD00BF03B05DF804FB90350020AD
:10CFD000B9CD0200342B002000B583B00190019B35
:10CFE0001B78002B05D1054B1B883B211846FFF70A
:10CFF00077FB00BF03B05DF804FB00BF502B00209F
:10D0000000B589B001AB1C220021184606F017F9C3
:10D01000002301934FF4A03302934FF4F0230393C2
:10D0200003238DF810300023ADF8123000238DF863
:10D030001430064B06930023079301AB184603F008
:10D04000BFFA00BF09B05DF804FB00BFD9CF0200F2
:10D0500000B585B001900091019B1B88562B42D0F2
:10D06000562B47DC3B2B37D03B2B43DC212B25D0E9
:10D07000212B3FDC102B02D0112B0ED03AE0019B6C
:10D080009A881F4B1A801E4B1B8819461D4804F0B6
:10D0900091FA1D4B01221A702DE0194B4FF6FF72C9
:10D0A0001A80174B1B883B211846FFF719FB164BBC
:10D0B00000221A70154B01221A601CE000238DF823
:10D0C0000D3000238DF80C30019B9B8803AA11467C
:10D0D0001846FFF719FB0EE0019B9B8813211846A9
:10D0E000FFF7FEFA07E0019B9B8813211846FFF724
:10D0F000F7FA00E000BF00BF05B05DF804FB00BF19
:10D10000502B00209035002076350020E83C002090
:10D1100008B5FFF7F5FA03490348FFF7EDFA00BF3A
:10D1200008BD00BF7C2B00206C2B002000B585B013
:10D130000023039304F00AFF039003991D4801F0B4
:10D1400073FE039B0293029B002B05D01A4A40F208
:10D1500014410298F9F78EF90023019301AB1846A8
:10D1600004F0DCFF03900399144801F05DFE019B7D
:10D170001946134801F058FE01AB1946012004F08E
:10D18000DFFF0346002B14BF01230023DBB2002B7B
:10D1900002D00C4801F048FE01AB184605F05EF8DD
:10D1A00003900399034801F03FFE00BF05B05DF80E
:10D1B00004FB00BFC84D0300BC4C0300D84D030066
:10D1C000EC4D0300004E030000B5ADB001ABAC2246
:10D1D0000021184606F033F802238DF804300023AE
:10D1E0008DF8063005238DF807300123ADF8503057
:10D1F0000C4B159301238DF880304023239344F288
:10D200005063249300232A9301AB1946064802F089
:10D2100075FE0121044802F064FE00BF2DB05DF8E8
:10D2200004FB00BF542B00209C35002000B583B0C8
:10D2300001900091009B5A88124B1B889A4214D18E
:10D24000009B1B8840F6772293420ED1009B9B885F
:10D25000033B9AB20C4B1A800B4B1B8819460A4BA6
:10D260001B881A46094801F0DFFD019B5B881946BF
:10D27000019B1B881A46064801F0D6FD00BF03B08B
:10D280005DF804FB502B0020522B00200C4E0300B5
:10D290002C4E030008B50549054804F082F8F72133
:10D2A000034804F0A9F800BF08BD00BF2DD202005A
:10D2B0007C35002008B50321024802F0F7FE00BFCC
:10D2C00008BD00BF9C35002008B5FFF72FFFFFF712
:10D2D00029FEFFF7DFFFFFF75DFEFFF775FFFFF7A2
:10D2E0008FFEFFF7E7FF044B00221A70034801F09E
:10D2F0009BFD00BF08BD00BF76350020684E0300CF
:10D3000082B00190019B082B38D801A252F823F07B
:10D3100035D302003DD3020045D302004DD30200B5
:10D3200055D302005DD3020065D302006DD3020025
:10D3300075D30200154BD8221A7023E0134BFF223D
:10D340001A701FE0114BEC221A701BE00F4BF022F9
:10D350001A7017E00D4BF4221A7013E00B4BF822F1
:10D360001A700FE0094BFC221A700BE0074B0022E9
:10D370001A7007E0054B04221A7003E0034B0022E9
:10D380001A7000BF00BF02B0704700BF043E00200B
:10D39000124B0022C3F80022104B0022C3F81021C8
:10D3A0000E4B00221A600D4B0122DA600B4B01225A
:10D3B0001A610A4B0122C3F80C21084BD3F8103133
:10D3C000002B0CBF01230023DBB2002B00D0F4E7BD
:10D3D000024B0022C3F8102100BF7047001000402C
:10D3E00008B5114B0122C3F8FC2F0F4B0122C3F8E3
:10D3F00000220E4B93F900301846FFF781FF0C4BCB
:10D400001A78094BC3F80C250A4B1A78064BC3F857
:10D410001025054A084B1B68C2F80835024B01224B
:10D420001A6000BF08BD00BF00100040202B002084
:10D43000043E00208C2B0020902B002000B583B0F0
:10D44000384B04221A70384BD3F85036364A23F042
:10D450000103C2F85036344B344AC3F81825324B16
:10D460000022C3F83425304B0022C3F82C252E4B64
:10D470000122C3F830252C4BCC22C3F824252A4B9B
:10D480004FF0CC32C3F81C25274B294AC3F814258A
:10D49000284BFF221A7000238DF807309DF80730C3
:10D4A000FF2B0BD09DF807300133224ACC21D154F9
:10D4B0009DF8073001338DF80730EFE71A4B1D4A0E
:10D4C000C3F80425184B2122C3F800221A4B93F904
:10D4D00000301846FFF714FF184B1A78124BC3F8A8
:10D4E0000C25104B1A78104BC3F810250E4A144B1C
:10D4F0001B68C2F808350C4B0022C3F80C210A4BFC
:10D5000001221A60084BD3F80C31002B0CBF012309
:10D510000023DBB2002B00D0F4E700BF03B05DF8BE
:10D5200004FB00BF8C2B002000100040FF00040310
:10D5300008000001043D0020202B0020043E0020B4
:10D54000902B002010B584B00390FFF7FBF8034642
:10D55000744A1360734B1B681946734801F064FCEE
:10D56000FFF7B2FE0398FFF781FB704801F05CFC07
:10D570006F4B1B68002B03D06E4B1B78002B01D028
:10D58000012300E00023002B02D0FAF7F1FCEFE7C3
:10D59000694801F049FC694B93F854301846FFF78D
:10D5A0009BF84FF47A70FFF7B3F804F023FD4FF4C3
:10D5B0007A70FFF7ADF801F00FFA614B93F9003084
:10D5C000082B02DD5E4B07221A705E4B1B68642B32
:10D5D00006D95D4B1B78002B02D15A4B11221A60E1
:10D5E000574B93F900301C46584B1968584B1A6832
:10D5F000584B1868584B1B6800930346204600F0B0
:10D6000085F903465AB2554B1A704E4B1B6803F509
:10D61000617307EE903AF8EE677A514BC3ED007AEA
:10D62000474B93F900301C464E4B19684E4B1A6815
:10D630004E4B18684E4B1B6800930346204600F083
:10D6400065F903465AB24B4B1A703D4B93F90030C3
:10D650001C46494B1968494B1A68494B1868494B95
:10D660001B6800930346204600F050F903465AB267
:10D67000454B1A70454B1B781946454801F0D4FBC1
:10D68000444B1B681946444801F0CEFB2C4B93F9E0
:10D6900000301946414801F0C7FB414B1B68194651
:10D6A000404801F0C1FB404B1B6819463F4801F060
:10D6B000BBFB3F4B1B7819463E4801F0B5FB214BA5
:10D6C0001B6819463C4801F0AFFB1F4B1B781946FD
:10D6D0003A4801F0A9FB1B4B1B681946384801F07A
:10D6E000A3FB244B93F900301946364801F09CFB0C
:10D6F000254B93F900301946334801F095FB234B35
:10D700001B78002B09D04FF08043B122C3F81C25B1
:10D710006420FEF7FDFFFEF7F3FEFFF7F1FA00BF0E
:10D7200004B010BDFC3C00205450030060500300C6
:10D73000E83C002076350020785003009C3500201E
:10D74000202B0020902B0020163400209C3300203A
:10D75000F82A0020FC2A0020002B0020A033002003
:10D76000042B0020A4330020082B00200C2B0020C9
:10D77000102B0020A1330020AC330020142B0020FC
:10D78000182B00201C2B0020A8330020F93C00207F
:10D7900090500300602B00209C500300AC5003000D
:10D7A000642B0020C0500300682B0020D0500300E1
:10D7B000FA3C0020E4500300F0500300085103003D
:10D7C0002C510300445103006451030008B5FBF7DA
:10D7D00059F80020FBF7B4F8FAF7B4FB00BF08BD16
:10D7E00030B587B04FF08053D3F8A8301B0ADBB2B6
:10D7F00063F03F03DBB28DF810304FF08053D3F865
:10D80000A830DBB28DF811304FF08053D3F8A4303C
:10D810001B0EDBB28DF812304FF08053D3F8A430DA
:10D820001B0CDBB28DF813304FF08053D3F8A430CB
:10D830001B0ADBB28DF814304FF08053D3F8A430BC
:10D84000DBB28DF815309DF810301C469DF8113074
:10D850001D469DF812309DF813209DF814109DF878
:10D86000150003900291019200932B462246054930
:10D87000054805F04CFC0449044801F0D5FA00BF06
:10D8800007B030BD84510300D83C0020A8510300EC
:10D8900010B584B04FF08053D3F80431029302AB3B
:10D8A00003934FF08053D3F80011039B03331B788D
:10D8B0001846039B02331B781C46039B01331B78DD
:10D8C0001A46039B1B7801930092234602460C489C
:10D8D00001F0AAFA4FF08053D3F8083119460948ED
:10D8E00001F0A2FA4FF080531B6E4FF08052526E3F
:10D8F0001946054801F098FA00BF04B010BD00BFFA
:10D90000C8510300E4510300F451030084B00390B4
:10D91000029101920093039A029BD31A0499009AF0
:10D920008A1A02FB03F20199029BCB1A92FBF3F2D3
:10D93000009B1344184604B07047000082B0019069
:10D94000024B01221A6000BF02B07047643200200F
:10D9500008B50248F9F7E6F900BF08BDF03300202A
:10D9600030B585B0019000230393FFF7F1FF164A0D
:10D9700000211648F9F76CF9019B18464FF0000199
:10D980004FF000024FF00003CB0343EA5043C203C1
:10D9900012F57A7443F100054FF4FA624FF0000378
:10D9A0002046294605F09AFA02460B461346002205
:10D9B00019460748F9F780F90390064B00221A60D0
:10D9C00000BF05B030BD00BF3DD9020010570300B5
:10D9D000F03300206432002000B583B00A4801F023
:10D9E00023FA0A4B00930A4B0F221021094804F036
:10D9F00057FE4FF4FA60FEF78BFE064804F0CAFEAD
:10DA000000BF03B05DF804FB7853030064320020CC
:10DA100061D902005C2E002008B5054801F004FA27
:10DA20000448F9F77FF9044B00221A7000BF08BDC3
:10DA3000B8530300C82D0020E82D002000B583B0A6
:10DA400001900C4801F0F0F90B4B1B78DBB2092B6D
:10DA500094BF01230023DBB2002B05D0074801F05F
:10DA6000E3F9054B00221A70FFF7D6FF00BF03B0A1
:10DA70005DF804FBD4530300E92D0020F8530300A4
:10DA800030B585B00190FFF7C7FF01991E4801F03E
:10DA9000CBF91E4A00211E48F9F7DAF80390039BE0
:10DAA000002B03D003991B4801F0BEF91A4B012249
:10DAB0001A70019B18464FF000014FF000024FF022
:10DAC0000003CB0343EA5043C20312F57A7443F1D7
:10DAD00000054FF4FA624FF000032046294605F096
:10DAE000FDF902460B461346002219460B48F9F78A
:10DAF000E3F80390039B002B03D00399084801F03F
:10DB000093F900BF05B030BD0C5403003DDA0200AC
:10DB1000045703003C540300E82D0020C82D0020CA
:10DB20007054030008B500211120FEF773FD00BFFB
:10DB300008BD000000B583B001900B468DF803309E
:10DB4000134801F071F9134B1B78DBB20133DAB2E1
:10DB5000104B1A70104B1B78DBB2002B0CBF01234B
:10DB60000023DBB2002B03D04FF4FA50FFF788FFFD
:10DB7000084B1B78DBB2092B8CBF01230023DBB2DF
:10DB8000002B01D0FEF7BCFC00BF03B05DF804FB26
:10DB9000A4540300E92D0020E82D002000B583B037
:10DBA0009DF806306FF300038DF806309DF80630BF
:10DBB0006FF341038DF806309DF806306FF3820352
:10DBC0008DF8063003238DF804309DF8063043F0BD
:10DBD00002038DF8063000238DF8053001AB0C4AA6
:10DBE00019461120FBF758FE0346002B14BF0123F2
:10DBF0000023DBB2002B02D0064801F015F9012109
:10DC00001120FBF7C3FE00BF03B05DF804FB00BFAB
:10DC100035DB0200B454030000B583B0FFF7D6FD36
:10DC2000FFF7DEFDFFF734FE00F0D1FEFFF754F8FA
:10DC30000120FEF77BFCFBF7DDFD0190019B0093CB
:10DC4000009B002B05D0054A40F6AE010098F8F77E
:10DC500011FC0123184603B05DF804FBBC4C030023
:10DC600008B5FFF75FFFFFF799FF1D20FEF7C1FC26
:10DC70001D20FEF709FD4FF47A70FEF749FD0320E1
:10DC8000FEF7B7FC4FF4FA70FEF742FD0320FEF7F3
:10DC9000FBFC0D20FEF7ADFC4FF4FA70FEF738FDEB
:10DCA0000D20FEF7F1FC0223184608BD08B504F06C
:10DCB000A1F91F4B01221A604FF080430022C3F8E4
:10DCC00000214FF0804301221A604FF08043D3F8C7
:10DCD0000031002B0CBF01230023DBB2002B00D04E
:10DCE000F3E7144B0022C3F80022124B0022C3F8C2
:10DCF0001021104B00221A600E4B0122DA600D4BEE
:10DD000001221A610B4B0122C3F80C21094BD3F8F5
:10DD10001031002B0CBF01230023DBB2002B00D0FD
:10DD2000F4E7044B0022C3F8102100BF08BD00BF78
:10DD300000D000400010004008B58C48FFF702FCFE
:10DD40008B4B1B78002B08D01D20FEF789FC4FF46D
:10DD5000FA60FEF7DDFCFFF73FFE864B1B78022BD7
:10DD600011D1834B1B78002B0DD1834B1B68002BEB
:10DD700009D1824B1B68002B05D1814B1B68002BFE
:10DD800001D1042341E17B4B1B78002B11D1784B4F
:10DD90001B78002B0DD1784B1B68002B09D1774BDA
:10DDA0001B68002B05D1764B1B68002B01D1032388
:10DDB0002BE1704B1B78032B11D16D4B1B78002B83
:10DDC0000DD16D4B1B68002B09D16C4B1B68002BD0
:10DDD00005D16B4B1B68002B01D1052315E1654B69
:10DDE0001B78022B11D1624B1B78002B0DD1624B9B
:10DDF0001B68002B09D1614B1B68002B05DD604BB4
:10DE00001B68002B01D10623FFE05A4B1B78022B25
:10DE100011D1574B1B78002B0DD1574B1B68002B92
:10DE200009DD564B1B68002B05D1554B1B68002B99
:10DE300001DD0723E9E04F4B1B78032B11D14C4B3D
:10DE40001B78002B0DD14C4B1B68002B09DD4B4B75
:10DE50001B68002B05D14A4B1B68002B01DD0823F2
:10DE6000D3E0444B1B78022B11D1414B1B78002B84
:10DE70000DD1414B1B68002B09D1404B1B68002B77
:10DE800005DD3F4B1B68002B01DD0923BDE0394B4D
:10DE90001B78022B11D1364B1B78002B0DD1364B42
:10DEA0001B68002B09DD354B1B68002B05DD344B4F
:10DEB0001B68002B01DD0A23A7E02E4B1B78032BE8
:10DEC00011D12B4B1B78002B0DD12B4B1B68002B3A
:10DED00009DD2A4B1B68002B05DD294B1B68002B35
:10DEE00001DD0B2391E0234B1B78022B11D1204B3A
:10DEF0001B78012B0DD1204B1B68002B09D11F4B28
:10DF00001B68002B05D11E4B1B68002B01D10C2375
:10DF10007BE0184B1B78032B11D1154B1B78012B81
:10DF20000DD1154B1B68002B09D1144B1B68002B1E
:10DF300005D1134B1B68002B01D10D2365E00D4B60
:10DF40001B78022B1ED10A4B1B78022B1AD10A4BCD
:10DF50001B68002B16D1094B1B68002B12D1084BF4
:10DF60001B68002B0ED10E234FE000BFC0D4010070
:10DF700016340020FA3C0020602B0020682B002083
:10DF8000642B0020224B1B78022B11D1214B1B78D4
:10DF9000012B0DD1204B1B68002B09DD1F4B1B688B
:10DFA000002B05D11E4B1B68002B01DD0F232CE03D
:10DFB000174B1B78032B11D1164B1B78012B0DD15E
:10DFC000154B1B68002B09DD144B1B68002B05D17A
:10DFD000134B1B68002B01DD102316E00C4B1B7844
:10DFE000022B11D10B4B1B78022B0DD10A4B1B6856
:10DFF000002B09D1094B1B68002B05DD084B1B6862
:10E00000002B01DD112300E00323184608BD00BFEB
:10E01000FA3C002016340020602B0020682B0020E2
:10E02000642B002008B5FFF741FEFFF7D9F9032361
:10E03000184608BD08B5FFF739FEFFF7FFF90323BF
:10E04000184608BD08B5044B1B68184600F0D2FC02
:10E050000623184608BD00BF682B002008B5FFF74F
:10E0600025FEFFF7BDF9144B1B681846FEF7FEFDB1
:10E07000124B1B68002B0CBF01230023DBB2002BCB
:10E0800002D0F9F775FFF3E700F0A6FCFFF780F97F
:10E090000B4B1B681846FEF7E9FD084B1B68002B6D
:10E0A0000CBF01230023DBB2002B02D0F9F760FF85
:10E0B000F3E700F091FCD4E7602B0020E83C00205F
:10E0C000642B002008B5FFF7F1FDFFF7B7F9144BFB
:10E0D0001B681846FEF7CAFD124B1B68002B0CBFCD
:10E0E00001230023DBB2002B02D0F9F741FFF3E755
:10E0F00000F072FCFFF74CF90B4B1B681846FEF75B
:10E10000B5FD084B1B68002B0CBF01230023DBB2BD
:10E11000002B02D0F9F72CFFF3E700F05DFCD4E709
:10E12000602B0020E83C0020642B002008B5FFF79E
:10E13000BDFD0C4B1B68184600F05CFC0A4B1B68CD
:10E140001846FEF793FD094B1B68002B0CBF0123FB
:10E150000023DBB2002B02D0F9F70AFFF3E700F04F
:10E160003BFCE6E7682B0020642B0020E83C002005
:10E1700008B5FFF79BFDFFF733F9174B1B681846EF
:10E18000FEF774FD154B1B68002B0CBF0123002309
:10E19000DBB2002B02D0F9F7EBFEF3E700F01CFC3A
:10E1A000FFF7F6F80E4B1B681846FEF75FFD0B4BAA
:10E1B0001B68002B0CBF01230023DBB2002B02D015
:10E1C000F9F7D6FEF3E700F007FC064B1B6818468C
:10E1D00000F010FCCFE700BF602B0020E83C0020DF
:10E1E000642B0020682B002008B5FFF75FFDFFF7C8
:10E1F00025F9174B1B681846FEF738FD154B1B68B1
:10E20000002B0CBF01230023DBB2002B02D0F9F757
:10E21000AFFEF3E700F0E0FBFFF7BAF80E4B1B6828
:10E220001846FEF723FD0B4B1B68002B0CBF012388
:10E230000023DBB2002B02D0F9F79AFEF3E700F0DF
:10E24000CBFB064B1B68184600F0D4FBCFE700BFA2
:10E25000602B0020E83C0020642B0020682B00206D
:10E2600000B583B0094B1B681946094B93F9003080
:10E270001A460023019300920B4601220121054812
:10E2800004F092FBF9F774FEFCE700BF902B00202E
:10E29000A13300205C2E002000B583B0094B1B6821
:10E2A0001946094B93F900301A4601230193009255
:10E2B0000B4601220121054804F076FBF9F758FED0
:10E2C000FCE700BF902B0020A13300205C2E002033
:10E2D00000B583B0094B1B681946094B93F9003010
:10E2E0001A460023019300920B46012200210548A3
:10E2F00004F05AFBF9F73CFEFCE700BF902B00202E
:10E30000A83300205C2E002000B583B0234B1B688F
:10E310001946234B93F900301A46002301930092CB
:10E320000B46012201211F4804F03EFB1E4B1B68D7
:10E330001846FEF79BFC1D4B1B68002B0CBF0123EE
:10E340000023DBB2002B02D0F9F712FEF3E700F056
:10E3500043FB124B1B681946114B93F900301A46C8
:10E360000023019300920B46002201210D4804F086
:10E370001BFB0F4B1B681846FEF778FC0B4B1B680A
:10E38000002B0CBF01230023DBB2002B02D0F9F7D6
:10E39000EFFDF3E700F020FBB8E700BF902B002073
:10E3A000A13300205C2E0020602B0020E83C0020E0
:10E3B000642B002000B583B0234B1B681946234B08
:10E3C00093F900301A460123019300920B46012273
:10E3D00001211F4804F0E8FA1E4B1B681846FEF79F
:10E3E00045FC1D4B1B68002B0CBF01230023DBB237
:10E3F000002B02D0F9F7BCFDF3E700F0EDFA124B69
:10E400001B681946114B93F900301A4601230193FA
:10E4100000920B46002201210D4804F0C5FA0F4B73
:10E420001B681846FEF722FC0B4B1B68002B0CBF29
:10E4300001230023DBB2002B02D0F9F799FDF3E7AB
:10E4400000F0CAFAB8E700BF902B0020A1330020EB
:10E450005C2E0020602B0020E83C0020642B002074
:10E4600000B583B0234B1B681946234B93F900304A
:10E470001A460023019300920B46012200211F48F7
:10E4800004F092FA1E4B1B681846FEF7EFFB1D4B7B
:10E490001B68002B0CBF01230023DBB2002B02D032
:10E4A000F9F766FDF3E700F097FA124B1B6819467F
:10E4B000114B93F900301A460023019300920B464A
:10E4C000002200210D4804F06FFA0F4B1B6818461C
:10E4D000FEF7CCFB0B4B1B68002B0CBF012300236A
:10E4E000DBB2002B02D0F9F743FDF3E700F074FA3A
:10E4F000B8E700BF902B0020A13300205C2E002045
:10E50000602B0020E83C0020642B002003231846E9
:10E510007047000008B5454B1B78002B06D0C8207B
:10E52000FEF7F6F8424804F015F903E0F8F712FE9A
:10E53000F8F7A6FE2620FDF7CBFF0720FDF7C8FF62
:10E540000C20FDF7C5FF2320FDF7C2FF0420FDF7D7
:10E55000BFFF0120FDF7BCFF0220FDF7B9FF082037
:10E56000FDF7B6FF0920FDF7B3FF0A20FDF7B0FF66
:10E57000304B02221A600620FDF7AAFFC820FEF7E2
:10E58000C7F81D20FEF780F80320FEF77DF80D2068
:10E59000FEF77AF80720FEF752F80820FEF74FF84A
:10E5A0000920FEF74CF80620FEF749F80220FEF796
:10E5B00046F80520FEF743F80320FEF740F8042054
:10E5C000FEF73DF81D20FEF73AF80620FEF737F873
:10E5D0000620FEF734F81520FEF731F81220FEF77A
:10E5E0002EF81020FEF72BF80F20FEF728F80E204B
:10E5F000FEF725F80A20FEF722F81420FEF71FF890
:10E600000D20FEF71CF80C4B00221A600A4B1B6809
:10E61000094B01221A60094B00221A60074B1B6844
:10E62000064B01221A60F9F7A3FCFCE71634002020
:10E630005C2E002084AC0740FC3F0040FC4F0040B3
:10E6400008B5794B00221A70774B1B78122B00F219
:10E65000E38001A252F823F0A5E60200B9E6020029
:10E66000CDE60200E1E60200EDE6020001E702006D
:10E6700015E7020029E702003DE7020051E702002A
:10E6800065E7020079E702008DE70200A1E70200DA
:10E69000B5E70200C9E70200DDE70200F1E702008A
:10E6A00005E80200614800F0BFFBFFF7B5FA03463A
:10E6B0001A465D4B1A70B5E05D4800F0B5FBFFF7F8
:10E6C000CFFA03461A46584B1A70ABE0594800F08F
:10E6D000ABFBFFF731FB03461A46534B1A70A1E020
:10E6E000554800F0A1FBFFF715FF9BE0534800F0F1
:10E6F0009BFBFFF797FC03461A464B4B1A7091E0C1
:10E700004F4800F091FBFFF795FC03461A46464B35
:10E710001A7087E04B4800F087FBFFF793FC034635
:10E720001A46414B1A707DE0474800F07DFBFFF729
:10E7300095FC03461A463C4B1A7073E0434800F0C0
:10E7400073FBFFF7BFFC03461A46374B1A7069E0AC
:10E750003F4800F069FBFFF7E9FC03461A46324BDD
:10E760001A705FE03B4800F05FFBFFF701FD0346D6
:10E770001A462D4B1A7055E0374800F055FBFFF74D
:10E7800033FD03461A46284B1A704BE0334800F01D
:10E790004BFBFFF765FD03461A46234B1A7041E019
:10E7A0002F4800F041FBFFF777FD03461A461E4B4A
:10E7B0001A7037E02B4800F037FBFFF789FD03465E
:10E7C0001A46194B1A702DE0274800F02DFBFFF771
:10E7D0009BFD03461A46144B1A7023E0234800F0B1
:10E7E00023FBFFF7E7FD03461A460F4B1A7019E0AB
:10E7F0001F4800F019FBFFF733FE03461A460A4B89
:10E800001A700FE01B4800F00FFBFFF77FFE034676
:10E810001A46054B1A7005E0174800F005FBFFF794
:10E8200079FE00BF10E700BFC42D0020E8540300AC
:10E83000F85403000C550300205503003055030025
:10E840004855030060550300745503008C550300C0
:10E85000A4550300B8550300D0550300EC55030040
:10E86000045603001C5603003056030048560300AC
:10E8700060560300745603008456030082B0019072
:10E88000054BB3F8E0301A46019B42FA03F303F05C
:10E890000103184602B07047F83A002000B583B073
:10E8A00001900198FFF7EAFF0346002B0CBF0123FC
:10E8B0000023DBB2002B22D0174BB3F8E0301AB2A2
:10E8C0000121019B01FA03F31BB213431BB29AB25D
:10E8D000114BA3F8E020FDF735FF02460F4B1B68F4
:10E8E000D31A0F4AA2FB03239B0998B20A4A019B41
:10E8F000342101FB03F31344743302461A80064AA1
:10E90000019B342101FB03F31344683300221A8076
:10E9100000BF03B05DF804FBF83A0020FC3C002087
:10E92000D34D621000B585B0019000910023039390
:10E93000039B002B20DC039B342202FB03F1009A93
:10E9400013461B019B1ADB000B4440330D4A134452
:10E95000083306221946019800F016F80346002BEA
:10E9600014BF01230023DBB2002B01D0039B05E081
:10E97000039B01330393DBE74FF0FF33184605B0E9
:10E980005DF804FBF83A002086B0039002910192F2
:10E9900000230593059A019B9A420FDA059B039A7F
:10E9A00013441A78059B02990B441B789A4201D0B4
:10E9B000002304E0059B01330593EBE70123184690
:10E9C00006B0704708B5FDF79BFE00BF08BD08B54F
:10E9D000F8F700F900BF08BD08B50448F8F7A2F938
:10E9E000034B00221A6000BF08BD00BFB0330020F7
:10E9F000E83C002000B583B001901A4B00221A7049
:10EA0000194B00221A70194B00221A70174B002262
:10EA10001A70174B00221A70164B00221A70164BF0
:10EA200000221A70FEF781F90198FEF71FF9134BC7
:10EA30001B68002B05D1124B1B78002B01D1012341
:10EA400000E00023002B02D0F9F792FAEFE7FFF77E
:10EA5000B9FFFFF7C1FF03F0CDFA00BF03B05DF8C7
:10EA600004FB00BF71350020723500207335002093
:10EA70007435002075350020003D0020E83C002062
:10EA80007035002000B585B003900291039B012BE7
:10EA900032D1029B4FF6FF7293422DD1184804F0F9
:10EAA00059F84FF0CC730093022307220821154830
:10EAB00004F056F8134804F071F80346194612485A
:10EAC00004F073F8114803F0B3FC114803F088FC1C
:10EAD000104B1B686433104A13600F4B1B689AB2CB
:10EAE0000E4B5A800B4B1B689AB20C4B9A800C4B06
:10EAF0001B689AB2094BDA8000BF05B05DF804FBD1
:10EB0000EC2D0020F02D0020082E0020683200207F
:10EB1000183400205C2B0020C43A00206C2B00200D
:10EB2000C83A002008B54FF6FF710120FFF7AAFF91
:10EB300008BD000000B583B01F4B0193019B02226A
:10EB40001A61019B02225A61019B1C4A9A61019B36
:10EB50001B4ADA61019B4FF400721A62019B00228A
:10EB60009A62019B00225A62019B0022DA62019B99
:10EB7000124A9A64019B134ADA64019B10221A65B7
:10EB8000019B00229A65019B00225A65019B00228D
:10EB9000DA65019B07330C49184604F083FB019B9F
:10EBA0000A49184604F07EFB019B20229A7100BF9F
:10EBB00003B05DF804FB00BF083E002014570300BB
:10EBC000803E00208040002020570300245703008F
:10EBD00000B589B003900291019200230693039B34
:10EBE000DB680593039B1B690493049A059B9A4277
:10EBF00005D9049A059BD31A013B079307E0039BB1
:10EC00009A680499059BCB1A1344013B0793039B15
:10EC10009A68059BD31A079A934228BF1346079315
:10EC2000079A019B934228BF13460793039B5A6898
:10EC3000059B1344079A0299184604F0D7FA069ADE
:10EC4000079B13440693029A079B13440293019A6D
:10EC5000079BD31A0193059A079B13440593039BC3
:10EC60009B68059A9A4201D100230593039B059A5C
:10EC7000DA60019B002BB5D1069B184609B05DF800
:10EC800004FB00B589B0039002910192039BDB68FD
:10EC90000793039B9A68079BD31A0693069A019BD6
:10ECA0009A420ED9039B5A68079B1344019A029912
:10ECB000184604F09BFA079A019B1A44039BDA60FA
:10ECC0001AE0069B0593039B5A68079B1344059A19
:10ECD0000299184604F08AFA019A069BD31A059302
:10ECE000039B5868029A069B1344059A194604F040
:10ECF0007DFA039B059ADA6000BF09B05DF804FB5A
:10ED000086B00190019B1B690493019BDB68039310
:10ED1000049A039B9A4208D8019B9A68039BD21AD3
:10ED2000049B1344013B059304E0049A039BD31A0C
:10ED3000013B0593059B184606B0704700B589B0A6
:10ED4000039002910192029B0693039B5A1C134667
:10ED50005B001344DB00204A13440593059B5B6969
:10ED6000022B29D0022B2ED8002B02D0012B13D03E
:10ED700029E00598FFF7C4FF0490049A019B9A428A
:10ED800002D20023079321E0019B0793019A069981
:10ED90000598FFF776FF19E00598FFF7B1FF04909B
:10EDA000019A049B934228BF13460793079A06993A
:10EDB0000598FFF766FF09E0019A06990598FFF7A5
:10EDC00007FF079002E00023079300BF079B184648
:10EDD00009B05DF804FB00BF083E002000B587B015
:10EDE0000390029101920F4B1B78002B01D1FFF78A
:10EDF000A1FE00238DF813300DF113031846F8F728
:10EE0000BDFA019A02990398FFF798FF05909DF8C3
:10EE100013301846F8F7C8FA059B184607B05DF896
:10EE200004FB00BF083E00200FB400B5A3B025AB23
:10EE3000009301A8009B249A802104F0C9F9219035
:10EE4000219B802B06DD01AB802219460020FFF7B5
:10EE5000C5FF08E0219B002B05DD219A01AB194677
:10EE60000020FFF7BBFF219B184623B05DF804EBA1
:10EE700004B070476DDF704700BF184679DF7047F8
:10EE800000BF18467DDF704700BF184664DF70473B
:10EE900000BF184682B003460091ADF80630BDF8B9
:10EEA0000630DAB2009B1A70BDF806301B0A9AB21F
:10EEB000009B0133D2B21A700223184602B0704789
:10EEC00000B589B0039002911346ADF80630029B5D
:10EED0001B8803F10902BDF806309A4201D90C23C0
:10EEE00053E004AB1846FFF7C5FF0790079B069356
:10EEF000069B002B01D0069B47E0029B1B881A460D
:10EF0000039B134408221A70029B1B8801339AB298
:10EF1000029B1A80029B1B881A46039B13441B22E8
:10EF20001A70029B1B8801339AB2029B1A80029BC3
:10EF30001B881A46039B981804AB01330622194616
:10EF400004F054F9029B1B8806339AB2029B1A8084
:10EF50009DF8103023F00103DBB2002B07D1029B98
:10EF60001B881A46039B134400221A7006E0029B7A
:10EF70001B881A46039B134401221A70029B1B88AC
:10EF800001339AB2029B1A800023184609B05DF83B
:10EF900004FB00B589B0039002910192ADF80230F4
:10EFA000039B1B78012B05D1039B5B78002B01D1C0
:10EFB000072392E0019B1B889A1CBDF802309A42FD
:10EFC0000ED8039B1B78012B0CD1019B1B881A4682
:10EFD000039B5B7813449A1CBDF802309A4201D916
:10EFE0000C237AE0019B1B88BDF80220D31A9BB248
:10EFF000023BADF81C30BDF81C30ADF81230019B5F
:10F000001B880233029A13440DF11202114618466E
:10F01000FFF738FF0690069B0593059B002B01D058
:10F02000059B5AE0039B1B78022B06D0039B5B7861
:10F030009AB2BDF812309A4209D3BDF81230BDF829
:10F040001C209A4203D309238DF81F3017E00823B0
:10F050008DF81F30039B1B78012B0CD1039B5B7831
:10F060009BB2BDF81C209A4205D3039B5B789BB2F0
:10F07000ADF8123003E0BDF81C30ADF81230BDF829
:10F080001230FE2B01D90C2327E0BDF81230DAB282
:10F09000019B1B881946029B0B440132D2B21A70A5
:10F0A000019B1B8801339AB2019B1A80019B1B882C
:10F0B0001A46029B13449DF81F201A70019B1B885F
:10F0C00001339AB2019B1A80019B1A88BDF8123055
:10F0D00013449AB2019B1A800023184609B05DF8C8
:10F0E00004FB00B589B0039002911346ADF80630D9
:10F0F000029B1B881A1DBDF806309A4201D90C23C9
:10F100003BE00DF116031846FFF7B8FE0790079B8A
:10F110000693069B002B01D0069B2EE0029B1B88CA
:10F120001A46039B134403221A70029B1B88013367
:10F130009AB2029B1A80029B1B881A46039B1344B7
:10F1400019221A70029B1B8801339AB2029B1A8003
:10F15000BDF81620029B1B881946039B0B441946D9
:10F160001046FFF797FE03461946029B1A888BB29A
:10F1700013449AB2029B1A800023184609B05DF826
:10F1800004FB84B0029101921A4603468DF80F30B9
:10F190001346ADF80C30019B1B88DA1CBDF80C300F
:10F1A0009A4201D90C2328E0019B1B881A46029B36
:10F1B000134402221A70019B1B8801339AB2019BEF
:10F1C0001A80019B1B881A46029B134401221A7065
:10F1D000019B1B8801339AB2019B1A80019B1B88FB
:10F1E0001A46029B13449DF80F201A70019B1B883E
:10F1F00001339AB2019B1A800023184604B070476D
:10F2000084B0029101921A4603468DF80F301346DE
:10F21000ADF80C30019B1B88DA1CBDF80C309A420B
:10F2200001D90C2328E0019B1B881A46029B13443A
:10F2300002221A70019B1B8801339AB2019B1A802B
:10F24000019B1B881A46029B13440A221A70019BD9
:10F250001B8801339AB2019B1A80019B1B881A46B6
:10F26000029B13449DF80F201A70019B1B880133E9
:10F270009AB2019B1A800023184604B0704700B56B
:10F280008FB0039001930B468DF80B3013468DF829
:10F290000A3000238DF83330109B1B88ADF83030D6
:10F2A00000230D9371E0039B5A680D9B9B001A4449
:10F2B00005AB106818600DF11B0105AB0022184664
:10F2C000FFF7E4FD0A900A9B0993099B002B01D0EC
:10F2D000099B7CE09DF81B309DF80A209A4251D191
:10F2E0009DF83330002B01D0002300E002238DF87D
:10F2F0002330109B1B881A469DF81B301A449DF83A
:10F3000023301A44BDF844309A4201DD0C235EE0FC
:10F310009DF8333083F00103DBB2002B16D0109B35
:10F320001B8801339AB2109B1A80109B1B881A46C7
:10F33000019B13449DF80B201A70109B1B8801330E
:10F340009AB2109B1A8001238DF83330109B1B88D2
:10F350001A46019B1A440DF11B0105AB1846FFF735
:10F3600095FD0A900A9B0793079B002B01D0079BF2
:10F370002DE0109B1A889DF81B309BB213449AB263
:10F38000109B1A800D9B01330D93039B1B881A461B
:10F390000D9B934287DB9DF83330002B16D0109BDA
:10F3A0001A88BDF83030D31A9BB2013BADF82E302D
:10F3B000BDF82E30FF2B01D90C2308E0BDF830300A
:10F3C000019A1344BDF82E20D2B21A7000231846B9
:10F3D0000FB05DF804FB00B58BB0059003930B46AE
:10F3E0008DF8133013468DF812309DF81310BDF8C8
:10F3F000343001930C9B0093039B02220598FFF786
:10F400003EFF0990099B0893089B002B01D0089BA5
:10F4100014E09DF81210BDF8343001930C9B00935A
:10F42000039B10220598FFF72AFF0990099B079379
:10F43000079B002B01D0079B00E0002318460BB070
:10F440005DF804FB82B00190019B1B88052B0AD953
:10F45000019B1B88B3F5486F07D9019B1B884FF6AA
:10F46000FF72934201D0072325E0019B5B88052BA7
:10F470000AD9019B5B88B3F5486F07D9019B5B886C
:10F480004FF6FF72934201D0072314E0019B1B88C3
:10F490004FF6FF7293420DD0019B5B884FF6FF72CF
:10F4A000934207D0019B1A88019B5B889A4201D93D
:10F4B000072300E00023184602B0704700B587B06C
:10F4C000039002910192ADF80230019B1B889A1DB6
:10F4D000BDF802309A4201D90C234DE00398FFF7A2
:10F4E000B1FF0590059B0493049B002B01D0049B66
:10F4F00042E0019B1B881A46029B134405221A70A6
:10F50000019B1B8801339AB2019B1A80019B1B88C7
:10F510001A46029B134412221A70019B1B88013366
:10F520009AB2019B1A80039B1A88019B1B8819467B
:10F53000029B0B4419461046FFF7ACFC03461946E4
:10F54000019B1A888BB213449AB2019B1A80039BC9
:10F550005A88019B1B881946029B0B44194610468A
:10F56000FFF798FC03461946019B1A888BB2134497
:10F570009AB2019B1A800023184607B05DF804FB7D
:10F5800000B587B0039002910192ADF80230039B61
:10F590009B8802330593019B1B881A46059B1344E5
:10F5A0009A1CBDF802309A4201D90C2354E0059B05
:10F5B000FE2B01D90C234FE0059BDAB2019B1B887F
:10F5C0001946029B0B440132D2B21A70019B1B8870
:10F5D00001339AB2019B1A80019B1B881A46029B39
:10F5E0001344FF221A70019B1B8801339AB2019BBE
:10F5F0001A80039B1A88019B1B881946029B0B44A7
:10F6000019461046FFF746FC03461946019B1A8827
:10F610008BB213449AB2019B1A80039B9B88002BE8
:10F6200019D0039B9B68002B01D1072314E0019B99
:10F630001B881A46029B9818039B9968039B9B881A
:10F640001A4603F0D3FD019B1A88039B9B88134441
:10F650009AB2019B1A800023184607B05DF804FB9C
:10F6600000B589B0039002910192ADF80230039B7E
:10F670009B6A002B01D1072372E000238DF81F3015
:10F6800066E0039B996A9DF81F2013465B001344B4
:10F690009B000B440693069B9B8802330593059BB6
:10F6A000FE2B01D90C235BE0059BDAB2019B1B8882
:10F6B0001946029B0B440132D2B21A70019B1B887F
:10F6C00001339AB2019B1A80019B1B881A46029B48
:10F6D000134416221A70019B1B8801339AB2019BB6
:10F6E0001A80069B1A88019B1B881946029B0B44B3
:10F6F00019461046FFF7CEFB03461946019B1A88B0
:10F700008BB213449AB2019B1A80069B9B88002BF4
:10F7100019D0069B9B68002B01D1072320E0019B99
:10F720001B881A46029B9818069B9968069B9B8823
:10F730001A4603F05BFD019B1A88069B9B881344C5
:10F740009AB2019B1A809DF81F3001338DF81F304B
:10F75000039B93F82C309DF81F209A4291D30023ED
:10F76000184609B05DF804FB00B595B0059004910A
:10F77000039200231393039B1B88ADF84A30039B2D
:10F7800000221A80059B93F82D30002B0ED0BDF877
:10F790004A301A4603990498FFF792FB1390139B83
:10F7A0001193119B002B01D0119BD8E0059B9B78F6
:10F7B000002B0ED0BDF84A301A4603990498FFF783
:10F7C00090FC1390139B1093109B002B01D0109B67
:10F7D000C5E0059BDB78002B10D0059BDB7858B289
:10F7E000BDF84A30039A0499FFF7CBFC1390139BA2
:10F7F0000F930F9B002B01D00F9BB0E0059B5B6824
:10F80000002B11D0059B5B6893F90000BDF84A30CE
:10F81000039A0499FFF7F4FC1390139B0E930E9B2D
:10F82000002B01D00E9B9AE0059B1B89002B14D066
:10F83000059B03F10800BDF84A300193039B009338
:10F84000049B06220221FFF7C6FD1390139B0D9324
:10F850000D9B002B01D00D9B81E0059B1B8A002B8B
:10F8600014D0059B03F11000BDF84A300193039BAF
:10F870000093049B07220321FFF7ADFD1390139B18
:10F880000C930C9B002B01D00C9B68E0059B1B8B01
:10F89000002B14D0059B03F11800BDF84A300193EA
:10F8A000039B0093049B15221421FFF794FD1390F2
:10F8B000139B0B930B9B002B01D00B9B4FE0059BE5
:10F8C0001B6A002B0FD0059B186ABDF84A30039ABB
:10F8D0000499FFF7F3FD1390139B0A930A9B002BE7
:10F8E00001D00A9B3BE0059B5B6A002B0FD0059B78
:10F8F000586ABDF84A30039A0499FFF741FE139005
:10F90000139B0993099B002B01D0099B27E0059BC2
:10F9100093F82C30002B0ED0BDF84A30039A04998E
:10F920000598FFF79DFE1390139B0893089B002BEF
:10F9300001D0089B13E0059B1B78002B0ED0BDF86F
:10F940004A30039A04990598FFF723FB1390139B01
:10F950000793079B002B01D0079B00E0139B1846E1
:10F9600015B05DF804FB86B0039001921A460B4671
:10F97000ADF80A3013468DF80930039B002B02D0F6
:10F98000019B002B01D100234DE00023ADF8163080
:10F990000CE0BDF81630039A13441B789AB2BDF8F8
:10F9A000163013449BB20133ADF81630019B1B880F
:10F9B000BDF816209A4209D3BDF816300133039AD8
:10F9C00013441B789DF809209A4205D0BDF81620F3
:10F9D000BDF80A309A42DCD3BDF81620BDF80A30D3
:10F9E0009A4201D300231EE0BDF816300233ADF871
:10F9F0001430BDF81630039A13441B789BB2013BB8
:10FA0000ADF81230BDF81420BDF812301A44BDF81C
:10FA10000A309A4201DD002305E0019BBDF8142065
:10FA20001A80BDF81230184606B0704700B585B090
:10FA300001900B46ADF8023013468DF801300023DB
:10FA4000ADF80C309DF8013003AABDF80210019802
:10FA5000FFF789FF0346ADF80E30BDF80E30002BDE
:10FA600001D1002304E0BDF80C301A46019B134479
:10FA7000184605B05DF804FB72DF704700BF1846FA
:10FA800073DF704700BF184682B00190019B93F866
:10FA90003034184602B0704784B0019000230393BD
:10FAA0000AE0019A039B13441B78002B01D0012329
:10FAB00006E0039B01330393039B052BF1D900233D
:10FAC000184604B07047000082B003468DF8073036
:10FAD0009DF807305A1C074B83FB02135910D317AC
:10FAE000C91A0B469B000B44D11ACBB2184602B080
:10FAF000704700BF6766666682B001900091009B08
:10FB0000DB7B012B04D1009B9A88019BA3F8242462
:10FB100000BF02B0704700B585B001900091019B15
:10FB2000002283F82E24009B9A88019BB3F824348A
:10FB30009A4216D1019B1B7983F00103DBB2002BA3
:10FB40000FD00121019800F0B1FA0390039B002B24
:10FB500007D0019B9B6B002B03D0019B9B6B0398F1
:10FB6000984700BF05B05DF804FB00B585B0019073
:10FB70000091009B1B88262B1ED1009B1B7A012B1A
:10FB800003D0009B1B7A022B17D1019B9B78184650
:10FB9000FFF79AFF03461946019800F087FA039091
:10FBA000039B002B09D0019B9B6B002B05D0019B75
:10FBB0009B6B0398984700E000BF05B05DF804FB1D
:10FBC00000B585B001900B468DF80330019B03F220
:10FBD00027431846FFF760FF03468DF80F309DF866
:10FBE0000330013B032B33D801A252F823F000BFAE
:10FBF00001FC020025FC020039FC020045FC020069
:10FC0000019B9B79002B0DD0019B93F8243083F04E
:10FC10000103DBB2002B05D09DF80F30002B01D083
:10FC2000012316E0019BDB79002B05D09DF80F30F6
:10FC3000002B01D002230CE0019B1B7A002B01D08A
:10FC4000032306E0019B5B7A002B01D0042300E034
:10FC50000023184605B05DF804FB00BF82B0019098
:10FC60000091019B012283F83120019B0022C3F8FF
:10FC70002024019B03F22642009B5A60009B002235
:10FC80009A60009B02221A70009B80229A810023B6
:10FC9000184602B0704782B001900091019B022289
:10FCA00083F83120019B93F82430002B03D0009B74
:10FCB00007221A7002E0009B03221A70019B1B6945
:10FCC0009AB2009B9A81019B0022C3F82024019BD9
:10FCD00003F22642009B5A60019BDA68009B9A60FF
:10FCE0000023184602B0704700B583B00190019B15
:10FCF0005B79002B0FD0019B93F82E3483F0010326
:10FD0000DBB2002B07D00198FFF7BEFE0346002BA5
:10FD100001D0012300E0002303F00103DBB2184609
:10FD200003B05DF804FB00B585B001900B468DF87B
:10FD30000330019BD3F81004019BB3F81434012263
:10FD40001946FFF773FE0390039B002B03D0039B20
:10FD50009DF803201A70019B03F15400019B03F5E9
:10FD60008261019B3C331A46FFF786FE0346184624
:10FD700005B05DF804FB00B585B001900091019BD2
:10FD80005A69009B9A60019B9B699AB2009B9A8179
:10FD9000019B93F82430002B04D0019B062283F8AA
:10FDA0003C2003E0019B012283F83C200198FFF7EF
:10FDB0009BFF0346002B13D0009B02221A750421DF
:10FDC0000198FFF7B0FF0390039B0293029B002B67
:10FDD00001D0029B0FE0019B052283F8312003E054
:10FDE000019B032283F83120019B03F58262019B72
:10FDF000C3F820240023184605B05DF804FB00B5C5
:10FE000085B001900091019BDA69009B9A60019B8B
:10FE10001B6A9AB2009B9A81019B93F82430002BB5
:10FE200004D0019B062283F83C2003E0019B0122C1
:10FE300083F83C200198FFF757FF0346002B13D0AF
:10FE4000009B02221A7504210198FFF76CFF0390B2
:10FE5000039B0293029B002B01D0029B0FE0019BAE
:10FE6000062283F8312003E0019B042283F831202D
:10FE7000019B03F58262019BC3F8202400231846EE
:10FE800005B05DF804FB82B00190019B9B78002BCC
:10FE900006D0019B93F82030002B01D000230AE00C
:10FEA000019B9B6A042B03D0019B5B6A042B01D14D
:10FEB000002300E00123184602B0704784B001908F
:10FEC000019B93F82430002B03D0EE23ADF80E30C5
:10FED00002E01F23ADF80E30BDF80E30184604B016
:10FEE000704782B001900B468DF80330019B9DF85E
:10FEF000032083F8302000BF02B0704730B587B0D0
:10FF000001900091009B002B02D0019B002B01D19E
:10FF10000E23B8E0009B78331846FFF7B4FF034682
:10FF200083F00103DBB2002B01D00723ABE0019B80
:10FF300000229A70019A009B141D03F178050FCDE1
:10FF40000FC40FCD0FC495E8070084E80700019B9C
:10FF5000002283F83020009BD3F8A420019B5A6331
:10FF6000009BD3F8A820019B9A63019B4FF6FF7278
:10FF7000A3F82424019B03F58262019BC3F820248B
:10FF8000019B03F2264307220021184603F057F98C
:10FF9000019B1B7883F00103DBB2002B03D0019B94
:10FFA000FF2283F85420019B03F15502019BC3F803
:10FFB00010240198FFF782FF03461A46019BA3F81D
:10FFC00014240098019B03F15501019B03F2144393
:10FFD0001A46FFF7C9FB0590059B0493049B002B71
:10FFE00001D0049B4FE0019B03F23122019BC3F837
:10FFF00018240198FFF762FF03461A46019BA3F8F5
:020000023000CC
:100000001C24009B03F13C00019BD3F81814019BB6
:1000100003F21C431A46FFF7A7FB0590059B0393C9
:10002000039B002B01D0039B2DE0019B012283F851
:100030005120019B9B699AB2019BA3F84820019B28
:10004000012283F83C20019B00221A64019B0022BC
:1000500083F85020019B5A69019B5A64019B03F16C
:100060005400019B3C331A460021FFF705FD059023
:10007000059B0293029B002B01D0029B03E0019B96
:1000800001221A70059B184607B030BD82B001905E
:10009000019B1B68012B03D0019B1B68022B01D124
:1000A000012300E00023184602B0704700B585B078
:1000B00001900B468DF80330019B1B7883F0010300
:1000C000DBB2002B01D0082309E1019B9DF803203E
:1000D0009A70019B03F2264307220021184603F081
:1000E000AEF8019B9B79002B03D0019B9B78012BE1
:1000F0000FD0019BDB79002B03D0019B9B78012B58
:1001000007D0019BDB79002B14D0019B9B78022B3D
:1001100010D1019B5B6B002B08D0019B012283F85F
:100120002D24019B5B6B0820984703E0019B002274
:1001300083F82D249DF8033019460198FFF740FD00
:1001400003461A46019B9A70019B5B6B002B20D0E3
:10015000019B9B78032B03D0019B9B78042B18D128
:10016000019B5B79002B14D0019B93F82E3483F014
:100170000103DBB2002B0CD0019B002283F830245A
:10018000019B012283F82F24019B5B6B072098477A
:1001900003E0019B002283F82F24019B3C331822AB
:1001A0000021184603F04BF8019B012283F83C2004
:1001B000019B2C331846FFF769FF0346002B06D03E
:1001C000019BDB6ADAB2019B83F8512003E0019BBB
:1001D000012283F85120019B93F82430002B12D088
:1001E000019B28331846FFF751FF0346002B06D02A
:1001F000019B9B6ADAB2019B83F8522003E0019BCA
:10020000012283F85220019B002283F85020019B99
:100210009B78042B31D801A252F823F0710203001D
:100220003102030041020300510203006102030096
:10023000019B3C3319460198FFF710FD03901DE028
:10024000019B3C3319460198FFF725FD039015E00B
:10025000019B3C3319460198FFF78DFD03900DE09B
:10026000019B3C3319460198FFF7C9FD039005E057
:10027000019B002283F8312000E000BF019B9B78A6
:10028000002B20D0019B03F15400019BD3F82014D4
:10029000019B3C331A46FFF7EFFB0390039B002BB7
:1002A00001D0039B1BE0019B93F85420019B93F822
:1002B000303019461046FFF7E3FB0390039B002BF9
:1002C00001D0039B0BE0019B5B6B002B06D0019BD5
:1002D0005B6B019A92F8312010469847002318462C
:1002E00005B05DF804FB00BF00B585B0019000913A
:1002F000009B0393019B1B88262B10D0262B13DC1D
:10030000102B02D0112B05D00EE001990398FFF7B6
:10031000F3FB0AE001990398FFF7FDFB05E0019963
:100320000398FFF722FC00E000BF00BF05B05DF8B6
:1003300004FB75DF704700BF184676DF704700BFCB
:1003400018467ADF704700BF18467BDF704700BF52
:100350001846000084B00346ADF80630002303932E
:1003600016E00F49039A13469B0013449B000B446D
:100370001B88BDF806209A4207D1039A13469B00BA
:1003800013449B00064A134406E0039B0133039386
:10039000039B002BE5D00023184604B0704700BF34
:1003A000B040002082B001900B46ADF80230019BB6
:1003B000BDF802201A80019B00221A72019B054998
:1003C00003F10A020B4603CB1060516000BF02B07C
:1003D000704700BFE040002082B00190019B4FF6C3
:1003E000FF721A8000BF02B0704788B0039002917C
:1003F00011461A460B46ADF806301346ADF80430E8
:10040000039B9B881A46BDF8063013440793039B51
:100410009B881946039B9B88BDF80620934228BF02
:1004200013469BB2CB1A0693039BDB881A46BDF892
:10043000043013440593039BDB881946039BDB8838
:10044000BDF80420934228BF13469BB2CB1A0493F5
:10045000029B5A88039B1B889A4205D3029B5A88A9
:10046000039B5B889A4201D900231CE0029B9B8876
:100470001A46069B934205D8029B9B881A46079B07
:10048000934201D200230EE0029BDB881A46049BB4
:10049000934205D8029BDB881A46059B934201D202
:1004A000002300E00123184608B0704700B583B070
:1004B0000190064B9B69002B03D0044B9B6901986C
:1004C000984700BF03B05DF804FB00BFC4400020A4
:1004D00000B585B003460091ADF80630BDF8063092
:1004E00000991846FFF725FF0390039B002B05D0CA
:1004F000039B112B02D00398FFF7D8FF039B002B1F
:100500000CBF01230023DBB2184605B05DF804FBE5
:1005100000B589B00190019B0793079B9BB21846D9
:10052000FFF718FF0690069B002B42D0069B1A7A15
:10053000224B1B7B9A4215D2079B9AB2069B0A3329
:1005400019461046FFF7C4FF03468DF813309DF897
:100550001330002B2DD0069B1B7A0133DAB2069B99
:100560001A7226E0069B00221A72144B1B7C002B89
:100570000FD0079B9BB23B211846FFF7DEFE05908C
:10058000059B002B05D0059B082B02D00598FFF793
:100590008DFF0A4B5B69002B0BD000238DF80C30CC
:1005A000079B9BB2ADF80E30044B5B6903AA104663
:1005B000984700BF09B05DF804FB00BFC4400020AD
:1005C00030B587B00190019B002B01D10E2353E081
:1005D0002B4A019B14461D460FCD0FC495E807001A
:1005E00084E80700264B274A1A60019B1B68002BF2
:1005F00011D0019B1B681846FFF7A3FE0490049BD3
:10060000002B01D0049B37E0019B1A681D4B10683A
:10061000516803C308E01B48FFF797FE0490049B52
:10062000002B01D0049B27E00023059320E0059ACE
:1006300013469B0013449B00134A134403930398EF
:10064000FFF7CAFE059B5B01104A1A44039B5A60E0
:10065000039B04330E4A00211846F6F7F9FA04907A
:10066000049B002B01D0032306E0059B0133059377
:10067000059B002BDBD00023184607B030BD00BF20
:10068000C4400020E0400020B04000209040002006
:100690001105030000B587B003460091ADF80630A0
:1006A000009B5B7A002B1AD1009B1B7A002B03D195
:1006B000164B5B68059302E0144B9B680593009B07
:1006C0005B68BDF8062005991846F6F7F5FA049020
:1006D000049B002B16D00498FFF7E8FE12E0009B65
:1006E00000221A72094B5B69002B0BD001238DF895
:1006F0000C30BDF80630ADF80E30044B5B6903AA30
:100700001046984700BF07B05DF804FBC4400020C6
:1007100000B585B00190019BDB7B8DF80F30019B0C
:100720009B88ADF80C309DF80F30012B2CD14FF683
:10073000FF70FFF70FFE0290029B002B03D10420F5
:10074000FFF7B4FE21E0BDF80C3019460298FFF720
:1007500029FE029B03F10A00019B03F110014FF6F1
:10076000FF7340F2F312FFF740FE03461A46029B66
:100770005A72074BDB89002B07D1BDF80C30029968
:100780001846FFF787FF00E000BF05B05DF804FBE7
:10079000C440002000B587B00190019B9B88ADF854
:1007A0001630BDF816301846FFF7D4FD0490049BB0
:1007B000002B0ED0049B5B681846F6F7B3FA039043
:1007C000039B002B02D00398FFF770FE0498FFF7FD
:1007D00003FE00BF07B05DF804FB000000B587B062
:1007E0000190019B06330593059B1A88194BDB8901
:1007F0009A422BD1059B5B89022B27D1019B9B88B9
:10080000ADF81230BDF812301846FFF7A3FD039083
:10081000039B002B1AD0059B0C33184600F074FA8A
:100820000346002B06D0BDF8123003991846FFF797
:1008300031FF0BE0039B5B681846F6F773FA0290F2
:10084000029B002B02D00298FFF730FE00BF07B0DA
:100850005DF804FBC440002000B585B00190019B09
:100860009B88ADF80E30BDF80E301846FFF772FDCC
:100870000290029B002B15D0029B03F10A00019B02
:1008800003F108014FF6FF7340F2F312FFF7ADFDDD
:1008900003461A46029B5A72BDF80E30029918465A
:1008A000FFF7F8FE00BF05B05DF804FB00B583B0AC
:1008B00001900091019B1B88502B12D0502B18DC0B
:1008C000122B12D0122B14DC102B02D0112B04D0BF
:1008D0000FE00198FFF71CFF0CE00198FFF75AFFAB
:1008E00008E00198FFF77AFF04E00198FFF7B4FFF2
:1008F00000E000BF00BF03B05DF804FB30B58FB06F
:100900000190009100230293009B002B1AD000233A
:100910000D9314E06B460D991846F7F766FA0346F7
:10092000002B09D0029B5A1C02920D9A92B25B00D6
:100930000EA90B4423F82C2C0D9B01330D930D9B1A
:10094000132BE7D9019B1D4602AC0FCC0FC50FCC72
:100950000FC594E8070085E8070001980FB030BD87
:1009600000B583B00346ADF80630BDF80630132B52
:1009700001D900230CE0BDF8063019460648F7F708
:1009800003FABDF8063019460448F7F7FDF90123CC
:10099000184603B05DF804FBF0400020EC40002056
:1009A00000B585B00346ADF80630002303930DE093
:1009B000039B9B00094A13440433BDF806201146EB
:1009C0001846F7F7F9F9039B01330393039B1D2B9B
:1009D000EED900BF00BF05B05DF804FBE840002081
:1009E00000B583B00346ADF80630BDF806301946B1
:1009F0000348F7F7E1F900BF03B05DF804FB00BF5F
:100A0000F040002030B59BB0184B9B68DB43189337
:100A1000164B5A6818AB11461846F7F716FA189A8B
:100A20006B4611461846FFF769FF0DAC6D460FCDBA
:100A30000FC40FCD0FC495E8070084E8070000231A
:100A400019930BE0199B5B001AAA134433F8303C4E
:100A50001846FFF7A5FF199B013319930D9B199AAF
:100A60009A42EFD300BF00BF1BB030BDE84000206A
:100A700000B583B001900B46ADF8023013468DF8F7
:100A800001309DF80130002B06D0BDF80230194628
:100A90000198F7F779F905E0BDF802301946019899
:100AA000F7F78AF900BF03B05DF804FB00B585B025
:100AB00001900091019B9B88ADF80E30019B1B8833
:100AC000103B0A2B00F2888001A252F823F000BFED
:100AD000FD0A0300390B0300D90B0300D90B0300F7
:100AE000D90B0300D90B0300D90B0300D90B03006A
:100AF000D90B0300A30B0300450B0300FFF782FF94
:100B0000BDF80E301846FFF72BFF034683F00103B4
:100B1000DBB2002B05D0324AF0210420F5F7AAFC05
:100B200057E0019BDB7B012B53D0BDF80E301946FB
:100B30002C48F7F729F94CE0BDF80E301846FFF7BE
:100B40004FFF49E0019B1B7AC3F30313DBB28DF81F
:100B50000D309DF80D30032B8CBF01230023DAB23A
:100B6000BDF80E3019462048FFF782FF9DF80D3082
:100B7000022B8CBF01230023DAB2BDF80E301946D8
:100B80001A48FFF775FF9DF80D30012B8CBF01232C
:100B90000023DAB2BDF80E3019461548FFF768FF9A
:100BA0001AE0019B1B7A002B15D1019B5B7AC3F3E2
:100BB000C003DBB2002B14BF012300238DF80C30DF
:100BC0009DF80C20BDF80E3019460748FFF750FF7E
:100BD00001E000BF00E000BF00BF05B05DF804FB0E
:100BE0002C570300F440002000410020FC4000206E
:100BF000F840002000B583B00346ADF80630BDF8DC
:100C00000630132B01D9002306E0BDF80630194643
:100C10000348F7F7EAF80346184603B05DF804FB0B
:100C2000EC40002000B583B00346ADF80630BDF8B7
:100C300006301846FFF7DEFF0346002B02D0BDF852
:100C4000063000E01423184603B05DF804FB00B53D
:100C500087B003900B460192ADF80A30019B002B40
:100C600001D10E2338E0019B00221A60039B002B68
:100C700001D10E2330E0039B1B68002B01D10E2312
:100C80002AE0039BDB8803F003039BB2002B01D017
:100C9000072321E0BDF80A301846FFF7C3FF0346DB
:100CA0008DF817309DF81730142B01D1052313E070
:100CB000039B1B799DF817209A4201D304230BE074
:100CC000039B1B689DF817200399C98801FB02F25A
:100CD0001A44019B1A600023184607B05DF804FB14
:100CE00082B00190019B1B781AB2019B01331B78E3
:100CF0001B021BB213431BB29BB2184602B07047D3
:100D0000AADF704700BF184600B585B00190019872
:100D1000FFF7E6FF0346ADF80E30BDF80E3003F0E6
:100D20000103002B14BF01230023DBB2184605B0DA
:100D30005DF804FB82B0034600918DF80730009AFD
:100D400013786FF303031370009A13786FF307138C
:100D500013709DF80730052B5BD801A252F823F0E1
:100D6000790D03008F0D0300A90D0300C30D0300CF
:100D7000DD0D0300F70D0300009A13786FF30303F2
:100D80001370009A13786FF30713137040E0009A02
:100D90001378012161F303031370009A1378012182
:100DA00061F30713137033E0009A1378012161F3A4
:100DB00003031370009A1378022161F30713137071
:100DC00026E0009A1378012161F303031370009A5F
:100DD0001378032161F30713137019E0009A137855
:100DE000022161F303031370009A1378012161F368
:100DF000071313700CE0009A1378022161F30303C8
:100E00001370009A1378022161F30713137000BF67
:100E100000BF00BF02B0704700B595B00346029115
:100E20000192ADF80E30029B9B78002B03D1012379
:100E30008DF81E3003E0029B9B788DF81E30029BDC
:100E40001B88ADF81C3006AB03220021184602F0C7
:100E5000F6F9029B5B7C06AA11461846FFF76AFF6B
:100E6000029B9A7C06AB013319461046FFF762FFDE
:100E7000029BDA7B9DF81A3062F3C3038DF81A30B7
:100E8000029B1A7C9DF81A3062F304138DF81A3015
:100E9000029B1A7B9DF81A3062F300038DF81A301A
:100EA000029B1B7D002B01D0022200E001229DF855
:100EB0001A3062F342038DF81A300DAB1C22002168
:100EC000184602F0BCF9029B5B7B03F01003DBB217
:100ED000002B06D1029B5B7B03F02003DBB2002BCF
:100EE00024D004AB03220021184602F0A8F9029B8B
:100EF000DA7C04AB013319461046FFF71BFF9DF85F
:100F00001030012262F303038DF810309DF8103089
:100F1000012262F307138DF810309DF81230012280
:100F200062F342038DF8123004AB1293029B5B7B99
:100F30008DF83430029B9B7B8DF8353008AB142242
:100F40000021184602F07BF907AB089306AB099322
:100F5000029B9B88ADF82C30029B9B68002B06D02F
:100F6000029BDB88ADF82830029B9B680C93029BA8
:100F70009B69002B4FD005AB03220021184602F0DD
:100F80005EF9029B9B691B88ADF83C30029B9B6914
:100F90005B88ADF83E30029B9B695B680E9305ABA6
:100FA0001193029B9B691B7B05AA11461846FFF70C
:100FB000C1FE029B9B695A7B05AB01331946104663
:100FC000FFF7B8FE029B9B699A7A9DF8163062F390
:100FD000C3038DF81630029B9B69DA7A9DF81630B0
:100FE00062F304138DF81630029B9B691A7A9DF800
:100FF000163062F300038DF81630029B9B699B7BD1
:10100000002B01D0022200E001229DF8163062F38D
:1010100042038DF81630029BDB69002B02D0029B45
:10102000DB69109308AA0DA9BDF80E00019BFFF71C
:1010300067FE0346184615B05DF804FB90DF704765
:1010400000BF1846A5DF704700BF1846B5DF7047E0
:1010500000BF184682B00190019BF7221A80019BC5
:1010600017225A80019B00221A71019B00225A719B
:10107000019BFB229A71019B1B22DA7100BF02B017
:10108000704700B589B003460A46ADF806301346EE
:10109000ADF80430BDF80430ADF81430BDF80430BC
:1010A000ADF816300023ADF818300023ADF81A3033
:1010B00003AB00221A609A8003AA05A9BDF8063086
:1010C0001846FFF7BBFF0790079B002B02D0BDF827
:1010D0000C30002B079B184609B05DF804FB00B5E7
:1010E00087B001900091009B9B88ADF81630BDF849
:1010F0001630DB00019A134406330493019B1A79DE
:10110000049B9A71009BDB7B012B02D0022B05D044
:1011100009E0019B1A88049B1A8004E0019B5A880D
:10112000049B1A8000BF049B1A88049B5B889A4228
:1011300015D9049B1A88BDF8163011461846FFF7DA
:1011400081FF0390039B002B03D1049B01225A7162
:1011500005E0039B112B02D1049B01221A71049B11
:101160009A79049BDB799A4208D9049B9B799AB2BD
:10117000BDF8163011461846FFF783FF00BF07B0D1
:101180005DF804FB00B583B001900091009B9B8843
:10119000DB00019A134406331846FFF75BFF00BFDC
:1011A00003B05DF804FB00B587B001900091009B8F
:1011B0009B88ADF81630009B5B89ADF81430BDF804
:1011C0001630DB00019A134406330493049B1B88FA
:1011D000BDF81420934228BF13469AB2049B5A804C
:1011E000049B5B88172B38BF17239AB2049B5A8045
:1011F000019B1B69002B15D0049B5B79002B11D040
:1012000040F67723ADF80830BDF81630ADF80A3057
:10121000049B5B88ADF80C30019B1B6902AA114648
:1012200001989847049B00225A71049B00221A716E
:1012300000BF07B05DF804FB00B589B001900091D4
:10124000009B9B88ADF81E30009BDB88ADF81C30FE
:10125000BDF81E30DB00019A134406330693BDF837
:101260001C30172B38BF1723ADF81C30069B1B888A
:10127000BDF81C20934228BF13469AB2069B5A80A1
:10128000069B00221A71069B1A88BDF81E30114673
:101290001846FFF7DBFE0590069B5B79002B16D105
:1012A000019B1B69002B13D040F67723ADF80C305F
:1012B000BDF81E30ADF80E30069B5B88ADF81030DF
:1012C000019B1B6903AA11460198984700E000BFE3
:1012D00009B05DF804FB30B591B001900091009B1E
:1012E00004AC1D1D0FCD0FC40FCD0FC495E8070032
:1012F00084E80700BDF81030ADF83E30BDF814208A
:10130000BDF83E30D1B2019ADB0013440A465A734D
:10131000019B1B69002B19D002AB00221A609A8036
:101320004DF67A23ADF80830BDF83E30ADF80A30FE
:10133000BDF83E30019ADB0013445B7B8DF80C3026
:10134000019B1B6902AA11460198984700BF11B082
:1013500030BD00B587B001900091009B0433059328
:10136000059B1B88DB00019A134406330493059BFD
:101370009B888DF80F30049B9B799DF80F2093423A
:1013800028BF13468DF80E30059B1B889DF80E2054
:1013900092B211461846FFF774FE00BF07B05DF821
:1013A00004FB00B585B001900091019B002B01D199
:1013B0000E231DE0019B009A1A61019BF7221A80FF
:1013C000019BF7225A80019BFB221A710023039391
:1013D0000AE0039BDB00019A134406331846FFF72B
:1013E00039FE039B01330393039B002BF1D00023B1
:1013F000184605B05DF804FB82B001900B46ADF8CD
:101400000230019B002B01D10E230EE0BDF802300B
:10141000162B03D9BDF80230F72B01D9072304E0BE
:10142000019BBDF802201A800023184602B07047C5
:1014300000B587B001900091009B0593019B9B88AC
:10144000ADF81230BDF81230002B40F08480019BC3
:101450001B88552B48D0552B55DC242B32DC102B08
:1014600051DB103B142B4ED801A252F823F000BFE1
:10147000CB140300D5140300071503000715030060
:1014800007150300071503000715030007150300E0
:1014900007150300071503000715030007150300D0
:1014A00007150300071503000715030007150300C0
:1014B000071503000715030007150300FD140300BB
:1014C000F31403003A2B0AD01DE001990598FFF7A9
:1014D00006FE19E001990598FFF754FE14E0019902
:1014E0000598FFF760FE0FE001990598FFF7A4FE4D
:1014F0000AE001990598FFF7EEFE05E001990598CD
:10150000FFF727FF00E000BFBDF81230059ADB00AF
:1015100013449B7A002B1FD0BDF81230059ADB00D4
:101520001344DA88BDF8123011461846FFF78AFDD9
:101530000390039B002B0FD1BDF81230059ADB00FE
:10154000134400229A72BDF81230059ADB0013444E
:101550000122DA7200E000BF07B05DF804FB00BFB3
:10156000B0DF704700BF184666DF704700BF1846FF
:1015700082B001900091019B002B01D10E2316E057
:10158000009B002B01D10E2311E0019B1B78DE2B69
:1015900001D108230BE0009B1A68019B5A60019B54
:1015A000DE221A70019B4FF6FF725A800023184604
:1015B00002B0704782B001900B46ADF80230019B3B
:1015C000002B01D10E230AE0019B1B78DE2B01D0FA
:1015D000082304E0019BBDF802205A80002318462E
:1015E00002B0704700B585B00190019B1B7A002BBB
:1015F00018D0019B5B8800211846FFF7B5FF0390C8
:10160000039B002B03D1019B00221A720AE0039B6B
:10161000112B03D1019B01221A7203E0019B5B682D
:101620000398984700BF05B05DF804FB00B583B090
:1016300001900091009B1B79012B0BD1009B1A8814
:10164000019B5B889A4205D1019B01221A72019885
:10165000FFF7C8FF00BF03B05DF804FB82B0019044
:10166000009100BF02B0704700B589B001900091B1
:10167000009B1A88019B5B889A4236D1009B0233FB
:101680000793079B1B78022B31D1079B1B7A042BF6
:1016900007D0079B1B7A062B03D0079B1B7A052BD1
:1016A00027D102AB00221A605A609A60DA600223E6
:1016B0008DF808304FF4C073ADF80C30079B1B7ADF
:1016C000052B02D10023ADF80C30009B1B8802AA29
:1016D00011461846FFF744FF0690069B002B09D0E1
:1016E000019B5B680698984704E000BF02E000BFDA
:1016F00000E000BF09B05DF804FB00B585B00190C3
:101700000091009B002B40D0019B002B3FD0009B01
:101710000393039B1B78DE2B3BD1019B9A88039B91
:101720005B889A4202D10398FFF75CFF019B1B88FC
:10173000512B18D0512B2EDC112B1BD0112B2ADC56
:10174000012B02D0022B07D025E0019B0433194660
:101750000398FFF76BFF21E0019B043319460398C0
:10176000FFF77CFF1AE0019B043319460398FFF74B
:101770007BFF13E0019B9A88039B5B889A420CD104
:10178000039B4FF6FF725A8007E000BF06E000BFE0
:1017900004E000BF02E000BF00E000BF05B05DF85C
:1017A00004FBA8DF704700BF1846ADDF704700BFDD
:1017B0001846AEDF704700BF184662DF704700BFB3
:1017C000184600B58FB00190009100230393019B50
:1017D0005869009B9B8803AA1946FFF738FA0D90B9
:1017E00005AB08220021184601F029FD04AB069341
:1017F0000223ADF814300023ADF81630009B988812
:10180000019B1B8905AA1946FFF7CFFF0D900D9B81
:10181000002B26D1019B9B69002B22D0069B1846EA
:10182000FFF772FA0346002B1BD0039B002B02D05C
:10183000039B01221A7007AB18220021184601F001
:10184000FEFC02238DF81C30019B0893009B9B88B3
:10185000ADF82430039B0A93019B9B6907AA1046AD
:10186000984700BF0FB05DF804FB00B58DB0019044
:101870000091009B06330B93019B5869009B9B884A
:1018800003AA1946FFF7E3F90A9004AB18220021D6
:10189000184601F0D4FC019B0593009B9B88ADF892
:1018A0001830039B07930B9B1A88019B1B899A4254
:1018B00025D10B9B5B89022B21D1039B002B38D0B8
:1018C0000B9B0C331846FFF71FFA0346002B06D07C
:1018D000039B01221A7002238DF8103005E0039B50
:1018E00000221A7003238DF81030019B9B69002B96
:1018F0001FD0019B9B6904AA1046984719E00B9BD7
:101900001A88019B9B899A4214D1019B9B69002BE9
:1019100010D000238DF810300B9B0C3308930B9BD9
:101920005B89ADF82430019B9B6904AA1046984757
:1019300000E000BF00BF0DB05DF804FB00B58BB048
:1019400001900091019B5869009B9B8802AA19464F
:10195000FFF77DF90990099B002B1AD1029B1B7898
:10196000002B17D003AB18220021184601F067FCAA
:1019700001238DF80C30019B0493009B9B88ADF8EC
:101980001430029B0693019B9B6903AA104698475B
:1019900000E000BF0BB05DF804FB00B585B001901E
:1019A0000091009B002B1ED0019B002B1BD0009BA5
:1019B0000393019B1B88572B10D0572B15DC102B42
:1019C00002D0502B05D010E001990398FFF7F9FEE3
:1019D0000CE001990398FFF748FF07E0019903988D
:1019E000FFF7ACFF02E000BF00E000BF05B05DF80C
:1019F00004FB000010B592B0019000914F4B0AAC6F
:101A00000FCB84E80F00019B002B01D10E2391E046
:101A1000009B002B01D10E238CE0009B1A68019BD8
:101A20009A61019A0AAB11461846FFF7C6FE11905B
:101A3000119B1093109B002B01D0109B7AE0019B0F
:101A40001B788DF83A300123ADF83830019B9A1C91
:101A50000EAB19460120FFF7A4FE1190119B0F93C6
:101A60000F9B002B01D00F9B64E002AB20220021D2
:101A7000184601F0E4FB0223ADF80830019B1B7807
:101A80008DF80A30F423ADF80C300123ADF80E3098
:101A900001238DF814309DF8153043F008038DF8BC
:101AA00015309DF8153043F004038DF815300123EF
:101AB0008DF8193001238DF81A30019B5888019B4D
:101AC00003F10C0202AB1946FFF7A6F91190119B26
:101AD000002B01D0119B2DE002AB202200211846E3
:101AE00001F0ADFB0323ADF80830019B1B788DF8A6
:101AF0000A30F423ADF80C300123ADF80E30012389
:101B00008DF814309DF8153043F010038DF8153022
:101B100001238DF8193001238DF81A3001238DF837
:101B20001B30019B5888019B1A1D02AB1946FFF719
:101B300073F90346184612B010BD00BF9857030052
:101B400000B58DB0039002910192ADF80230039B75
:101B5000002B01D10E2342E0039B5B6905AABDF86F
:101B600002101846FFF773F80B900B9B0A930A9B21
:101B7000002B01D00A9B32E0BDF802304FF6FF7215
:101B8000934202D0059B002B01D1052327E0059B42
:101B90001B7883F00103DBB2002B01D008231EE089
:101BA000019B1B88F42B01D9072318E006AB1022F8
:101BB0000021184601F043FB039B9B88ADF81830C9
:101BC000029B0993019B089301238DF81A3006AA02
:101BD000BDF8023011461846FFF7EBFD03461846E4
:101BE0000DB05DF804FB000082B003468DF80730AD
:101BF0009DF8073003F01F0205499DF907305B0986
:101C0000012000FA02F241F8232000BF02B0704721
:101C100000E100E082B003468DF807309DF8073000
:101C200003F01F0206499DF907305B09012000FA05
:101C300002F2203341F8232000BF02B0704700BFFA
:101C400000E100E082B003468DF807309DF90730CF
:101C5000002B0BDA0B4A9DF8073003F00F03043B0F
:101C600013441B7EDBB25B09DBB208E0064A9DF938
:101C70000730134493F80033DBB25B09DBB218463C
:101C800002B0704700ED00E000E100E000B583B075
:101C90000190019B002B03D10449C420FBF774F889
:101CA000019B5B68184603B05DF804FBA85703006E
:101CB00010DF704700BF184611DF704700BF18469D
:101CC00082B003468DF807309DF907301F2B0CDCDE
:101CD0009DF907300F4A22FA03F303F00103002BAA
:101CE00014BF01230023DBB210E09DF907303F2B26
:101CF0000BDC9DF90730203B012202FA03F3002B95
:101D000014BF01230023DBB200E00123184602B018
:101D1000704700BFFC06FFBD82B00190019B072BFE
:101D200007D8EC22019B42FA03F303F00103002BD6
:101D300001D1002300E00123184602B070470000E3
:101D400000B583B003468DF807309DF9073018467B
:101D5000FFF7B6FF0346002B02D142F201032EE04B
:101D60009DF907301846FFF76DFF03461846FFF749
:101D7000D3FF0346002B02D142F202031FE0124BB5
:101D80009B68002B15D09DF907305B090E4A52F86D
:101D900023209DF8073003F01F03012101FA03F30C
:101DA00019469DF907305B090A43074941F823208A
:101DB00004E09DF907301846FFF716FF0023184688
:101DC00003B05DF804FB00BF682C002000B583B0B1
:101DD00003468DF807309DF907301846FFF770FF6E
:101DE0000346002B02D142F201031FE0114B9B6816
:101DF000002B15D09DF907305B090E4A52F82310CD
:101E00009DF8073003F01F03012202FA03F3DA43BF
:101E10009DF907305B090A40064941F8232004E098
:101E20009DF907301846FFF7F5FE0023184603B06A
:101E30005DF804FB682C002000B587B003468DF8E0
:101E4000073002AB14491846F6F7B6F817E002ABB4
:101E50001846FFF71BFF0590059B1B680493059B25
:101E600059689DF80720049B104698470346002BAD
:101E700001D111230BE002AB1846F6F7C7F802AB0D
:101E80001846FFF703FF0346002BE0D10023184656
:101E900007B05DF804FB00BF7458030000B587B0BD
:101EA00003468DF8073002AB11491846F6F784F85F
:101EB00012E002AB1846FFF7E9FE0590059B1B6890
:101EC0000493059B59689DF80720049B104698478A
:101ED00002AB1846F6F79AF802AB1846FFF7D6FEA3
:101EE0000346002BE5D100BF00BF07B05DF804FB3F
:101EF0008058030000B583B01620FFF721FF019042
:101F0000019B0093009B002B04D0044AA121009860
:101F1000F4F7B0FA00BF03B05DF804FB0458030007
:101F200000B583B01620FFF751FF0190019B00938D
:101F3000009B002B04D0044AAD210098F4F79AFAD4
:101F400000BF03B05DF804FB0458030000B585B082
:101F5000234B1B78002B01D008233CE0214B0122AE
:101F60001A700020FFF768FF0346112B01D10023F0
:101F700031E00020FFF792FF1B4B1B680293002308
:101F80008DF807300DF107031846F5F7F7F902ABA6
:101F900016491846FFF78CFE0390039B002B0CBFDD
:101FA00001230023DAB20E4B1A709DF80730184651
:101FB000F5F7FAF9039B002B01D0039B0BE0094BCB
:101FC00000221A700A4B00221A70FFF793FF0120BB
:101FD000FFF764FF0023184605B05DF804FB00BF5F
:101FE00064410020664100207058030091640200A3
:101FF0006541002000B583B01D4B1B7883F00103C1
:10200000DBB2002B01D008232EE01A4B01221A70FC
:102010000120FFF711FF0346112B01D1002323E01C
:102020000220FFF73BFF00238DF803300DF103037F
:102030001846F5F7A3F9FFF73FFE01900C4B00227D
:102040001A709DF803301846F5F7AEF9019B002B86
:1020500001D0019B08E0074B00221A70FFF760FFD8
:102060000320FFF71BFF0023184603B05DF804FBB5
:102070006441002066410020014B1B7818467047E0
:102080006441002000B585B06B4611491846F5F74C
:1020900093FF10E06B461846FFF7F8FD0390039B93
:1020A0001B680293039B5A68029B104698476B4635
:1020B0001846F5F7ABFF6B461846FFF7E7FD0346FA
:1020C000002BE7D100BF00BF05B05DF804FB00BFE7
:1020D0008C58030008B5FFF7D5FF00BF08BD60DFCF
:1020E000704700BF184669DF704700BF184661DFC0
:1020F000704700BF1846000000B583B00190019BF7
:10210000002B03D10449C420FAF73EFE019B5B6813
:10211000184603B05DF804FB9858030082B00190A4
:10212000019B002B01D10E2304E0044B1A46019BB6
:102130001A600023184602B0704700BFD82A00205A
:1021400000B587B0034600918DF807300098FFF77F
:10215000E5FF0590059B002B01D0059B7AE002ABC3
:102160000C220021184601F06AF89DF807308DF81E
:10217000083001238DF80A300623ADF80C30009B9F
:102180001A6802AB19462020FFF7ADFF059002AB9D
:102190000C220021184601F052F801238DF8093075
:1021A00000238DF80A3000238DF80B30009B1A684D
:1021B00002AB19464020FFF796FF059002AB0C22B8
:1021C0000021184601F03BF89DF807308DF80830E3
:1021D000F723ADF80A30009B1A6802AB194623209A
:1021E000FFF781FF059002AB0C220021184601F099
:1021F00026F801238DF80830009B1A6802AB1946B7
:102200000120FFF770FF059002AB0C220021184659
:1022100001F015F84FF4B0630293009B1A6802AB0B
:102220001946A120FFF75FFF059002AB0C220021A9
:10223000184601F004F89DF808306FF300038DF89C
:102240000830009B1A6802AB1946A020FFF74BFF2D
:1022500005900023184607B05DF804FB00B585B073
:102260000190019B1B6803930198FFF738FF0290D0
:10227000019B1B68039A9A42029B002B02D1044BDC
:1022800001221A70029B184605B05DF804FB00BFDE
:102290006741002000B5ADF5077D01AB1860244B08
:1022A0001B7883F00103DBB2002B3BD14FF4FA73B0
:1022B000ADF806320DF2062202AB11461846FFF7C2
:1022C00016FF8590859B002B03D0859B052B22D183
:1022D00029E002AB84937FAB16491846F5F76CFEF4
:1022E00011E07FAB1846FFF707FF8390839B1B68C5
:1022F0008293839B5A68829B1146849898477FAB50
:102300001846F5F783FE7FAB1846FFF7F5FE034648
:10231000002BE6D1CAE7084A40F239118598F4F754
:10232000A9F800E000BF0DF5077D5DF804FB00BFD4
:102330006741002064590300F458030000B583B0DE
:102340000190019B002B03D10449C420FAF71CFD26
:10235000019B5B68184603B05DF804FB70590300ED
:102360004BDF704700BF184600B589B0019004AB41
:102370001846FFF7F5FF0790079B002B03D0079B3C
:10238000052B20D124E002AB13491846F5F714FEC3
:1023900011E002AB1846FFF7D1FF0690069B1B68C1
:1023A0000593049A069B5968059B1046984702AB13
:1023B0001846F5F72BFE02AB1846FFF7BFFF0346A2
:1023C000002BE6D1D3E7054A6B210798F4F752F8C2
:1023D00000BF09B05DF804FB3C5A0300CC59030070
:1023E00082B00190019B184602B0704700B58FB0D3
:1023F00003900291009313468DF8073000230D934C
:10240000029B09939DF807300A93009B0B939DF85C
:1024100040300C93039B043309A900221846F7F7B8
:1024200001FF0D900D9B18460FB05DF804FB0000F6
:1024300082B00190034A019B1A60019B184602B0CA
:10244000704700BF505A030082B00190FB2318462A
:1024500002B0704700B583B00190019B93F8203023
:10246000DBB2012B14BF01230023DBB2002B08D009
:1024700000220121019800F039F8019B012283F824
:1024800020200123184603B05DF804FB00B583B09B
:102490000190019B93F82030DBB2052B14BF012380
:1024A0000023DBB2002B0DD007220121019800F0A0
:1024B0001DF880224021019800F018F8019B0522A8
:1024C00083F82020019B93F82030DBB2052B0CBF52
:1024D00001230023DBB2002B00D0F3E7019B9B7E9E
:1024E000DBB2184603B05DF804FB000000B589B00C
:1024F00003900B468DF80B3013468DF80A309DF88B
:102500000B3063F07F03DBB28DF818309DF80A3092
:102510008DF81930104B00221A70039B186905AB17
:1025200006A9022200920222FFF760FF0790079B94
:10253000002B01D0079B0BE0074B1B78DBB2002B75
:102540000CBF01230023DBB2002B00D0F4E7079B74
:10255000184609B05DF804FB1434002000B585B0BE
:102560000190019B002B0CD0084B43F00103039317
:10257000019B9B010293054B43F00103029898478E
:1025800000E000BF05B05DF804FB00BF605A030027
:1025900000B583B00190019B002B0FD04FF47A70EF
:1025A000FFF7DCFF019B013B0193019B002B14BF54
:1025B00001230023DBB2002B01D0EFE700BF03B003
:1025C0005DF804FB00B583B00190F4F74FFE0346BD
:1025D000002B14BF01230023DBB2002B01D0012309
:1025E00000E00023184603B05DF804FB00B585B099
:1025F00001900091009800F077FE02900023039371
:10260000039B029A9A4213D9039B009A13441B78A6
:102610001846F4F7FBFD0346002B14BF01230023EB
:10262000DBB2002B00D0EFE7039B01330393E7E716
:102630006420FFF7ADFF00BF05B05DF804FB00B5F7
:1026400085B001900DF10F031846F4F7A5FD034680
:10265000002B14BF01230023DBB2002B00D0F1E7D5
:102660009DF80F30184605B05DF804FB00B583B047
:102670000190019B1B78022B03D10748FCF7D4FB88
:1026800006E0019B1B78012B02D10448FCF7CCFB30
:1026900000BF03B05DF804FB345C0300505C030032
:1026A00000B585B00390029101920093019A0299BE
:1026B000039800F011F8F4F74DFD054A009B1360F4
:1026C000044A069B136000BF05B05DF804FB00BF21
:1026D0006C4100207041002000B58FB00390029142
:1026E000019208AB00221A605A609A60DA601A619F
:1026F0005A610A230A930B230B93104B0D93029BF1
:102700000893019B09930E4B04934FF48063059348
:102710000C4B06934FF48063079304A908A8022387
:10272000094AF4F787FC0346DAB2084B1A700848E6
:10273000FCF77AFB00BF0FB05DF804FB00E0D701A7
:1027400074410020744500206D260300684100207C
:102750006C5C030000B583B001900B48FCF764FB90
:10276000002344F620620949019800F05BF8019BC0
:1027700019460748FCF758FBF4F7ECFCF4F780FD2A
:1027800000BF03B05DF804FB905C0300A45C030091
:10279000B05C030000B583B001901A48FCF744FB1D
:1027A000002344F620621849019800F03BF8019B91
:1027B00019461648FCF738FB0A20FFF7E9FE1448D3
:1027C000FCF732FB002344F620621249019800F026
:1027D00029F8019B19461048FCF726FB0A20FFF751
:1027E000D7FE002344F620620C49019800F01AF845
:1027F000019B19460A48FCF717FB00BF03B05DF8C0
:1028000004FB00BFBC5C0300D05C0300B05C0300B1
:10281000DC5C0300F45C0300045D0300205D030046
:10282000345D030000B587B00390029101920093DC
:10283000029B002B05D0F4F78DFC02990398FFF75B
:10284000D5FE039B4FF480620021184600F0F7FC90
:10285000274B1B6800221A60264B1B68019898477B
:1028600000230593224B1B681B68002B0CBF012320
:102870000023DBB2002B35D00398FFF7A3FE0346FD
:10288000002BEFD00398FFF7DAFE03468DF81330E4
:10289000059B40F2FD32934208DD1748FCF7C4FA6D
:1028A000039B002283F8FF2300231CE0059B5A1C96
:1028B0000592039A9DF81310D154039A009B002BA4
:1028C00001D0009B00E00D4B1946104600F060FC63
:1028D0000346002B14BF01230023DBB2002BC1D021
:1028E000012300E00023184607B05DF804FB00BF99
:1028F000704100206C41002098620300C462030014
:1029000088B001900091114B0693104B0793104B28
:102910000593079A059B9A4212D0079A02AB07CA01
:1029200083E80700029B009A9A4205DD039B009A08
:102930009A4201DC049B05E0079B0C330793E8E710
:102940004FF0FF33184608B0704700BF685A0300C5
:102950001C5B030088B001900091114B0693104B53
:102960000793104B0593079A059B9A4212D0079A3A
:1029700002AB07CA83E80700029B009A9A4205DD72
:10298000039B009A9A4201DC049B05E0079B0C33F1
:102990000793E8E74FF0FF33184608B0704700BFD1
:1029A0001C5B0300D05B030010B5ADF5046D07ACF4
:1029B000206006A8016005A90A6004AA13600DF64C
:1029C0003C0106AB0A22186800F080FB0DF63801C6
:1029D00005AB0A22186800F079FB04AB1A681346AD
:1029E0009B0013445B00043B0DF62C010A221846A1
:1029F00000F06CFB0DF624030A221946DDF84808A6
:102A000000F064FB06AB1B68012B0CD104AA07ABDA
:102A100011681868FFF774FF0DF634030A2219468F
:102A200000F054FB1AE006AB1B68002B16D104AA79
:102A300007AB11681868FFF78DFF034619463F483A
:102A4000FCF7F2F904AA07AB11681868FFF782FFD8
:102A50000DF634030A22194600F038FB0DF2244328
:102A60004FF480620021184600F0E9FB09AB4FF4F7
:102A700080620021184600F0E2FB314800F034FC8F
:102A800002460DF224432E49184600F0AFFB9DF894
:102A90004C38002B15D10DF63C0209A80DF6240385
:102AA00003930DF62C0302930DF6340301930DF6F8
:102AB000380300931346234A4FF4806100F013FB60
:102AC00018E09DF84C38012B14D10DF63C0209A8F2
:102AD0000DF6240303930DF62C0302930DF6340335
:102AE00001930DF6380300931346174A4FF48061A3
:102AF00000F0F9FA09A90DF224434FF48062184658
:102B000000F01AFB0DF2244319461048FCF78CF92B
:102B1000C820FFF73DFD0DF2244107A8002344F62D
:102B200020620068FFF77EFE07AB1B681946084865
:102B3000FCF77AF900BF0DF5046D10BDE4620300E7
:102B4000F46203000063030024630300486303008E
:102B5000B05C030082B00190019B184602B0704740
:102B600084B00390029101928DF80330039B029A86
:102B70001A60039B019A5A60039B9DF803201A7206
:102B8000039B049ADA60039B4FF040221A61039B77
:102B900000221A75039B184604B0704782B001905A
:102BA000019B1033184602B0704782B0019000912B
:102BB000019B009A1A60019B00225A72019B00221D
:102BC000DA72019B00229A71019B184602B070478D
:102BD000C0F3C75191B142004FEA40704FEAD201B1
:102BE0004FEA310101F16051B2F17F4F38BF7047B8
:102BF00001F1605118BF41F40021704710F000410D
:102C00000020704701F000428B1AA3F16051B1F52A
:102C1000801F0ADBB1F17F6F09D242EAC102C10015
:102C200071F1004142EB5070704710467047012827
:102C30005B4113F5001F04D842F0FE4040F4000051
:102C40007047C90041EA507040EA020040F4800039
:102C500040F08040704700BF10EE100A4FEA40007D
:102C6000B0F17F4F0CBF01200020704710EE100A1A
:102C700041000020B1F17F4F18BF50EB00007047BA
:102C800010EE100A00F00040704700BFB0EEC00A1E
:102C9000704700BF00B510EE100A00F003F800EE18
:102CA000100A00BD4FF07F43B3EB400F22D9410023
:102CB00008BF704703EA4002120E7F3A14DB172A5E
:102CC000A8BF70474FF6FF73C0F27F03D34018428E
:102CD00020EA030018BF10F0004F08BF70474FF400
:102CE0000001D1404018704710F0004F0CBF002089
:102CF0000248704718BF024870470000000080BFBC
:102D00000000C07F00B5014610EE100A00F003F885
:102D100000EE100A00BD4FF07F43B3EB400F98BFA9
:102D2000704713EA400207D0120E7E3A0A6020EA8A
:102D3000530040F07C5070470A6000F0004070473C
:102D400000B5014610EE100A00F003F800EE100A7C
:102D500000BD4FF07F43B3EB400F98BF704713EABD
:102D6000400204BF00F00040704711EB1262DCBF6C
:102D700000F000407047FF2A3CBF00EBC150704795
:102D800040004FEA33007047DFED137AB4EE670A74
:102D9000F1EE10FA12D010EE102AC2F3C7537F3BA7
:102DA00011D4162B12DC0D4921FA03F322EA030297
:102DB00007EE902A026030EE670A7047C0ED007A95
:102DC000B0EE670A7047C0ED007A704780ED000AE8
:102DD000B0EE670A704700BF00000000FFFF7F00F1
:102DE00000B52DED028BF5EE400AF1EE10FA83B03E
:102DF0004BD0B0EE608AF0EE408AFFF737FF30B17B
:102E0000B0EE680A03B0BDEC028B5DF804FBB0EED7
:102E1000480AFFF72BFF002843D1F5EE408AF1EE78
:102E200010FAEDD0B0EE680AFFF716FF00283FD188
:102E3000B0EE480AFFF710FF0028E1D1B0EE480AD3
:102E4000FFF724FFB0EE408A88EE880A01A8FFF75A
:102E50009BFFDDED017AF5EEC08AB0EE680AF1EE77
:102E600010FAA8EE670AB1EE487A24DDB4EEC08A03
:102E7000F1EE10FA98BF30EE480AB5EEC00AF1EE56
:102E800010FABFD530EE080ABCE700F015F9114B77
:102E90009FED110A1B68036003B0BDEC028B5DF867
:102EA00004FBB0EE480A03B0BDEC028B5DF804FBF6
:102EB0009FED090AA6E7B4EEC70AF1EE10FA98BF33
:102EC00030EE080AB5EEC00AF1EE10FA9ADD30EEE7
:102ED000480A97E7886303000000C07F53EA020CAA
:102EE00061D02DE9F04BB3FA83F51E0007BFB2FAAB
:102EF00082F502FA05F403FA05F41646C5F1200539
:102F00001EBF22FA05F73C43203556EA044C4FEA2F
:102F1000144418BF0134A3464FF00009C84690423C
:102F200071EB030C39D3094207BFB0FA80F700FAFE
:102F300007F6B1FA81F701FA07F6C7F120071EBFBD
:102F400020FA07FC46EA0C062037B6FBFBFC7F1B89
:102F5000103F07F01F04C4F120060CFA04F42CFA09
:102F600006F644BF34460026202FA4BF2646002480
:102F700054EA060C08BF012418EB040849EB0609C3
:102F8000A4FB027CC01B06FB02CC04FB03CC71EB50
:102F90000C01904271EB030CC5D20B460246494628
:102FA0004046BDE8F08BB2FBF3F20000002816DBD0
:102FB000002817DD0022B7EE000A0C4B10F0010FBD
:102FC0001CBFD3ED007A20EE270A401004330028FE
:102FD000F4DC4AB1F7EE007A87EE800A704740428F
:102FE0000122E8E7B7EE000A704700BF8C630300D8
:102FF00038B504460846A26842B1236861685D1C82
:103000008D4208BF00208B4208D2D054E3682BB118
:1030100021686268914201D22146984723680133B2
:10302000236038BD70B54C1E09D41646C5B229467A
:103030003046FFF7DDFF013CB4F1FF3FF7D170BD33
:1030400010F0100F08D108B510F4007F14BF302025
:103050002020FFF7E7FF08BD7047F0B4054608469B
:1030600033B10E462D2306F8013B6D42344602E093
:103070000E46FBE73C46B5FBF2F702FB1753294629
:103080003D46092B8CBF57333033DBB2274607F858
:10309000013B9142EED200233B702378327804F852
:1030A000012906F8013BB442F7D8F0BC704700286C
:1030B000B8BF40427047000000B5F3F789F9024BF2
:1030C00018445DF804FB00BF0800000008B50A2A98
:1030D00001D1002803DB0023FFF7BFFF08BD012358
:1030E000FFF7BBFFFAE70CB400B587B008AA52F8A7
:1030F000043B05920390002004900291194601A818
:1031000000F022F907B05DF804EB02B070470EB48E
:1031100000B586B007AA52F8041B0592039000235D
:1031200004936FF00043029301A800F00DF906B07C
:103130005DF804EB03B0704710B4037883B1044624
:1031400014F8013F002BFBD1234614441A46A34236
:1031500008D011F8012B03F8012B002AF6D103E067
:103160000446F1E7002313705DF8044B70470378C1
:1031700053B159B10144034613F8012F12B18B42E8
:10318000FAD10B46181A70470346FBE70346F9E7E6
:1031900070B40E78C6B1037833B9002014E02378F8
:1031A00093B110F8013F8BB10378002BF9D04C1C80
:1031B000054632469A42F4D115F8013F002BEED075
:1031C00014F8012B002AF5D170BC70470020FBE7F2
:1031D00010B584B00C46114602900022039201946F
:1031E0001A46684600F0B0F804B010BD844640EAC4
:1031F000010313F0030F18D18446202A0BD32DE9C5
:10320000F007B1E8F807A0E8F807A2F12002202AA9
:10321000F7D2BDE8F007042A07D351F8043B40F881
:10322000043BA2F10402042AF7D2002A05D011F8C7
:10323000013B00F8013B013AF9D1604670478446F2
:10324000002A2DD010F0030F04D000F8011B013A22
:1032500026D0F7E7C9B241EA012141EA0141202A1B
:1032600012D3A2F120022DE9F0030B460C460D46C5
:103270000E460F4688468946A0E8FA03203AFBD25C
:10328000BDE8F00320320BD0042A05D340F8041B1C
:10329000043A05D0042AF9D200F8011B013AFBD107
:1032A00060467047024610F0030F16D111F0030F6D
:1032B00013D12DE9F0004FF001374FF0803351F872
:1032C000044BA4EB070525EA04051D4002D142F892
:1032D000044BF4E7A1F10401F0BC11F8013B02F842
:1032E000013B002BF9D1704700F1010110F0030FF1
:1032F00011D010F8012B002A23D010F0030F0AD0B0
:1033000010F8012B002A1CD010F0030F03D010F886
:10331000012B002A15D02DE970004FF001324FF03B
:10332000803350F8044BA4EB020525EA04051D4048
:1033300000D1F6E7A0F1040070BC10F8012B002AC0
:10334000FBD1A0EB010070472DE9F04F2DED048B70
:1033500089B083460392002303600D4615F8011BD4
:10336000002900F0BF86DFEDA48A00F0ABBE002686
:1033700007E05E2866D146F4805601E046F040063C
:1033800015462A4612F8010B3028F2D81F2838D9E2
:10339000A0F12003102B34D801A151F823F000BF75
:1033A0007D3303000334030003340300E5330300DB
:1033B000033403000334030003340300EB3303003E
:1033C000033403000334030003340300F133030028
:1033D00003340300F7330300033403000334030012
:1033E000FD33030046F08006CAE746F40046C7E70F
:1033F00046F02006C4E746F01006C1E746F4007622
:10340000BEE72A281ED1039B191D03911F68002FB8
:10341000BCBF7F4246F010061078AA1C27EAE77569
:103420002E2824D00027742845D07A2843D06C2831
:1034300000F0C2804C2800F0C580682800F0D380DE
:1034400091463BE0A0F13003DBB2092B88BF002797
:10345000E4D8002707EB8707303800EB470712F85E
:10346000010BA0F13003DBB2092BF3D9D6E71078BA
:103470002A280AD1039B191D03911F685078023234
:10348000002FD0DB46F48076CDE70132A0F1300387
:10349000DBB2092B88BF0027F4D8002707EB87078A
:1034A000303800EB470712F8010BA0F13003DBB214
:1034B000092BF3D9E4E7914619F8010B782800F2BB
:1034C0008480DFE810F02106820082008200820002
:1034D00082008200820082008200820082008200DC
:1034E00082008200820082008200820082008200CC
:1034F00082008200820082008200820082008200BC
:1035000082008200820082008200820082008200AB
:10351000A30082008200820082008200820082007A
:10352000820082008200820082008200820082008B
:10353000820082008200820082008200820082007B
:10354000820082008200820082008200820082006B
:10355000C401E101E6018200820082008200820053
:10356000820082008200820082008200820082004B
:103570008200820082001E0182008200820082009E
:10358000820082008200820082008200A900530132
:10359000C601E301E801820053018200820082003B
:1035A0008200B9004101040182008200CE00820045
:1035B0004C01820082002001914619F8010B46F06F
:1035C00001067BE746F0010691460C4B1C68002C77
:1035D00000F0748503AB019300972B4632465946A1
:1035E000A04700F06BBD1078682809D002F10109EE
:1035F00046F0040662E700BF0000C842744900209C
:1036000046F0080602F10209507857E7252158468E
:10361000FFF7EEFC00F052BD039B1A1D03921C78CD
:10362000013D5A4629463046FFF70AFD21465846D5
:10363000FFF7DEFCB0463AE016F0080F08D0DBF8E2
:103640000020039B191D03911B681A7000F036BD02
:10365000039B1A1D03921B68DBF800201A6000F020
:103660002DBD039B1A1D03921C688C4B002C08BFB8
:103670001C4626F4007816F4807F23D03946204675
:10368000FFF775FD0646AD1B5A4629464046FFF733
:10369000D7FC06F1FF3A56B12746344417F8011B10
:1036A0005846FFF7A5FCBC42F8D14FF0FF3A18F09E
:1036B000100F00F003855A4629462020FFF7B2FC80
:1036C00000F0FCBC2046FFF70FFE0646DBE7039B3D
:1036D0001A1D03921B6816F0800F0CBF00242324D0
:1036E00046F4807608271A46002B00F0B58404AB18
:1036F0004FF0000806F40050DFF8A4C1A64600F021
:1037000068BC46F4005616F0800F1BD043F27804D4
:1037100043F25803782818BF1C4616F4807F01D066
:1037200026F4007616F4804F32D0039B1A1D0392C4
:103730001B6816F0040F1FD01BB2002B20DA5B426F
:103740002D242DE00024E8E716F0800F0CBF0024A4
:10375000302416F4807FE5D026F40076E2E716F4F4
:10376000807F07D026F400760024DBE746F480460D
:103770000024D7E70024D5E716F0080FDDD0DBB230
:1037800016F0200F61D116F0400F18BF202407E07B
:10379000039B1A1D03921B6816F0040F50D09BB2B6
:1037A00016F4807F00F0E48326F400765838202851
:1037B00000F2398401A252F820F000BFE73603007E
:1037C0002740030027400300274003002740030051
:1037D0002740030027400300274003002740030041
:1037E0002740030027400300274003009D3F0300BC
:1037F0002740030027400300274003002740030021
:103800009D3F03002740030027400300274003009B
:103810002740030027400300753F0300E7360300FD
:1038200027400300274003002740030027400300F0
:103830009D3F03002740030027400300E7360300B5
:1038400016F0080FACD0DBB2AAE72B24A8E746F4A9
:10385000005646F48066039B073323F0070303F109
:1038600008020392D3E90001FFF7CCF908EE100A31
:1038700016F4807F16D0B7B906F44067B7F5406FED
:1038800014BF002701270EE046F4005646F40066F8
:10389000E1E746F4005646F44066DCE7A463030023
:1038A000786303000627B0EE480AFFF7D5F9002831
:1038B00040F0B980B0EE480AFFF7D8F980460028FA
:1038C00040F0CA80B0EE480AFFF7DAF9002840F06D
:1038D000CC8018EE103A08EE103A07A800EE103A25
:1038E000FFF710FA079B03EB4303C94A82FB03125D
:1038F000DB17C3EBA2030793B5EE408AF1EE10FA93
:1039000040F0BD8006F44064B4F5806F0AD0B4F591
:10391000406F40F06C81079BBB4203DA13F1040F48
:1039200080F2658107984042FFF740FB28EE008A4D
:103930008DED028AB5EE408AF1EE10FA34D0B0EE89
:10394000480AFFF789F9002840F0AF80F2EE047AC8
:10395000B4EEE78AF1EE10FA0DDB079BF2EE047A83
:10396000013388EE278AB4EEE78AF1EE10FAF7DA2F
:103970008DED028A0793DDED027AB7EE007AF4EE60
:10398000C77AF1EE10FA0FD5079B013BF2EE046AFD
:103990001A4667EEA67A013BF4EEC77AF1EE10FA0A
:1039A000F6D4CDED027A079227B1B4F5406F08BF87
:1039B00007F1FF377842FFF7F9FAF6EE007A60EE8A
:1039C000277A9DED027A77EE877AB2EE047AF4EEEA
:1039D000C77AF1EE10FA80F28180B0EE678A002F8C
:1039E00000F0918006F40863B3F5006F7ED026F4F2
:1039F000006302937B1DED1A013D16F4805F00F019
:103A0000F380079A834B83FB0213A3EBE27303EB70
:103A10004303D31A0233042B00F2E480DFE803F0FF
:103A200099DA9699DA00B5EEC08AF1EE10FA0CD464
:103A300016F4005F784C794B08BF1C4616F0200F37
:103A400008BF013426F4807613E616F4005F744C48
:103A5000744B08BF1C46F5E716F4005F724C734BBD
:103A600008BF1C4626F4807603E646F06006F1EEB9
:103A7000487A17EE903A2EE7079B01330793079891
:103A80000130FFF793FAB4EEC08AF1EE10FAF3DCDE
:103A900002E0079B013B07930798FFF787FAB4EE14
:103AA000C08AF1EE10FAF4D42CE7B5EEC08AF1EE3C
:103AB00010FA0CD416F4005F574C584B08BF1C4644
:103AC00016F0200F08BF013426F48076D1E516F4F5
:103AD000005F534C534B08BF1C46F5E7079B01336F
:103AE0000793B2EE047A87EE878A78E7092FA8BF9A
:103AF00009273846FFF75AFA60EE087AFCEEE77AB3
:103B000017EE903A4BB926F400630293053D16F088
:103B100080073FF472AF47466EE7454AA2FB0312A7
:103B2000D20802EB8202B3EB420F7FF460AF404950
:103B3000A1FB0323DB08013FE5D0A1FB0302D20870
:103B400002EB8202B3EB420FF2D050E74FF00108D4
:103B500008E0F2EE047A27EE888A013A0792013DE6
:103B60004FF0020827EAE77716F0600F18BF05F15B
:103B7000FF350798FFF79BFA6328C8BF05F1FF35AB
:103B8000F0EE487ABCEEC87A17EE104AB8EE478AD3
:103B900037EEC88A25EAE57A029B13F4047F00F029
:103BA000D580029B13F0200F00F0DE8013F0400F51
:103BB00014BF2D212B215846FFF71AFA029B13F050
:103BC000100F00F0DB801B4E08F10055013D06EBA5
:103BD000C505EAE028EE888A023A0792023D4FF0D6
:103BE0000308BFE7D046BDE74FF00108BCE716F475
:103BF000806F3ED0079B0E2B3ADC0133FC1A092C58
:103C0000A8BF092416F0800F16D0274631E000BF68
:103C10006766666656555555BC630300C46303006A
:103C2000AC630300B4630300CC630300D063030000
:103C3000CDCCCCCCD8630300BB426BD0F6EE009A5F
:103C4000B2EE049A2046FFF7B1F928EE000A30EEF2
:103C5000290AFFF71FF8F0EE490AFFF7C1F8B5EEA1
:103C6000400AF1EE10FA57D1013CEBD1274600E0B3
:103C7000474626F480630293079B7842A3F108022B
:103C80008242C8BFA3F10900FFF790F94FF0FF305F
:103C9000FFF756F838EE008AB0EE489A07980130E0
:103CA000FFF784F9B4EEC08AF1EE10FA02DD079B4B
:103CB000013307930798002840DB09282EDCFCEE2F
:103CC000C97A17EE904AB8EE678A39EE488A00231F
:103CD000079320460021092C35D9DFF858C44FF04E
:103CE000010808F10108FCE90223994208BF90424B
:103CF000F7D207EB0803079A1344ED1A06F0800386
:103D00003B4318BF05F1FF3516F0600F18BF05F1F2
:103D1000FF353FE72746ACE72746AAE7A0F10903AE
:103D20000793C0F10900FFF741F929EE009AFCEE74
:103D3000C97A17EE904A08EE108ACAE70024079461
:103D40004FF00108D5E74FF00108D2E7002D7FF7CB
:103D500028AF20255646013E29465846FFF748F928
:103D6000002EF8D1B2461CE7029B13F0400F3FF43F
:103D700025AF20215846FFF73BF91FE7BAF1000FA6
:103D80003FF421AF30255646013E29465846FFF7FD
:103D90002FF9002EF8D1B24615E74FF0300C6146EE
:103DA0005846FFF725F9B04515D0D5E90023A846B8
:103DB000083D0021994208BF9442EED34FF0300CE9
:103DC0000CF1010C5FFA8CFCA41A0021994208BF87
:103DD0009442F5D2E3E7029B13F4006449D1002F2B
:103DE00055D1029B13F0800F40F09181029B13F498
:103DF000806F2FD013F4005F14BF45216521584612
:103E0000FFF7F6F8079B002BC0F294802B21584651
:103E1000FFF7EEF80799632900F394800799C14CE6
:103E200084FB0132C917C1EBA2013031C9B2584637
:103E3000FFF7DEF8079B84FB0324D917C1EBA4012D
:103E400001EB8101A3EB410303F13001C9B25846F4
:103E5000FFF7CEF8BAF1000F00F03081202455466C
:103E6000013D21465846FFF7C3F8002DF8D1AA4678
:103E700024E1079B002BB2DD3025013B0793294647
:103E80005846FFF7B5F8079B002BF6DCA7E72E2175
:103E90005846FFF7ADF83D46092FA8BF092525EA8A
:103EA000E5757F1B8CB10798281AFFF77FF820EE85
:103EB000088AFCEEC87A17EE904A7DB305F10055EA
:103EC000013D994B03EBC50519E02846FFF76EF855
:103ED00020EE088AFCEEC87A17EE904AEDE70CF166
:103EE000010C5FFA8CFCA41A0021994208BF94428D
:103EF000F5D261465846FFF77BF8B0450ED0D5E9BC
:103F00000023A846083D0021994208BF944202D3ED
:103F10004FF0300CE3E74FF0300CEAE7002F3FF4AE
:103F200065AF3024013F21465846FFF761F8002F66
:103F3000F8D15BE72D215846FFF75AF8079B5B4203
:103F4000079367E7794C84FB0132C917C1EB621113
:103F50003031C9B25846FFF74BF8079A84FB02315B
:103F6000D317C3EB6113642101FB1323079355E7B8
:103F700001271BE41A464FF00008002B55D004A976
:103F80004FF0000803F00703303301F8013B08F15C
:103F90000108D2081346002AF4D146E019464FF032
:103FA0000008002B41D04FF0000806F4004E4FF0FF
:103FB0002C0ADFF884C17346A6461C4624E002F0B2
:103FC0000F015B4C615C03F8011B08F10108120949
:103FD00006D00028F3D002F00F011CF80110F2E720
:103FE000744622E008AB03EB0800ACFB0132D208B8
:103FF00002EB8203A1EB4303303300F8103C08F1DD
:10400000010809290DD91146002CEBD008F0030353
:10401000032BE7D108AB434403F810AC08F10108C7
:10402000E0E7744601E04FF00008A7EB080727EA35
:10403000E777ED1BA5EB0805FF2C10D9023D16F420
:10404000007F11D0C4F307215846FEF7D1FFE1B23B
:104050005846FEF7CDFF12E04FF00008E5E7002CD0
:104060005BD116F4007F0AD15A4629463046FEF746
:10407000E7FFFF2C98BF00252CD8002CE7D15A462B
:1040800029463046FEF7DCFF5A4639463020FEF717
:10409000C9FFB8F1010A0ED404AB54461C4498463B
:1040A000217827465846FEF7A3FF444504F1FF3424
:1040B000F6D14FF0FF3A16F0100F0DD14D4615F81E
:1040C000011B79B125293FF452A95846FEF790FF0C
:1040D000A946F3E70025B5E75A4629462020FEF712
:1040E000A1FFEBE7DBF808303BB1DBF80020DBF8A1
:1040F00004108A423CBF00219954DBF8000009B04B
:10410000BDEC048BBDE8F08F4FF0FF30F7E72E21B8
:104110005846FEF76DFF3D46C3E6013D16F4007FAD
:10412000ABD1A1E767666666D86303001F85EB51D4
:0C41300068630300E0630300CDCCCCCC3E
:08413C00ED8A02000000000002
:10414400AD0A030000000000311403007C35002098
:10415400E90203009C350020AD08030000000000C4
:104164009B190300342B0020FB160300903500201C
:1041740095CB02000000000051D0020000000000B6
:0441840069C7020005
:08418800158B0200000000008D
:1041900095220300000000006923030000000000D6
:0441A00025EB020009
:1041A40000000000382C0020D9660200433A5C5518
:1041B400736572735C507572766573685C446F6383
:1041C400756D656E74735C4769744875625C54728E
:1041D40061636B46575F4643435C3372645F70614F
:1041E4007274795C6E5246355F53444B5F31365C72
:1041F400636F6D706F6E656E74735C6C696272610F
:10420400726965735C74696D65725C6170705F740A
:10421400696D6572322E630001000600FFFFFFFF27
:10422400FFFFFFFFFFFFFFFFFFFFFFFF0000000096
:10423400000000000000D60106010000433A5C556E
:10424400736572735C507572766573685C446F63F2
:10425400756D656E74735C4769744875625C5472FD
:1042640061636B46575F4643435C3372645F7061BE
:104274007274795C6E5246355F53444B5F31365CE1
:10428400636F6D706F6E656E74735C6C696272617E
:10429400726965735C756172745C6170705F75617D
:1042A40072745F6669666F2E63000000433A5C5562
:1042B400736572735C507572766573685C446F6382
:1042C400756D656E74735C4769744875625C54728D
:1042D40061636B46575F4643435C3372645F70614E
:1042E4007274795C6E5246355F53444B5F31365C71
:1042F400636F6D706F6E656E74735C6C696272610E
:10430400726965735C7574696C5C6170705F7574F7
:10431400696C5F706C6174666F726D2E630000006F
:104324002E2E2F3372645F70617274792F6E524631
:10433400355F53444B5F31362F696E746567726124
:1043440074696F6E2F6E7266782F6E7266785F670F
:104354006C75652E680000002E2E2F3372645F701A
:10436400617274792F6E5246355F53444B5F313618
:104374002F6D6F64756C65732F6E7266782F68612C
:104384006C2F6E72665F7274632E6800433A5C55DC
:10439400736572735C507572766573685C446F63A1
:1043A400756D656E74735C4769744875625C5472AC
:1043B40061636B46575F4643435C3372645F70616D
:1043C4007274795C6E5246355F53444B5F31365C90
:1043D400636F6D706F6E656E74735C6C696272612D
:1043E400726965735C74696D65725C6472765F7220
:1043F40074632E6300000000000000000338FDD841
:10440400704700002E2E2F3372645F7061727479CE
:104414002F6E5246355F53444B5F31362F636F6DB9
:10442400706F6E656E74732F6C6962726172696508
:10443400732F6578706572696D656E74616C5F73F6
:10444400656374696F6E5F766172732F6E72665FF7
:1044540073656374696F6E5F697465722E680000BA
:104464002E2E2F3372645F70617274792F6E5246F0
:10447400355F53444B5F31362F636F6D706F6E65DC
:104484006E74732F6C69627261726965732F6D75D6
:104494007465782F6E72665F6D74782E6800000004
:1044A400433A5C55736572735C50757276657368D4
:1044B4005C446F63756D656E74735C4769744875AD
:1044C400625C547261636B46575F4643435C33726C
:1044D400645F70617274795C6E5246355F53444B0D
:1044E4005F31365C636F6D706F6E656E74735C6C98
:1044F40069627261726965735C7077725F6D676D12
:10450400745C6E72665F7077725F6D676D742E6334
:1045140000000000844103008841030004000000FF
:10452400433A5C55736572735C5075727665736853
:104534005C446F63756D656E74735C47697448752C
:10454400625C547261636B46575F4643435C3372EB
:10455400645F70617274795C6E5246355F53444B8C
:104564005F31365C636F6D706F6E656E74735C6C17
:1045740069627261726965735C6578706572696D90
:10458400656E74616C5F73656374696F6E5F766189
:1045940072735C6E72665F73656374696F6E5F6974
:1045A4007465722E63000000433A5C557365727340
:1045B4005C507572766573685C446F63756D656E87
:1045C40074735C4769744875625C547261636B46CA
:1045D400575F4643435C3372645F70617274795C05
:1045E4006E5246355F53444B5F31365C636F6D707A
:1045F4006F6E656E74735C6C696272617269657307
:104604005C736F72746C6973745C6E72665F736FE3
:1046140072746C6973742E6300000000433A5C5535
:10462400736572735C507572766573685C446F630E
:10463400756D656E74735C4769744875625C547219
:1046440061636B46575F4643435C3372645F7061DA
:104654007274795C6E5246355F53444B5F31365CFD
:10466400696E746567726174696F6E5C6E72667888
:104674005C6C65676163795C6E72665F6472765FB9
:10468400636C6F636B2E63002E2E2F3372645F7026
:10469400617274792F6E5246355F53444B5F3136E5
:1046A4002F696E746567726174696F6E2F6E7266BE
:1046B400782F6E7266785F676C75652E68000000EF
:1046C400433A5C55736572735C50757276657368B2
:1046D4005C446F63756D656E74735C47697448758B
:1046E400625C547261636B46575F4643435C33724A
:1046F400645F70617274795C6E5246355F53444BEB
:104704005F31365C6D6F64756C65735C6E72667870
:104714005C647269766572735C7372635C6E7266F4
:10472400785F636C6F636B2E630000002E2E2F3353
:1047340072645F70617274792F6E5246355F5344B0
:104744004B5F31362F696E746567726174696F6E81
:104754002F6E7266782F6E7266785F676C75652E41
:10476400680000002E2E2F3372645F7061727479BA
:104774002F6E5246355F53444B5F31362F6D6F6455
:10478400756C65732F6E7266782F68616C2F6E720C
:10479400665F6770696F2E6800000000433A5C55DD
:1047A400736572735C507572766573685C446F638D
:1047B400756D656E74735C4769744875625C547298
:1047C40061636B46575F4643435C3372645F706159
:1047D4007274795C6E5246355F53444B5F31365C7C
:1047E4006D6F64756C65735C6E7266785C64726917
:1047F400766572735C7372635C6E7266785F677001
:10480400696F74652E630000433A5C557365727377
:104814005C507572766573685C446F63756D656E24
:1048240074735C4769744875625C547261636B4667
:10483400575F4643435C3372645F70617274795CA2
:104844006E5246355F53444B5F31365C6D6F647511
:104854006C65735C6E7266785C647269766572739B
:104864005C7372635C7072735C6E7266785F707294
:10487400732E63002E2E2F3372645F70617274790D
:104884002F6E5246355F53444B5F31362F696E7439
:104894006567726174696F6E2F6E7266782F6E72BF
:1048A40066785F676C75652E680000002E2E2F33C6
:1048B40072645F70617274792F6E5246355F53442F
:1048C4004B5F31362F6D6F64756C65732F6E726636
:1048D400782F68616C2F6E72665F6770696F2E68DF
:1048E40000000000433A5C55736572735C50757246
:1048F400766573685C446F63756D656E74735C474D
:1049040069744875625C547261636B46575F4643D1
:10491400435C3372645F70617274795C6E524635C5
:104924005F53444B5F31365C6D6F64756C65735CCB
:104934006E7266785C647269766572735C737263B6
:104944005C6E7266785F7370696D2E6300000000A0
:104954002E2E2F3372645F70617274792F6E5246FB
:10496400355F53444B5F31362F696E7465677261EE
:1049740074696F6E2F6E7266782F6E7266785F67D9
:104984006C75652E680000002E2E2F3372645F70E4
:10499400617274792F6E5246355F53444B5F3136E2
:1049A4002F6D6F64756C65732F6E7266782F6861F6
:1049B4006C2F6E72665F6770696F2E68000000006E
:1049C400433A5C55736572735C50757276657368AF
:1049D4005C446F63756D656E74735C476974487588
:1049E400625C547261636B46575F4643435C337247
:1049F400645F70617274795C6E5246355F53444BE8
:104A04005F31365C6D6F64756C65735C6E7266786D
:104A14005C647269766572735C7372635C6E7266F1
:104A2400785F756172742E6300000000EDB10200BE
:104A34002E2E2F3372645F70617274792F6E52461A
:104A4400355F53444B5F31362F696E74656772610D
:104A540074696F6E2F6E7266782F6E7266785F67F8
:104A64006C75652E680000002E2E2F3372645F7003
:104A7400617274792F6E5246355F53444B5F313601
:104A84002F6D6F64756C65732F6E7266782F686115
:104A94006C2F6E72665F6770696F2E68000000008D
:104AA400433A5C55736572735C50757276657368CE
:104AB4005C446F63756D656E74735C4769744875A7
:104AC400625C547261636B46575F4643435C337266
:104AD400645F70617274795C6E5246355F53444B07
:104AE4005F31365C6D6F64756C65735C6E7266788D
:104AF4005C647269766572735C7372635C6E726611
:104B0400785F75617274652E6300000069C00200ED
:104B14002E2E2F3372645F70617274792F6E524639
:104B2400355F53444B5F31362F696E74656772612C
:104B340074696F6E2F6E7266782F6E7266785F6717
:104B44006C75652E680000002E2E2F3372645F7022
:104B5400617274792F6E5246355F53444B5F313620
:104B64002F6D6F64756C65732F6E7266782F686134
:104B74006C2F6E72665F6770696F2E6800000000AC
:104B8400433A5C55736572735C50757276657368ED
:104B94005C446F63756D656E74735C4769744875C6
:104BA400625C547261636B46575F4643435C337285
:104BB400645F70617274795C6E5246355F53444B26
:104BC4005F31365C6D6F64756C65735C6E726678AC
:104BD4005C647269766572735C7372635C6E726630
:104BE400785F7477696D2E63000000000338FDD888
:104BF400704700002E2E2F3372645F7061727479D7
:104C04002F6E5246355F53444B5F31362F6D6F64C0
:104C1400756C65732F6E7266782F68616C2F6E7277
:104C2400665F6770696F2E68000000004E52465F31
:104C34005057525F4D474D545F4556545F5052454F
:104C4400504152455F5359534F4646004E52465FBA
:104C54005057525F4D474D545F4556545F5052452F
:104C6400504152455F57414B45555000456E746560
:104C740072696E67204446552C20796F75206D61EA
:104C840079206861766520746F206669782074687D
:104C9400697320636F6465004E52465F5057525FDC
:104CA4004D474D545F4556545F505245504152450F
:104CB4005F52455345540000433A5C557365727323
:104CC4005C507572766573685C446F63756D656E70
:104CD40074735C4769744875625C547261636B46B3
:104CE400575F4643435C6663635F6F6E79785F32F8
:104CF4005C6D61696E2E6370700000000A46524F4D
:104D04004D3A20253032783A253032783A253032FF
:104D1400783A253032783A253032783A253032786C
:104D24002025640A00000000527373693A25640A5E
:104D340000000000424154543A25660A0000000075
:104D4400736B69707065642073656E64696E672047
:104D540025640A004E6F7469666965642077697416
:104D6400682041434B0A0000536F6674646576699A
:104D74006365206173736572746564210A000000C1
:104D84000A526563656976656420646174612028EC
:104D94002564206279746573292066726F6D2042E0
:104DA4004C45204E55533A2000000000253032581F
:104DB4003A0000000A000000434F4E4649475F4452
:104DC400555400006572726F7220636F64653A20F7
:104DD40025640A0072616D206572726F7220636FC0
:104DE40064653A2025640A0072616D5F73746172B0
:104DF400743A2030782025780A0000007564206613
:104E040061696C0A0000000044617461206C656E85
:104E14002069732073657420746F203078255828B6
:104E24002564290A00000000415454204D545520A3
:104E340065786368616E676520636F6D706C657417
:104E440065642E2063656E7472616C2030782578F9
:104E5400207065726970686572616C20307825789D
:104E64000A00000055445F53746172742E2E2E2183
:104E74000A0000001B5B33346D424C4520526164D0
:104E8400696F2053656C65637465640A1B5B306DE0
:104E9400000000001B5B33326D43656C6C20526173
:104EA40064696F2053656C65637465640A1B5B30C9
:104EB4006D0000001B5B33326D43656C6C204357FF
:104EC40020526164696F205472616E736D69740A53
:104ED4001B5B306D000000001B5B33346D424C459E
:104EE40020526164696F205472616E736D69740A33
:104EF4001B5B306D000000001B5B33336D43656C3E
:104F04006C2F424C4520526164696F20536C656577
:104F1400700A1B5B306D00001B5B33326D43454CE4
:104F24004C20496E74657276616C20526164696FBD
:104F340020726563656976650A1B5B306D0000004D
:104F44001B5B33356D2D2D2D2D2D2D2D7363616E32
:104F54004475726174696F6E3A2025640A1B5B3074
:104F64006D0000001B5B33346D424C45205261647C
:104F7400696F205363616E0A1B5B306D0000000093
:104F8400446F206E6F74206D656173757265207453
:104F9400656D70657261747572650A001B5B3332EE
:104FA4006D4C6F526120526164696F205472616E5E
:104FB400736D69740A1B5B306D0000001B5B333238
:104FC4006D43656C6C20496E74657276616C205219
:104FD4006164696F20726563656976650A1B5B307D
:104FE4006D0000001B5B33326D43656C6C204D6FAC
:104FF40064756C6174656420526164696F205472D5
:10500400616E736D69740A1B5B306D001B5B333218
:105014006D43656C6C204D6F64756C6174656420C0
:10502400526164696F20526563656976650A1B5B2A
:10503400306D00005273736954483A253032582C4D
:105044002042617474563A253032580A0000000038
:105054006D696C6C69732025640A0000706F776554
:1050640072206D676D742D3E20656E7472696E6773
:105074000A000000706F776572206D676D742D3EB5
:105084002065786974696E670A0000004F54413ADC
:105094002025640A0000000061647654696D653A55
:1050A4002025640A00000000626C6574786C6576E3
:1050B400656C2864293A2025640A0000736C6565D0
:1050C4007054696D653A2025640A00007363616E4B
:1050D4004475726174696F6E3A2025640A00000099
:1050E4004D4F44453A2025640A0000001B5B3334CD
:1050F4006D6368616E6E656C3A2025640A1B5B30D3
:105104006D0000001B5B33356D43656C6C20526190
:1051140064696F205458206F722052583A202564D5
:105124000A1B5B306D0000001B5B33356D636861E7
:105134006E6E656C3A2025640A1B5B306D000000BE
:105144001B5B33356D63656C6C706F7765726C6572
:1051540076656C3A2025640A1B5B306D0000000004
:105164001B5B33356D63656C6C7278706F77657239
:105174006C6576656C3A2025640A1B5B306D000013
:105184004D4143203D20253032583A253032583A9B
:10519400253032583A253032583A253032583A259B
:1051A4003032580025730A005363616E3A20256437
:1051B400094164763A20256409536C6565703A2088
:1051C40025640A006E524625782056617269616E24
:1051D400743A2025632563256325630A00000000D3
:1051E4007061636B6167653A2025780A00000000EE
:1051F40044657649443A20257825780A0000000061
:105204001B5B33326D4C6F52612035207365636FC5
:105214006E64204357205472616E736D69740A1B67
:105224005B306D001B5B33326D4C6F526120436FFA
:105234006E74696E756F7573204357205472616E76
:10524400736D69740A1B5B306D000000FFFFFFFF84
:1052540002FF000000000040000000004C6F52619B
:1052640020726164696F20696E6974206661696C7B
:1052740065640A00545820706F7765722063686112
:105284006E67656420746F3A2025640A000000008C
:105294001B5B33326D4C6F526120436F6E74696EC9
:1052A400756F7573205472616E736D69740A1B5B3C
:1052B400306D000069643D25732D2D2D2D2D6865FD
:1052C4006C6C6F001B5B33326D4C6F526120496E06
:1052D40074657276616C205472616E736D69740AC0
:1052E4001B5B306D000000001B5B33326D4C6F5252
:1052F4006120496E74657276616C205472616E73BC
:105304006D6974310A1B5B306D0000001B5B333226
:105314006D4C6F526120436F6E74696E756F757357
:1053240020526563656976650A1B5B306D00000079
:105334001B5B33326D4C6F526120496E746572761B
:10534400616C20526563656976650A1B5B306D008C
:105354002D2D2D2D3E2046696E616C20544D50310B
:1053640031372054656D70203D2025332E32662060
:1053740025430A001B5B34366D496E697469616CA0
:10538400697A696E67206D6F64656D0A1B5B306DA9
:10539400000000001B5B33356D63656C6C20496E47
:1053A40074657276616C20526563656976650A1B63
:1053B4005B306D0053746F7070696E672068616C48
:1053C4006C206566666563742074696D65720A0095
:1053D40048616C6C206566666563742074696D65EC
:1053E40072206576656E742068616E646C65720AFD
:1053F400000000004E6F7420656E6F75676820733F
:1054040077697065730A00005374617274696E671A
:105414002068616C6C206566666563742074696DD0
:10542400657220666F72202564206D696C6C6973E7
:1054340065636F6E64730A006170705F74696D6593
:10544400725F63726561746520666F722068616C57
:105454006C206566666563742074696D6572206688
:1054640061696C65643A2025640A00006170705FAC
:1054740074696D65725F737461727420666F7220F3
:1054840068616C6C206566666563742074696D651B
:1054940072206661696C65643A2025640A00000024
:1054A40068616C6C207472696767657265640A0070
:1054B4006E7266785F6770696F74655F696E5F6945
:1054C4006E6974206661696C656420666F72206819
:1054D400616C6C206566666563742073656E736FBA
:1054E400720A000053544154455F534F435F494E81
:1054F40049540A0053544154455F424F4152445F5A
:10550400494E49540A00000053544154455F4741F1
:1055140054545F5345525645520A00005354415463
:10552400455F534C4545500A000000005354415414
:10553400455F424C455F434F4E545F43575F545859
:105544000A00000053544154455F424C455F434FA9
:105554004E545F4D43575F54580A0000535441540E
:10556400455F424C455F434F4E545F52580A00001A
:1055740053544154455F424C455F494E545F435731
:105584005F54580A0000000053544154455F424C94
:10559400455F494E545F4D43575F54580A0000001D
:1055A40053544154455F424C455F494E545F5258F1
:1055B4000A00000053544154455F424C455F494E34
:1055C400545F43575F54585F52580A005354415430
:1055D400455F424C455F494E545F4D43575F5458B5
:1055E4005F52580A0000000053544154455F4C5424
:1055F400455F434F4E545F43575F54580A000000C1
:1056040053544154455F4C54455F434F4E545F4D92
:1056140043575F54580A000053544154455F4C5457
:10562400455F434F4E545F52580A0000535441544F
:10563400455F4C54455F494E545F43575F54580A85
:105644000000000053544154455F4C54455F494E9B
:10565400545F4D43575F54580A000000535441545B
:10566400455F4C54455F494E545F52580A00000050
:1056740053544154455F44454255470A00000000D5
:1056840044454641554C543A2053544154455F5384
:105694004C4545500A0000004C6F52612072616411
:1056A400696F20696E697420737563636573730A27
:1056B40000000000667265713A2025640A0000004B
:1056C4007077723A2025640A0000000048656C6C0B
:1056D4006F20576F726C642C20546869732069734F
:1056E400204C6F7261204D6F64756C617465642029
:1056F4004361727269657220576176650A0D000014
:10570400C82D0020B0330020D0330020F033002017
:105714005465726D696E616C00000000525454004F
:105724005345474745520000433A5C5573657273CD
:105734005C507572766573685C446F63756D656EF5
:1057440074735C4769744875625C547261636B4638
:10575400575F4643435C3372645F70617274795C73
:105764006E5246355F53444B5F31365C636F6D70E8
:105774006F6E656E74735C626C655C636F6D6D6F88
:105784006E5C626C655F636F6E6E5F73746174658B
:105794002E6300009ECADC240EE5A9E093F3A3B5B2
:1057A4000000406E2E2E2F3372645F706172747924
:1057B4002F6E5246355F53444B5F31362F636F6D06
:1057C400706F6E656E74732F6C6962726172696555
:1057D400732F6578706572696D656E74616C5F7343
:1057E400656374696F6E5F766172732F6E72665F44
:1057F40073656374696F6E5F697465722E68000007
:10580400433A5C55736572735C5075727665736860
:105814005C446F63756D656E74735C476974487539
:10582400625C547261636B46575F4643435C3372F8
:10583400645F70617274795C6E5246355F53444B99
:105844005F31365C636F6D706F6E656E74735C731D
:105854006F66746465766963655C636F6D6D6F6EA6
:105864005C6E72665F7364682E630000010000075B
:10587400A0410300A0410300080000008841030088
:10588400904103000800000090410300A041030080
:10589400080000002E2E2F3372645F7061727479D9
:1058A4002F6E5246355F53444B5F31362F636F6D15
:1058B400706F6E656E74732F6C6962726172696564
:1058C400732F6578706572696D656E74616C5F7352
:1058D400656374696F6E5F766172732F6E72665F53
:1058E40073656374696F6E5F697465722E68000016
:1058F400433A5C55736572735C5075727665736870
:105904005C446F63756D656E74735C476974487548
:10591400625C547261636B46575F4643435C337207
:10592400645F70617274795C6E5246355F53444BA8
:105934005F31365C636F6D706F6E656E74735C732C
:105944006F66746465766963655C636F6D6D6F6EB5
:105954005C6E72665F7364685F626C652E630000E0
:105964004441030084410300080000002E2E2F331D
:1059740072645F70617274792F6E5246355F53445E
:105984004B5F31362F636F6D706F6E656E74732F5E
:105994006C69627261726965732F6578706572698A
:1059A4006D656E74616C5F73656374696F6E5F7649
:1059B4006172732F6E72665F73656374696F6E5F75
:1059C400697465722E680000433A5C55736572739E
:1059D4005C507572766573685C446F63756D656E53
:1059E40074735C4769744875625C547261636B4696
:1059F400575F4643435C3372645F70617274795CD1
:105A04006E5246355F53444B5F31365C636F6D7045
:105A14006F6E656E74735C736F66746465766963C8
:105A2400655C636F6D6D6F6E5C6E72665F736468E8
:105A34005F736F632E6300003C4103004441030025
:105A440008000000000000000000000049240300DA
:105A5400552403008D240300000000000338FDD802
:105A64007047000080070000BC0700000100000030
:105A74003A0700007607000002000000AE060000AE
:105A8400F906000003000000AE060000DB0600007B
:105A9400040000003803000051030000050000006A
:105AA400700300009303000008000000BB02000024
:105AB400CC0200000C0000000903000013030000E6
:105AC4000D0000002F0300003E0300001200000040
:105AD4003E0300004D0300001300000040030000DB
:105AE4005E030000140000003A0700007B0700007A
:105AF400190000002E030000510300001A000000EA
:105B0400BF020000EC0200001C000000AE06000012
:105B1400F4060000420000003E0800007A0800007D
:105B2400010000008A070000C60700000200000010
:105B34000D07000058070000030000003E080000A5
:105B44006B08000004000000650300007E030000F1
:105B5400050000009D030000C003000008000000D1
:105B6400D9020000EA0200000C000000EA02000072
:105B7400F40200000D0000006B0300007A03000033
:105B8400120000003E0300004D030000130000005B
:105B94001703000035030000140000008A0700000A
:105BA400CB070000190000005B0300007E03000027
:105BB4001A000000F6020000230300001C0000008D
:105BC4003E080000980800004200000022676C6F45
:105BD40062616C646174612E696F7422000000005C
:105BE400226962617369732E696F74220000000078
:105BF40022686F6C6F6772616D2200002262726F9F
:105C0400616462616E642200226D326D2E74656C73
:105C140075732E696F742200227465616C22000012
:105C2400226D326D2E636F6D2E6174747A220000C2
:105C3400212121205741524E3A204E42496F54208F
:105C4400436F6D6D206572726F720A0021212120ED
:105C54005741524E3A204E42496F54204669666F6E
:105C6400206572726F720A004E42496F5420536568
:105C74007269616C206D6F64756C6520696E6974FE
:105C840069616C697A65640D0A00000073656E646D
:105C9400696E672041542B4346554E3D300A00003F
:105CA40041542B4346554E3D300D0A005265706CED
:105CB40079203D2025730A0073656E64696E672040
:105CC40041542B4346554E3F0A00000041542B4398
:105CD40046554E3F0D0A000073656E64696E672079
:105CE40020415425485756455253494F4E0A000007
:105CF400415425485756455253494F4E0D0A00000A
:105D04004E524639313630204857205665727369F1
:105D14006F6E206973203D2025730A004154255875
:105D240053595354454D4D4F44453F0D0A0000000F
:105D34004E5246393136302053595354454D204D37
:105D44004F4445206973203D2025730A000000005C
:105D540073656E64696E67204154254E43454C4C0F
:105D64004D4541530A0000004154254E43454C4CD7
:105D74004D4541530D0A000073656E64696E6720DA
:105D840041542358544350434F4E4E3F0A000000A1
:105D940041542358544350434F4E4E3F0D0A000084
:105DA4002B58544350434F4E4E3A20310D0A4F4B1B
:105DB4000D00000073656E64696E672041542B43C7
:105DC4004744434F4E543F0A0000000041542B43C4
:105DD4004744434F4E543F0D0A0000002C0000007E
:105DE4004E42496F5420436F6E6E65637465642040
:105DF400746F204E6574776F726B3A2025730A00B6
:105E040073656E64696E672041542B4346554E3D5D
:105E1400310A000041542B4346554E3D310D0A00D2
:105E240073656E64696E6720415423584750533D2F
:105E3400312C330A00000000415423584750533D8D
:105E4400312C330D0A00000073656E64696E67209F
:105E540041542358534F434B45543D312C320A008F
:105E640041542358534F434B45543D312C320D0A72
:105E74000000000073656E64696E67204154235806
:105E8400534F434B45543D312C310A004154235860
:105E9400534F434B45543D312C310D0A0000000053
:105EA40073656E64696E672041542358534F434BA6
:105EB40045543D300A000000436C6F73696E6720DF
:105EC400536F636B65740A0041542358534F434B1B
:105ED40045543D300D0A00004154235842494E4474
:105EE4003D25730D0A00000073656E64696E6720BA
:105EF4002573000041542358544350434F4E4E3DA4
:105F0400222573222C25730D0A000000436F756C43
:105F1400646E277420636F6E6E65637420746F20E3
:105F240054435020536572766572205265706C79C3
:105F3400203D2025730A0000436F6E6E656374650F
:105F44006420746F20544350205365727665722028
:105F54005265706C79203D2025730A0073656E6468
:105F6400696E67204154255853595354454D4D4F3C
:105F740044453D312C312C302C300A0041542558F5
:105F840053595354454D4D4F44453D312C312C30DC
:105F94002C300D0A0000000073656E64696E672082
:105FA40041542B4352534D0A0000000041542B43EB
:105FB40052534D3D3137362C31323235382C302C5A
:105FC400302C31300D0A00005265706C79206973F1
:105FD400203D2025730A000073656E64696E672096
:105FE4004154255849434349440A00004154255823
:105FF40049434349440D0A0053494D204943434909
:1060040044206973203D2025730A0000415425581B
:10601400444545505345415243483D310D0A000023
:106024004E52463931363020584445455053454147
:10603400524348206973203D2025730A0000000064
:106044004154235855445053454E44544F3D2235F2
:10605400302E3131362E392E313939222C32343426
:10606400322C222573220D0A000000002D2D2D3E16
:10607400204E42496F542073656E64696E672075C3
:10608400647020646174613A20257300415423587C
:1060940055445053454E44544F3D222573222C25DC
:1060A400732C222573220D0A00000000415423584A
:1060B40054435053454E443D2225732573220D0A03
:1060C400000000002D2D2D3E204E42496F542073B8
:1060D400656E64696E672074637020646174612006
:1060E4003D2025730000000041542358544350526E
:1060F4004543563D25732C25730D0A000A00000004
:106104005265636569766520544350204461746127
:10611400204C656E206973202564205265706C796B
:10612400203D2025730A0A00235854435052454306
:10613400563A2000526563656976696E6720554456
:106144005020646174612066726F6D20436C6F75BA
:10615400640A00004154235855445052454356465E
:10616400524F4D3D2235302E3131362E392E3139B4
:1061740039222C323434332C3130302C31300D0A66
:10618400000000005265636569766564205265709D
:106194006C79203D2025730A0000000041542358E7
:1061A4005544505245435646524F4D3D2225732285
:1061B4002C25732C25732C257300000041542B438C
:1061C4004553510D0A0000005369676E616C2051FC
:1061D40075616C6974792069732025730A00000065
:1061E4004E43454C4C4D4541532072657475726E57
:1061F4006564203D2025730A000000004552524F7B
:106204005200000041542B43434C4B3F0D0A000005
:1062140043434C4B2072657475726E6564203D2057
:1062240025730A00220000002F0000003A0000003D
:106234002D00000043656C6C2052657475726E65A8
:10624400642054696D653A2025733A25733A2573A1
:106254002C20446174653A2025735C25735C257396
:106264000A00000041542B43455245473F0D0A00A4
:1062740041542B434F50533F0D0A0000434F50539A
:106284002072657475726E6564203D2025730A0062
:10629400257800004E42496F5420436F6D6D616E46
:1062A4006420526573706F6E73652042756666650F
:1062B40072204F766572666C6F770A0A00000000E0
:1062C4004F4B0D002D2D2D2D2D2D3E204345524598
:1062D4004720524553502069730A000025730A0071
:1062E40052582042616E643A2025640A000000007E
:1062F400415425585246544553543D0025732C258A
:10630400732C25732C25732C25732C312C342C30B1
:106314002C302C302C302C302C300D0A0000000096
:1063240025732C25732C25732C25732C25732C3164
:106334002C302C312C312C302C312C302C300D0ABB
:10634400000000002D2D2D3E204E42496F54207335
:10635400656E64696E672043572064617461203DF3
:1063640020257300303132333435363738396162A1
:1063740063646566303132333435363738394142F7
:106384004344454621000000000020410000C8426B
:1063940000401C4620BCBE4CCA1B0E5AAEC59D74A0
:1063A400286E756C6C2900002D494E4600000000D3
:1063B4002D696E66000000002B494E460000000067
:1063C4002B696E66000000004E414E006E616E0047
:1063D4000000000001000000000000000A000000AE
:1063E400000000006400000000000000E80300005A
:1063F400000000001027000000000000A08601003B
:106404000000000040420F00000000008096980049
:106414000000000000E1F5050000000000CA9A3BFE
:106424000000000000E40B540200000000E876487D
:10643400170000000010A5D4E800000000A0724E70
:106444001809000000407A10F35A00000080C6A426
:106454007E8D03000000C16FF286230000008A5D78
:1064640078456301000064A7B3B6E00D0000E88935
:046474000423C78AAC
:10647800001001401100040000000000002000404E
:106488000000000000200040000000000090D00341
:1064980008000000050000001400000000C064446B
:1064A80008000000CEFFFFFF1700000008000000F2
:1064B80081FFFFFFE7FFFFFF070000005900000012
:1064C8004954010078350020010004000000000054
:1064D80000000000000000000000000000000000B4
:1064E8002C2B002000000000FFFF14000100020018
:1064F8000400000064000000E803000070170000BA
:10650800E803000000010000000000000000000097
:1065180000000000CC3A00201F0000001F0000000F
:0C6528003C0000000400000028000000FF
:040000032000635D19
:00000001FF
