:020000022000DC
:1070000000000220757302005D7302005F730200CE
:1070100061730200637302006573020000000000E8
:107020000000000000000000000000006773020084
:1070300069730200000000006B7302006D730200B0
:10704000199602006F73020011A3020049AD0200FD
:107050006F7302006F73020029A002006F730200B9
:107060006F7302006F7302006F7302006F73020090
:107070006F7302006F7302006F7302006F73020080
:107080006F730200118502006F7302006F730200BC
:107090006F7302006F73020005FC02006F73020041
:1070A0006F7302006F7302006F7302006F73020050
:1070B0006F7302006F730200000000000000000008
:1070C0006F7302006F7302006F7302006F73020030
:1070D0006F7302006F7302006F7302006F73020020
:1070E0006F730200000000000000000000000000BC
:1070F000000000006F730200000000006F730200C8
:10710000000000000000000000000000000000007F
:10711000000000000000000000000000000000006F
:10712000000000000000000000000000000000005F
:10713000000000000000000000000000000000004F
:10714000000000000000000000000000000000003F
:10715000000000000000000000000000000000002F
:10716000000000000000000000000000000000001F
:10717000000000000000000000000000000000000F
:1071800000000000000000000000000000000000FF
:1071900000000000000000000000000000000000EF
:1071A00000000000000000000000000000000000DF
:1071B00000000000000000000000000000000000CF
:1071C00000000000000000000000000000000000BF
:1071D00000000000000000000000000000000000AF
:1071E000000000000000000000000000000000009F
:1071F000000000000000000000000000000000008F
:10720000354936480A1A02D0072291438D4634493F
:1072100034480A1A06D00722914381F309880222D2
:1072200082F3148830483149314A00F044F831483B
:107230003149324A00F03FF831483249324A00F0D1
:107240003AF832483249334A00F035F83248334987
:10725000334A00F030F833483349344A00F02BF811
:1072600033483449344A00F026F83448344900227F
:1072700000F02CF833483449002200F027F8334856
:107280003349091A082902DB002202604160314AB1
:1072900090471F481F49884205D00268043003B454
:1072A000904703BCF7E700208646EC46002000210B
:1072B000294A9047FEE7884207D0521A05D0037842
:1072C00001300B700131013AF9D17047884202D088
:1072D00002700130FAE770470000022000E0012050
:1072E00000000220000002206C3903000030002062
:1072F0007F300020D0730200D073020044280300C6
:107300006C3903000030002000300020A828030062
:10731000A8280300AC280300A8280300A82803001D
:10732000A8280300AC280300AC2803006B39030035
:10733000EC390300803000208030002080300020B5
:10734000A83F0020A83F0020AC3F0020AC3F002019
:10735000AC5F00209D7302001DC10200FEE7FEE746
:10736000FEE7FEE7FEE7FEE7FEE7FEE7FEE7FEE7F5
:1073700000F002B8FFF7FCBF0F484FF00701884349
:1073800085460E4880470E48016841F4700101604F
:10739000BFF34F8FBFF36F8FFFF732BF09480A4922
:1073A0000A4A884207D0521A05D0037801300B7080
:1073B0000131013AF9D1704700000220A58B02008B
:1073C00088ED00E0A82803000030002000300020F5
:1073D00000487047A03F002086B0039002910192C0
:1073E00001238DF817309DF81730214A039B136055
:1073F0001F4A029B53601E4A019B9360039B44F209
:107400000102934213D0039B44F20202934221D122
:10741000019B174AD360164BDB681B881A46144B36
:107420009A61134BDB685B68114AD36112E0019BE0
:107430000F4A13610E4B1B699B680D4A53610C4B3D
:107440001B691B680A4A9361094B1B695B68084A00
:10745000D36100BF72B600BF00BF9DF81730DBB22A
:10746000002BFAD162B600BF00BF06B0704700BF64
:107470008030002000B583B002900091019244F268
:10748000010071466A4600F003F803B000BD00BF7A
:1074900000B587B003900291019272B600BF039BC2
:1074A00044F20202934217D0039B44F20202934239
:1074B00018D8039B44F20102934210D0039B44F27C
:1074C000010293420ED8039B012B0DD0039B41F286
:1074D000010293420AD005E0019B059307E0019B5E
:1074E000049304E000BF02E000BF00E000BF084BCF
:1074F0001B6803F00103002B00D000BE019A029923
:107500000398FFF769FF00BF07B05DF804FB00BFF9
:10751000F0ED00E0F0B583B0124800F0DFFF034665
:1075200018464FF00001104BD3E90023861841EBB9
:107530000307CDE900670D4BD3E90023DDE9000126
:10754000994208BF904207D2DDE9002312F180740E
:1075500043F10005CDE90045DDE900231046194659
:1075600003B0F0BD00300020A8300020B030002073
:1075700088B001900091019B0793009B0693079BA5
:10758000D3E90223CDE90423069BD3E90223CDE905
:107590000223DDE90423DDE90201994208BF90429C
:1075A0002CBF01230023DBB2184608B0704700004F
:1075B00030B585B00190019B5B69002B03D12B494D
:1075C000A22003F0D9FF00238DF80F30284B1B7841
:1075D000002B45D0019B002B42D0019B1B7FDBB2CF
:1075E000002B3DD0FFF796FF019BD3E90223994280
:1075F00008BF90422CD3019B1B69002B02D1019B39
:1076000000221A77019B5B69019A9269104698479C
:10761000019B1B69002B23D0019B1B7FDBB2002B3E
:107620001ED0019BD3E90201019B1B691A464FF052
:107630000003841841EB0305019BC3E90245019B4C
:1076400019460C4801F0E8F901238DF80F3007E0E6
:10765000019B1946074801F0DFF901238DF80F302F
:107660009DF80F30184605B030BD00BFB8280300A4
:10767000A4300020AC280300F0B589B0019000913F
:107680000D230793009B00221A70019BD3E902454A
:10769000FFF740FF02460B46A61A65EB0307CDE94C
:1076A0000467DDE90423012A73F100031BDB049B5B
:1076B000B3F5350F05D300F0B7FA0246154B134466
:1076C00003E0019BD3E90223134603934FF496038F
:1076D000039A0021104800F003FE0790079B002B3F
:1076E00005D1012313E000210B4800F0D1FE079BD8
:1076F0000D2B07D10198FFF75BFF03461A46009B4D
:107700001A7003E00549F52003F036FF0023184600
:1077100009B0F0BDFFFFB40000300020B82803001E
:1077200000B583B0044801F0B1F90190019B1846FF
:1077300003B05DF804FB00BFAC28030000B583B0C4
:10774000044801F0C5F90190019B184603B05DF8AB
:1077500004FB00BFAC28030000B583B0FFF7E0FFD7
:107760000190019B002B02D0019B00221A77019B04
:10777000002BF3D100BF00BF03B05DF804FB000095
:10778000054BD3E9002312F1807043F10001024B55
:10779000C3E9000100BF7047A830002000B583B0E6
:1077A0000190134B1B68002B1DD0019800F096FE32
:1077B0000F4B1B68D3E90223134623F07F4319467E
:1077C00000F026FA0346B3F5960F04D309494FF4A7
:1077D000957003F0D1FE064B1B681846FFF7E8FED4
:1077E000034B00221A6000BF03B05DF804FB00BF2A
:1077F000A0300020B828030000B583B00190FFF747
:1078000089FE02460B460349C1E9002300BF03B0CD
:107810005DF804FBB030002000B587B00190FFF7A1
:107820008DFF049000238DF81730049B002B48D067
:107830002B4B1B68002B03D101238DF8173019E067
:10784000049BD3E90201264B1B68D3E9022399422A
:1078500008BF90420ED201238DF81730204B1B68D1
:107860001B7FDBB2002B05D01D4B1B6819461D4842
:1078700001F0D2F89DF81730002B2AD0FFF750FF07
:1078800004900DF10F0319460498FFF7F5FE034627
:10789000002B12D0124B1B68002B02D1019800F074
:1078A0002BFC0F4A049B13609DF80F3083F00103FB
:1078B000DBB2002BB3D000BF0EE0094B00221A60F0
:1078C000ADE7074B1B68002B05D1019800F02AFC9F
:1078D00001E000BF00E000BF00BF07B05DF804FB9F
:1078E000A0300020AC28030000B587B001902C4ADE
:1078F00003AB1946104600F0EEFE059048E0059BEC
:107900001B78022B2ED0022B32DC002B02D0012B55
:1079100014D02DE0059B5B681B7FDBB283F0010375
:10792000DBB2002B26D0059B5B6801221A77059BF2
:107930005B6819461B4801F06FF81BE0059B5A680D
:10794000194B1B689A4203D1174B00221A6012E0B0
:10795000059B5B681946134801F0CEF803468DF885
:10796000133008E0FFF7F8FE104B01221A7002E016
:1079700000BF00E000BF0A4A03AB1946104600F002
:10798000C3FE074A03AB1946104600F0A4FE05905B
:10799000059B002BB3D100BF00BF07B05DF804FB0F
:1079A00010310020AC280300A0300020A4300020BB
:1079B00000B583B00190019800F05DFD0346002BF7
:1079C00001D0FFF7DDFE0021019800F072FD0346B3
:1079D000002B02D00198FFF7E1FE0121019800F091
:1079E00068FD0346002B02D00198FFF705FF0198C0
:1079F000FFF77AFF0198FFF70FFF00BF03B05DF8B4
:107A000004FB000008B5024800F075FD00BF08BD8A
:107A10000030002000B585B0034600918DF8073096
:107A2000114A02AB1946104600F028FE0390039B52
:107A3000002B13D0039B9DF807201A70039B009A1C
:107A40005A60094A02AB1946104600F030FE034660
:107A5000002B01D0FFF7D6FF002300E004231846D7
:107A600005B05DF804FB00BF1031002000B583B005
:107A7000164B1B680093164808235822154900F03E
:107A8000CAFD0190019B002B01D0019B19E06B46C0
:107A9000114A1946114800F0CFFA0190019B002BC2
:107AA00001D0019B0DE001210C4800F0D3FC012323
:107AB0000B4A0121094800F04BFB0A4B01221A70C6
:107AC000019B184603B05DF804FB00BF24290300A6
:107AD00010310020B8300020B179020000300020C1
:107AE000FFFF7F00A430002000B587B003900B4655
:107AF00001928DF80B30039B002B04D1134940F207
:107B00002E2003F039FD019B002B04D10F4940F2D8
:107B10002F2003F031FD019B002B01D1072310E042
:107B2000039B1B680593059B019A5A619DF80B30D6
:107B3000012B0CBF01230023DBB21A46059B1A61FF
:107B40000023184607B05DF804FB00BFB828030007
:107B500030B587B0039002910192039B002B04D1B2
:107B6000154940F23E2003F007FD039B0593059B5A
:107B70001B7FDBB2002B01D000231AE0059B019A8A
:107B80009A61FFF7C7FC029B1A464FF00003841866
:107B900041EB0305059BC3E90245059B1B69002BCF
:107BA00002D0059B029A1A6105990020FFF732FF67
:107BB0000346184607B030BDB828030000B585B0AD
:107BC0000190019B002B04D109494FF4157003F07B
:107BD000D3FC019B0393039B00221A770399012096
:107BE000FFF718FF0346184605B05DF804FB00BF19
:107BF000B828030008B5054B00221A7000210220A6
:107C0000FFF708FF0346184608BD00BFA430002058
:107C100082B001900091019A009BD31A23F07F4318
:107C2000184602B07047000008B5034800F056FC43
:107C30000346184608BD00BF0030002082B0EFF3B5
:107C400010830093009B019372B600BF019B1846FE
:107C500002B0704762B600BF00BF704700B585B084
:107C60000190FFF7EBFF0390164B9B68002B1BD195
:107C7000144B01229A60144BD3F88020134B13400D
:107C8000104A1360104B114AC3F880200E4BD3F8F2
:107C900084300C4A53600C4B4FF0FF32C3F8842001
:107CA000019B00221A7002E0019B01221A70039BC3
:107CB000002B01D1FFF7CEFF0023184605B05DF879
:107CC00004FB00BF2431002000E100E0FC06FFBD02
:107CD00000B585B003468DF80730104B9B68002B2C
:107CE00016D09DF80730002B12D1FFF7A7FF0390A5
:107CF0000B4A0A4B1B681360094A084B5B685360C8
:107D0000064B00229A60039B002B01D1FFF7A2FFD4
:107D10000023184605B05DF804FB00BF24310020A5
:107D200000E100E000B583B0019000F02BF80346BD
:107D3000012B03D00549432003F01EFC0198FFF7F7
:107D40008DFF00BF03B05DF804FB00BF28290300CE
:107D500000B583B003468DF8073000F013F80346F2
:107D6000012B03D00649512003F006FC9DF8073093
:107D70001846FFF7ADFF00BF03B05DF804FB00BF7E
:107D80002829030084B0EFF305830193019BC3F31B
:107D900008030393039B002B0DD1EFF3148300938F
:107DA000009B0293029B03F00103002B0CBF0123F5
:107DB0000023DBB200E00123184604B07047000046
:107DC00082B003468DF807309DF8073003F01F029C
:107DD00005499DF907305B09012000FA02F241F8DC
:107DE000232000BF02B0704700E100E082B00346EC
:107DF0008DF807309DF8073003F01F0206499DF902
:107E000007305B09012000FA02F2403341F82320D9
:107E100000BF02B0704700BF00E100E082B003463F
:107E200000918DF807309DF90730002B0CDA009B8C
:107E3000DAB20C499DF8073003F00F03043B5201FE
:107E4000D2B20B441A7609E0009BDAB206499DF9DA
:107E500007305201D2B20B4483F8002300BF02B0B6
:107E6000704700BF00ED00E000E100E000B583B026
:107E700003460A468DF8073013468DF806309DF804
:107E80000630012B03D99DF80630032B0BD99DF842
:107E90000630042B03D99DF80630072B03D9084977
:107EA0006B2003F069FB9DF806209DF90730114611
:107EB0001846FFF7B3FF00BF03B05DF804FB00BF37
:107EC0009C29030000B583B003468DF807309DF967
:107ED00007301846FFF774FF00BF03B05DF804FBDE
:107EE00000B585B00190019B002B0AD0074B43F0F1
:107EF00001030393019B9B010293039B0298984704
:107F000000E000BF05B05DF804FB00BF802A03005D
:107F100084B0039002910192039B029A02F5A87229
:107F2000019943F8221000BF04B0704782B001905D
:107F30000091019B009A02F5A87253F8223018466E
:107F400002B0704782B001900091019B009AC3F883
:107F5000042300BF02B0704782B001900091019BE2
:107F6000009AC3F8082300BF02B0704782B00190A6
:107F70000B46ADF80230BDF80230019A13441B687D
:107F8000184602B0704784B001900B46ADF802303D
:107F9000BDF80230019A134400221A60BDF8023085
:107FA000019A13441B680393039B00BF04B07047FE
:107FB00082B00190019BD3F80435184602B0704797
:107FC00000B583B001900091009BB3F5805F04D3AE
:107FD00006494FF4BE7003F0CFFA019B009AC3F834
:107FE000082500BF03B05DF804FB00BFD4290300DF
:107FF00082B001900B468DF803309DF80320019B61
:1080000013441A460123136000BF02B0704782B0C8
:1080100001900091019B009AC3F8442300BF02B075
:10802000704782B001900091019B009AC3F84823E9
:1080300000BF02B07047000000B587B00390029106
:108040000192039B002B03D12849552003F094FA99
:10805000029B002B03D12549562003F08DFA019B8A
:10806000002B03D12149572003F086FA039B5B794B
:1080700019461F4A019B42F82130039B5B791D4A38
:10808000DB0013441B79002B03D008230593059BC9
:1080900027E0039B1A68029B1B8819461046FFF7CE
:1080A0008FFF039B93F90420029B9B78194610468F
:1080B000FFF7DCFE039B93F904301846FFF702FF3D
:1080C000039B5B790B4ADB00134401221A71039B6B
:1080D0005B791946074A039B42F831300023059328
:1080E000059B184607B05DF804FB00BF082A030093
:1080F000303100203431002000B583B00190019B65
:10810000002B03D10649872003F036FA019B1B6838
:1081100000211846FFF76CFF00BF03B05DF804FBB9
:10812000082A030000B583B00190019B002B03D106
:1081300006498D2003F020FA019B1B680421184694
:10814000FFF756FF00BF03B05DF804FB082A0300E9
:1081500000B587B00390029101928DF80330039B24
:10816000002B03D12149962003F006FA4FF4803208
:10817000029B02FA03F30593029B50339BB29B00D0
:10818000ADF81230019B23F07F430193039B1B68E2
:1081900005991846FFF7E0FE039B1B6805991846F2
:1081A000FFF73FFF039B1B68BDF8122011461846DE
:1081B000FFF7E9FE039B1B68019A02991846FFF737
:1081C000A7FE039B1B6805991846FFF720FF9DF843
:1081D0000330002B05D0039B1B6805991846FFF759
:1081E000B1FE00BF07B05DF804FB00BF082A030022
:1081F00000B585B00390029113468DF80730039BBC
:10820000002B03D10B49A92003F0B6F9039B1B688F
:1082100002991846FFF7FBFE9DF80730002B05D0AA
:10822000039B1B6802991846FFF78CFE00BF05B040
:108230005DF804FB082A030000B583B001900091AB
:10824000019B002B03D10A49B32003F095F9019B50
:108250001B6800991846FFF7E4FE019B1B68009914
:108260001846FFF779FE00BF03B05DF804FB00BFBE
:10827000082A030000B583B001900B46ADF8023028
:10828000019B002B03D10F49BA2003F075F9019B24
:108290001B68BDF8022011461846FFF767FE03462B
:1082A000002B09D0019B1B68BDF80220114618461F
:1082B000FFF769FE012300E00023184603B05DF8D4
:1082C00004FB00BF082A030082B001900091019ACC
:1082D000009BD31A23F07F43184602B0704700007A
:1082E00000B58BB00390029101920093039B002B89
:1082F00003D15749CD2003F03FF94FF48032029B60
:1083000002FA03F30993029B50339BB29B00ADF832
:108310002230019B23F07F43019309990398FFF7D3
:108320008BFF039B1B681846FFF742FE0790039BD9
:108330001B6802991846FFF7F9FD0690039B1B681E
:10834000079A02991846FFF7E3FD039B1B68BDF8E7
:10835000222011461846FFF716FE07990698FFF7E8
:10836000B3FF0346012B0AD11020FFF7B9FD039B91
:108370001B68BDF8222011461846FFF704FE039B38
:108380001B681846FFF714FE079007990198FFF73E
:108390009BFF0590039B1B6809991846FFF737FE62
:1083A000059B012B15D1039B1868019B01331A46CD
:1083B0000299FFF7ADFD1020FFF792FD039B1B68AC
:1083C0001846FFF7F5FD0246079B934235D00D2373
:1083D00039E0039B1B68019A02991846FFF798FD44
:1083E000039B1B681846FFF7E3FD0790019B013BC9
:1083F00007991846FFF768FF0590009BC3F1FF132C
:1084000003F57F43059A9A4201D90D231BE0059B92
:10841000002B12D1039B1868019B01331A46029965
:10842000FFF776FD039B1B681846FFF7C1FD024668
:10843000079B934201D00D2305E00122099903987F
:10844000FFF7D6FE002318460BB05DF804FB00BF13
:10845000082A030000B583B001900B468DF8033065
:108460009DF803301A4602210198FFF7C1FE00BFB4
:1084700003B05DF804FB00B583B001904FF4827146
:108480000198FFF7F7FE0346184603B05DF804FBBA
:1084900000B583B0019000914FF48032009B02FA46
:1084A00003F319460198FFF7C7FE00BF03B05DF85C
:1084B00004FB00B585B001900091009B50339BB246
:1084C0009B00ADF80E30BDF80E3019460198FFF74D
:1084D000D1FE0346184605B05DF804FB00B583B035
:1084E0000190019B1B681846FFF762FD0346184682
:1084F00003B05DF804FB00B583B00190019B93F9D4
:1085000004301846FFF772FC00BF03B05DF804FBAF
:1085100008B5044B1B68044A12681046984700BF10
:1085200008BD00BF303100203431002086B00190FA
:108530000091019B53E8011F8AB2D88902449889AF
:10854000824228BF121A1889824202BFBFF32F8FBE
:10855000002307E0C2EA010243E801200028E9D134
:108560004FF001038DF80F30059002910492029AAA
:10857000009B1A609DF80F30DBB2184606B07047BA
:1085800084B00190019951E8013FC3EA034341E8F7
:108590000132002AF7D10392029300BF04B0704762
:1085A00086B001900091019B53E8021F1FFAA1F2CF
:1085B000D888824202BFBFF32F8F00230DE0D889F5
:1085C00002449889824228BF121AC1EA024243E853
:1085D00002200028E8D14FF001038DF80F300590FC
:1085E00002910492029A009B1A609DF80F30DBB250
:1085F000184606B0704784B00190019951E8023FD7
:10860000C3EA234341E80232002AF7D103920293DE
:1086100000BF04B0704784B00390029111461A461F
:108620000B46ADF806301346ADF80430029B002B24
:1086300001D10E231FE0BDF80630BDF80420B3FBC6
:10864000F2F102FB01F29B1A9BB2002B01D009232D
:1086500011E0039B029A1A60039B00225A60039B5D
:1086600000229A60039BBDF806209A81039BBDF807
:108670000420DA810023184604B0704700B585B0A5
:1086800001900091009B19460198FFF74FFF0346A8
:10869000002B07D0019B1B68009A12881344039398
:1086A000039B00E00023184605B05DF804FB00B50D
:1086B00083B001900091009B1A88009B5B889A42CE
:1086C00004D10198FFF75CFF012300E00023184666
:1086D00003B05DF804FB00B585B001900091009BEC
:1086E00019460198FFF75CFF0346002B07D0019B5A
:1086F0001B68009A528813440393039B00E00023F5
:10870000184605B05DF804FB00B583B001900091F8
:10871000009B1A88009B5B889A4204D10198FFF75E
:108720006AFF012300E00023184603B05DF804FB54
:1087300000B585B001900091009B5B099B00019AF8
:108740001A44009B03F01F03012101FA03F31946A9
:10875000104600F036F8039000BF05B05DF804FB4A
:1087600000B585B001900091009B5B099B00019AC8
:108770001A44009B03F01F03012101FA03F3DB43BA
:108780001946104600F035F8039000BF05B05DF8BB
:1087900004FB82B001900091009B5B099B00019A51
:1087A00013441A68009B03F01F0322FA03F303F03B
:1087B0000103002B14BF01230023DBB2184602B0D3
:1087C000704710B487B001900091019B009A53E864
:1087D000004F44EA020043E8000191F0000FF6D197
:1087E000059404900391049B184607B05DF8044B70
:1087F000704710B487B001900091019B009A53E834
:10880000004F04EA020043E8000191F0000FF6D1A6
:10881000059404900391049B184607B05DF8044B3F
:108820007047000082B003468DF807309DF807308E
:1088300003F01F0206499DF907305B09012000FA89
:1088400002F2603341F8232000BF02B0704700BF3E
:1088500000E100E000B583B00190019B002B03D143
:108860000649722002F088FE019B00221A60BFF3C5
:108870005F8F00BF00BF03B05DF804FBE42A030074
:1088800041DF704700BF184600B585B000238DF862
:1088900003300DF103031846FFF744FAF1EE103AE6
:1088A0000193019B0393039B23F09F030293029B7D
:1088B000E1EE103A00BFBFF35F8F00BF2620FFF745
:1088C000B1FF9DF803301846FFF742FA039B03F00F
:1088D0000703002B03D004497D2002F04DFE00BFAA
:1088E00005B05DF804FB00BF242B030008B5064B60
:1088F00000221A700548FFF7ADFF0549054800F052
:108900002FF80023184608BD403100203C310020DC
:10891000982B03004431002000B583B0FFF7B4FF6B
:1089200007F042F90346002B0ED0FFF7A9FF019094
:10893000019B002B0ED0019B022B0BD007494FF45B
:10894000B07002F019FE05E020BF00BF40BF00BFBD
:1089500020BF00BF00BF03B05DF804FB242B030061
:1089600000B583B001900091019B002B03D1104909
:10897000502002F001FE009B002B03D10C49512036
:1089800002F0FAFD019B009A1A60019B1B681A68AD
:10899000019B5A60019B5A68019B1B685B689A4265
:1089A00002D1019B00225A6000BF03B05DF804FBB6
:1089B000A42B030000B583B00190019B002B03D1D1
:1089C0001449632002F0D8FD019B1B68002B03D1E2
:1089D0001049642002F0D0FD019B5B68002B14D08D
:1089E000019B5B681A46019B1B689B6813441A46EF
:1089F000019B5A60019B5A68019B1B685B689A4205
:108A000004D1019B00225A6000E000BF03B05DF872
:108A100004FB00BFA42B030000B585B001900091BA
:108A2000019B002B03D118493A2002F0A5FD009BC1
:108A3000002B03D114493B2002F09EFD019B5B6893
:108A400003930FE0019B9B68039A126800991046FC
:108A50009847034683F00103DBB2002B07D1039B49
:108A60001B680393039B1B68002BEBD100E000BF46
:108A7000039B1A68009B1A60039B009A1A6000BF50
:108A800005B05DF804FB00BF2C2C030000B585B0D9
:108A90000190019B002B03D10C49512002F06CFD89
:108AA000019B5B681B680393019B5B681B68002B41
:108AB00006D0019B5B681A68019B5B6812681A60AC
:108AC000039B184605B05DF804FB00BF2C2C030087
:108AD00000B583B00190019B002B03D105495D20B7
:108AE00002F04AFD019B5B681B68184603B05DF805
:108AF00004FB00BF2C2C030000B585B00190009151
:108B0000019B002B03D11649692002F035FD009B23
:108B1000002B03D112496A2002F02EFD00238DF8AC
:108B20000F30019B5B6802930FE0029B1B68009A69
:108B30009A4207D1009B1A68029B1A6001238DF8A4
:108B40000F3006E0029B1B680293029B1B68002B00
:108B5000EBD19DF80F30184605B05DF804FB00BF5F
:108B60002C2C0300BFF34F8F00BF074BDB6803F4CF
:108B7000E0620549054B1343CB60BFF34F8F00BF45
:108B800000BF00BFFCE700BF00ED00E00400FA05F5
:108B9000024B034A1A6000BF704700BF0830002034
:108BA0000090D00308B500F01FF90346002B0ED04B
:108BB0004FF080430022C3F80C214FF08043002285
:108BC000C3F810214FF080430022C3F8382500F08D
:108BD0001DF90346002B76D04FF080537F4AD3F81F
:108BE0000434C2F820354FF080537C4AD3F808345F
:108BF000C2F824354FF08053784AD3F80C34C2F8C9
:108C000028354FF08053754AD3F81034C2F82C350C
:108C10004FF08053714AD3F81434C2F830354FF016
:108C200080536E4AD3F81834C2F834354FF080536D
:108C30006A4AD3F81C34C2F840354FF08053674A73
:108C4000D3F82034C2F844354FF08053634AD3F848
:108C50002434C2F848354FF08053604AD3F82834A2
:108C6000C2F84C354FF080535C4AD3F82C34C2F82C
:108C700050354FF08053594AD3F83034C2F8543548
:108C80004FF08053554AD3F83434C2F860354FF072
:108C90008053524AD3F83834C2F864354FF08053C9
:108CA0004E4AD3F83C34C2F868354FF080534B4AF3
:108CB000D3F84034C2F86C354FF08053474AD3F8AC
:108CC0004434C2F8703500F0B3F80346002B0DD0E1
:108CD0004FF08043D3F8003403F00103002B05D09C
:108CE0004FF080436FF00102C3F800243C4BD3F8EF
:108CF00088303B4A43F47003C2F88830BFF34F8F8B
:108D000000BFBFF36F8F00BF4FF01023D3F80C32BA
:108D100003F00103012B25D1324B0122C3F80425B6
:108D200000BF304BD3F80034002BFAD04FF01023A3
:108D3000D3F80C324FF0102223F00103C2F80C32AA
:108D400000BF284BD3F80034002BFAD0254B00226B
:108D5000C3F8042500BF234BD3F80034002BFAD00E
:108D6000FFF700FF4FF01023D3F80032002B05DB94
:108D70004FF01023D3F80432002B2BDA194B0122C9
:108D8000C3F8042500BF174BD3F80034002BFAD0EA
:108D90004FF010231222C3F8002200BF114BD3F86A
:108DA0000034002BFAD04FF010231222C3F8042213
:108DB00000BF0C4BD3F80034002BFAD0094B002233
:108DC000C3F8042500BF074BD3F80034002BFAD0BA
:108DD000FFF7C8FEFFF7DCFE00BF08BD00C0004083
:108DE00000ED00E000E00140064B1B680D2B05D1B3
:108DF000054B1B68002B01D1012300E0002318461E
:108E0000704700BF3001001034010010064B1B6892
:108E10000D2B05D1054B1B68002B01D1012300E070
:108E200000231846704700BF3001001034010010C5
:108E3000064B1B680D2B05D1054B1B68002B01D180
:108E4000012300E000231846704700BF30010010E6
:108E50003401001082B003468DF807309DF80730CA
:108E600003F01F0206499DF907305B09012000FA53
:108E700002F2203341F8232000BF02B0704700BF48
:108E800000E100E008B506F08FFE034683F0010321
:108E9000DBB2002B03D10549792002F06DFB00F015
:108EA000A1FB034B00229A7000BF08BDA02C030059
:108EB0004C31002000B583B000230193144B1B7884
:108EC000002B02D0852301931CE0114B00229A60F5
:108ED0000F4B00225A600E4B00221A610C4B0022ED
:108EE000DA600C4800F02EFB019006F05DFE0346B0
:108EF00083F00103DBB2002B01D000F045FB044BF3
:108F000001221A70019B184603B05DF804FB00BFF4
:108F10004C310020DD90020084B001900091019B53
:108F20001B68039306E0039A009B9A420DD0039BB3
:108F30001B680393039B002BF5D1019B1A68009BD0
:108F40001A60019B009A1A6000E000BF04B07047ED
:108F500084B00190019B1B680393039B002B03D0FB
:108F6000039B1A68019B1A60039B184604B0704764
:108F700000B585B00190294B1B78002B03D12849FF
:108F8000E92002F0F9FA254B9B78DBB2002B19D0CF
:108F9000019B002B03D0019B5B68012098470023B5
:108FA0008DF80F300DF10F031846FEF7BBFE1B4B7B
:108FB000DB680133194AD3609DF80F301846FEF77D
:108FC000C7FE1EE000238DF80E300DF10E0318468B
:108FD000FEF7A8FE019B002B03D001991148FFF773
:108FE0009BFF0E4BDB68002B01D100F0E1FA0B4B2D
:108FF000DB680133094AD3609DF80E301846FEF74E
:10900000A7FE064BDB68002B04D1054940F2051092
:1090100002F0B2FA00BF05B05DF804FB4C3100204D
:10902000A02C03005C31002000B583B0164B1B78E8
:10903000002B04D115494FF4857002F09DFA124BB4
:10904000DB68002B04D1114940F20B1002F094FAB6
:1090500000238DF807300DF107031846FEF762FE76
:10906000094BDB68013B084AD360074BDB68002BE8
:1090700001D1FFF707FF9DF807301846FEF768FE9D
:1090800000BF03B05DF804FB4C310020A02C0300AE
:1090900000B585B003468DF807309DF80730002BEA
:1090A00002D10C4B039301E00B4B03930398FFF7A2
:1090B0004FFF0290029B002B06D0029B5B689DF83D
:1090C000072010469847F1E700BF00BF05B05DF8E4
:1090D00004FB00BF543100205C31002000B583B098
:1090E00003468DF807309DF80730002B05D10A4B59
:1090F00001225A700020FFF7CBFF9DF80730012BAB
:1091000005D1054B01229A700120FFF7C1FF00BF76
:1091100003B05DF804FB00BF4C31002000B583B004
:1091200001900091019B002B05D1054B01225A7043
:109130000020FFF7ADFF00BF03B05DF804FB00BFE8
:109140004C31002000B585B0034600918DF8073002
:109150009DF80730032B29D0032B35DC002B02D0E0
:10916000012B04D030E00020FFF774FE2DE0002337
:109170008DF80F300DF10F031846FEF7D3FD154B98
:109180001B7883F00103DBB2002B01D0FFF792FEC6
:10919000104BDB6801330F4AD3600E4B01229A70EB
:1091A0009DF80F301846FEF7D3FD0EE0094B1B78F3
:1091B000002B04D1084940F2452002F0DDF900F00F
:1091C000E3F9FFF731FF00E000BF00BF05B05DF835
:1091D00004FB00BF4C310020A02C030000B589B077
:1091E00001900091009B0793019B1B788DF808303C
:1091F000019B5B680393019B9B68DBB28DF8103089
:10920000019BDB680593019B1B69DBB28DF818306D
:10921000074A079B52F823300649079A51F8221053
:1092200002AA1046984700BF09B05DF804FB00BFD2
:10923000603100207031002010B58AB00390029197
:1092400001920093039B1B7809932249099B019A81
:1092500041F823202049099B009A41F8232000234C
:1092600008931E4B04AC0FCB84E80F00029B1B78C5
:109270008DF81030029B5B788DF81130029B9B7843
:109280008DF81230029BDB788DF81330029B1B792E
:109290008DF81530029B5B798DF81630029B9B6828
:1092A0000693029B1B7B8DF81C30029B5B7B8DF829
:1092B0001D30039B181D019B002B01D0084A00E0C4
:1092C0000022099B04A901F0BDFA0890089B1846EA
:1092D0000AB010BD60310020703100200C2D030059
:1092E000DD91020082B003468DF807309DF807300B
:1092F00003F01F0205499DF907305B09012000FAC0
:1093000002F241F8232000BF02B0704700E100E004
:1093100082B0034600918DF807309DF90730002B8D
:109320000CDA009BDAB20C499DF8073003F00F030A
:10933000043B5201D2B20B441A7609E0009BDAB228
:1093400006499DF907305201D2B20B4483F800233D
:1093500000BF02B0704700BF00ED00E000E100E098
:1093600082B00190019B1B0B5BB2184602B07047A4
:1093700000B583B003460A468DF8073013468DF8D2
:1093800006309DF80630012B03D99DF80630032BDB
:109390000BD99DF80630042B03D99DF80630072B16
:1093A00003D908496B2002F0E7F89DF806209DF9E3
:1093B000073011461846FFF7ABFF00BF03B05DF85A
:1093C00004FB00BF1C2D030000B583B003468DF8DD
:1093D00007309DF907301846FFF784FF00BF03B040
:1093E0005DF804FB82B003468DF807300F4A9DF903
:1093F0000730002B00DA1F335B115BB252F82320D9
:109400009DF90730594203F01F0301F01F0158BFB7
:109410004B425BB222FA03F303F00103002B14BFAB
:1094200001230023DBB2184602B0704700E100E0E0
:1094300082B001904FF08042019BC2F8043300BF1C
:1094400002B0704782B001904FF08042019BC2F899
:10945000083300BF02B0704782B003468DF8073072
:109460009DF8073003F1804301221A6000BF02B06B
:10947000704784B00346ADF80630BDF8063003F1FE
:10948000804300221A60BDF8063003F180431B6858
:109490000393039B00BF04B0704782B00346ADF84E
:1094A0000630BDF8063003F180431B68002B14BF63
:1094B00001230023DBB2184602B0704782B001904E
:1094C0004FF08042019BC2F8183500BF02B07047D0
:1094D0004FF08043D3F818341B0C03F00103002B2A
:1094E00014BF01230023DBB21846704700B583B0D8
:1094F00006238DF807304FF08040FFF731FF034619
:109500001846FFF76FFF034683F00103DBB2002B21
:1095100013D04FF08040FFF723FF03461A469DF813
:10952000073019461046FFF723FF4FF08040FFF742
:1095300017FF03461846FFF747FF00BF03B05DF86B
:1095400004FB000000B585B00190019B002B03D106
:109550000B49A42002F010F800230393094B1B7958
:10956000002B02D08523039305E0064A019B13607C
:10957000044B01221A71039B184605B05DF804FBE9
:10958000542D03008031002008B5074B1B79002BB8
:1095900003D10649BD2001F0EFFFFFF7A7FF01202F
:1095A000FFF78CFF00BF08BD80310020542D030061
:1095B00008B50A4B1B79002B03D10949EA2001F0B9
:1095C000DBFF4FF48270FFF754FF0220FFF730FFFC
:1095D0000820FFF741FF00BF08BD00BF8031002019
:1095E000542D030008B50A4B1B79002B03D1094900
:1095F000F72001F0C1FF0C20FFF72EFF00BFFFF79F
:1096000067FF0346002BFAD100BF00BF08BD00BFB3
:1096100080310020542D030008B54FF48070FFF70F
:109620003CFF0346002B0AD04FF48070FFF721FF68
:109630000120FFF707FF0C4B1B68002098474FF4F1
:109640008270FFF72AFF0346002B0AD04FF4827086
:10965000FFF70FFF0220FFF7F5FE034B1B68012009
:10966000984700BF08BD00BF8031002082B003468C
:109670008DF807309DF8073003F01F0205499DF96A
:1096800007305B09012000FA02F241F8232000BFF5
:1096900002B0704700E100E082B0034600918DF80F
:1096A00007309DF90730002B0CDA009BDAB20C4929
:1096B0009DF8073003F00F03043B5201D2B20B4474
:1096C0001A7609E0009BDAB206499DF9073052018B
:1096D000D2B20B4483F8002300BF02B0704700BF32
:1096E00000ED00E000E100E000B583B003460A466B
:1096F0008DF8073013468DF806309DF80630012BA3
:1097000003D99DF80630032B0BD99DF80630042BA6
:1097100003D99DF80630072B03D908496B2001F0C7
:109720002BFF9DF806209DF9073011461846FFF7DC
:10973000B3FF00BF03B05DF804FB00BFC02D030002
:1097400000B583B003468DF807309DF90730184601
:10975000FFF78CFF00BF03B05DF804FB00B583B0DA
:109760000346ADF80630BDF80630184600F026F87E
:1097700003461B68012B0CBF01230023DBB21846F4
:1097800003B05DF804FB00B585B00346ADF80630C4
:10979000BDF80630184600F011F803461A460023BB
:1097A0001360BDF80630184600F008F803461B6841
:1097B0000393039B00BF05B05DF804FB82B0034632
:1097C000ADF80630BDF8063003F1804303F5C04321
:1097D000184602B07047000082B00190034A019B16
:1097E000C2F8043300BF02B0704700BF0060004001
:1097F00082B00190034BD3F80423019B1340184619
:1098000002B070470060004082B00190084A019B9E
:1098100003F5A27352F82330054943F00102019B7E
:1098200003F5A27341F8232000BF02B0704700BFC8
:109830000060004084B00390029113468DF8073019
:10984000144A039B03F5A27352F82330114923F401
:109850004F3323F44073039A02F5A27241F8223089
:109860000C4A039B03F5A27352F82320029B1B02B0
:1098700003F47C519DF807301B0403F440330B4381
:1098800004491A43039B03F5A27341F8232000BF48
:1098900004B070470060004082B00190054A019B0F
:1098A00003F5A27352F823301B0A03F03F03184656
:1098B00002B070470060004082B00190064A019BF0
:1098C00003F5A27352F823301B0C03F00303DBB241
:1098D000184602B0704700BF0060004000B583B07A
:1098E0000190019B1B68292B04D90B4940F2CD1034
:1098F00001F042FE019B1B681F2B02D84FF0A043D2
:1099000006E0019B1B6803F01F02019B1A60034BDA
:10991000184603B05DF804FBF82D03000003005067
:1099200000B585B00190084611461A4603468DF8E9
:1099300003300B468DF8023013468DF8013001AB31
:109940001846FFF7CBFF03909DF803209DF80230E7
:109950005B001A439DF801309B001A439DF81830B4
:109960001B0242EA03019DF81C301B04019A1943B3
:10997000039B02F5E07243F8221000BF05B05DF8CA
:1099800004FB00B585B003900B468DF80B309DF8B5
:109990000B30002201920022009200220021039845
:1099A000FFF7BEFF00BF05B05DF804FB00B585B052
:1099B000019001AB1846FFF791FF0390019A039BBA
:1099C00002F5E07253F8223023F002030293019A69
:1099D000039B02F5E072029943F8221000BF05B024
:1099E0005DF804FB00B585B001900B468DF803309F
:1099F00001AB1846FFF772FF0390019A039B02F533
:109A0000E07253F82230019A23F44031039B02F5AF
:109A1000E07243F82210019A039B02F5E07253F8BA
:109A200022309DF8032012041146019A1943039B2A
:109A300002F5E07243F8221000BF05B05DF804FBA8
:109A400000B585B0019001AB1846FFF747FF0390C2
:109A5000039800F020F80246019B22FA03F303F07A
:109A60000103184605B05DF804FB00B585B0019010
:109A700001AB1846FFF732FF0390019A039B02F5F2
:109A8000E07253F822301B0C03F00303DBB21846DC
:109A900005B05DF804FB82B00190019BD3F810354E
:109AA000184602B07047000000B589B003900291DB
:109AB0000192184A05AB92E8030083E80300039A79
:109AC000029B1344022B04D9134940F2FD2001F0FC
:109AD00053FD039B079311E0079B9B0008AA1344C7
:109AE00053F80C3C1846FFF7D6FF0246019B1A605C
:109AF000019B04330193079B01330793039A029B55
:109B00001344079A9A42E7D300BF00BF09B05DF83B
:109B100004FB00BF302E0300F82D030084B0019039
:109B20000091009B0393019BDB080293019B03F0D0
:109B3000070301930122019B02FA03F30399029A9E
:109B40000A4412781340184604B0704784B001905C
:109B50000091009B0393019BDB080293019B03F0A0
:109B600007030193039A029B13441B785AB2012105
:109B7000019B01FA03F35BB2134359B2039A029BB0
:109B80001344CAB21A7000BF04B0704782B001908B
:109B90000C4A019B1344303393F90030002B09DB4E
:109BA000084A019B1344303393F90030072B01DC42
:109BB000012300E0002303F00103DBB2184602B0EA
:109BC000704700BF8831002082B00190064A019B97
:109BD0001344303393F90030072BCCBF012300230B
:109BE000DBB2184602B070478831002082B0019085
:109BF000064A019B1344303393F90030DB43DBB258
:109C0000DB09DBB2184602B0704700BF8831002084
:109C100084B00390029101928DF80330029B59B2F7
:109C20000E4A039B134430330A461A700B49029BB9
:109C3000019A41F823209DF8033083F00103DBB241
:109C4000002B08D0029B083B039A51B2034A1344ED
:109C50000A4683F85A2000BF04B0704788310020BC
:109C600082B00190044A019B13443033FF221A70E2
:109C700000BF02B0704700BF8831002000B583B03C
:109C8000019004490198FFF761FF00BF03B05DF840
:109C900004FB00BFE631002082B00190044A019B22
:109CA0001344303393F90030184602B0704700BFB8
:109CB0008831002082B00190034A019B52F8233082
:109CC000184602B0704700BF8831002000B589B047
:109CD0000390029113468DF80730FF238DF81F3053
:109CE0009DF80730002B01D0002300E008230593E6
:109CF0009DF80730002B01D0082300E00C230493CB
:109D0000059B069314E00F4A069B52F82330B3F1EB
:109D1000FF3F0AD19DF80730029A06990398FFF792
:109D200077FF069B8DF81F3006E0069B01330693F4
:109D3000069A049B9A42E6D39DF91F30184609B053
:109D40005DF804FB8831002082B003468DF80730AF
:109D50009DF80730094A4FF0FF3142F823109DF873
:109D60000730072B07D99DF80730083B034A1344F7
:109D7000FF2283F85A2000BF02B0704788310020CC
:109D800000B583B0254B93F86430002B03D0082333
:109D90000093009B3EE000238DF8073009E09DF81A
:109DA00007301846FFF75CFF9DF8073001338DF848
:109DB00007309DF80730292BF1D900238DF80730A3
:109DC00009E09DF807301846FFF7BEFF9DF8073001
:109DD00001338DF807309DF807300B2BF1D906229F
:109DE00000210F4808F076F906210620FFF77CFCD9
:109DF0000620FFF7A5FC4FF4BE70FFF7C4FC4FF040
:109E00000040FFF7E9FC054B012283F864200023A2
:109E10000093009B184603B05DF804FB88310020D6
:109E2000E631002000B587B0039002910192039BB8
:109E3000292B04D9364940F2072001F09DFB00236D
:109E400005930398FFF7D2FE0346002B02D00823A8
:109E5000059357E0029B9B78C3F34003DBB21A469D
:109E600001990398FFF732FF03468DF813309DF9EF
:109E70001330B3F1FF3F43D0029B9B78C3F38003C1
:109E8000DBB283F00103DBB2002B13D0029B9B7883
:109E900003F00103DBB2002B03D00398FFF786FD2C
:109EA00005E0029B5B7819460398FFF76AFD03986B
:109EB000FFF7E4FE029B9B7803F00203DBB2002B6A
:109EC00008D09DF91300029B1B781A460399FFF7EF
:109ED000B1FC17E09DF91330083B0E4A134493F987
:109EE0005A10029B1B789B015AB29DF91330083B14
:109EF0000A4351B2074A13440A4683F85A2001E044
:109F000004230593059B184607B05DF804FB00BFCA
:109F1000382E03008831002000B589B001900B462F
:109F20008DF80330019B292B04D93D4940F237209D
:109F300001F022FB0198FFF759FE0346002B04D1E4
:109F400037494FF40E7001F017FB0198FFF73CFE04
:109F50000346002B2FD00198FFF79EFE0346083BD7
:109F6000304A134493F95A308DF80F309DF80F3072
:109F70009B098DF80E309DF80E30032B0BD1019804
:109F8000FFF75EFD0346002B01D0032300E0022310
:109F90008DF81F3008E09DF80E30012B01D102230F
:109FA00000E003238DF81F309DF81F3019460198FB
:109FB000FFF718FD30E00198FFF7E8FD0346002B9E
:109FC0002AD00198FFF768FE03460693069B9BB2D2
:109FD00040339BB29B00ADF81630069B1846FFF746
:109FE00013FCBDF816301846FFF7CDFB9DF8033083
:109FF000002B11D00198FFF74FFE03461846FFF7DC
:10A0000059FE0490049B002B06D00122069B02FA05
:10A0100003F31846FFF7E0FB00BF09B05DF804FB4F
:10A02000382E03008831002000B599B00023179323
:10A0300006AB00221A605A604FF48073ADF85630B8
:10A04000012314930023169321E0BDF856301846DF
:10A05000FFF784FB0346002B0ED01498FFF7C8FBD4
:10A060000346002B08D0BDF856301846FFF78BFB8F
:10A07000179A149B13431793149B5B001493BDF81A
:10A0800056300433ADF85630169B01331693169BA9
:10A09000072BDAD94FF4BE70FFF760FB0346002BA5
:10A0A0000DD04FF4BE70FFF76EFB179B43F00043DB
:10A0B000179306AB1A4602210020FFF7F5FC179B09
:10A0C000DBB2002B29D0012314930023169321E047
:10A0D000149A179B1340002B16D01698FFF7DCFB41
:10A0E00011901698FFF7E8FB03468DF84330169859
:10A0F000FFF7E0FD0F900F9B002B05D09DF843204C
:10A100000F9B114611989847149B5B001493169B64
:10A1100001331693169B072BDAD9179B002B80F27D
:10A12000F08000238DF84B3004AB00221A605A6097
:10A13000002313930AE0139B9B0018AA13444FF0CB
:10A14000FF3243F8582C139B01331393139B012BBD
:10A15000F1D900238DF84B300023169378E06B4A39
:10A16000169B13445A3393F900308DF83B309DF819
:10A170003B3023F0C0030D93644A169B13445A33BB
:10A1800093F90030B3F1FF3F5FD002AB19460D9851
:10A19000FFF7C4FC0346002B57D09DF83B309B09CA
:10A1A0008DF833300D98FFF777FD03461846FFF71B
:10A1B00081FD0B900B9B002B03D19DF83330032BBB
:10A1C00043D19DF83330032B04D104AB19460D98CD
:10A1D000FFF7BCFC0D98FFF748FC03468DF82B30C9
:10A1E00006AB19460D98FFF799FC0990099B002BC7
:10A1F00003D09DF82B30022B06D0099B002B24D1D5
:10A200009DF82B30032B20D19DF83330032B13D135
:10A210009DF82B30022B01D1032300E002238DF89F
:10A2200023309DF8233019460D98FFF7DBFB9DF88E
:10A230004B3001338DF84B300B9B002B05D09DF834
:10A2400033200B9B11460D989847169B01331693AC
:10A25000169B032B83D99DF84B30002B4CD0012348
:10A260008DF84A306B461A4602210020FFF71CFC8D
:10A270000023139314E0139B9B0018AA134453F874
:10A28000602C139B9B0018A90B4453F8483C9A423E
:10A2900003D000238DF84A3005E0139B013313935C
:10A2A000139B012BE7D99DF84A30002B03D00023E4
:10A2B0008DF84B3020E0002313931AE0139B9B0092
:10A2C00018AA134453F8602C139B9B0018A90B4445
:10A2D00043F8482C139B9B0018AA134453F8502CA6
:10A2E000139B9B0018A90B4443F8582C139B013374
:10A2F0001393139B012BE1D99DF84B30002B7FF476
:10A3000028AF00BF19B05DF804FB00BF8831002002
:10A3100008B5064B1B68002B03D10549512001F0FD
:10A320002BF9024B1B68984700BF08BDF031002095
:10A33000A42E030082B00190019B044A934201D1F4
:10A34000034B00E00023184602B070470020004095
:10A35000F031002000B587B001900091019B002BE7
:10A3600003D11C49772001F007F90198FFF7E2FFBC
:10A370000490049B002B25D000238DF81730002378
:10A380008DF80B300DF10B031846FDF7CBFC049B49
:10A390001B79002B03D001238DF8173005E0049BB7
:10A3A000009A1A60049B01221A719DF80B3018461E
:10A3B000FDF7CEFC9DF81730002B03D0112303933B
:10A3C000039B02E000230393039B184607B05DF84C
:10A3D00004FB00BFA42E030082B003468DF80730B3
:10A3E0009DF8073003F01F0205499DF907305B090E
:10A3F000012000FA02F241F8232000BF02B07047AA
:10A4000000E100E082B0034600918DF807309DF92D
:10A410000730002B0CDA009BDAB20C499DF80730AC
:10A4200003F00F03043B5201D2B20B441A7609E049
:10A43000009BDAB206499DF907305201D2B20B44B3
:10A4400083F8002300BF02B0704700BF00ED00E0BA
:10A4500000E100E082B00190019B03F06043B3F1A2
:10A46000005F0CBF01230023DBB2184602B0704727
:10A4700082B00190019B1B0B5BB2184602B0704783
:10A4800000B583B003460A468DF8073013468DF8B1
:10A4900006309DF80630012B03D99DF80630032BBA
:10A4A0000BD99DF80630042B03D99DF80630072BF5
:10A4B00003D908496B2001F05FF89DF806209DF94B
:10A4C000073011461846FFF79DFF00BF03B05DF847
:10A4D00004FB00BF102F030000B583B003468DF8C6
:10A4E00007309DF907301846FFF776FF00BF03B02D
:10A4F0005DF804FB82B001900B468DF803309DF8A7
:10A500000330019A134401221A6000BF02B0704761
:10A5100084B001900B46ADF80230BDF80230019ACC
:10A52000134400221A60BDF80230019A13441B68DC
:10A530000393039B00BF04B0704782B001900B46A9
:10A54000ADF80230BDF80230019A13441B68002BAD
:10A5500014BF01230023DBB2184602B0704782B05B
:10A5600001900091019B009AC3F8042300BF02B040
:10A57000704782B001900091019B009AC3F80823B4
:10A5800000BF02B0704782B00190019B0722C3F860
:10A59000002500BF02B0704784B003900291019281
:10A5A0000093039B029AC3F80825039B019AC3F802
:10A5B0000C25039B009AC3F8102500BF04B0704718
:10A5C00082B001900091009A019BC3F8242500BF3E
:10A5D00002B0704784B0039002910192029A039BEB
:10A5E000C3F84425039B019AC3F8482500BF04B073
:10A5F000704784B0039002910192029A039BC3F8C2
:10A600003425039B019AC3F8382500BF04B0704776
:10A6100084B001900B468DF8033013468DF802305C
:10A620009DF80230002B14BF01230023DBB20393FB
:10A630009DF80330032B10D0032B13DC012B02D029
:10A64000022B05D00EE0039B43F0020303930AE0C4
:10A65000039B43F00403039305E0039B43F00603CD
:10A66000039300E000BF019B039AC3F8542500BF89
:10A6700004B0704782B001900B468DF803309DF80E
:10A680000320019BC3F8C02500BF02B0704782B011
:10A690000190019B0122C3F8502500BF02B0704712
:10A6A00082B00190019B0022C3F8502500BF02B088
:10A6B000704782B00190019B0122C3F8402500BF82
:10A6C00002B0704782B00190019B0022C3F8402580
:10A6D00000BF02B07047000000B583B00190019B3D
:10A6E0001B68292B04D90B4940F2CD1000F044FF20
:10A6F000019B1B681F2B02D84FF0A04306E0019B73
:10A700001B6803F01F02019B1A60034B184603B03D
:10A710005DF804FB482F03000003005000B585B02E
:10A720000190084611461A4603468DF803300B4641
:10A730008DF8023013468DF8013001AB1846FFF753
:10A74000CBFF03909DF803209DF802305B001A4375
:10A750009DF801309B001A439DF818301B0242EA15
:10A7600003019DF81C301B04019A1943039B02F559
:10A77000E07243F8221000BF05B05DF804FB00B59D
:10A7800085B003900023019300230093002301224E
:10A7900001210398FFF7C2FF00BF05B05DF804FB7D
:10A7A00000B585B003900B468DF80B309DF80B304B
:10A7B0000022019200220092002200210398FFF75C
:10A7C000ADFF00BF05B05DF804FB00B585B001909A
:10A7D00001AB1846FFF780FF0390019B012202FAAC
:10A7E00003F31946039800F018F800BF05B05DF8B0
:10A7F00004FB00B585B0019001AB1846FFF76CFF74
:10A800000390019B012202FA03F31946039800F01A
:10A810000EF800BF05B05DF804FB82B00190009116
:10A82000019B009AC3F8082500BF02B0704782B0B0
:10A8300001900091019B009AC3F80C2500BF02B063
:10A840007047000000B58DB005900491039202930B
:10A85000049B002B03D17049AD2000F08DFE059BB9
:10A860001B791A461346DB0013449B006B4A1344C2
:10A870000993099B1B7F002B03D008230793079B99
:10A88000C5E0059B1B680893059B1A68059B1B790F
:10A890001946634B53F8213019461046FFF75AFD0D
:10A8A0000346002B03D011230793079BAFE0099BBE
:10A8B000039A1A60099B029A5A60049B1B7B012B26
:10A8C00005D8049B1B781846FFF793FF04E0049B10
:10A8D0001B781846FFF779FF049B1B781846002366
:10A8E000019300230093002300220121FFF716FFAC
:10A8F000049B5B78FF2B09D0049B5B780B930B9830
:10A90000FFF777FF0B98FFF73AFF02E04FF0FF33B6
:10A910000B93049B9B78FF2B07D0049B9B780A9397
:10A9200001210A98FFF73CFF02E04FF0FF330A9342
:10A93000049B9A78099B83F82020049BDA78099B72
:10A94000DA77049BDB78FF2B17D0049B1B79002B55
:10A9500005D0049BDB781846FFF74BFF04E0049B0F
:10A96000DB781846FFF731FF049BDB781846FFF7CA
:10A9700006FF049B1A79099B9A77049B1B7819465A
:10A980000A9B0B9A0898FFF707FE049B9B681946E1
:10A990000898FFF715FE049B197B049B5B7B1A4606
:10A9A0000898FFF735FE049B9B7919460898FFF736
:10A9B00061FE099B1B68002B03D040210898FFF71C
:10A9C000CEFD0898FFF7DFFD099B1B68002B15D013
:10A9D000059B1B681846FFF74BFD03461A46049B70
:10A9E0005B7919461046FFF74BFD059B1B6818461F
:10A9F000FFF73EFD03461846FFF76EFD099B002258
:10AA00005A77099B01221A7700230793079B184660
:10AA10000DB05DF804FB00BF802F0300F83100206B
:10AA2000EC2F030000B583B00190019BDB7FFF2B6F
:10AA30000ED0019B9B7F002B05D0019BDB7F18462E
:10AA4000FFF7D7FE04E0019BDB7F1846FFF7BDFE52
:10AA5000019B00225A77019B00221A72019B1B68FE
:10AA6000019A02F10800019A52681146984700BF06
:10AA700003B05DF804FB00B583B001900B468DF880
:10AA800003309DF8033083F00103DBB2002B04D0C8
:10AA900040210198FFF76DFD03E040210198FFF789
:10AAA0005EFD00BF03B05DF804FB00B583B001900C
:10AAB0000091009B03F00103002B03D00198FFF7E6
:10AAC000E6FD02E00198FFF7EBFD009B03F00203B7
:10AAD000002B03D00198FFF7ECFD02E00198FFF78F
:10AAE000F1FD00BF03B05DF804FB00B587B0039033
:10AAF000029101920093019B1B68002B0AD0019BDD
:10AB00001B681846FFF7A6FC034683F00103DBB27F
:10AB1000002B0ED1019B9B68002B11D0019B9B68E1
:10AB20001846FFF797FC034683F00103DBB2002BC6
:10AB300006D0029B00225A7710230593059B54E010
:10AB4000019B1968019B5B681A460398FFF742FD59
:10AB5000019B9968019BDB681A460398FFF749FD42
:10AB60004FF48C710398FFF7D3FC00990398FFF71B
:10AB70009CFF009B03F00803002B03D110210398D6
:10AB8000FFF7B8FC029B1B68002B1FD100BF4FF4DE
:10AB90008C710398FFF7D1FC034683F00103DBB20D
:10ABA000002BF4D1029BDB7FFF2B1BD0029B9B7FF2
:10ABB000002B05D0029BDB7F1846FFF71AFE11E041
:10ABC000029BDB7F1846FFF700FE0BE0009B03F0C3
:10ABD0000403002B0CBF01230023DBB219460398AA
:10ABE000FFF749FF00230593059B184607B05DF862
:10ABF00004FB000010B586B0039002910192039B04
:10AC00001B791A461346DB0013449B003A4A13444F
:10AC10000593059B1B7F002B04D1384940F232205D
:10AC200000F0AAFC029B1B68002B08D1029B5B680A
:10AC3000002B04D0314940F2332000F09DFC029BF0
:10AC40009B68002B08D1029BDB68002B04D02B49AA
:10AC50004FF40D7000F090FC039B1B79002B09D181
:10AC6000029BDB68B3F5803F04D2029B5B68B3F5BF
:10AC7000803F04D3214940F2352000F07DFC0023C1
:10AC80000493059B5B7FDBB2002B03D0112304935D
:10AC9000049B2EE0059B1B68002B07D0019B03F053
:10ACA0001403002B02D1059B01225A77059B029ABF
:10ACB00003F10C0413460FCB84E80F00059BDB7FE8
:10ACC000FF2B0ED0059B9B7F002B05D0059BDB7FC8
:10ACD0001846FFF77AFD04E0059BDB7F1846FFF777
:10ACE00088FD039B1868019B029A0599FFF7FDFEFA
:10ACF0000346184606B010BDF8310020802F03002F
:10AD000000B583B0019000914FF48C710198FFF76A
:10AD100014FC0346002B10D04FF48C710198FFF700
:10AD2000F7FB009B1B68002B04D106494FF42770EA
:10AD300000F022FC0098FFF775FE00BF03B05DF83D
:10AD400004FB00BF802F030008B503490348FFF749
:10AD5000D7FF00BF08BD00BFF83100200030004021
:10AD6000BFF34F8F00BF074BDB6803F4E062054978
:10AD7000054B1343CB60BFF34F8F00BF00BF00BF35
:10AD8000FCE700BF00ED00E00400FA0500B585B067
:10AD90000190019B002B0CD0084B43F0010303935F
:10ADA000019B9B010293054B43F0010302989847D6
:10ADB00000E000BF05B05DF804FB00BFF02F03000A
:10ADC00000B583B00190019B1B68292B04D90B4966
:10ADD00040F2CD1000F0D0FB019B1B681F2B02D866
:10ADE0004FF0A04306E0019B1B6803F01F02019B8C
:10ADF0001A60034B184603B05DF804FBF82F0300FC
:10AE00000003005000B585B00190084611461A466F
:10AE100003468DF803300B468DF8023013468DF84B
:10AE2000013001AB1846FFF7CBFF03909DF80320DC
:10AE30009DF802305B001A439DF801309B001A43D5
:10AE40009DF818301B0242EA03019DF81C301B04D8
:10AE5000019A1943039B02F5E07243F8221000BFE8
:10AE600005B05DF804FB00B585B0039000230193A5
:10AE7000002300930023012201210398FFF7C2FF62
:10AE800000BF05B05DF804FB00B585B0019001ABD3
:10AE90001846FFF795FF0390019B012202FA03F386
:10AEA0001946039800F018F800BF05B05DF804FBE0
:10AEB00000B585B0019001AB1846FFF781FF039004
:10AEC000019B012202FA03F31946039800F00EF8E1
:10AED00000BF05B05DF804FB82B001900091019BBA
:10AEE000009AC3F8082500BF02B0704782B00190F5
:10AEF0000091019B009AC3F80C2500BF02B0704777
:10AF000074DF704700BF184676DF704700BF1846F1
:10AF10007ADF704700BF18467CDF704700BF1846D5
:10AF20008ADF704700BF18468BDF704700BF1846A6
:10AF30008FDF704700BF184600B583B00190019BBA
:10AF4000002B0FD04FF47A70FFF720FF019B013BDD
:10AF50000193019B002B14BF01230023DBB2002BC4
:10AF600001D0EFE700BF03B05DF804FB014B1B68A5
:10AF7000184670476032002082B00190034B1B6876
:10AF80000133024A136000BF02B0704760320020F4
:10AF900000B585B003468DF807309DF80730032BC8
:10AFA0001AD801A252F823F0C1AF0200B9AF0200D3
:10AFB000C9AF0200D1AF0200114801F0D3FC0BE091
:10AFC000104801F0CFFC07E00F4801F0CBFC03E094
:10AFD0000E4801F0C7FC00BFFCF70CFE0390039B7A
:10AFE0000293029B002B05D0094A4FF4F671029898
:10AFF000FCF740FA0123184605B05DF804FB00BFDA
:10B000003030030050300300703003009C300300E8
:10B01000BC30030070B58CB0059000230893059BED
:10B020000333784A1360059B9B69774A1360059B3D
:10B030009A8B764B1A80764B1B7883F00103DBB238
:10B04000002B00F0F980704B1B6805331A78714BA8
:10B050001B789A4240F09C816B4B1B6806331A7830
:10B060006C4B5B789A4240F09381674B1B680733C7
:10B070001A78694B1B789A4240F08A81624B1B68B0
:10B0800008331A78644B5B789A4240F081815F4BB9
:10B090001A88624B1B889A4240F07A814FF0FF3346
:10B0A0000893089BB3F1FF3F40F095805C4B002272
:10B0B0001A70544B1B681B781C46524B1B6801339B
:10B0C0001B781D464F4B1B6802331B781E464D4BA9
:10B0D0001B6803331B781A464A4B1B6804331B78E2
:10B0E0001946484B1B6805331B781846059B93F996
:10B0F0001330039302900191009233462A46214671
:10B10000484801F02FFC05230B930B9B002B15DB0C
:10B110003C4B1A680B9B1344434A1278104619782B
:10B12000424A342303FB00F31A440B9B1344483375
:10B130000A461A700B9B013B0B93E6E73A4B1B78D0
:10B14000184601F081F8304B1B6809331A78364BEA
:10B150001B78184651B2354A342303FB00F31344DD
:10B1600057330A461A70304B1B7819462F4A34233E
:10B1700003FB01F31344573393F9003019462C486D
:10B1800001F0F0FB204B1B680A331A78264B1B7822
:10B19000194607EE902AF8EE677A244A342303FB17
:10B1A00001F313446433C3ED007A1F4B1B78194637
:10B1B0001E4A342303FB01F3134464331B6818460F
:10B1C00006F012FB02460B461A4801F0CBFB164B69
:10B1D00000221A70DCE0089801F036F8124B1B7858
:10B1E0000A930A9B002B00F3D380104A0A9B342158
:10B1F00001FB03F31344683300221A800A9B0133D6
:10B200000A93EEE7383900203C390020403900200D
:10B21000C2330020183000201C3000207430002081
:10B220001E30002004310300C033002044390020C8
:10B23000303103003C310300584B1B6807331A7848
:10B24000574B1B789A4240F0A380544B1B6808333D
:10B250001A78534B5B789A4240F09A80514B1B68A6
:10B260000021184601F034F80346B3F1FF3F0CBF4C
:10B2700001230023DBB2002B00F08A80494B1B68BE
:10B280001B781C46474B1B6801331B781D46454BFA
:10B290001B6802331B781E46424B1B6803331B7826
:10B2A0001A46404B1B6804331B7819463D4B1B68FC
:10B2B00005331B781846059B93F9133003930290CE
:10B2C0000191009233462A462146374801F04AFB55
:10B2D00005230993099B002B15DB324B1A68099B48
:10B2E0001344324A127810461978314A342303FB4A
:10B2F00000F31A44099B134448330A461A70099B09
:10B30000013B0993E6E7294B1B781846059B93F907
:10B310001310274A342303FB00F3134457330A4620
:10B320001A70224B1B781946214A342303FB01F380
:10B330001344573393F9003019461E4801F012FBAD
:10B34000164B1B680A331A78184B1B78194607EE00
:10B35000902AF8EE677A164A342303FB01F313446C
:10B360006433C3ED007A114B1B781946104A34231D
:10B3700003FB01F3134464331B68184606F034FAE8
:10B3800002460B460C4801F0EDFA084B00221A70F9
:10B3900000F082FA00BF0CB070BD00BF3C39002045
:10B3A0001C3000203839002004310300C033002055
:10B3B00044390020303103003C31030000B585B032
:10B3C00001900091019B04330393019B1B881D2B6B
:10B3D00004D1039B04331846FFF71CFE00BF05B0E1
:10B3E0005DF804FB00B583B00190184B01221A6090
:10B3F000174B1B68012B24D1164B1B68002B09DC53
:10B40000154B01221A60124B00221A60134B0122C5
:10B410001A7016E0124B1B684FF47A7202FB03F3AA
:10B42000184600F021F80B4B1B68013B094A1360DA
:10B43000084B1B6819460B4801F094FA074B002291
:10B440001A7000BF03B05DF804FB00BF243B00206E
:10B450002C3B0020303B0020283B0020343B0020C8
:10B46000783000204831030030B583B00190154A90
:10B4700000211548FCF738FB019B18464FEAE071A4
:10B480004FF000024FF00003CB0343EA5043C203E6
:10B4900012F57A7443F100054FF4FA624FF000039D
:10B4A0002046294606F0E0FC02460B4613460022E1
:10B4B00019460648FCF74CFB054B00221A6000BFFA
:10B4C00003B030BDE5B30200103503002032002088
:10B4D000243B002008B5064A01210648FCF704FB7E
:10B4E000002210210448FCF733FB00BF08BD00BF59
:10B4F00079AF0200143503004032002000B583B05C
:10B500000023009304F0BAFA01906B46194601201B
:10B5100004F0AEFB6B46184604F038FC019000BF07
:10B5200003B05DF804FB000008B5F42200210D48CB
:10B5300006F0D0FD0B4B41221A700A4B43225A7081
:10B54000084B4B229A70074B3122DA70064B1B884E
:10B55000064A0449064804F08BF8064801F002FA4E
:10B5600000BF08BD1C380020443000204C300020B3
:10B57000283000205C31030000B583B00346009101
:10B58000ADF80630064801F0EDF9BDF80630009A36
:10B5900019460448FBF76EFF00BF03B05DF804FBDB
:10B5A00070310300EFBEADDE00B585B00190019BA8
:10B5B0001B78002B61D1019B9B8A1946314801F011
:10B5C000D1F900230393019B9B8A1A46039B934264
:10B5D0000CD2019B1A69039B13441B7819462A4815
:10B5E00001F0C0F9039B01330393ECE7274801F016
:10B5F000B9F9019B1B6902331B78012B0CD1244B39
:10B6000001221A704FF08043B122C3F81C25642038
:10B61000FFF792FCFFF7A4FB019B1B6904331A7828
:10B620001C4B1A70019B1B6906331B781A464FF49A
:10B630007A7303FB02F3184A1360019B1B690733FB
:10B640001B785AB2154B1A70019B1B6909331B7882
:10B650001A464FF47A7303FB02F3114A1360019BFD
:10B660001B690A331A780F4B1A70019B1B690B3345
:10B670001A780D4B1A70FFF757FF00BF05B05DF841
:10B6800004FB00BF88310300B4310300BC31030068
:10B69000353B00206532002054300020143000205B
:10B6A00058300020363B00207D30002000B585B0AA
:10B6B0009DF80430012262F303038DF804309DF8F5
:10B6C0000430012262F307138DF80430124806F0AB
:10B6D00056FD03469AB201AB0F491846FFF71CFC12
:10B6E00002AB08220021184606F0F4FC1023ADF846
:10B6F00008303C23ADF80A300023ADF80C304FF48D
:10B70000C873ADF80E3002AB1846FFF701FC00BF5E
:10B7100005B05DF804FB00BFC031030000B583B085
:10B7200000230093002300936B461946094803F059
:10B73000B7FC01AB04220021184606F0CBFC064BF7
:10B74000019301AB1946054803F0ECFE00BF03B0BE
:10B750005DF804FBDC330020A9B50200283000208E
:10B7600000B583B00190019B1B78002B05D1054BE0
:10B770001B883B211846FFF7C7FB00BF03B05DF8ED
:10B7800004FB00BF4430002000B589B001AB1C228F
:10B790000021184606F09EFC002301934FF4A033CD
:10B7A00002934FF4F023039303238DF8103000230A
:10B7B000ADF8123000238DF81430064B06930023A9
:10B7C000079301AB184602F093FC00BF09B05DF887
:10B7D00004FB00BF61B7020000B585B00190009185
:10B7E000019B1B88562B42D0562B47DC3B2B37D076
:10B7F0003B2B43DC212B25D0212B3FDC102B02D00F
:10B80000112B0ED03AE0019B9A881F4B1A801E4BD9
:10B810001B8819461D4803F065FC1D4B01221A7058
:10B820002DE0194B4FF6FF721A80174B1B883B21F6
:10B830001846FFF769FB164B00221A70154B0122C0
:10B840001A601CE000238DF80D3000238DF80C30B9
:10B85000019B9B8803AA11461846FFF769FB0EE07F
:10B86000019B9B8813211846FFF74EFB07E0019BC5
:10B870009B8813211846FFF747FB00E000BF00BF7D
:10B8800005B05DF804FB00BF44300020DC3300202D
:10B89000C1330020243B002008B5FFF745FB0349D6
:10B8A0000348FFF73DFB00BF08BD00BF6C30002020
:10B8B0005C30002000B583B004F0E0F80023019371
:10B8C00001AB1946012004F0D3F90346002B14BF45
:10B8D00001230023DBB2002B02D00B4801F042F819
:10B8E00001AB184604F052FA0346002B14BF0123A3
:10B8F0000023DBB2002B02D0044801F033F800BF74
:10B9000003B05DF804FB00BFCC310300D831030065
:10B9100000B5ADB001ABAC220021184606F0DAFB51
:10B9200002238DF8043000238DF8063005238DF8AE
:10B9300007300123ADF850300C4B159301238DF8DF
:10B9400080304023239344F25063249300232A93AE
:10B9500001AB1946064802F065F80121044802F0DF
:10B9600054F800BF2DB05DF804FB00BF4830002044
:10B97000E833002000B583B001900091009B5A8805
:10B98000124B1B889A4214D1009B1B8840F67722E9
:10B9900093420ED1009B9B88033B9AB20C4B1A80BA
:10B9A0000B4B1B8819460A4B1B881A46094800F0A6
:10B9B000D9FF019B5B881946019B1B881A460648E4
:10B9C00000F0D0FF00BF03B05DF804FB443000205E
:10B9D00046300020E83103000832030008B505496D
:10B9E000054803F076FAF721034803F09DFA00BFFB
:10B9F00008BD00BF75B90200C833002008B5032197
:10BA0000024802F0EBF800BF08BD00BFE833002099
:10BA100008B5FFF74FFFFFF749FEFFF7DFFFFFF71E
:10BA20007DFEFFF775FFFFF7AFFEFFF7E7FF044B63
:10BA300000221A70034800F095FF00BF08BD00BF48
:10BA4000C13300204432030082B00190019B082BD7
:10BA500038D801A252F823F07DBA020085BA02005C
:10BA60008DBA020095BA02009DBA0200A5BA020082
:10BA7000ADBA0200B5BA0200BDBA0200154BFC22F5
:10BA80001A7023E0134BF8221A701FE0114BF422B6
:10BA90001A701BE00F4BF0221A7017E00D4BEC22CE
:10BAA0001A7013E00B4BE2221A700FE0094BD822F8
:10BAB0001A700BE0074B00221A7007E0054B0422B6
:10BAC0001A7003E0034B00221A7000BF00BF02B0DF
:10BAD000704700BF3C3B0020124B0022C3F80022FD
:10BAE000104B0022C3F810210E4B00221A600D4BA0
:10BAF0000122DA600B4B01221A610A4B0122C3F8C2
:10BB00000C21084BD3F81031002B0CBF012300236C
:10BB1000DBB2002B00D0F4E7024B0022C3F8102167
:10BB200000BF70470010004008B5114B0122C3F858
:10BB3000FC2F0F4B0122C3F800220E4B93F900306B
:10BB40001846FFF781FF0C4B1A78094BC3F80C25F8
:10BB50000A4B1A78064BC3F81025094B1A78044B88
:10BB6000C3F80825024B01221A6000BF08BD00BFC0
:10BB700000100040143000203C3B00207C300020AE
:10BB80007D3000201D4B1A781D4BC3F810251C4B2F
:10BB90002122C3F800221A4B1A4AC3F80425184B75
:10BBA000D3F85036164A23F00103C2F85036144B2E
:10BBB000154AC3F81825124B0022C3F83425104B40
:10BBC0000022C3F82C250E4B0122C3F830250C4B64
:10BBD000CC22C3F824250A4B4FF0CC32C3F81C25E5
:10BBE000074B0A4AC3F81425094B1A78044BC3F8CB
:10BBF0000825034B01225A6000BF70477C300020AB
:10BC000000100040403B0020FF000403080000013A
:10BC10007D30002008B503F085FF00BF08BD00BFE0
:10BC20007047000008B5FFF7F5FFFFF7F8FF3C4B42
:10BC300001221A604FF080430022C3F800214FF028
:10BC4000804301221A604FF08043D3F80031002B6B
:10BC50000CBF01230023DBB2002B00D0F3E7314BF4
:10BC60001B78002B02D000F0A7FC01E0FFF734FFA7
:10BC70002C4B1B78002B01D000F024FC2A4B1B78A6
:10BC8000002B3ED0274B1B78002B02D000F08CFC01
:10BC900001E0FFF749FF254800F064FE244B1B68D4
:10BCA0001846FFF7E1FB234B1B68002B0CBF012359
:10BCB0000023DBB2002B02D0FCF72EFEF3E700F0EE
:10BCC0005DFB184B1B78002B02D000F075FC01E0E7
:10BCD000FFF702FF184800F045FE184B1B68184696
:10BCE000FFF7C2FB134B1B68002B0CBF0123002383
:10BCF000DBB2002B02D0FCF70FFEF3E700F03EFBB7
:10BD0000C0E7084B1B78002B02D000F04DFC01E08F
:10BD1000FFF70AFF0A4800F025FEFCF7FDFDFCE7EF
:10BD200000D0004065320020C233002054320300AE
:10BD300054300020243B002064320300583000209F
:10BD40007432030000B583B003468DF80730FFF767
:10BD500061FFFFF764FF3C4B01221A604FF0804304
:10BD60000022C3F800214FF0804301221A604FF0F7
:10BD70008043D3F80031002B0CBF01230023DBB23A
:10BD8000002B00D0F3E7314B1B78002B02D000F0E2
:10BD900013FC01E0FFF7A0FE2C4B1B78002B01D019
:10BDA00000F090FB9DF80730002B3ED0274B1B780E
:10BDB000002B02D000F0EAFB01E0FFF7E3FE24488D
:10BDC00000F0D0FD234B1B681846FFF74DFB224BBC
:10BDD0001B68002B0CBF01230023DBB2002B02D019
:10BDE000FCF79AFDF3E700F0C9FA184B1B78002B1B
:10BDF00002D000F0E1FB01E0FFF76EFE174800F013
:10BE0000B1FD174B1B681846FFF72EFB124B1B6842
:10BE1000002B0CBF01230023DBB2002B02D0FCF768
:10BE20007BFDF3E700F0AAFAC0E7084B1B78002B74
:10BE300002D000F0ABFB01E0FFF7A4FE094800F0E0
:10BE400091FDFCF769FDFCE700D000406532002061
:10BE50005432030054300020243B0020643203009D
:10BE6000583000209032030000B583B00190FFF7F6
:10BE70007DF80346444A1360434B1B681946434808
:10BE800000F070FDFFF7C4FD0198FFF7EDFA4048A0
:10BE900000F068FD3F4B1B68002B03D03E4B1B7826
:10BEA000002B01D0012300E00023002B02D0FCF77F
:10BEB00033FDEFE7394800F055FD394B93F8543026
:10BEC0001846FFF71DF84FF47A70FFF735F803F0C6
:10BED00029FE4FF47A70FFF72FF800F04FFA314B3C
:10BEE00093F90030082B02DD2E4B07221A702E4BDF
:10BEF0001B78642B02D92C4B11221A702B4B1B7808
:10BF000019462B4800F02EFD2A4B1B6819462A487B
:10BF100000F028FD234B93F900301946274800F024
:10BF200021FD274B1B681946264800F01BFD264BB8
:10BF30001B781946254800F015FD1B4B1B78194648
:10BF4000234800F00FFD234B1B781946224800F0D0
:10BF500009FD164B1B78002B09D04FF08043B1220E
:10BF6000C3F81C256420FEF7E7FFFEF7F9FE194B26
:10BF70001B78002B01D000F01DFAFFF7BFFA00BFBD
:10BF800003B05DF804FB00BF383B0020C83203005B
:10BF9000D4320300243B0020C1330020EC320300E4
:10BFA000E8330020143000207D300020353B002095
:10BFB0000433030054300020103303002033030007
:10BFC0005830002030330300363B00204433030058
:10BFD00050330300653200206033030008B5FCF7DE
:10BFE00069FF0020FCF7C4FFFCF780FC00BF08BD20
:10BFF00070B596B04FF08053D3F8A8301B0ADBB26F
:10C0000063F03F03DBB28DF850304FF08053D3F82C
:10C01000A830DBB28DF851304FF08053D3F8A43004
:10C020001B0EDBB28DF852304FF08053D3F8A430A2
:10C030001B0CDBB28DF853304FF08053D3F8A43093
:10C040001B0ADBB28DF854304FF08053D3F8A43084
:10C05000DBB28DF855309DF850301D469DF85130BB
:10C060001E469DF852309DF853209DF854109DF8BF
:10C070005500044604A803940291019200933346AC
:10C080002A46054905F0C9FF04AB1946034800F0EC
:10C0900069FC00BF16B070BD6C330300943303001D
:10C0A00010B584B04FF08053D3F80431029302AB43
:10C0B00003934FF08053D3F80011039B03331B7895
:10C0C0001846039B02331B781C46039B01331B78E5
:10C0D0001A46039B1B7801930092234602460C48A4
:10C0E00000F040FC4FF08053D3F80831194609485E
:10C0F00000F038FC4FF080531B6E4FF08052526EB0
:10C100001946054800F02EFC00BF04B010BD00BF6A
:10C11000B4330300D0330300E033030000B583B031
:10C12000FDF72EFE0190019B0093009B002B05D094
:10C13000334A40F20A610098FBF79CF9FFF74EFF83
:10C14000FFF756FFFFF7ACFF00F012F9FFF7C2F957
:10C150002C48FFF789FE2C4B1B78032B45D801A2F6
:10C1600052F823F075C1020089C102009BC1020090
:10C17000C5C10200254800F0F5FB00F00DF9FFF7FE
:10C1800049FDFCF7C9FBFCE7214800F0EBFB214B24
:10C1900000221A70FCF7C0FBFCE71F4800F0E2FB2E
:10C1A0001E4B1B68002B07D11D4B1B68002B03D1B6
:10C1B000184B00221A7002E0164B01221A70FFF78A
:10C1C00031FDFCE7174800F0CDFB144B1B68002B3A
:10C1D00007D1134B1B68002B03D10020FFF7B2FDE2
:10C1E000FBE70120FFF7AEFDFBE7084800F0BAFBD4
:10C1F00000F0D2F8FFF70EFDFCF78EFBFCE700BF66
:10C20000BC300300C0D40100363B0020F0330300F3
:10C21000FC330300C23300201034030054300020EC
:10C22000583000203034030082B00190054BB3F841
:10C23000E0301A46019B42FA03F303F0010318466B
:10C2400002B070474439002000B583B001900198D6
:10C25000FFF7EAFF0346002B0CBF01230023DBB2EC
:10C26000002B22D0174BB3F8E0301AB20121019B0A
:10C2700001FA03F31BB213431BB29AB2114BA3F89A
:10C28000E020FEF773FE02460F4B1B68D31A0F4ADD
:10C29000A2FB03239B0998B20A4A019B342101FBAC
:10C2A00003F31344743302461A80064A019B342177
:10C2B00001FB03F31344683300221A8000BF03B06C
:10C2C0005DF804FB44390020383B0020D34D621058
:10C2D00000B585B00190009100230393039B002BD0
:10C2E00020DC039B342202FB03F1009A13461B015E
:10C2F0009B1ADB000B4440330D4A134408330622DB
:10C300001946019800F016F80346002B14BF0123CC
:10C310000023DBB2002B01D0039B05E0039B01331C
:10C320000393DBE74FF0FF33184605B05DF804FBDD
:10C330004439002086B003900291019200230593B6
:10C34000059A019B9A420FDA059B039A13441A78C7
:10C35000059B02990B441B789A4201D0002304E00C
:10C36000059B01330593EBE70123184606B07047A0
:10C3700008B5FBF77BFB00BF08BD000008B504480B
:10C38000FBF71CFC034B00221A6000BF08BD00BF76
:10C3900020320020243B002000BF704782B0019073
:10C3A0000091034B01221A7000BF02B0704700BF1A
:10C3B0006432002010B588B01C20FEF754FD1C200C
:10C3C000FEF762FD0220FEF74EFD0220FEF75CFD47
:10C3D0000A20FEF748FD0A20FEF76AFD0120FEF75D
:10C3E000ABFD0A20FEF750FD0120FEF7A5FD03205E
:10C3F000FEF739FD0320FEF747FD6420FEF79CFDA4
:10C40000274B02AC0FCB84E80F0004238DF80B30D0
:10C410000B238DF80A3029238DF8093005238DF878
:10C4200008304FF00053049300238DF8153002A913
:10C4300000231C4A1C48FCF7FFFE0790079B002BBB
:10C4400005D01A4A40F261710798FBF713F8184AB1
:10C4500001AB1268114619800233120C1A7001AB3D
:10C46000144A19460A20FDF7DDFC0690069B002BB6
:10C4700002D0114800F076FA01210A20FDF74CFDA8
:10C48000092209490D4803F0FBFD034683F001032F
:10C49000DBB2002B02D00A4800F064FA08B010BDED
:10C4A000883403009DC3020018350300BC3003002C
:10C4B00098340300C9C502004C34030068320020E0
:10C4C0007034030000B583B001238DF8043001AA55
:10C4D000012340F68901264804F0C2F8254B1B7859
:10C4E000002B03D0234B1B781D2B02D9214B0F228D
:10C4F0001A70204B1B7803F5617307EE903AF8EE43
:10C50000E77A1D4BC3ED007A1B4BD3ED007AB0EEFA
:10C51000670A174804F030FA0120FEF70DFD174BAB
:10C5200093F9003001221946114804F020FB012044
:10C53000FEF702FD104BD3ED007A9FED117A67EE06
:10C54000877A9FED0F7A67EE877AFCEEE77A17EE2F
:10C55000901A0C4800F006FA084B93F9003019467F
:10C56000094800F0FFF900BF03B05DF804FB00BF0D
:10C57000683200207D300020103000200C30002078
:10C5800000007A449C340300A834030000B5C1B015
:10C590006B46FF221946034804F0F0F80A20FEF724
:10C5A000CBFCF5E76832002008B5024804F0A4FA95
:10C5B00000BF08BD6832002008B5024804F04CFAFC
:10C5C00000BF08BD6832002000B583B001900B4663
:10C5D0008DF80330074800F0C5F99DF80330012BB2
:10C5E00003D1054804F0B8FB00E000BF00BF03B072
:10C5F0005DF804FBE83403006832002000B583B026
:10C6000001900091019B012B1BD1009B4FF6FF7203
:10C61000934216D10D4803F02DFD0D4B1B6864337A
:10C620000C4A13600B4B1B689AB20B4B5A80084B99
:10C630001B689AB2084B9A80084B1B689AB2064B4B
:10C64000DA8000BF03B05DF804FB00BF6832002051
:10C6500050300020103900205C30002014390020B8
:10C6600008B54FF6FF710120FFF7C8FF08BD0000B5
:10C6700000B583B01F4B0193019B02221A61019BFD
:10C6800002225A61019B1C4A9A61019B1B4ADA6192
:10C69000019B4FF400721A62019B00229A62019B77
:10C6A00000225A62019B0022DA62019B124A9A64BC
:10C6B000019B134ADA64019B10221A65019B002238
:10C6C0009A65019B00225A65019B0022DA65019B55
:10C6D00007330C49184605F030FD019B0A491846FE
:10C6E00005F02BFD019B20229A7100BF03B05DF87D
:10C6F00004FB00BF403C002028350300B83C00206C
:10C70000B83E0020343503003835030000B589B049
:10C7100003900291019200230693039BDB6805932B
:10C72000039B1B690493049A059B9A4205D9049ABA
:10C73000059BD31A013B079307E0039B9A68049972
:10C74000059BCB1A1344013B0793039B9A68059BF7
:10C75000D31A079A934228BF13460793079A019B5F
:10C76000934228BF13460793039B5A68059B1344C3
:10C77000079A0299184605F084FC069A079B134411
:10C780000693029A079B13440293019A079BD31ABC
:10C790000193059A079B13440593039B9B68059A95
:10C7A0009A4201D100230593039B059ADA60019B0D
:10C7B000002BB5D1069B184609B05DF804FB00B507
:10C7C00089B0039002910192039BDB680793039B5E
:10C7D0009A68079BD31A0693069A019B9A420ED930
:10C7E000039B5A68079B1344019A0299184605F067
:10C7F00048FC079A019B1A44039BDA601AE0069BE7
:10C800000593039B5A68079B1344059A029918469F
:10C8100005F037FC019A069BD31A0593039B5868D1
:10C82000029A069B1344059A194605F02AFC039BBD
:10C83000059ADA6000BF09B05DF804FB86B001908C
:10C84000019B1B690493019BDB680393049A039B80
:10C850009A4208D8019B9A68039BD21A049B1344FE
:10C86000013B059304E0049A039BD31A013B059313
:10C87000059B184606B0704700B589B00390029139
:10C880000192029B0693039B5A1C13465B001344C0
:10C89000DB00204A13440593059B5B69022B29D0DA
:10C8A000022B2ED8002B02D0012B13D029E00598A3
:10C8B000FFF7C4FF0490049A019B9A4202D200231E
:10C8C000079321E0019B0793019A06990598FFF7CA
:10C8D00076FF19E00598FFF7B1FF0490019A049BD9
:10C8E000934228BF13460793079A06990598FFF7C6
:10C8F00066FF09E0019A06990598FFF707FF079080
:10C9000002E00023079300BF079B184609B05DF8BB
:10C9100004FB00BF403C002000B587B003900291AB
:10C9200001920F4B1B78002B01D1FFF7A1FE0023D2
:10C930008DF813300DF113031846FBF7F3F9019A44
:10C9400002990398FFF798FF05909DF81330184659
:10C95000FBF7FEF9059B184607B05DF804FB00BF26
:10C96000403C00200FB400B5A3B025AB009301A854
:10C97000009B249A802105F076FB2190219B802B3F
:10C9800006DD01AB802219460020FFF7C5FF08E055
:10C99000219B002B05DD219A01AB19460020FFF7F2
:10C9A000BBFF219B184623B05DF804EB04B0704731
:10C9B0006DDF704700BF184679DF704700BF18462B
:10C9C0007DDF704700BF184664DF704700BF184620
:10C9D00082B003460091ADF80630BDF80630DAB2F9
:10C9E000009B1A70BDF806301B0A9AB2009B0133F7
:10C9F000D2B21A700223184602B0704700B589B04F
:10CA0000039002911346ADF80630029B1B8803F198
:10CA10000902BDF806309A4201D90C2353E004AB59
:10CA20001846FFF7C5FF0790079B0693069B002B50
:10CA300001D0069B47E0029B1B881A46039B1344C8
:10CA400008221A70029B1B8801339AB2029B1A803B
:10CA5000029B1B881A46039B13441B221A70029BDD
:10CA60001B8801339AB2029B1A80029B1B881A46CC
:10CA7000039B981804AB01330622194605F001FB0D
:10CA8000029B1B8806339AB2029B1A809DF81030D5
:10CA900023F00103DBB2002B07D1029B1B881A464F
:10CAA000039B134400221A7006E0029B1B881A465F
:10CAB000039B134401221A70029B1B8801339AB214
:10CAC000029B1A800023184609B05DF804FB00B5EC
:10CAD00089B0039002910192ADF80230039B1B785C
:10CAE000012B05D1039B5B78002B01D1072392E03A
:10CAF000019B1B889A1CBDF802309A420ED8039BFA
:10CB00001B78012B0CD1019B1B881A46039B5B7879
:10CB100013449A1CBDF802309A4201D90C237AE0E2
:10CB2000019B1B88BDF80220D31A9BB2023BADF8D3
:10CB30001C30BDF81C30ADF81230019B1B8802334D
:10CB4000029A13440DF1120211461846FFF738FFFE
:10CB50000690069B0593059B002B01D0059B5AE090
:10CB6000039B1B78022B06D0039B5B789AB2BDF81F
:10CB700012309A4209D3BDF81230BDF81C209A42F7
:10CB800003D309238DF81F3017E008238DF81F30D9
:10CB9000039B1B78012B0CD1039B5B789BB2BDF8E8
:10CBA0001C209A4205D3039B5B789BB2ADF81230F0
:10CBB00003E0BDF81C30ADF81230BDF81230FE2B8A
:10CBC00001D90C2327E0BDF81230DAB2019B1B8893
:10CBD0001946029B0B440132D2B21A70019B1B888A
:10CBE00001339AB2019B1A80019B1B881A46029B53
:10CBF00013449DF81F201A70019B1B8801339AB2C1
:10CC0000019B1A80019B1A88BDF8123013449AB216
:10CC1000019B1A800023184609B05DF804FB00B59B
:10CC200089B0039002911346ADF80630029B1B8831
:10CC30001A1DBDF806309A4201D90C233BE00DF1D4
:10CC400016031846FFF7B8FE0790079B0693069B4E
:10CC5000002B01D0069B2EE0029B1B881A46039BEB
:10CC6000134403221A70029B1B8801339AB2029B61
:10CC70001A80029B1B881A46039B134419221A70C0
:10CC8000029B1B8801339AB2029B1A80BDF81620C2
:10CC9000029B1B881946039B0B4419461046FFF75D
:10CCA00097FE03461946029B1A888BB213449AB228
:10CCB000029B1A800023184609B05DF804FB84B07B
:10CCC000029101921A4603468DF80F301346ADF8D3
:10CCD0000C30019B1B88DA1CBDF80C309A4201D93C
:10CCE0000C2328E0019B1B881A46029B1344022256
:10CCF0001A70019B1B8801339AB2019B1A80019B19
:10CD00001B881A46029B134401221A70019B1B8840
:10CD100001339AB2019B1A80019B1B881A46029B21
:10CD200013449DF80F201A70019B1B8801339AB29F
:10CD3000019B1A800023184604B0704784B002910A
:10CD400001921A4603468DF80F301346ADF80C30A9
:10CD5000019B1B88DA1CBDF80C309A4201D90C23C8
:10CD600028E0019B1B881A46029B134402221A707A
:10CD7000019B1B8801339AB2019B1A80019B1B887F
:10CD80001A46029B13440A221A70019B1B88013326
:10CD90009AB2019B1A80019B1B881A46029B13447E
:10CDA0009DF80F201A70019B1B8801339AB2019BDA
:10CDB0001A800023184604B0704700B58FB0039066
:10CDC00001930B468DF80B3013468DF80A30002383
:10CDD0008DF83330109B1B88ADF8303000230D9355
:10CDE00071E0039B5A680D9B9B001A4405AB1068C9
:10CDF00018600DF11B0105AB00221846FFF7E4FD9A
:10CE00000A900A9B0993099B002B01D0099B7CE0A7
:10CE10009DF81B309DF80A209A4251D19DF833307D
:10CE2000002B01D0002300E002238DF82330109B5B
:10CE30001B881A469DF81B301A449DF823301A446B
:10CE4000BDF844309A4201DD0C235EE09DF833309A
:10CE500083F00103DBB2002B16D0109B1B8801333B
:10CE60009AB2109B1A80109B1B881A46019B134490
:10CE70009DF80B201A70109B1B8801339AB2109BEF
:10CE80001A8001238DF83330109B1B881A46019BB2
:10CE90001A440DF11B0105AB1846FFF795FD0A90EA
:10CEA0000A9B0793079B002B01D0079B2DE0109B4B
:10CEB0001A889DF81B309BB213449AB2109B1A80BB
:10CEC0000D9B01330D93039B1B881A460D9B9342C8
:10CED00087DB9DF83330002B16D0109B1A88BDF8E5
:10CEE0003030D31A9BB2013BADF82E30BDF82E3056
:10CEF000FF2B01D90C2308E0BDF83030019A134410
:10CF0000BDF82E20D2B21A70002318460FB05DF87B
:10CF100004FB00B58BB0059003930B468DF81330DE
:10CF200013468DF812309DF81310BDF8343001937C
:10CF30000C9B0093039B02220598FFF73EFF09908C
:10CF4000099B0893089B002B01D0089B14E09DF8D7
:10CF50001210BDF8343001930C9B0093039B1022F8
:10CF60000598FFF72AFF0990099B0793079B002B61
:10CF700001D0079B00E0002318460BB05DF804FBCE
:10CF800082B00190019B1B88052B0AD9019B1B884D
:10CF9000B3F5486F07D9019B1B884FF6FF72934288
:10CFA00001D0072325E0019B5B88052B0AD9019B53
:10CFB0005B88B3F5486F07D9019B5B884FF6FF721A
:10CFC000934201D0072314E0019B1B884FF6FF72A8
:10CFD00093420DD0019B5B884FF6FF72934207D0BE
:10CFE000019B1A88019B5B889A4201D9072300E0C4
:10CFF0000023184602B0704700B587B00390029135
:10D000000192ADF80230019B1B889A1DBDF80230D9
:10D010009A4201D90C234DE00398FFF7B1FF059028
:10D02000059B0493049B002B01D0049B42E0019BD1
:10D030001B881A46029B134405221A70019B1B8809
:10D0400001339AB2019B1A80019B1B881A46029BEE
:10D05000134412221A70019B1B8801339AB2019B60
:10D060001A80039B1A88019B1B881946029B0B445C
:10D0700019461046FFF7ACFC03461946019B1A8877
:10D080008BB213449AB2019B1A80039B5A88019B6E
:10D090001B881946029B0B4419461046FFF798FC63
:10D0A00003461946019B1A888BB213449AB2019B1E
:10D0B0001A800023184607B05DF804FB00B587B05E
:10D0C000039002910192ADF80230039B9B880233DA
:10D0D0000593019B1B881A46059B13449A1CBDF8B7
:10D0E00002309A4201D90C2354E0059BFE2B01D952
:10D0F0000C234FE0059BDAB2019B1B881946029B6B
:10D100000B440132D2B21A70019B1B8801339AB2D0
:10D11000019B1A80019B1B881A46029B1344FF2225
:10D120001A70019B1B8801339AB2019B1A80039BE2
:10D130001A88019B1B881946029B0B44194610460E
:10D14000FFF746FC03461946019B1A888BB213442D
:10D150009AB2019B1A80039B9B88002B19D0039BDA
:10D160009B68002B01D1072314E0019B1B881A4602
:10D17000029B9818039B9968039B9B881A4604F0AE
:10D1800080FF019B1A88039B9B8813449AB2019BE2
:10D190001A800023184607B05DF804FB00B589B07B
:10D1A000039002910192ADF80230039B9B6A002B21
:10D1B00001D1072372E000238DF81F3066E0039B46
:10D1C000996A9DF81F2013465B0013449B000B4493
:10D1D0000693069B9B8802330593059BFE2B01D982
:10D1E0000C235BE0059BDAB2019B1B881946029B6E
:10D1F0000B440132D2B21A70019B1B8801339AB2E0
:10D20000019B1A80019B1B881A46029B134416221D
:10D210001A70019B1B8801339AB2019B1A80069BEE
:10D220001A88019B1B881946029B0B44194610461D
:10D23000FFF7CEFB03461946019B1A888BB21344B5
:10D240009AB2019B1A80069B9B88002B19D0069BE3
:10D250009B68002B01D1072320E0019B1B881A4605
:10D26000029B9818069B9968069B9B881A4604F0B7
:10D2700008FF019B1A88069B9B8813449AB2019B66
:10D280001A809DF81F3001338DF81F30039B93F8EF
:10D290002C309DF81F209A4291D30023184609B0E4
:10D2A0005DF804FB00B595B005900491039200234E
:10D2B0001393039B1B88ADF84A30039B00221A800E
:10D2C000059B93F82D30002B0ED0BDF84A301A463E
:10D2D00003990498FFF792FB1390139B1193119BF2
:10D2E000002B01D0119BD8E0059B9B78002B0ED022
:10D2F000BDF84A301A4603990498FFF790FC139042
:10D30000139B1093109B002B01D0109BC5E0059B35
:10D31000DB78002B10D0059BDB7858B2BDF84A3083
:10D32000039A0499FFF7CBFC1390139B0F930F9B69
:10D33000002B01D00F9BB0E0059B5B68002B11D048
:10D34000059B5B6893F90000BDF84A30039A049985
:10D35000FFF7F4FC1390139B0E930E9B002B01D050
:10D360000E9B9AE0059B1B89002B14D0059B03F1B3
:10D370000800BDF84A300193039B0093049B0622EA
:10D380000221FFF7C6FD1390139B0D930D9B002BFD
:10D3900001D00D9B81E0059B1B8A002B14D0059BBF
:10D3A00003F11000BDF84A300193039B0093049BE6
:10D3B00007220321FFF7ADFD1390139B0C930C9BE9
:10D3C000002B01D00C9B68E0059B1B8B002B14D01D
:10D3D000059B03F11800BDF84A300193039B0093AD
:10D3E000049B15221421FFF794FD1390139B0B93BC
:10D3F0000B9B002B01D00B9B4FE0059B1B6A002B66
:10D400000FD0059B186ABDF84A30039A0499FFF7BC
:10D41000F3FD1390139B0A930A9B002B01D00A9BE8
:10D420003BE0059B5B6A002B0FD0059B586ABDF85B
:10D430004A30039A0499FFF741FE1390139B099316
:10D44000099B002B01D0099B27E0059B93F82C300A
:10D45000002B0ED0BDF84A30039A04990598FFF7C7
:10D460009DFE1390139B0893089B002B01D0089BF3
:10D4700013E0059B1B78002B0ED0BDF84A30039AB1
:10D4800004990598FFF723FB1390139B0793079BC1
:10D49000002B01D0079B00E0139B184615B05DF8E8
:10D4A00004FB86B0039001921A460B46ADF80A3091
:10D4B00013468DF80930039B002B02D0019B002BF3
:10D4C00001D100234DE00023ADF816300CE0BDF88B
:10D4D0001630039A13441B789AB2BDF816301344E1
:10D4E0009BB20133ADF81630019B1B88BDF81620A6
:10D4F0009A4209D3BDF816300133039A13441B78BE
:10D500009DF809209A4205D0BDF81620BDF80A30D2
:10D510009A42DCD3BDF81620BDF80A309A4201D3F6
:10D5200000231EE0BDF816300233ADF81430BDF80C
:10D530001630039A13441B789BB2013BADF81230AE
:10D54000BDF81420BDF812301A44BDF80A309A42D2
:10D5500001DD002305E0019BBDF814201A80BDF811
:10D560001230184606B0704700B585B001900B46E2
:10D57000ADF8023013468DF801300023ADF80C30C1
:10D580009DF8013003AABDF802100198FFF789FF4A
:10D590000346ADF80E30BDF80E30002B01D100234C
:10D5A00004E0BDF80C301A46019B1344184605B040
:10D5B0005DF804FB72DF704700BF184673DF7047E9
:10D5C00000BF184682B00190019B93F83034184692
:10D5D00002B0704784B00190002303930AE0019ADF
:10D5E000039B13441B78002B01D0012306E0039B0F
:10D5F00001330393039B052BF1D90023184604B094
:10D600007047000082B003468DF807309DF8073060
:10D610005A1C074B83FB02135910D317C91A0B4628
:10D620009B000B44D11ACBB2184602B0704700BF22
:10D630006766666682B001900091009BDB7B012BE0
:10D6400004D1009B9A88019BA3F8242400BF02B058
:10D65000704700B585B001900091019B002283F8CE
:10D660002E24009B9A88019BB3F824349A4216D149
:10D67000019B1B7983F00103DBB2002B0FD001214A
:10D68000019800F0ABFA0390039B002B07D0019B9D
:10D690009B6B002B03D0019B9B6B0398984700BFAB
:10D6A00005B05DF804FB00B585B001900091009BCA
:10D6B0001B88262B1ED1009B1B7A012B03D0009BBD
:10D6C0001B7A022B17D1019B9B781846FFF79AFF14
:10D6D00003461946019800F081FA0390039B002B42
:10D6E00009D0019B9B6B002B05D0019B9B6B039882
:10D6F000984700E000BF05B05DF804FB00B585B0B9
:10D7000001900B468DF80330019B03F22743184626
:10D71000FFF760FF03468DF80F309DF80330013BA3
:10D72000032B33D801A252F823F000BF3DD70200EB
:10D7300061D7020075D7020081D70200019B9B7957
:10D74000002B0DD0019B93F8243083F00103DBB252
:10D75000002B05D09DF80F30002B01D0012316E0DF
:10D76000019BDB79002B05D09DF80F30002B01D0F9
:10D7700002230CE0019B1B7A002B01D0032306E05F
:10D78000019B5B7A002B01D0042300E000231846A4
:10D7900005B05DF804FB00BF82B001900091019BD1
:10D7A000012283F83120019B0022C3F82024019B31
:10D7B00003F22642009B5A60009B00229A60009B65
:10D7C00002221A70009B80229A810023184602B020
:10D7D000704782B001900091019B022283F83120B2
:10D7E000019B93F82430002B03D0009B07221A7072
:10D7F00002E0009B03221A70019B1B699AB2009BF6
:10D800009A81019B0022C3F82024019B03F2264247
:10D81000009B5A60019BDA68009B9A6000231846BF
:10D8200002B0704700B583B00190019B5B79002B7B
:10D830000FD0019B93F82E3483F00103DBB2002B51
:10D8400007D00198FFF7BEFE0346002B01D001234D
:10D8500000E0002303F00103DBB2184603B05DF8DB
:10D8600004FB00B585B001900B468DF80330019B99
:10D87000D3F81004019BB3F8143401221946FFF7C2
:10D8800073FE0390039B002B03D0039B9DF80320A2
:10D890001A70019B03F15400019B03F58261019B07
:10D8A0003C331A46FFF786FE0346184605B05DF87E
:10D8B00004FB00B585B001900091019B5A69009B63
:10D8C0009A60019B9B699AB2009B9A81019B93F895
:10D8D0002430002B04D0019B062283F83C2003E077
:10D8E000019B012283F83C200198FFF79BFF034630
:10D8F000002B13D0009B02221A7504210198FFF718
:10D90000B0FF0390039B0293029B002B01D0029B6C
:10D910000FE0019B052283F8312003E0019B0322E5
:10D9200083F83120019B03F58262019BC3F8202418
:10D930000023184605B05DF804FB00B585B00190E2
:10D940000091019BDA69009B9A60019B1B6A9AB265
:10D95000009B9A81019B93F82430002B04D0019BFB
:10D96000062283F83C2003E0019B012283F83C203F
:10D970000198FFF757FF0346002B13D0009B0222AC
:10D980001A7504210198FFF76CFF0390039B029323
:10D99000029B002B01D0029B0FE0019B062283F823
:10D9A000312003E0019B042283F83120019B03F521
:10D9B0008262019BC3F820240023184605B05DF85D
:10D9C00004FB82B00190019B9B78002B06D0019B49
:10D9D00093F82030002B01D0002300E001231846EB
:10D9E00002B0704784B00190019B93F82430002B63
:10D9F00003D0EE23ADF80E3002E01F23ADF80E3059
:10DA0000BDF80E30184604B0704782B001900B4646
:10DA10008DF80330019B9DF8032083F8302000BF70
:10DA200002B0704730B587B001900091009B002B89
:10DA300002D0019B002B01D10E23B8E0009B78336C
:10DA40001846FFF7BEFF034683F00103DBB2002B4D
:10DA500001D00723ABE0019B00229A70019A009B42
:10DA6000141D03F178050FCD0FC40FCD0FC495E839
:10DA7000070084E80700019B002283F83020009B08
:10DA8000D3F8A420019B5A63009BD3F8A820019BE4
:10DA90009A63019B4FF6FF72A3F82424019B03F5C0
:10DAA0008262019BC3F82024019B03F226430722D4
:10DAB0000021184604F00EFB019B1B7883F0010344
:10DAC000DBB2002B03D0019BFF2283F85420019B83
:10DAD00003F15502019BC3F810240198FFF782FF60
:10DAE00003461A46019BA3F814240098019B03F1F6
:10DAF0005501019B03F214431A46FFF7D3FB05902F
:10DB0000059B0493049B002B01D0049B4FE0019BD9
:10DB100003F23122019BC3F818240198FFF762FF3A
:10DB200003461A46019BA3F81C24009B03F13C000A
:10DB3000019BD3F81814019B03F21C431A46FFF70C
:10DB4000B1FB0590059B0393039B002B01D0039B26
:10DB50002DE0019B012283F85120019B9B699AB221
:10DB6000019BA3F84820019B012283F83C20019BE4
:10DB700000221A64019B002283F85020019B5A69FD
:10DB8000019B5A64019B03F15400019B3C331A46EC
:10DB90000021FFF70FFD0590059B0293029B002BD0
:10DBA00001D0029B03E0019B01221A70059B1846DD
:10DBB00007B030BD82B00190019B1B68012B07D0DC
:10DBC000019B1B68022B03D0019B1B68042B01D116
:10DBD000012300E00023184602B0704700B585B06D
:10DBE00001900B468DF80330019B1B7883F00103F5
:10DBF000DBB2002B01D0082309E1019B9DF8032033
:10DC00009A70019B03F2264307220021184604F074
:10DC100061FA019B9B79002B03D0019B9B78012B20
:10DC20000FD0019BDB79002B03D0019B9B78012B4C
:10DC300007D0019BDB79002B14D0019B9B78022B32
:10DC400010D1019B5B6B002B08D0019B012283F854
:10DC50002D24019B5B6B0820984703E0019B002269
:10DC600083F82D249DF8033019460198FFF746FDEF
:10DC700003461A46019B9A70019B5B6B002B20D0D8
:10DC8000019B9B78032B03D0019B9B78042B18D11D
:10DC9000019B5B79002B14D0019B93F82E3483F009
:10DCA0000103DBB2002B0CD0019B002283F830244F
:10DCB000019B012283F82F24019B5B6B072098476F
:10DCC00003E0019B002283F82F24019B3C331822A0
:10DCD0000021184604F0FEF9019B012283F83C2044
:10DCE000019B2C331846FFF765FF0346002B06D037
:10DCF000019BDB6ADAB2019B83F8512003E0019BB0
:10DD0000012283F85120019B93F82430002B12D07C
:10DD1000019B28331846FFF74DFF0346002B06D022
:10DD2000019B9B6ADAB2019B83F8522003E0019BBE
:10DD3000012283F85220019B002283F85020019B8E
:10DD40009B78042B31D801A252F823F0A1DD020008
:10DD500061DD020071DD020081DD020091DD020063
:10DD6000019B3C3319460198FFF716FD03901DE017
:10DD7000019B3C3319460198FFF72BFD039015E0FA
:10DD8000019B3C3319460198FFF793FD03900DE08A
:10DD9000019B3C3319460198FFF7CFFD039005E046
:10DDA000019B002283F8312000E000BF019B9B789B
:10DDB000002B20D0019B03F15400019BD3F82014C9
:10DDC000019B3C331A46FFF7F5FB0390039B002BA6
:10DDD00001D0039B1BE0019B93F85420019B93F817
:10DDE000303019461046FFF7E9FB0390039B002BE8
:10DDF00001D0039B0BE0019B5B6B002B06D0019BCA
:10DE00005B6B019A92F83120104698470023184620
:10DE100005B05DF804FB00BF00B585B0019000912E
:10DE2000009B0393019B1B88262B10D0262B13DC11
:10DE3000102B02D0112B05D00EE001990398FFF7AB
:10DE4000F9FB0AE001990398FFF703FC05E001994B
:10DE50000398FFF728FC00E000BF00BF05B05DF8A5
:10DE600004FB75DF704700BF184676DF704700BFC0
:10DE700018467ADF704700BF18467BDF704700BF47
:10DE80001846000084B00346ADF806300023039323
:10DE900016E00F49039A13469B0013449B000B4462
:10DEA0001B88BDF806209A4207D1039A13469B00AF
:10DEB00013449B00064A134406E0039B013303937B
:10DEC000039B002BE5D00023184604B0704700BF29
:10DED000E83E002082B001900B46ADF80230019B75
:10DEE000BDF802201A80019B00221A72019B05498D
:10DEF00003F10A020B4603CB1060516000BF02B071
:10DF0000704700BF183F002082B00190019B4FF680
:10DF1000FF721A8000BF02B0704788B00390029170
:10DF200011461A460B46ADF806301346ADF80430DC
:10DF3000039B9B881A46BDF8063013440793039B46
:10DF40009B881946039B9B88BDF80620934228BFF7
:10DF500013469BB2CB1A0693039BDB881A46BDF887
:10DF6000043013440593039BDB881946039BDB882D
:10DF7000BDF80420934228BF13469BB2CB1A0493EA
:10DF8000029B5A88039B1B889A4205D3029B5A889E
:10DF9000039B5B889A4201D900231CE0029B9B886B
:10DFA0001A46069B934205D8029B9B881A46079BFC
:10DFB000934201D200230EE0029BDB881A46049BA9
:10DFC000934205D8029BDB881A46059B934201D2F7
:10DFD000002300E00123184608B0704700B583B065
:10DFE0000190064B9B69002B03D0044B9B69019861
:10DFF000984700BF03B05DF804FB00BFFC3E002063
:10E0000000B585B003460091ADF80630BDF8063086
:10E0100000991846FFF725FF0390039B002B05D0BE
:10E02000039B112B02D00398FFF7D8FF039B002B13
:10E030000CBF01230023DBB2184605B05DF804FBDA
:10E0400000B589B00190019B0793079B9BB21846CE
:10E05000FFF718FF0690069B002B42D0069B1A7A0A
:10E06000224B1B7B9A4215D2079B9AB2069B0A331E
:10E0700019461046FFF7C4FF03468DF813309DF88C
:10E080001330002B2DD0069B1B7A0133DAB2069B8E
:10E090001A7226E0069B00221A72144B1B7C002B7E
:10E0A0000FD0079B9BB23B211846FFF7DEFE059081
:10E0B000059B002B05D0059B082B02D00598FFF788
:10E0C0008DFF0A4B5B69002B0BD000238DF80C30C1
:10E0D000079B9BB2ADF80E30044B5B6903AA104658
:10E0E000984700BF09B05DF804FB00BFFC3E00206C
:10E0F00030B587B00190019B002B01D10E2353E076
:10E100002B4A019B14461D460FCD0FC495E807000E
:10E1100084E80700264B274A1A60019B1B68002BE6
:10E1200011D0019B1B681846FFF7A3FE0490049BC7
:10E13000002B01D0049B37E0019B1A681D4B10682F
:10E14000516803C308E01B48FFF797FE0490049B47
:10E15000002B01D0049B27E00023059320E0059AC3
:10E1600013469B0013449B00134A134403930398E4
:10E17000FFF7CAFE059B5B01104A1A44039B5A60D5
:10E18000039B04330E4A00211846F9F7ADFC0490B6
:10E19000049B002B01D0032306E0059B013305936C
:10E1A000059B002BDBD00023184607B030BD00BF15
:10E1B000FC3E0020183F0020E83E0020C83E002022
:10E1C00041E0020000B587B003460091ADF806308B
:10E1D000009B5B7A002B1AD1009B1B7A002B03D18A
:10E1E000164B5B68059302E0144B9B680593009BFC
:10E1F0005B68BDF8062005991846F9F7A9FC04905C
:10E20000049B002B16D00498FFF7E8FE12E0009B59
:10E2100000221A72094B5B69002B0BD001238DF889
:10E220000C30BDF80630ADF80E30044B5B6903AA24
:10E230001046984700BF07B05DF804FBFC3E002085
:10E2400000B585B00190019BDB7B8DF80F30019B01
:10E250009B88ADF80C309DF80F30012B2CD14FF678
:10E26000FF70FFF70FFE0290029B002B03D10420EA
:10E27000FFF7B4FE21E0BDF80C3019460298FFF715
:10E2800029FE029B03F10A00019B03F110014FF6E6
:10E29000FF7340F2F312FFF740FE03461A46029B5B
:10E2A0005A72074BDB89002B07D1BDF80C3002995D
:10E2B0001846FFF787FF00E000BF05B05DF804FBDC
:10E2C000FC3E002000B587B00190019B9B88ADF813
:10E2D0001630BDF816301846FFF7D4FD0490049BA5
:10E2E000002B0ED0049B5B681846F9F767FC03907F
:10E2F000039B002B02D00398FFF770FE0498FFF7F2
:10E3000003FE00BF07B05DF804FB000000B587B056
:10E310000190019B06330593059B1A88194BDB89F5
:10E320009A422BD1059B5B89022B27D1019B9B88AD
:10E33000ADF81230BDF812301846FFF7A3FD039078
:10E34000039B002B1AD0059B0C33184600F074FA7F
:10E350000346002B06D0BDF8123003991846FFF78C
:10E3600031FF0BE0039B5B681846F9F727FC02902E
:10E37000029B002B02D00298FFF730FE00BF07B0CF
:10E380005DF804FBFC3E002000B585B00190019BC8
:10E390009B88ADF80E30BDF80E301846FFF772FDC1
:10E3A0000290029B002B15D0029B03F10A00019BF7
:10E3B00003F108014FF6FF7340F2F312FFF7ADFDD2
:10E3C00003461A46029B5A72BDF80E30029918464F
:10E3D000FFF7F8FE00BF05B05DF804FB00B583B0A1
:10E3E00001900091019B1B88502B12D0502B18DC00
:10E3F000122B12D0122B14DC102B02D0112B04D0B4
:10E400000FE00198FFF71CFF0CE00198FFF75AFF9F
:10E4100008E00198FFF77AFF04E00198FFF7B4FFE6
:10E4200000E000BF00BF03B05DF804FB30B58FB063
:10E430000190009100230293009B002B1AD000232F
:10E440000D9314E06B460D991846FAF7A2F90346AE
:10E45000002B09D0029B5A1C02920D9A92B25B00CB
:10E460000EA90B4423F82C2C0D9B01330D930D9B0F
:10E47000132BE7D9019B1D4602AC0FCC0FC50FCC67
:10E480000FC594E8070085E8070001980FB030BD7C
:10E4900000B583B00346ADF80630BDF80630132B47
:10E4A00001D900230CE0BDF8063019460648FAF7FA
:10E4B0003FF9BDF8063019460448FAF739F9012347
:10E4C000184603B05DF804FB283F0020243F0020DD
:10E4D00000B585B00346ADF80630002303930DE088
:10E4E000039B9B00094A13440433BDF806201146E0
:10E4F0001846FAF735F9039B01330393039B1D2B51
:10E50000EED900BF00BF05B05DF804FB203F00203E
:10E5100000B583B00346ADF80630BDF806301946A5
:10E520000348FAF71DF900BF03B05DF804FB00BF14
:10E53000283F002030B59BB0184B9B68DB431893F5
:10E54000164B5A6818AB11461846FAF752F9189A42
:10E550006B4611461846FFF769FF0DAC6D460FCDAF
:10E560000FC40FCD0FC495E8070084E8070000230F
:10E5700019930BE0199B5B001AAA134433F8303C43
:10E580001846FFF7A5FF199B013319930D9B199AA4
:10E590009A42EFD300BF00BF1BB030BD203F002028
:10E5A00000B583B001900B46ADF8023013468DF8EC
:10E5B00001309DF80130002B06D0BDF8023019461D
:10E5C0000198FAF7B5F805E0BDF802301946019850
:10E5D000FAF7C6F800BF03B05DF804FB00B585B0DC
:10E5E00001900091019B9B88ADF80E30019B1B8828
:10E5F000103B0A2B00F2888001A252F823F000BFE2
:10E600002DE6020069E6020009E7020009E70200C0
:10E6100009E7020009E7020009E7020009E7020032
:10E6200009E70200D3E6020075E60200FFF782FF69
:10E63000BDF80E301846FFF72BFF034683F00103A9
:10E64000DBB2002B05D0324AF0210420F8F712FF8C
:10E6500057E0019BDB7B012B53D0BDF80E301946F0
:10E660002C48FAF765F84CE0BDF80E301846FFF775
:10E670004FFF49E0019B1B7AC3F30313DBB28DF814
:10E680000D309DF80D30032B8CBF01230023DAB22F
:10E69000BDF80E3019462048FFF782FF9DF80D3077
:10E6A000022B8CBF01230023DAB2BDF80E301946CD
:10E6B0001A48FFF775FF9DF80D30012B8CBF012321
:10E6C0000023DAB2BDF80E3019461548FFF768FF8F
:10E6D0001AE0019B1B7A002B15D1019B5B7AC3F3D7
:10E6E000C003DBB2002B14BF012300238DF80C30D4
:10E6F0009DF80C20BDF80E3019460748FFF750FF73
:10E7000001E000BF00E000BF00BF05B05DF804FB02
:10E71000403503002C3F0020383F0020343F0020CC
:10E72000303F002000B583B00346ADF80630BDF899
:10E730000630132B01D9002306E0BDF80630194638
:10E740000348FAF726F80346184603B05DF804FBC1
:10E75000243F002000B583B00346ADF80630BDF875
:10E7600006301846FFF7DEFF0346002B02D0BDF847
:10E77000063000E01423184603B05DF804FB00B532
:10E7800087B003900B460192ADF80A30019B002B35
:10E7900001D10E2338E0019B00221A60039B002B5D
:10E7A00001D10E2330E0039B1B68002B01D10E2307
:10E7B0002AE0039BDB8803F003039BB2002B01D00C
:10E7C000072321E0BDF80A301846FFF7C3FF0346D0
:10E7D0008DF817309DF81730142B01D1052313E065
:10E7E000039B1B799DF817209A4201D304230BE069
:10E7F000039B1B689DF817200399C98801FB02F24F
:10E800001A44019B1A600023184607B05DF804FB08
:10E8100082B00190019B1B781AB2019B01331B78D7
:10E820001B021BB213431BB29BB2184602B07047C7
:10E83000AADF704700BF184600B585B00190019867
:10E84000FFF7E6FF0346ADF80E30BDF80E3003F0DB
:10E850000103002B14BF01230023DBB2184605B0CF
:10E860005DF804FB82B0034600918DF80730009AF2
:10E8700013786FF303031370009A13786FF3071381
:10E8800013709DF80730052B5BD801A252F823F0D6
:10E89000A9E80200BFE80200D9E80200F3E802009C
:10E8A0000DE9020027E90200009A13786FF30303D1
:10E8B0001370009A13786FF30713137040E0009AF7
:10E8C0001378012161F303031370009A1378012177
:10E8D00061F30713137033E0009A1378012161F399
:10E8E00003031370009A1378022161F30713137066
:10E8F00026E0009A1378012161F303031370009A54
:10E900001378032161F30713137019E0009A137849
:10E91000022161F303031370009A1378012161F35C
:10E92000071313700CE0009A1378022161F30303BC
:10E930001370009A1378022161F30713137000BF5C
:10E9400000BF00BF02B0704700B595B0034602910A
:10E950000192ADF80E30029B9B78002B03D101236E
:10E960008DF81E3003E0029B9B788DF81E30029BD1
:10E970001B88ADF81C3006AB03220021184603F0BB
:10E98000A9FB029B5B7C06AA11461846FFF76AFFAB
:10E99000029B9A7C06AB013319461046FFF762FFD3
:10E9A000029BDA7B9DF81A3062F3C3038DF81A30AC
:10E9B000029B1A7C9DF81A3062F304138DF81A300A
:10E9C000029B1A7B9DF81A3062F300038DF81A300F
:10E9D000029B1B7D002B01D0022200E001229DF84A
:10E9E0001A3062F342038DF81A300DAB1C2200215D
:10E9F000184603F06FFB029B5B7B03F01003DBB256
:10EA0000002B06D1029B5B7B03F02003DBB2002BC3
:10EA100024D004AB03220021184603F05BFB029BC9
:10EA2000DA7C04AB013319461046FFF71BFF9DF853
:10EA30001030012262F303038DF810309DF810307E
:10EA4000012262F307138DF810309DF81230012275
:10EA500062F342038DF8123004AB1293029B5B7B8E
:10EA60008DF83430029B9B7B8DF8353008AB142237
:10EA70000021184603F02EFB07AB089306AB099361
:10EA8000029B9B88ADF82C30029B9B68002B06D024
:10EA9000029BDB88ADF82830029B9B680C93029B9D
:10EAA0009B69002B4FD005AB03220021184603F0D1
:10EAB00011FB029B9B691B88ADF83C30029B9B6954
:10EAC0005B88ADF83E30029B9B695B680E9305AB9B
:10EAD0001193029B9B691B7B05AA11461846FFF701
:10EAE000C1FE029B9B695A7B05AB01331946104658
:10EAF000FFF7B8FE029B9B699A7A9DF8163062F385
:10EB0000C3038DF81630029B9B69DA7A9DF81630A4
:10EB100062F304138DF81630029B9B691A7A9DF8F4
:10EB2000163062F300038DF81630029B9B699B7BC5
:10EB3000002B01D0022200E001229DF8163062F382
:10EB400042038DF81630029BDB69002B02D0029B3A
:10EB5000DB69109308AA0DA9BDF80E00019BFFF711
:10EB600067FE0346184615B05DF804FB90DF70475A
:10EB700000BF1846A5DF704700BF1846B5DF7047D5
:10EB800000BF184682B00190019BF7221A80019BBA
:10EB900017225A80019B00221A71019B00225A7190
:10EBA000019BFB229A71019B1B22DA7100BF02B00C
:10EBB000704700B589B003460A46ADF806301346E3
:10EBC000ADF80430BDF80430ADF81430BDF80430B1
:10EBD000ADF816300023ADF818300023ADF81A3028
:10EBE00003AB00221A609A8003AA05A9BDF806307B
:10EBF0001846FFF7BBFF0790079B002B02D0BDF81C
:10EC00000C30002B079B184609B05DF804FB00B5DB
:10EC100087B001900091009B9B88ADF81630BDF83D
:10EC20001630DB00019A134406330493019B1A79D2
:10EC3000049B9A71009BDB7B012B02D0022B05D039
:10EC400009E0019B1A88049B1A8004E0019B5A8802
:10EC5000049B1A8000BF049B1A88049B5B889A421D
:10EC600015D9049B1A88BDF8163011461846FFF7CF
:10EC700081FF0390039B002B03D1049B01225A7157
:10EC800005E0039B112B02D1049B01221A71049B06
:10EC90009A79049BDB799A4208D9049B9B799AB2B2
:10ECA000BDF8163011461846FFF783FF00BF07B0C6
:10ECB0005DF804FB00B583B001900091009B9B8838
:10ECC000DB00019A134406331846FFF75BFF00BFD1
:10ECD00003B05DF804FB00B587B001900091009B84
:10ECE0009B88ADF81630009B5B89ADF81430BDF8F9
:10ECF0001630DB00019A134406330493049B1B88EF
:10ED0000BDF81420934228BF13469AB2049B5A8040
:10ED1000049B5B88172B38BF17239AB2049B5A8039
:10ED2000019B1B69002B15D0049B5B79002B11D034
:10ED300040F67723ADF80830BDF81630ADF80A304C
:10ED4000049B5B88ADF80C30019B1B6902AA11463D
:10ED500001989847049B00225A71049B00221A7163
:10ED600000BF07B05DF804FB00B589B001900091C9
:10ED7000009B9B88ADF81E30009BDB88ADF81C30F3
:10ED8000BDF81E30DB00019A134406330693BDF82C
:10ED90001C30172B38BF1723ADF81C30069B1B887F
:10EDA000BDF81C20934228BF13469AB2069B5A8096
:10EDB000069B00221A71069B1A88BDF81E30114668
:10EDC0001846FFF7DBFE0590069B5B79002B16D1FA
:10EDD000019B1B69002B13D040F67723ADF80C3054
:10EDE000BDF81E30ADF80E30069B5B88ADF81030D4
:10EDF000019B1B6903AA11460198984700E000BFD8
:10EE000009B05DF804FB30B591B001900091009B12
:10EE100004AC1D1D0FCD0FC40FCD0FC495E8070026
:10EE200084E80700BDF81030ADF83E30BDF814207E
:10EE3000BDF83E30D1B2019ADB0013440A465A7342
:10EE4000019B1B69002B19D002AB00221A609A802B
:10EE50004DF67A23ADF80830BDF83E30ADF80A30F3
:10EE6000BDF83E30019ADB0013445B7B8DF80C301B
:10EE7000019B1B6902AA11460198984700BF11B077
:10EE800030BD00B587B001900091009B043305931D
:10EE9000059B1B88DB00019A134406330493059BF2
:10EEA0009B888DF80F30049B9B799DF80F2093422F
:10EEB00028BF13468DF80E30059B1B889DF80E2049
:10EEC00092B211461846FFF774FE00BF07B05DF816
:10EED00004FB00B585B001900091019B002B01D18E
:10EEE0000E231DE0019B009A1A61019BF7221A80F4
:10EEF000019BF7225A80019BFB221A710023039386
:10EF00000AE0039BDB00019A134406331846FFF71F
:10EF100039FE039B01330393039B002BF1D00023A5
:10EF2000184605B05DF804FB82B001900B46ADF8C1
:10EF30000230019B002B01D10E230EE0BDF8023000
:10EF4000162B03D9BDF80230F72B01D9072304E0B3
:10EF5000019BBDF802201A800023184602B07047BA
:10EF600000B587B001900091009B0593019B9B88A1
:10EF7000ADF81230BDF81230002B40F08480019BB8
:10EF80001B88552B48D0552B55DC242B32DC102BFD
:10EF900051DB103B142B4ED801A252F823F000BFD6
:10EFA000FBEF020005F0020037F0020037F002002C
:10EFB00037F0020037F0020037F0020037F00200AD
:10EFC00037F0020037F0020037F0020037F002009D
:10EFD00037F0020037F0020037F0020037F002008D
:10EFE00037F0020037F0020037F002002DF0020087
:10EFF00023F002003A2B0AD01DE001990598FFF793
:10F0000006FE19E001990598FFF754FE14E00199F6
:10F010000598FFF760FE0FE001990598FFF7A4FE41
:10F020000AE001990598FFF7EEFE05E001990598C1
:10F03000FFF727FF00E000BFBDF81230059ADB00A4
:10F0400013449B7A002B1FD0BDF81230059ADB00C9
:10F050001344DA88BDF8123011461846FFF78AFDCE
:10F060000390039B002B0FD1BDF81230059ADB00F3
:10F07000134400229A72BDF81230059ADB00134443
:10F080000122DA7200E000BF07B05DF804FB00BFA8
:10F09000B0DF704700BF184666DF704700BF1846F4
:10F0A00082B001900091019B002B01D10E2316E04C
:10F0B000009B002B01D10E2311E0019B1B78DE2B5E
:10F0C00001D108230BE0009B1A68019B5A60019B49
:10F0D000DE221A70019B4FF6FF725A8000231846F9
:10F0E00002B0704782B001900B46ADF80230019B30
:10F0F000002B01D10E230AE0019B1B78DE2B01D0EF
:10F10000082304E0019BBDF802205A800023184622
:10F1100002B0704700B585B00190019B1B7A002BAF
:10F1200018D0019B5B8800211846FFF7B5FF0390BC
:10F13000039B002B03D1019B00221A720AE0039B60
:10F14000112B03D1019B01221A7203E0019B5B6822
:10F150000398984700BF05B05DF804FB00B583B085
:10F1600001900091009B1B79012B0BD1009B1A8809
:10F17000019B5B889A4205D1019B01221A7201987A
:10F18000FFF7C8FF00BF03B05DF804FB82B0019039
:10F19000009100BF02B0704700B589B001900091A6
:10F1A000009B1A88019B5B889A4236D1009B0233F0
:10F1B0000793079B1B78022B31D1079B1B7A042BEB
:10F1C00007D0079B1B7A062B03D0079B1B7A052BC6
:10F1D00027D102AB00221A605A609A60DA600223DB
:10F1E0008DF808304FF4C073ADF80C30079B1B7AD4
:10F1F000052B02D10023ADF80C30009B1B8802AA1E
:10F2000011461846FFF744FF0690069B002B09D0D5
:10F21000019B5B680698984704E000BF02E000BFCE
:10F2200000E000BF09B05DF804FB00B585B00190B7
:10F230000091009B002B40D0019B002B3FD0009BF6
:10F240000393039B1B78DE2B3BD1019B9A88039B86
:10F250005B889A4202D10398FFF75CFF019B1B88F1
:10F26000512B18D0512B2EDC112B1BD0112B2ADC4B
:10F27000012B02D0022B07D025E0019B0433194655
:10F280000398FFF76BFF21E0019B043319460398B5
:10F29000FFF77CFF1AE0019B043319460398FFF740
:10F2A0007BFF13E0019B9A88039B5B889A420CD1F9
:10F2B000039B4FF6FF725A8007E000BF06E000BFD5
:10F2C00004E000BF02E000BF00E000BF05B05DF851
:10F2D00004FBA8DF704700BF1846ADDF704700BFD2
:10F2E0001846AEDF704700BF184662DF704700BFA8
:10F2F000184600B58FB00190009100230393019B45
:10F300005869009B9B8803AA1946FFF738FA0D90AD
:10F3100005AB08220021184602F0DCFE04AB069380
:10F320000223ADF814300023ADF81630009B988806
:10F33000019B1B8905AA1946FFF7CFFF0D900D9B76
:10F34000002B26D1019B9B69002B22D0069B1846DF
:10F35000FFF772FA0346002B1BD0039B002B02D051
:10F36000039B01221A7007AB18220021184602F0F5
:10F37000B1FE02238DF81C30019B0893009B9B88F3
:10F38000ADF82430039B0A93019B9B6907AA1046A2
:10F39000984700BF0FB05DF804FB00B58DB0019039
:10F3A0000091009B06330B93019B5869009B9B883F
:10F3B00003AA1946FFF7E3F90A9004AB18220021CB
:10F3C000184602F087FE019B0593009B9B88ADF8D1
:10F3D0001830039B07930B9B1A88019B1B899A4249
:10F3E00025D10B9B5B89022B21D1039B002B38D0AD
:10F3F0000B9B0C331846FFF71FFA0346002B06D071
:10F40000039B01221A7002238DF8103005E0039B44
:10F4100000221A7003238DF81030019B9B69002B8A
:10F420001FD0019B9B6904AA1046984719E00B9BCB
:10F430001A88019B9B899A4214D1019B9B69002BDE
:10F4400010D000238DF810300B9B0C3308930B9BCE
:10F450005B89ADF82430019B9B6904AA104698474C
:10F4600000E000BF00BF0DB05DF804FB00B58BB03D
:10F4700001900091019B5869009B9B8802AA194644
:10F48000FFF77DF90990099B002B1AD1029B1B788D
:10F49000002B17D003AB18220021184602F01AFEE9
:10F4A00001238DF80C30019B0493009B9B88ADF8E1
:10F4B0001430029B0693019B9B6903AA1046984750
:10F4C00000E000BF0BB05DF804FB00B585B0019013
:10F4D0000091009B002B1ED0019B002B1BD0009B9A
:10F4E0000393019B1B88572B10D0572B15DC102B37
:10F4F00002D0502B05D010E001990398FFF7F9FED8
:10F500000CE001990398FFF748FF07E00199039881
:10F51000FFF7ACFF02E000BF00E000BF05B05DF800
:10F5200004FB000010B592B0019000914F4B0AAC63
:10F530000FCB84E80F00019B002B01D10E2391E03B
:10F54000009B002B01D10E238CE0009B1A68019BCD
:10F550009A61019A0AAB11461846FFF7C6FE119050
:10F56000119B1093109B002B01D0109B7AE0019B04
:10F570001B788DF83A300123ADF83830019B9A1C86
:10F580000EAB19460120FFF7A4FE1190119B0F93BB
:10F590000F9B002B01D00F9B64E002AB20220021C7
:10F5A000184602F097FD0223ADF80830019B1B7846
:10F5B0008DF80A30F423ADF80C300123ADF80E308D
:10F5C00001238DF814309DF8153043F008038DF8B1
:10F5D00015309DF8153043F004038DF815300123E4
:10F5E0008DF8193001238DF81A30019B5888019B42
:10F5F00003F10C0202AB1946FFF7A6F91190119B1B
:10F60000002B01D0119B2DE002AB202200211846D7
:10F6100002F060FD0323ADF80830019B1B788DF8E4
:10F620000A30F423ADF80C300123ADF80E3001237D
:10F630008DF814309DF8153043F010038DF8153017
:10F6400001238DF8193001238DF81A3001238DF82C
:10F650001B30019B5888019B1A1D02AB1946FFF70E
:10F6600073F90346184612B010BD00BFAC35030055
:10F6700000B58DB0039002910192ADF80230039B6A
:10F68000002B01D10E2342E0039B5B6905AABDF864
:10F6900002101846FFF773F80B900B9B0A930A9B16
:10F6A000002B01D00A9B32E0BDF802304FF6FF720A
:10F6B000934202D0059B002B01D1052327E0059B37
:10F6C0001B7883F00103DBB2002B01D008231EE07E
:10F6D000019B1B88F42B01D9072318E006AB1022ED
:10F6E0000021184602F0F6FC039B9B88ADF8183009
:10F6F000029B0993019B089301238DF81A3006AAF7
:10F70000BDF8023011461846FFF7EBFD03461846D8
:10F710000DB05DF804FB000082B003468DF80730A1
:10F720009DF8073003F01F0205499DF907305B097A
:10F73000012000FA02F241F8232000BF02B0704716
:10F7400000E100E082B003468DF807309DF80730F5
:10F7500003F01F0206499DF907305B09012000FAFA
:10F7600002F2203341F8232000BF02B0704700BFEF
:10F7700000E100E082B003468DF807309DF90730C4
:10F78000002B0BDA0B4A9DF8073003F00F03043B04
:10F7900013441B7EDBB25B09DBB208E0064A9DF92D
:10F7A0000730134493F80033DBB25B09DBB2184631
:10F7B00002B0704700ED00E000E100E000B583B06A
:10F7C0000190019B002B03D10449C420FBF7D4FE18
:10F7D000019B5B68184603B05DF804FBBC35030071
:10F7E00010DF704700BF184611DF704700BF184692
:10F7F00082B003468DF807309DF907301F2B0CDCD3
:10F800009DF907300F4A22FA03F303F00103002B9E
:10F8100014BF01230023DBB210E09DF907303F2B1A
:10F820000BDC9DF90730203B012202FA03F3002B89
:10F8300014BF01230023DBB200E00123184602B00D
:10F84000704700BFFC06FFBD82B00190019B072BF3
:10F8500007D8EC22019B42FA03F303F00103002BCB
:10F8600001D1002300E00123184602B070470000D8
:10F8700000B583B003468DF807309DF90730184670
:10F88000FFF7B6FF0346002B02D142F201032EE040
:10F890009DF907301846FFF76DFF03461846FFF73E
:10F8A000D3FF0346002B02D142F202031FE0124BAA
:10F8B0009B68002B15D09DF907305B090E4A52F862
:10F8C00023209DF8073003F01F03012101FA03F301
:10F8D00019469DF907305B090A43074941F823207F
:10F8E00004E09DF907301846FFF716FF002318467D
:10F8F00003B05DF804FB00BF2431002000B583B0E5
:10F9000003468DF807309DF907301846FFF770FF62
:10F910000346002B02D142F201031FE0114B9B680A
:10F92000002B15D09DF907305B090E4A52F82310C1
:10F930009DF8073003F01F03012202FA03F3DA43B4
:10F940009DF907305B090A40064941F8232004E08D
:10F950009DF907301846FFF7F5FE0023184603B05F
:10F960005DF804FB2431002000B587B003468DF814
:10F97000073002AB14491846F8F7F2FF17E002AB64
:10F980001846FFF71BFF0590059B1B680493059B1A
:10F9900059689DF80720049B104698470346002BA2
:10F9A00001D111230BE002AB1846F9F703F802ABC3
:10F9B0001846FFF703FF0346002BE0D1002318464B
:10F9C00007B05DF804FB00BF8836030000B587B0C0
:10F9D00003468DF8073002AB11491846F8F7C0FF0F
:10F9E00012E002AB1846FFF7E9FE0590059B1B6885
:10F9F0000493059B59689DF80720049B104698477F
:10FA000002AB1846F8F7D6FF02AB1846FFF7D6FE52
:10FA10000346002BE5D100BF00BF07B05DF804FB33
:10FA20009436030000B583B01620FFF721FF019044
:10FA3000019B0093009B002B04D0044AA121009855
:10FA4000F7F718FD00BF03B05DF804FB183603009C
:10FA500000B583B01620FFF751FF0190019B009382
:10FA6000009B002B04D0044AAD210098F7F702FD5B
:10FA700000BF03B05DF804FB1836030000B585B085
:10FA8000234B1B78002B01D008233CE0214B0122A3
:10FA90001A700020FFF768FF0346112B01D10023E5
:10FAA00031E00020FFF792FF1B4B1B6802930023FD
:10FAB0008DF807300DF107031846F8F733F902AB5C
:10FAC00016491846FFF78CFE0390039B002B0CBFD2
:10FAD00001230023DAB20E4B1A709DF80730184646
:10FAE000F8F736F9039B002B01D0039B0BE0094B81
:10FAF00000221A700A4B00221A70FFF793FF0120B0
:10FB0000FFF764FF0023184605B05DF804FB00BF53
:10FB10009C3F00209E3F0020843603009174020029
:10FB20009D3F002000B583B01D4B1B7883F001037F
:10FB3000DBB2002B01D008232EE01A4B01221A70F1
:10FB40000120FFF711FF0346112B01D1002323E011
:10FB50000220FFF73BFF00238DF803300DF1030374
:10FB60001846F8F7DFF8FFF73FFE01900C4B002234
:10FB70001A709DF803301846F8F7EAF8019B002B3D
:10FB800001D0019B08E0074B00221A70FFF760FFCD
:10FB90000320FFF71BFF0023184603B05DF804FBAA
:10FBA0009C3F00209E3F0020014B1B781846704769
:10FBB0009C3F002000B585B06B4611491846F8F708
:10FBC000CFFE10E06B461846FFF7F8FD0390039B4D
:10FBD0001B680293039B5A68029B104698476B462A
:10FBE0001846F8F7E7FE6B461846FFF7E7FD0346B1
:10FBF000002BE7D100BF00BF05B05DF804FB00BFDC
:10FC0000A036030008B5FFF7D5FF00BF08BD60DFD1
:10FC1000704700BF184669DF704700BF184661DFB4
:10FC2000704700BF1846000000B583B00190019BEB
:10FC3000002B03D10449C420FBF79EFC019B5B68A9
:10FC4000184603B05DF804FBAC36030082B00190A7
:10FC5000019B002B01D10E2304E0044B1A46019BAB
:10FC60001A600023184602B0704700BF0030002021
:10FC700000B587B0034600918DF807300098FFF774
:10FC8000E5FF0590059B002B01D0059B7AE002ABB8
:10FC90000C220021184602F01DFA9DF807308DF85D
:10FCA000083001238DF80A300623ADF80C30009B94
:10FCB0001A6802AB19462020FFF7ADFF059002AB92
:10FCC0000C220021184602F005FA01238DF80930B4
:10FCD00000238DF80A3000238DF80B30009B1A6842
:10FCE00002AB19464020FFF796FF059002AB0C22AD
:10FCF0000021184602F0EEF99DF807308DF8083023
:10FD0000F723ADF80A30009B1A6802AB194623208E
:10FD1000FFF781FF059002AB0C220021184602F08C
:10FD2000D9F901238DF80830009B1A6802AB1946F7
:10FD30000120FFF770FF059002AB0C22002118464E
:10FD400002F0C8F94FF4B0630293009B1A6802AB4B
:10FD50001946A120FFF75FFF059002AB0C2200219E
:10FD6000184602F0B7F99DF808306FF300038DF8DC
:10FD70000830009B1A6802AB1946A020FFF74BFF22
:10FD800005900023184607B05DF804FB00B585B068
:10FD90000190019B1B6803930198FFF738FF0290C5
:10FDA000019B1B68039A9A42029B002B02D1044BD1
:10FDB00001221A70029B184605B05DF804FB00BFD3
:10FDC0009F3F002000B5ADF5077D01AB1860244BC7
:10FDD0001B7883F00103DBB2002B3BD14FF4FA73A5
:10FDE000ADF806320DF2062202AB11461846FFF7B7
:10FDF00016FF8590859B002B03D0859B052B22D178
:10FE000029E002AB84937FAB16491846F8F7A8FDAA
:10FE100011E07FAB1846FFF707FF8390839B1B68B9
:10FE20008293839B5A68829B1146849898477FAB44
:10FE30001846F8F7BFFD7FAB1846FFF7F5FE0346FF
:10FE4000002BE6D1CAE7084A40F239118598F7F746
:10FE500011FB00E000BF0DF5077D5DF804FB00BF5E
:10FE60009F3F0020783703000837030000B583B0B8
:10FE70000190019B002B03D10449C420FBF77CFBBC
:10FE8000019B5B68184603B05DF804FB84370300F0
:10FE90004BDF704700BF184600B589B0019004AB36
:10FEA0001846FFF7F5FF0790079B002B03D0079B31
:10FEB000052B20D124E002AB13491846F8F750FD7A
:10FEC00011E002AB1846FFF7D1FF0690069B1B68B6
:10FED0000593049A069B5968059B1046984702AB08
:10FEE0001846F8F767FD02AB1846FFF7BFFF034659
:10FEF000002BE6D1D3E7054A6B210798F7F7BAFA4A
:10FF000000BF09B05DF804FB50380300E037030080
:10FF100000B585B00190019B002B0CD0084B43F03D
:10FF200001030393019B9B010293054B43F00103E3
:10FF30000298984700E000BF05B05DF804FB00BFE1
:10FF40006038030000B583B00190019B1B68292B2A
:10FF500004D90B4940F2CD10FBF70EFB019B1B6847
:10FF60001F2B02D84FF0A04306E0019B1B6803F053
:10FF70001F02019B1A60034B184603B05DF804FB97
:10FF8000683803000003005000B585B0019001AB54
:10FF90001846FFF7D7FF0390019B012202FA03F3F3
:10FFA0001946039800F021F800BF05B05DF804FB86
:10FFB00000B585B0019001AB1846FFF7C3FF039071
:10FFC000039800F00AF80246019B22FA03F303F0BB
:10FFD0000103184605B05DF804FB82B00190019B57
:10FFE000D3F81035184602B0704782B001900091E6
:10FFF000019B009AC3F80C2500BF02B0704700B502
:020000023000CC
:1000000083B00190019B002B0FD04FF47A70FFF763
:100010007FFF019B013B0193019B002B14BF012338
:100020000023DBB2002B01D0EFE700BF03B05DF887
:1000300004FB00B58FB003900291009313468DF836
:10004000073000230D93029B09939DF807300A9314
:10005000009B0B939DF840300C93039B043309A93C
:1000600000221846FAF7C6FD0D900D9B18460FB0FA
:100070005DF804FB82B00190019B184602B0704706
:1000800000B58DB0059004910392059B049A5A60C7
:10009000059B039A9A60059B7F2283F85121059B5B
:1000A000FF2283F85221059BFF2283F85321059BF1
:1000B000002283F85421059B01221A73059B082214
:1000C0001A83059B00229A76059BFF22DA76059B10
:1000D00001221A77059B00225A77059B012283F89B
:1000E0002020059B072283F83020059B062283F8F9
:1000F0003120059B012283F83220059B002283F8E2
:100100003320059B012283F85021059800F0A4FCC0
:100110004FF6FF73ADF82A300DF12A0201230221B8
:10012000059800F023FA304A09AB1268114619808D
:100130000233120C1A7009AB002219461420F9F789
:1001400071FE0B901420FFF733FF0346002B14BF02
:1001500001230023DBB2002B00D0F3E701238DF84D
:1001600023300DF1230201239621059800F0FEF9BA
:1001700000238DF8203000238DF8213008AA0223B7
:100180008F21059800F0F2F90121059800F076FE24
:100190004FF4A0720321059800F081FE0023009324
:1001A00000234FF6FF724FF6FF71059800F02BFD0C
:1001B00001238DF81F300DF11F0201238A210598BC
:1001C00000F0D4F9059B20331946059800F093FD03
:1001D000059B0C331946059800F05EFD0123184677
:1001E0000DB05DF804FB00BFA038030000B59BB064
:1001F0000390C0238DF8543000238DF85530002330
:100200000D930EAB00221A605A609A60DA601A6190
:100210005A619A610023059306AB00221A605A6066
:100220009A60DA601A615A619A6103238DF8673027
:1002300003238DF866300023189382238DF8343021
:10024000C0238DF8353000238DF836300420FFF7B9
:100250009BFE0120FFF7D3FE174B00221A70039B71
:10026000586805AB0DA9032200920322FFF7E1FEB7
:100270001790179B1693169B002B04D00F4A6C21E6
:100280001698F7F7F7F8179B002B02D00C48FCF7ED
:1002900069FB094B1B78DBB2002B0CBF0123002349
:1002A000DBB2002B00D0F4E7039800F023F800BF86
:1002B0001BB05DF804FB00BF64320020A4380300CB
:1002C000E838030000B583B00190094B1B78002B80
:1002D00003D0074B1B78062B02D10198FFF786FF4E
:1002E000019800F007F800BF03B05DF804FB00BF01
:1002F0007E30002000B583B001901420FFF758FE37
:100300000346012B0CBF01230023DBB2002B00D0DE
:10031000F3E700BF03B05DF804FB000010B598B030
:10032000059003921A460B468DF8133013468DF84C
:1003300012300598FFF7C6FF00230E930FAB002283
:100340001A605A609A60DA601A615A619A610023F1
:10035000069307AB00221A605A609A60DA601A614D
:100360005A619A619DF8123002338DF85F309DF822
:10037000123002338DF85E309DF813308DF838302E
:1003800000238DF83930184B00221A70059B5868ED
:1003900006AC9DF85F200EA99DF85E3000932346C1
:1003A000FFF747FE1690169B002B04D00F4A9321AF
:1003B0001698F7F75FF80C4B1B78DBB2002B0CBFDD
:1003C00001230023DBB2002B00D0F4E706AB02339D
:1003D0009DF812201946039801F053FE0598FFF787
:1003E00089FF00BF18B010BD64320020A43803009C
:1003F00000B58BB003900B46ADF80A300398FFF7B9
:1004000061FF1D238DF81C30BDF80A301B0A9BB21A
:10041000DBB28DF81D30BDF80A30DBB28DF81E302E
:1004200000238DF81F3000238DF82030124B00225E
:100430001A70039B586805AB07A905220092052294
:10044000FFF7F7FD0990099B002B01D000230FE077
:10045000094B1B78DBB2002B0CBF01230023DBB25E
:10046000002B00D0F4E70398FFF744FF9DF8183005
:1004700018460BB05DF804FB6432002010B5ADF5F2
:10048000087D05AC2060084603A90A6019460DF1F5
:10049000130302461A700DF112030A461A7046AB96
:1004A00000221A600433FB220021184601F012FEDC
:1004B00006AB00221A600433FB220021184601F02B
:1004C00009FE0DF112031B7803338DF81F320DF175
:1004D00012031B7803338DF81E3205AB1868FFF743
:1004E000F1FE46AB1E221A7046AB0DF113021278D4
:1004F0005A7046AB00229A701A4B00221A7005AB54
:100500001B68586806AC9DF81F2246A99DF81E324C
:1005100000932346FFF78DFD8690869B002B04D029
:10052000114ADE218698F6F7A5FF0E4B1B78DBB249
:10053000002B0CBF01230023DBB2002B00D0F4E71B
:1005400006AB03330DF11202127803A819460068B6
:1005500001F097FD05AB1868FFF7CCFE00BF0DF565
:10056000087D10BD64320020A438030010B59AB095
:10057000059003921A460B468DF8133013468DF8FA
:10058000123000230E930FAB00221A605A609A605B
:10059000DA601A615A619A610023069307AB002260
:1005A0001A605A609A60DA601A615A619A619DF81D
:1005B000123001338DF867309DF8123001338DF819
:1005C0006630002318930598FFF77CFE9DF81330E2
:1005D0008DF838300EAB01339DF812200399184680
:1005E00001F04FFD1B4B00221A70059B586806ACAA
:1005F0009DF867200EA99DF8663000932346FFF70B
:1006000018FD1790179B1693169B002B04D0124AC7
:10061000F5211698F6F72EFF179B002B04D00F48F4
:10062000FCF7A0F9179B12E00A4B1B78DBB2002BFA
:100630000CBF01230023DBB2002B00D0F4E79DF8B0
:100640001330842B02D00598FFF754FE179B1846F1
:100650001AB010BD64320020A4380300E83803004B
:1006600000B599B0059003921A460B46ADF81230CA
:1006700013468DF8113000230E930FAB00221A6041
:100680005A609A60DA601A615A619A61002306938F
:1006900007AB00221A605A609A60DA601A615A61E8
:1006A0009A619DF8113003338DF85F309DF8113059
:1006B00003338DF85E300598FFF704FE0D238DF8A7
:1006C0003830BDF812301B0A9BB2DBB28DF83930DE
:1006D000BDF81230DBB28DF83A300EAB03339DF823
:1006E00011200399184601F0CCFC144B00221A701B
:1006F000059B58689DF85F200EA9002300930023F6
:10070000FFF797FC1690169B002B05D00C4A40F281
:1007100015111698F6F7AEFE084B1B78DBB2002BCE
:100720000CBF01230023DBB2002B00D0F4E70598B7
:10073000FFF7E0FD00BF19B05DF804FB6432002054
:10074000A438030000B583B001900B4B1B78002B3D
:1007500002D1019800F080F9074B1B78042B01D1DE
:10076000002305E0019800F08DF9019B93F83431E6
:10077000184603B05DF804FB7E30002000B587B05A
:100780000390029113468DF807300398FFF7DAFFC4
:10079000034683F00103DBB2002B01D0002337E0D6
:1007A000039B3433002B2FD0039B93F83331002B62
:1007B0002AD0039B93F83331043B8DF80730039B19
:1007C000343304339DF807201946029801F059FC90
:1007D0000023ADF816309DF807309BB2BDF8162007
:1007E0009A4211D2BDF81630029A13441B7819466A
:1007F0000948FCF7B7F80948FCF7B4F8BDF816301B
:100800000133ADF81630E6E7039800F009F801234C
:10081000184607B05DF804FBFC38030000390300FC
:1008200082B00190019B002283F83421019B0022B9
:1008300083F8332100BF02B0704700B585B0019046
:10084000019B93F83331032B29D9019B03F25110FB
:10085000019B34330422194601F0ACFB0346002B04
:100860000CBF01230023DBB2002B0BD0019BD3F87C
:1008700038315A1C019BC3F83821019B012283F8AF
:1008800034210DE000238DF80C3000238DF80D305D
:1008900003AA02238F210198FFF768FE00E000BF42
:1008A00005B05DF804FB000000B585B001908DED4A
:1008B000000ADDED007A9FED2B7AF4EEC77AF1EEB7
:1008C00010FA06DDE1238DF80C30E9238DF80D30A8
:1008D0003EE0DDED007A9FED247AF4EEC77AF1EE8A
:1008E00010FA06DDD7238DF80C30D8238DF80D30A3
:1008F0002EE0DDED007A9FED1D7AF4EEC77AF1EE81
:1009000010FA06DDC1238DF80C30C5238DF80D30AB
:100910001EE0DDED007A9FED167AF4EEC77AF1EE77
:1009200010FA06DD75238DF80C3081238DF80D301B
:100930000EE0DDED007A9FED0F7AF4EEC77AF1EE6E
:1009400010FA05DD6B238DF80C306F238DF80D3018
:1009500003AA022398210198FFF708FE00BF05B003
:100960005DF804FBA493564EE2A74A4E1295374E0B
:100970005858DB4DE2A7CA4D30B585B001908DEDDA
:10098000000A00230393324B1B78002B0DD1DDEDC1
:10099000007A9FED307A67EE877AB0EE670A0198A9
:1009A000FFF782FF2A4B01221A70009800F01CFF0B
:1009B0001FA3D3E9002300F0BFFC02460B461446F8
:1009C0001D469FED1D1B9FED1E0B01F0ADF953EC75
:1009D000102B1DA1D1E9000100F04AFD02460B4693
:1009E0002046294600F044FD02460B4610461946B3
:1009F00000F0D4FE03460393039B1B0EDBB28DF87D
:100A00000830039B1B0CDBB28DF80930039B1B0ADB
:100A1000DBB28DF80A30039BDBB28DF80B3002AAF3
:100A2000042386210198FFF7A1FD00BF05B030BD6A
:100A30000000000080842E410000000000003940CA
:100A400000000000000000400000000080847E41A3
:100A5000A03F00200024744900B585B00190084BE8
:100A600001221A7000238DF80F300DF10F020123BF
:100A700080210198FFF77AFD00BF05B05DF804FB07
:100A80007E30002000B587B0039000230593194BFA
:100A90001B78052B2AD0174B05221A7000238DF8DE
:100AA000103000238DF8113004AA02238F210398FF
:100AB000FFF75CFD0023009300230222022103982C
:100AC00000F0A1F8059B1B0CDBB28DF81030059BE4
:100AD0001B0ADBB28DF81130059BDBB28DF81230AA
:100AE00004AA032382210398FFF740FD00BF07B04B
:100AF0005DF804FB7E30002000B583B00190064B0A
:100B000004221A7000230022D1210198FFF72EFD44
:100B100000BF03B05DF804FB7E30002000B585B057
:100B20000190084611461A4603468DF803300B46DD
:100B30008DF8023013468DF801309DF803308DF8A2
:100B40000C309DF802308DF80D309DF801308DF895
:100B50000E309DF818308DF80F3003AA042395212C
:100B60000198FFF703FD00BF05B05DF804FB00B579
:100B700087B003900B468DF80B3013468DF80A3082
:100B80009DF90B300F2B08D1012300930123002284
:100B900006210398FFF7C2FF07E00123009301231A
:100BA000002204210398FFF7B9FF9DF90B300D2BAC
:100BB00003DD0E238DF80B3007E09DF90B3013F1A8
:100BC000030F02DAFD238DF80B3018238DF8143053
:100BD00000238DF8153005AA022340F6E70103989B
:100BE000FFF73EFD9DF80B308DF8143002238DF891
:100BF000153005AA02238E210398FFF7B7FC00BF2A
:100C000007B05DF804FB00B587B0039008461146B5
:100C10001A460346ADF80A300B46ADF808301346C5
:100C2000ADF80630BDF80A301B0A9BB2DBB28DF876
:100C30001030BDF80A30DBB28DF81130BDF8083045
:100C40001B0A9BB2DBB28DF81230BDF80830DBB264
:100C50008DF81330BDF806301B0A9BB2DBB28DF85D
:100C60001430BDF80630DBB28DF81530BDF82030F9
:100C70001B0A9BB2DBB28DF81630BDF82030DBB218
:100C80008DF8173004AA082308210398FFF76EFC9B
:100C900000BF07B05DF804FB00B585B0019000917E
:100CA000002302930023ADF80C30009B9B891B0AA4
:100CB0009BB2DBB28DF80830009B9B89DBB28DF8CC
:100CC0000930009B9B7B8DF80A30009BDB7B8DF805
:100CD0000B30009B1B7C8DF80C30009B5B7C8DF8EF
:100CE0000D3002AA06238C210198FFF73FFC00BFBC
:100CF00005B05DF804FB00B585B0019000910023BC
:100D00000393009B1B7C8DF80C30009B5B7C8DF863
:100D10000D30009B9B7C8DF80E30009BDB7C8DF8AA
:100D20000F3003AA04238B210198FFF71FFC00BF9B
:100D300005B05DF804FB82B00190019BD3F84C3103
:100D4000184602B0704782B00190019B93F9483178
:100D50001BB2184602B0704730B585B001900198BB
:100D600000F0C3F80346ADF80E304FF6FF7101985E
:100D700000F0D2F8BDF80E3019463C48FBF7F2FD02
:100D80003B4B1B78042B0CD1BDF80E3003F0010354
:100D9000002B06D0364B01221A703648FBF7E2FDD5
:100DA00061E0334B1B78052B5DD1BDF80E3003F0AD
:100DB0000203002B57D02E4B01221A70019B93F88F
:100DC0005031002B1ED10198FFF746FE00238DF80D
:100DD0000C3003AA012340F689010198FFF740FC7B
:100DE00040F644110198FFF703FB034643F002036A
:100DF000DBB28DF80C3003AA012340F6890101987B
:100E0000FFF72EFC019B3433FF220021184601F02E
:100E100061F9BDF80E3003F04003002B23D1019B94
:100E200003F134010DF10D02FF23019800F090F859
:100E3000019B03F59E731946019800F0ECF89DF8AC
:100E40000D301C460198FFF77EFF03461D460198B2
:100E5000FFF771FF03462A4621460748FBF782FD4C
:100E60000198FFF7EAFC00BF05B030BD043903006C
:100E70007E300020103903001C39030000B583B018
:100E800001900B468DF803300DF1030201239D21E3
:100E90000198FFF76BFB00BF03B05DF804FB00B5E2
:100EA00087B003900B4601928DF80B309DF80B3004
:100EB00003F00703DBB28DF81430019B1B0CDBB28F
:100EC0008DF81530019B1B0ADBB28DF81630019BA3
:100ED000DBB28DF8173005AA042397210398FFF79A
:100EE00045FB00BF07B05DF804FB00B585B001907D
:100EF00003AA022312210198FFF710FA9DF80C3083
:100F00001B021AB29DF80D301BB213431BB29BB2E9
:100F1000184605B05DF804FB00B585B001900B469E
:100F2000ADF80230BDF802301B0A9BB2DBB28DF87F
:100F30000C30BDF80230DBB28DF80D3003AA02236D
:100F400002210198FFF712FB00BF05B05DF804FB1A
:100F500000B587B00390029101928DF80330002311
:100F60008DF817300DF117031A460199039800F018
:100F70001AF8019B1B789DF803209A4201D20123A5
:100F80000DE0019B1A78039B83F833219DF817101D
:100F9000019B1B78029A0398FFF770FA002318460A
:100FA00007B05DF804FB00B587B003900291019291
:100FB00005AA022313210398FFF7B0F9039B93F8C6
:100FC0002030012B0ED140F204710398FFF710FA84
:100FD0000346DB11012B05D1039B9B7E012B01D125
:100FE000012300E00023002B09D040F20271039896
:100FF000FFF7FEF903461A46029B1A7003E09DF8BC
:101000001420029B1A709DF81520019B1A7000BFD6
:1010100007B05DF804FB00B585B00190009103AA0C
:10102000032314210198FFF779F9019B93F82020FD
:10103000009B1A70009B1B78002B02D0012B1AD04A
:1010400047E09DF80C20009B1A719DF80D30DA0FD7
:1010500013445B105B425AB2009B9A719DF80E30AC
:10106000DA0F13445B105B425AB2009B5A71009B2B
:1010700000229A6036E09DF80C30DA0F13445B10C2
:101080005B425AB2009B1A739DF80D305BB2002B85
:1010900007DB9DF80D309B08DBB25AB2009B5A73F8
:1010A0000AE09DF80D30A3F58073002B00DA0333BE
:1010B0009B105AB2009B5A739DF80E30DA0F1344FE
:1010C0005B105B425AB2009B9A73009B00221A612C
:1010D00008E014220021009800F0FCFF009B0F2282
:1010E0001A7000BF00BF05B05DF804FB30B591EA8F
:1010F000030F00F18480841A71EB030C05D21219DE
:1011000053EB0C03001B71EB0C0140F2000CCFF60B
:10111000E07C1CEA430F54D0BCEB410F61D90C0DAD
:10112000A4EB135E31EA0C0141F4801133EA0C03A5
:1011300043F48013DEF1200C2AD303FA0CF5401996
:1011400041F1000122FA0EF5401923FA0EF569412A
:1011500012FA0CF2CD0208D349085FEA30005FEAC8
:10116000320228BF42F001020134013C5FEA500C18
:1011700072F1004250F1000051EB04514FF40013A2
:1011800013EB410F38BF30BD090D0905002030BDFC
:10119000BEF1200EBEF1200F1ED223FA0EF540192B
:1011A00041F10001CEF1200C124218BF012203FAD6
:1011B0000CF52A43CEE711EA5C0F04BF00200021A2
:1011C00030BD1CEA410F04BF01F00041002030BDDA
:1011D00001F00041002030BD21F4801101EB0451E9
:1011E00030BD004218BF41F00101BCEB410F08BF08
:1011F00030BD4FF0FE4141F47801002030BD83F056
:101200000043841A71EB030E07D28EF0004E001BD0
:1012100071EB0E01121953EB0E0340F2000CCFF6E6
:10122000E07C1CEA430FC6D0BCEB410F72D90C0D19
:10123000A4EB135EC90241EA5051C00241F00041E3
:10124000DB0243EA5253D20243F00043DEF1200CAA
:1012500041D312FA0CF522FA0EF203FA0CF542EA27
:10126000050218BF42F0010223FA0EF3801A9941D9
:10127000E30AC4F30A0411F0404F03D418D0013C30
:1012800040004941013C23D44205C00A40EA415094
:10129000C90A51EAC3715FEA500C72F1004250F181
:1012A000000051EB045130BD01002FD00020203C44
:1012B0000029F9D0B1FA81FCDCF1200E11FA0CF111
:1012C00030FA0EF510FA0CF02943A4EB0C04D9E720
:1012D0000020D90730BDAEF1200EBEF1200F0DD297
:1012E000CEF1200C03FA0CF533FA0EF32A4318BFA3
:1012F00043F00103C01A61F10001B9E721F0004198
:10130000C00A40EA4150C90A01EB045130BD002037
:10131000002130BD004218BF41F00101BCEB410F7C
:101320007FF467AFBCEB430F3FF463AF30BD00BF4A
:1013300083F00043FFF7DABEF0B540F2FF7681EAB2
:10134000030C16EA115E1EBFB64516EA1355B542E8
:101350005AD021EA465141F48011A1FB024723EA09
:10136000465343F48013AE44A0FB03650CF0004CDD
:1013700036197D41A1FB034747F10003A0FB02178B
:10138000F619654153F10003094218BF46F0010602
:1013900040F2FE74B3F5007F13D2AEF5806EA64521
:1013A0002BD24CEA0331280341EA155140EA16508A
:1013B0003203450872F1004250F1000051EB0E512A
:1013C000F0BDAEF2FF3EA64517D24CEAC321E802BB
:1013D00041EA555140EA5650F202450872F1004286
:1013E00050F1000051EB0E51F0BD0CF0004141F006
:1013F000FE4141F470010020F0BD1EEA0E0FF4D54D
:101400000CF000410020F0BD16EA115F04BF01F0AE
:1014100000410020004218BF41F0010116EA135FAD
:1014200004BF03F000430022124218BF43F001033F
:1014300006EA1354B44218BF9EEA060F03D00CF01C
:1014400000410020F0BD21F0004123F00043B1EB4A
:10145000065F06D8B3EB065F03D8002918BF002B40
:10146000C3D140F20001C7F6F8710020F0BD00BF03
:101470002DE9F04391EA030E0EF0004E40F2000712
:10148000CFF6E07717EA41051EBF95EA070F17EA86
:10149000430595EA070F00F0A1807F0D17EA135668
:1014A00023EA475343F4801317EA115521EA4751C1
:1014B00041F48011AD1B05F2FD354FEAD31C1CF140
:1014C000010C4FF00047B7FBFCF77F01A2FB079C24
:1014D0000024E3FB07C4DCF1000CD9F100097CF126
:1014E000000CA0FB07620020E1FB072000275FEA59
:1014F000C628E0FB0987760D46EAC226520DF6198A
:1015000000277A41E0FB0C625FEAC823E2FB09375F
:101510005FEA585848EAC628760D18EB07080021FC
:101520004E41E2FB0C8602EBC020DA02E6FB092109
:101530005B0D43EAC8235FEA58585B18002758EB55
:101540000708E6FB0C38D102E8FB0917520D42EA06
:10155000C3225B0DD21900277B41E8FB0C2308EB6B
:10156000C6265FEAC128E3FB0987490D41EAC2218B
:10157000520DC91942F10002E3FB0C12470019EBAE
:1015800008095CEB010C72EB040453EBC62047EB3B
:1015900056530026B3F5000F7641AD190236D6F149
:1015A000200910FA09F4F04013FA09F21043F3404D
:1015B000E40F001943F10003B3F5001F24BF5B08DB
:1015C000013540F2FE77BD4204D24EEA055119447E
:1015D000BDE8F0832D4224D5714626E0004218BFB5
:1015E00041F00101124218BF43F00103B7EB410F74
:1015F0002CBFB7EB430F1BE0B7EB410F04BFB7EBBA
:10160000430F15E017EA410F04BF17EA430F0FE03D
:1016100017EA410FE0D017EA430F02D0B7EB430FB0
:10162000DAD04EF0FE4141F470010020BDE8F083B5
:1016300040F20001C7F6F871F7E700BF4FF4001C55
:101640001CEB410F98BF1CEB430F11D851EA030C60
:1016500050EA4C0C5CEA020C0CD004D282428B4162
:10166000804101307047904299418041013070477C
:1016700000207047012070474FF4001C1CEB410F05
:1016800098BF1CEB430F0CD850EA410C08BF52EA3C
:10169000430C08D0904208BF99420CBF01200020A3
:1016A0007047002070470120704700BF4FF4001CB6
:1016B0001CEB410F98BF1CEB430F11D851EA030CF0
:1016C00050EA4C0C5CEA020C0CD004D290429941D6
:1016D00080410130704782428B4180410130704728
:1016E00000207047012070474FF4001C1CEB410F95
:1016F00098BF1CEB430F11D851EA030C50EA4C0C75
:101700005CEA020C0AD004D282428B418041404202
:101710007047904299418041404270470020704795
:101720004FF4001C1CEB410F98BF1CEB430F11D86A
:1017300051EA030C50EA4C0C5CEA020C0AD004D2C9
:101740009042994180414042704782428B418041A2
:101750004042704700207047C1F30A5340F21E42D6
:10176000D21A0BDDCB0243EA505040F0004030FA71
:1017700002F090EAE170B0EBE17070474B0000427C
:1017800018BF43F0010313F5001F88BF21F000418B
:1017900011F0004058BF6FF0004070470B0D40F251
:1017A0001E42D21A07DBCB0243EA505040F0004001
:1017B00030FA02F07047490060EB0000704700BF4C
:1017C00080B110F0004248BFD0F10000120D02F2CB
:1017D0001D42B0FA80F18840521AC30A400503EB5B
:1017E0000251704701007047C0F3C75191B14200E8
:1017F0004FEA40704FEAD2014FEA310101F16051E6
:10180000B2F17F4F38BF704701F1605118BF41F40A
:101810000021704710F000410020704751EC100B80
:101820000128494111F5001F8CBF0120002070479D
:1018300051EC100B21F0004141EC100B704700BF40
:1018400070B555EC104B0646002210EE100A00232E
:101850002946FFF711FF20B1002345EC104B336000
:1018600070BD25F0FF4121F4E00141F07F53C5F345
:101870000A51224643F40013A1F2FE3143EC102B2F
:10188000316070BD000000002DE9704355EC104B35
:101890000646002210EE100A00232946FFF7ECFE50
:1018A000B8B9C5F30A53334440F2FE72934214DCD4
:1018B000002EA04601DB002B0FDB002B09DD25F0FD
:1018C000FF4222F4E00242EA035949EC108BBDE8E2
:1018D00070839FED070BBDE8708300F061FB084B40
:1018E0001B6803609FED040BBDE87083AFF30080BD
:1018F0000000000000000000000000000000F07F79
:1019000060390300000000002DE9F84355EC104B4E
:10191000FFF784FF002840F0A58073A3D3E90023DC
:1019200020462946FFF7E0FE002840F0A28070A381
:10193000D3E9002320462946FFF7F2FE18B19FEDB8
:10194000520BBDE8F88345EC104BFFF771FF6AA31B
:10195000D3E9002351EC100BFFF7E2FE002840F022
:1019600085800022002320462946FFF79FFE00269F
:10197000002800F08780584F45A3D3E90023204674
:101980002946FFF7D9FC32463B46FFF7AFFBFFF78E
:10199000E3FE0646FFF714FF3FA3D3E9002380468A
:1019A0008946FFF7C9FC02460B4620462946FFF749
:1019B000BFFC3BA3D3E9002304460D4640464946FD
:1019C000FFF7BAFC02460B4620462946FFF78EFB7E
:1019D00002460B4680468946FFF7AEFC32A3D3E9A8
:1019E000002304460D46FFF7A7FC31A3D3E90023EB
:1019F000FFF77CFB22462B46FFF79EFC374B00226D
:101A0000FFF774FB42464B46FFF796FC2AA3D3E947
:101A100000238046894620462946FFF78DFC28A3EF
:101A2000D3E90023FFF762FB22462B46FFF784FC35
:101A3000294B0022FFF75AFB42464B46FFF778FC42
:101A400002460B4640464946FFF712FD224B002254
:101A5000FFF74CFB013641EC100B3046FFF714FF4B
:101A6000BDE8F88345EC104BBDE8F8839FED160BFD
:101A700067E700F095FA1A4B1B6803609FED140BA3
:101A8000BDE8F883174F77E7000000000000000072
:101A90003CF92F9E2C15F73F000000000030E63F78
:101AA000A80C615C10D02B3F1CDC586FA452F13E97
:101AB000E0F6B36FE4707C3F0938DE6F993F403F3A
:101AC000B35142718E71AC3F000000000000F03F46
:101AD000000000000000F07F0000E03F0000D03F69
:101AE000603903000000E0BFEF39FAFE422E864065
:101AF000D2BC7ADD2B2386C02342920CA19CC73B2B
:101B00002DE9F04F85B055EC104BFFF787FE00280C
:101B100040F0C1800022002320462946FFF7ACFD9B
:101B2000002840F0BD800022002320462946FFF710
:101B3000F7FD002840F0AF8045EC104B03A8FFF7FD
:101B40007FFE55EC104B76A3D3E9002310EE100A6C
:101B50002946FFF7C9FD002840F0A780039B2046D7
:101B600029465C1E00226C4B0394FFF7E1FB044600
:101B70000D4645EC104B4FF0FF30FFF785FE664BEE
:101B800051EC100B0022FFF7B1FA02460B4620463B
:101B90002946FFF76DFC02460B4606460F46FFF747
:101BA000CBFB49A3D3E9002304460D46FFF7C4FB52
:101BB00047A3D3E90023FFF799FA47A3D3E900230A
:101BC0008046894620462946FFF7B2FB22462B462F
:101BD000FFF7B2FB42A3D3E90023FFF787FA42469F
:101BE00082468B464B4620462946FFF7A5FB3EA37F
:101BF000D3E90023FFF79CFB5246804689465B46AB
:101C000020462946FFF798FB39A3D3E90023FFF7C5
:101C10008FFB02460B4640464946FFF729FC024629
:101C20000B4620462946FFF787FB32463B46FFF727
:101C300083FB02460B460398CDE90023FFF7C0FD66
:101C4000DDE9002304460D4630463946FFF74EFADB
:101C500029A3D3E9002306460F4620462946FFF76D
:101C60006BFB02460B4630463946FFF73FFA24A38A
:101C7000D3E9002306460F4620462946FFF75CFBC2
:101C800002460B4630463946FFF730FA41EC100B5E
:101C900005B0BDE8F08F9FED1C0B05B0BDE8F08FDF
:101CA0009FED1B0B05B0BDE8F08F002220462946B2
:101CB0001A4BFFF73DFB024645EC104B4FF0FF304F
:101CC00014460D4659E700BF29BD56B31544E9BF78
:101CD000EDAF16204A6230400FCE674B80D54140B1
:101CE0007E2615FA838073409AB5B312FF075040E1
:101CF00077900D9CFE0B8840A80C615C10D02BBF28
:101D0000000000000030E63F000000000000F87F07
:101D1000000000000000F0FF0000E03F0000F03F86
:101D2000CD3B7F669EA0E63F2DE9F04157EC116B5D
:101D300082B011EE100A4A4B3946002255EC104B86
:101D4000FFF79AFCC0BB0022002320462946FFF77C
:101D500093FC58B13046394600220023FFF76EFC51
:101D600078BB9FED390B02B0BDE8F08139463046B3
:101D7000FFF7F2FC8046FFF723FD32463B46FFF7B4
:101D80007BFC40BB0022002320462946FFF7C8FC0D
:101D9000B8B945EC104BFFF74BFDFFF7B1FE3046ED
:101DA00053EC102B3946FFF7C7FA41EC100BFFF745
:101DB000ABFD02B0BDE8F08145EC104B02B0BDE8D0
:101DC000F08100F0EDF8274B9FED210B1B680360BD
:101DD00002B0BDE8F081B8F1000F24DB2ED09FEDFA
:101DE0001E0B18F0010F51EC100B22462B4603D0AE
:101DF000FFF7A2FA41EC100B5FEA680822462B4677
:101E000020462946AFD08DED000BFFF795FA9DEDEA
:101E1000000B04460D4618F0010F51EC100B224642
:101E20002B46E9D0E4E722462B460D490020FFF778
:101E30001FFBC8F1000804460D46D0E79FED060BD6
:101E400091E700BFAFF30080000000000000000039
:101E5000000000000000F0FF000000000000F03F64
:101E60000000F03F5C39030053EA020C61D02DE919
:101E7000F04BB3FA83F51E0007BFB2FA82F502FAFF
:101E800005F403FA05F41646C5F120051EBF22FA33
:101E900005F73C43203556EA044C4FEA144418BF7A
:101EA0000134A3464FF00009C846904271EB030C81
:101EB00039D3094207BFB0FA80F700FA07F6B1FA42
:101EC00081F701FA07F6C7F120071EBF20FA07FCC9
:101ED00046EA0C062037B6FBFBFC7F1B103F07F0E1
:101EE0001F04C4F120060CFA04F42CFA06F644BFD1
:101EF00034460026202FA4BF2646002454EA060CB0
:101F000008BF012418EB040849EB0609A4FB027C76
:101F1000C01B06FB02CC04FB03CC71EB0C0190420E
:101F200071EB030CC5D20B46024649464046BDE85C
:101F3000F08BB2FBF3F238B504460846A26842B112
:101F4000236861685D1C8D4208BF00208B4208D267
:101F5000D054E3682BB121686268914201D22146D6
:101F6000984723680133236038BD70B54C1E09D4EF
:101F70001646C5B229463046FFF7DDFF013CB4F1F5
:101F8000FF3FF7D170BD10F0100F08D108B510F465
:101F9000007F14BF30202020FFF7E7FF08BD704707
:101FA00000B5F5F715FA024B18445DF804FB00BFC5
:101FB000080000007AB370B414460F2A15D90246FF
:101FC0000B4640EA010515F0030F01D0013C0EE07D
:101FD000194610460432043306680D68AE4204D137
:101FE00010461946043C042CF2D8013C0ED00A4697
:101FF00003460444114618460133013206780D7831
:10200000AE4203D118461146A342F3D100780B78B3
:10201000C01A70BC7047002070470EB400B586B07F
:1020200007AA52F8041B05920390002304936FF053
:102030000043029301A800F0D3F806B05DF804EB6A
:1020400003B07047037853B159B10144034613F804
:10205000012F12B18B42FAD10B46181A7047034672
:10206000FBE70346F9E710B584B00C461146029031
:102070000022039201941A46684600F0B1F804B0B9
:1020800010BD844640EA010313F0030F18D18446C3
:10209000202A0BD32DE9F007B1E8F807A0E8F807EC
:1020A000A2F12002202AF7D2BDE8F007042A07D3C4
:1020B00051F8043B40F8043BA2F10402042AF7D291
:1020C000002A05D011F8013B00F8013B013AF9D193
:1020D000604670478446002A2DD010F0030F04D0CC
:1020E00000F8011B013A26D0F7E7C9B241EA012105
:1020F00041EA0141202A12D3A2F120022DE9F00386
:102100000B460C460D460E460F4688468946A0E80B
:10211000FA03203AFBD2BDE8F00320320BD0042AA8
:1021200005D340F8041B043A05D0042AF9D200F87C
:10213000011B013AFBD160467047024610F0030FC5
:1021400016D111F0030F13D12DE9F0004FF0013734
:102150004FF0803351F8044BA4EB070525EA040542
:102160001D4002D142F8044BF4E7A1F10401F0BC98
:1021700011F8013B02F8013B002BF9D1704700F147
:10218000010110F0030F11D010F8012B002A23D009
:1021900010F0030F0AD010F8012B002A1CD010F009
:1021A000030F03D010F8012B002A15D02DE9700081
:1021B0004FF001324FF0803350F8044BA4EB02058E
:1021C00025EA04051D4000D1F6E7A0F1040070BC2B
:1021D00010F8012B002AFBD1A0EB01007047000092
:1021E0002DE9F04F89B007460392002303600C46A7
:1021F00014F8011B002900F00F83DFF814B5FBE28F
:10220000002507E05E2868D145F4805501E045F0DF
:1022100040051C46234613F8010B3028F2D81F282E
:1022200037D9A0F12002102A33D801A151F822F0A9
:102230000F22030093220300932203007522030060
:102240009322030093220300932203007B220300C6
:1022500093220300932203009322030081220300B0
:10226000932203008722030093220300932203009A
:102270008D22030045F08005CBE745F40045C8E713
:1022800045F02005C5E745F01005C2E745F40075A7
:10229000BFE72A2821D1039A111D0391D2F800A08B
:1022A000BAF1000FBCBFCAF1000A45F0100518785A
:1022B000A31C2AEAEA7A2E2826D00021742847D0C7
:1022C0007A2845D06C2800F0A8804C2800F0AB801C
:1022D000682800F0B8801C463DE0A0F13002D2B280
:1022E000092A88BF4FF0000AE3D84FF0000A0AEB32
:1022F0008A0A303800EB4A0A13F8010BA0F13002C9
:10230000D2B2092AF3D9D4E718782A280AD1039A35
:10231000111D03911168587802330029CEDB45F472
:102320008075CBE70133A0F13002D2B2092A88BF11
:102330000021F4D8002101EB8101303800EB41018C
:1023400013F8010BA0F13002D2B2092AF3D9E4E765
:102350001C4614F8010B002800F06A82A0F1250346
:10236000DBB2532B62D8A0F12503532B5ED8DFE8F4
:1023700013F076005D005D005D005D005D005D00B6
:102380005D005D005D005D005D005D005D005D0065
:102390005D005D005D005D005D005D005D005D0055
:1023A0005D005D005D005D005D005D005D005D0045
:1023B0005D005D005D005D005D005D005D005D0035
:1023C0005D005D005D005D005D005D005D005D0025
:1023D0005D005D005D005D00EB005D005D005D0087
:1023E0005D005D005D005D005D005D005D007B00E7
:1023F00020015D005D005D005D0020015D005D006D
:102400005D005D0095000E01D1005D005D00A6003D
:102410005D0019015D005D00ED001C4614F8010B24
:1024200045F0010597E745F001051C46B44B1E68D1
:10243000002E00F0DE8103AB0193009153462A4643
:102440003946B047D5E11878682803D05C1C45F0C0
:10245000040580E745F008059C1C58787BE725219A
:102460003846FFF768FDC4E1039B1A1D03921E78EE
:102470000AF1FF3A3A4651462846FFF784FD3146B5
:102480003846FFF758FDA94619F0100F00F0B1814A
:102490003A4651462020FFF768FDAAE115F0080FE3
:1024A00006D03A68039B191D03911B681A70A0E1BE
:1024B000039B1A1D03921B683A681A6099E1039BFB
:1024C0001A1D0392D3F800808E4BB8F1000F08BF9D
:1024D0009846464625F4007915F4807F15D040468D
:1024E000FFF7B0FD0546AAEB050A3A4651464846B5
:1024F000FFF749FD002DC7D0454416F8011B3846AB
:10250000FFF719FDAE42F8D1BEE74046FFF737FEB0
:102510000546E8E7039B1A1D03921B6815F0800F20
:102520000CBF0026232645F4807508211A46002B8F
:1025300000F02C8105AB4FF0000805F4005CA646C6
:1025400060468C460146D1E045F4005515F0800FF9
:102550001BD043F2780643F25803782818BF1E4672
:1025600015F4807F01D025F4007515F4804F32D02A
:10257000039B1A1D03921B6815F0040F1FD01BB29A
:10258000002B20DA5B422D262DE00026E8E715F02F
:10259000800F0CBF0026302615F4807FE5D025F48F
:1025A0000075E2E715F4807F07D025F4007500265A
:1025B000DBE745F480450026D7E70026D5E715F090
:1025C000080FDDD0DBB215F0200F60D115F0400F01
:1025D00018BF202607E0039B1A1D03921B6815F005
:1025E000040F4FD09BB215F4807F14BF25F4007503
:1025F00001215838202800F2AE8001A252F820F0C4
:102600002D250300572703005727030057270300F2
:1026100057270300572703005727030057270300B6
:1026200057270300572703005727030057270300A6
:10263000BB26030057270300572703005727030033
:1026400057270300BB260300572703005727030023
:10265000572703005727030057270300932603003B
:102660002D25030057270300572703005727030092
:1026700057270300BB2603005727030057270300F3
:102680002D25030015F0080FADD0DBB2ABE72B26EC
:10269000A9E71A464FF00008002B5ED005A84FF0BE
:1026A000000803F00703303300F8013B08F101088C
:1026B000D2081346002AF4D14FE018464FF0000824
:1026C000002B4AD04FF0000805F4004E4FF02C09C3
:1026D00073468E4619462FE002F00F000A4C205C2C
:1026E00003F8010B08F10108120906D00029F3D004
:1026F00002F00F00054C205CF2E7744661462CE0C6
:10270000A43F0020643903003C3903004C39030026
:10271000CDCCCCCC08AB03EB080CABFB0032D20821
:1027200002EB8203A0EB430330330CF80C3C08F1BE
:10273000010809280DD910460029EBD008F0030341
:10274000032BE7D108AB434403F80C9C08F10108C4
:10275000E0E7714601E04FF00008A1EB080121EA33
:10276000E179AAEB090AAAEB080AFF2E11D9AAF10E
:10277000020A15F4007F11D0C6F307213846FFF78F
:10278000DAFBF1B23846FFF7D6FB13E04FF0000852
:10279000E3E7002E4FD115F4007F0BD13A465146A6
:1027A0002846FFF7F0FBFF2E98BF4FF0000A2AD80B
:1027B000002EE6D13A4651462846FFF7E4FB3A465A
:1027C00049463020FFF7D1FBB8F1000F0EDD0DF1C7
:1027D000140908F1FF38C84498F8001046463846F6
:1027E000FFF7A9FBC14508F1FF38F5D115F0100F2F
:1027F0000CD114F8011B79B125293FF401AD3846FD
:10280000FFF799FBF5E74FF0000AB5E73A46514666
:102810002020FFF7AAFBECE7BB682BB13A68796888
:102820008A423CBF00219954386809B0BDE8F08F56
:102830004FF0FF30F9E70AF1FF3A15F4007FB7D106
:04284000ACE700BF42
:082844001D91020000000000DC
:10284C00DDE502000000000061EF0200C83300204B
:10285C0019DE0200E8330020DDE302000000000076
:10286C00CBF40200283000202BF20200DC330020D5
:10287C00BDB3020000000000D9B702000000000048
:04288C0091AF020006
:08289000459102000000000068
:10289800C5FD02000000000099FE020000000000D3
:0428A80061C6020003
:1028AC00000000002031002071750200433A5C5595
:1028BC00736572735C70747261635C446F63756D85
:1028CC00656E74735C4769744875625C706C617496
:1028DC00666F726D5F746170655C3372645F70619A
:1028EC007274795C6E5246355F53444B5F31365C83
:1028FC00636F6D706F6E656E74735C6C6962726120
:10290C00726965735C74696D65725C6170705F741B
:10291C00696D6572322E630001000600433A5C5506
:10292C00736572735C70747261635C446F63756D14
:10293C00656E74735C4769744875625C706C617425
:10294C00666F726D5F746170655C3372645F706129
:10295C007274795C6E5246355F53444B5F31365C12
:10296C00636F6D706F6E656E74735C6C69627261AF
:10297C00726965735C7574696C5C6170705F757499
:10298C00696C5F706C6174666F726D2E6300000011
:10299C002E2E2F3372645F70617274792F6E5246D3
:1029AC00355F53444B5F31362F696E7465677261C6
:1029BC0074696F6E2F6E7266782F6E7266785F67B1
:1029CC006C75652E680000002E2E2F3372645F70BC
:1029DC00617274792F6E5246355F53444B5F3136BA
:1029EC002F6D6F64756C65732F6E7266782F6861CE
:1029FC006C2F6E72665F7274632E6800433A5C557E
:102A0C00736572735C70747261635C446F63756D33
:102A1C00656E74735C4769744875625C706C617444
:102A2C00666F726D5F746170655C3372645F706148
:102A3C007274795C6E5246355F53444B5F31365C31
:102A4C00636F6D706F6E656E74735C6C69627261CE
:102A5C00726965735C74696D65725C6472765F72C1
:102A6C0074632E63000000000000000000000000F2
:102A7C00000000000338FDD8704700002E2E2F33C5
:102A8C0072645F70617274792F6E5246355F534475
:102A9C004B5F31362F636F6D706F6E656E74732F75
:102AAC006C69627261726965732F657870657269A1
:102ABC006D656E74616C5F73656374696F6E5F7660
:102ACC006172732F6E72665F73656374696F6E5F8C
:102ADC00697465722E6800002E2E2F3372645F703D
:102AEC00617274792F6E5246355F53444B5F3136A9
:102AFC002F636F6D706F6E656E74732F6C6962727D
:102B0C0061726965732F6D757465782F6E72665F6F
:102B1C006D74782E68000000433A5C5573657273CF
:102B2C005C70747261635C446F63756D656E747315
:102B3C005C4769744875625C706C6174666F726D29
:102B4C005F746170655C3372645F70617274795C20
:102B5C006E5246355F53444B5F31365C636F6D701C
:102B6C006F6E656E74735C6C6962726172696573A9
:102B7C005C7077725F6D676D745C6E72665F707798
:102B8C00725F6D676D742E63000000008C2803006B
:102B9C009028030004000000433A5C55736572737F
:102BAC005C70747261635C446F63756D656E747395
:102BBC005C4769744875625C706C6174666F726DA9
:102BCC005F746170655C3372645F70617274795CA0
:102BDC006E5246355F53444B5F31365C636F6D709C
:102BEC006F6E656E74735C6C696272617269657329
:102BFC005C6578706572696D656E74616C5F736528
:102C0C006374696F6E5F766172735C6E72665F730C
:102C1C00656374696F6E5F697465722E6300000082
:102C2C00433A5C55736572735C70747261635C4497
:102C3C006F63756D656E74735C4769744875625C1F
:102C4C00706C6174666F726D5F746170655C337209
:102C5C00645F70617274795C6E5246355F53444B9D
:102C6C005F31365C636F6D706F6E656E74735C6C28
:102C7C0069627261726965735C736F72746C69738B
:102C8C00745C6E72665F736F72746C6973742E63AE
:102C9C0000000000433A5C55736572735C7074728B
:102CAC0061635C446F63756D656E74735C476974C6
:102CBC004875625C706C6174666F726D5F74617084
:102CCC00655C3372645F70617274795C6E52463508
:102CDC005F53444B5F31365C696E74656772617427
:102CEC00696F6E5C6E7266785C6C65676163795C4B
:102CFC006E72665F6472765F636C6F636B2E6300DB
:102D0C00FFFFFFFF0006FF00000000400000000076
:102D1C002E2E2F3372645F70617274792F6E52464F
:102D2C00355F53444B5F31362F696E746567726142
:102D3C0074696F6E2F6E7266782F6E7266785F672D
:102D4C006C75652E68000000433A5C5573657273B0
:102D5C005C70747261635C446F63756D656E7473E3
:102D6C005C4769744875625C706C6174666F726DF7
:102D7C005F746170655C3372645F70617274795CEE
:102D8C006E5246355F53444B5F31365C6D6F6475E4
:102D9C006C65735C6E7266785C647269766572736E
:102DAC005C7372635C6E7266785F636C6F636B2EC0
:102DBC00630000002E2E2F3372645F706172747981
:102DCC002F6E5246355F53444B5F31362F696E740C
:102DDC006567726174696F6E2F6E7266782F6E7292
:102DEC0066785F676C75652E680000002E2E2F3399
:102DFC0072645F70617274792F6E5246355F534402
:102E0C004B5F31362F6D6F64756C65732F6E726608
:102E1C00782F68616C2F6E72665F6770696F2E68B1
:102E2C00000000000000005000030050433A5C55C5
:102E3C00736572735C70747261635C446F63756DFF
:102E4C00656E74735C4769744875625C706C617410
:102E5C00666F726D5F746170655C3372645F706114
:102E6C007274795C6E5246355F53444B5F31365CFD
:102E7C006D6F64756C65735C6E7266785C64726998
:102E8C00766572735C7372635C6E7266785F677082
:102E9C00696F74652E630000433A5C5573657273F9
:102EAC005C70747261635C446F63756D656E747392
:102EBC005C4769744875625C706C6174666F726DA6
:102ECC005F746170655C3372645F70617274795C9D
:102EDC006E5246355F53444B5F31365C6D6F647593
:102EEC006C65735C6E7266785C647269766572731D
:102EFC005C7372635C7072735C6E7266785F707216
:102F0C00732E63002E2E2F3372645F70617274798E
:102F1C002F6E5246355F53444B5F31362F696E74BA
:102F2C006567726174696F6E2F6E7266782F6E7240
:102F3C0066785F676C75652E680000002E2E2F3347
:102F4C0072645F70617274792F6E5246355F5344B0
:102F5C004B5F31362F6D6F64756C65732F6E7266B7
:102F6C00782F68616C2F6E72665F6770696F2E6860
:102F7C0000000000433A5C55736572735C707472A8
:102F8C0061635C446F63756D656E74735C476974E3
:102F9C004875625C706C6174666F726D5F746170A1
:102FAC00655C3372645F70617274795C6E52463525
:102FBC005F53444B5F31365C6D6F64756C65735C4D
:102FCC006E7266785C647269766572735C73726338
:102FDC005C6E7266785F7370696D2E630000000022
:102FEC0049AD02000338FDD8704700002E2E2F3358
:102FFC0072645F70617274792F6E5246355F534400
:10300C004B5F31362F6D6F64756C65732F6E726606
:10301C00782F68616C2F6E72665F6770696F2E68AF
:10302C00000000004E52465F5057525F4D474D54C2
:10303C005F4556545F505245504152455F5359536A
:10304C004F4646004E52465F5057525F4D474D54C7
:10305C005F4556545F505245504152455F57414B66
:10306C0045555000456E746572696E67204446552F
:10307C002C20796F75206D617920686176652074DC
:10308C006F20666978207468697320636F646500CB
:10309C004E52465F5057525F4D474D545F45565404
:1030AC005F505245504152455F52455345540000C4
:1030BC00433A5C55736572735C70747261635C4403
:1030CC006F63756D656E74735C4769744875625C8B
:1030DC00706C6174666F726D5F746170655C666351
:1030EC00635F656D6572616C645F6170705C6D616E
:1030FC00696E2E63707000000A46524F4D3A2025BF
:10310C003032783A253032783A253032783A2530D8
:10311C0032783A253032783A253032782025640AD4
:10312C0000000000527373693A25640A0000000025
:10313C00424154543A25660A00000000736B6970D2
:10314C007065642073656E64696E672025640A007F
:10315C004E6F7469666965642077697468204143B1
:10316C004B0A0000536F6674646576696365206171
:10317C0073736572746564210A0000000A526563FA
:10318C006569766564206461746120282564206219
:10319C0079746573292066726F6D20424C45204E00
:1031AC0055533A2000000000253032583A000000F8
:1031BC000A000000434F4E4649475F4455540000F7
:1031CC007564206661696C0A000000007564206DEE
:1031DC00656D6F7279206661696C0A004461746177
:1031EC00206C656E2069732073657420746F2030B9
:1031FC00782558282564290A0000000041545420E1
:10320C004D54552065786368616E676520636F6DFA
:10321C00706C657465642E2063656E7472616C20CD
:10322C0030782578207065726970686572616C20E1
:10323C00307825780A00000055445F53746172742D
:10324C002E2E2E210A000000526164696F205472E8
:10325C0061736D69740A0000526164696F20536C6C
:10326C006565700A00000000526164696F20436F4D
:10327C006E74696E756520547261736D697420315A
:10328C000A000000526164696F20436F6E74696EAE
:10329C00756520547261736D697420320A000000E8
:1032AC005273736954483A253032582C2042617459
:1032BC0074563A253032580A000000006D696C6C67
:1032CC0069732025640A0000706F776572206D6742
:1032DC006D742D3E20656E7472696E670A00000075
:1032EC00706F776572206D676D742D3E20657869FF
:1032FC0074696E670A0000004F54413A2025640A35
:10330C000000000061647654696D653A2025640AFA
:10331C000000000074786C6576656C3A2025640AB0
:10332C00000000007363616E4475726174696F6EA6
:10333C003A2025640A0000004D4F44453A2025648C
:10334C000A0000006368616E6E656C3A2025640AA1
:10335C0000000000526164696F3A2025640A000085
:10336C004D4143203D20253032583A253032583AD1
:10337C00253032583A253032583A253032583A25D1
:10338C003032580A00000000257300005363616E50
:10339C003A202564094164763A20256409536C650A
:1033AC0065703A2025640A006E52462578205661D5
:1033BC007269616E743A2025632563256325630A5F
:1033CC00000000007061636B6167653A2025780A24
:1033DC000000000044657649443A20257825780A97
:1033EC0000000000536C656570204F4E0A00000011
:1033FC0050617263656C205475726E6564204F4E1B
:10340C000A0000004357204D6F646520776974688B
:10341C006F7574206D6F64756C6174696F6E204F7D
:10342C004E0A00004357204D6F646520776974681D
:10343C00206D6F64756C6174696F6E204F4E0A005D
:10344C006770696F746520696E6974206661696C58
:10345C00656420666F72204C6F7261205350490A6C
:10346C00000000004C6F526120726164696F20692A
:10347C006E6974206661696C65640A00FFFFFFFF6A
:10348C0006FF0000000000400000000001000200E8
:10349C00667265713A2025640A0000007077723AF2
:1034AC002025640A0000000048656C6C6F20576F83
:1034BC00726C642C2054686973206973204C6F7291
:1034CC0061204D6F64756C61746564204361727228
:1034DC0069657220576176650A0D00004C6F726148
:1034EC002044494F3020696E746572727570742C6B
:1034FC00205278446F6E65206F72205478446F6E42
:10350C00650A00002032002040320020000000003C
:10351C000030004000000000010000005465726D96
:10352C00696E616C000000005254540053454747CB
:10353C0045520000433A5C55736572735C7074724B
:10354C0061635C446F63756D656E74735C4769741D
:10355C004875625C706C6174666F726D5F746170DB
:10356C00655C3372645F70617274795C6E5246355F
:10357C005F53444B5F31365C636F6D706F6E656E7D
:10358C0074735C626C655C636F6D6D6F6E5C626CAA
:10359C00655F636F6E6E5F73746174652E6300009C
:1035AC009ECADC240EE5A9E093F3A3B50000406E9F
:1035BC002E2E2F3372645F70617274792F6E5246A7
:1035CC00355F53444B5F31362F636F6D706F6E6593
:1035DC006E74732F6C69627261726965732F657892
:1035EC00706572696D656E74616C5F736563746927
:1035FC006F6E5F766172732F6E72665F7365637444
:10360C00696F6E5F697465722E680000433A5C5591
:10361C00736572735C70747261635C446F63756D17
:10362C00656E74735C4769744875625C706C617428
:10363C00666F726D5F746170655C3372645F70612C
:10364C007274795C6E5246355F53444B5F31365C15
:10365C00636F6D706F6E656E74735C736F6674649C
:10366C0065766963655C636F6D6D6F6E5C6E7266BB
:10367C005F7364682E63000001000007A828030034
:10368C00A8280300080000009028030098280300D5
:10369C000800000098280300A82803000800000078
:1036AC002E2E2F3372645F70617274792F6E5246B6
:1036BC00355F53444B5F31362F636F6D706F6E65A2
:1036CC006E74732F6C69627261726965732F6578A1
:1036DC00706572696D656E74616C5F736563746936
:1036EC006F6E5F766172732F6E72665F7365637453
:1036FC00696F6E5F697465722E680000433A5C55A1
:10370C00736572735C70747261635C446F63756D26
:10371C00656E74735C4769744875625C706C617437
:10372C00666F726D5F746170655C3372645F70613B
:10373C007274795C6E5246355F53444B5F31365C24
:10374C00636F6D706F6E656E74735C736F667464AB
:10375C0065766963655C636F6D6D6F6E5C6E7266CA
:10376C005F7364685F626C652E6300004C28030015
:10377C008C280300080000002E2E2F3372645F701B
:10378C00617274792F6E5246355F53444B5F3136FC
:10379C002F636F6D706F6E656E74732F6C696272D0
:1037AC0061726965732F6578706572696D656E7489
:1037BC00616C5F73656374696F6E5F766172732F92
:1037CC006E72665F73656374696F6E5F6974657240
:1037DC002E680000433A5C55736572735C707472AA
:1037EC0061635C446F63756D656E74735C4769747B
:1037FC004875625C706C6174666F726D5F74617039
:10380C00655C3372645F70617274795C6E524635BC
:10381C005F53444B5F31365C636F6D706F6E656EDA
:10382C0074735C736F66746465766963655C636FEF
:10383C006D6D6F6E5C6E72665F7364685F736F63E1
:10384C002E630000442803004C28030008000000ED
:10385C00000000000338FDD8704700002E2E2F33D7
:10386C0072645F70617274792F6E5246355F534487
:10387C004B5F31362F6D6F64756C65732F6E72668E
:10388C00782F68616C2F6E72665F6770696F2E6837
:10389C000000000003000200433A5C55736572732C
:1038AC005C70747261635C446F63756D656E747388
:1038BC005C4769744875625C706C6174666F726D9C
:1038CC005F746170655C7378313236315C52485F7D
:1038DC005358313236782E637070000073656E6405
:1038EC0020636F6D6D616E64206661696C0A000007
:1038FC00256300000A000000697271203D202564D8
:10390C000A000000547820446F6E650A0000000025
:10391C006C656E2025642C20527373692025642CF1
:10392C002046726571206572722025640A000000C1
:10393C003031323334353637383961626364656619
:10394C0030313233343536373839414243444546C9
:0F395C002100000022000000286E756C6C29000D
:10396C0000100140110004000090D0030E00000074
:10397C0000C06444070000005900000049540100D5
:10398C00C43300200100040000000000000000000F
:10399C0000000000000000000000000020300020AB
:1039AC0000000000FFFF14000100020004000000F2
:1039BC0064000000E8030000E803000004010000BC
:1039CC00000000000000000000000000183900207A
:0F39DC001F0000001F0000003C0000000428082E
:0400000320007375F1
:00000001FF
