:020000022000DC
:10600000000001205D630200B9630200BB6302006F
:10601000BD630200BF630200C16302000000000014
:10602000000000000000000000000000C363020048
:10603000C563020000000000C7630200C9630200DC
:1060400005880200CB630200F18F0200E99502008F
:1060500035A50200CB630200118D0200CB63020064
:10606000CB630200CB630200CB630200CB63020070
:10607000CB630200CB630200CB630200CB63020060
:10608000CB63020011750200CB630200CB630200F8
:10609000CB630200CB63020019CC0200CB63020089
:1060A000CB630200CB630200CB630200CB63020030
:1060B000CB630200CB630200000000000000000080
:1060C000CB630200CB630200CB630200CB63020010
:1060D000CB630200CB630200CB6302000000000030
:1060E00000000000000000000000000000000000B0
:1060F00000000000000000000000000000000000A0
:10610000000000000000000000000000000000008F
:10611000000000000000000000000000000000007F
:10612000000000000000000000000000000000006F
:10613000000000000000000000000000000000005F
:10614000000000000000000000000000000000004F
:10615000000000000000000000000000000000003F
:10616000000000000000000000000000000000002F
:10617000000000000000000000000000000000001F
:10618000000000000000000000000000000000000F
:1061900000000000000000000000000000000000FF
:1061A00000000000000000000000000000000000EF
:1061B00000000000000000000000000000000000DF
:1061C00000000000000000000000000000000000CF
:1061D00000000000000000000000000000000000BF
:1061E00000000000000000000000000000000000AF
:1061F000000000000000000000000000000000009F
:10620000354936480A1A02D0072291438D4634494F
:1062100034480A1A06D00722914381F309880222E2
:1062200082F3148830483149314A00F044F831484B
:106230003149324A00F03FF831483249324A00F0E1
:106240003AF832483249334A00F035F83248334997
:10625000334A00F030F833483349344A00F02BF821
:1062600033483449344A00F026F83448344900228F
:1062700000F02CF833483449002200F027F8334866
:106280003349091A082902DB002202604160314AC1
:1062900090471F481F49884205D00268043003B464
:1062A000904703BCF7E700208646EC46002000211B
:1062B000294A9047FEE7884207D0521A05D0037852
:1062C00001300B700131013AF9D17047884202D098
:1062D00002700130FAE770470000012000E0002062
:1062E0000000012000000120E8FD0200D82A002063
:1062F000322B0020D0630200D06302001CEA0200AF
:10630000E8FD0200D82A0020D82A002080EA0200F6
:1063100080EA020084EA020080EA020080EA0200C9
:1063200080EA020084EA020084EA0200E8FD02003A
:1063300044FE0200342B0020342B0020342B00209C
:10634000D0390020D0390020D4390020D4390020A1
:10635000D459002085630200BDAC020000F036B8BD
:106360000F484FF00701884385460E4880470E4886
:10637000016841F470010160BFF34F8FBFF36F8F6D
:10638000FFF73EBF09480A490A4A884207D0521A15
:1063900005D0037801300B700131013AF9D1704713
:1063A00000000120C17A020088ED00E080EA0200CE
:1063B000D82A0020D82A0020FEE7FEE7FEE7FEE705
:1063C000FEE7FEE7FEE7FEE7FEE7FEE7FFF7C8BFF2
:1063D00000487047C839002086B0039002910192AE
:1063E00001238DF817309DF81730214A039B136065
:1063F0001F4A029B53601E4A019B9360039B44F219
:106400000102934213D0039B44F20202934221D132
:10641000019B174AD360164BDB681B881A46144B46
:106420009A61134BDB685B68114AD36112E0019BF0
:106430000F4A13610E4B1B699B680D4A53610C4B4D
:106440001B691B680A4A9361094B1B695B68084A10
:10645000D36100BF72B600BF00BF9DF81730DBB23A
:10646000002BFAD162B600BF00BF06B0704700BF74
:10647000342B002000B583B002900091019244F2C9
:10648000010071466A4600F003F803B000BD00BF8A
:1064900000B587B003900291019272B600BF039BD2
:1064A00044F20202934217D0039B44F20202934249
:1064B00018D8039B44F20102934210D0039B44F28C
:1064C000010293420ED8039B012B0DD0039B41F296
:1064D000010293420AD005E0019B059307E0019B6E
:1064E000049304E000BF02E000BF00E000BF084BDF
:1064F0001B6803F00103002B00D000BE019A029933
:106500000398FFF769FF00BF07B05DF804FB00BF09
:10651000F0ED00E0F0B583B0124800F0DFFF034675
:1065200018464FF00001104BD3E90023861841EBC9
:106530000307CDE900670D4BD3E90023DDE9000136
:10654000994208BF904207D2DDE9002312F180741E
:1065500043F10005CDE90045DDE900231046194669
:1065600003B0F0BDD82A0020602B0020682B00204B
:1065700088B001900091019B0793009B0693079BB5
:10658000D3E90223CDE90423069BD3E90223CDE915
:106590000223DDE90423DDE90201994208BF9042AC
:1065A0002CBF01230023DBB2184608B0704700005F
:1065B00030B585B00190019B5B69002B03D12B495D
:1065C000A22004F055FA00238DF80F30284B1B78D9
:1065D000002B45D0019B002B42D0019B1B7FDBB2DF
:1065E000002B3DD0FFF796FF019BD3E90223994290
:1065F00008BF90422CD3019B1B69002B02D1019B49
:1066000000221A77019B5B69019A926910469847AC
:10661000019B1B69002B23D0019B1B7FDBB2002B4E
:106620001ED0019BD3E90201019B1B691A464FF062
:106630000003841841EB0305019BC3E90245019B5C
:1066400019460C4801F076F901238DF80F3007E068
:10665000019B1946074801F06DF901238DF80F30B1
:106660009DF80F30184605B030BD00BF90EA02001B
:10667000582B002084EA0200F0B589B00190009107
:106680000D230793009B00221A70019BD3E902455A
:10669000FFF740FF02460B46A61A65EB0307CDE95C
:1066A0000467DDE90423012A73F100031BDB049B6B
:1066B000B3F5350F05D300F0B7FA0246154B134476
:1066C00003E0019BD3E90223134603934FF496039F
:1066D000039A0021104800F003FE0790079B002B4F
:1066E00005D1012313E000210B4800F0D1FE079BE8
:1066F0000D2B07D10198FFF75BFF03461A46009B5D
:106700001A7003E00549F52004F0B2F90023184699
:1067100009B0F0BDFFFFB400D82A002090EA0200C3
:1067200000B583B0044801F03FF90190019B184681
:1067300003B05DF804FB00BF84EA020000B583B03B
:10674000044801F053F90190019B184603B05DF82D
:1067500004FB00BF84EA020000B583B0FFF7E0FF4E
:106760000190019B002B02D0019B00221A77019B14
:10677000002BF3D100BF00BF03B05DF804FB0000A5
:10678000054BD3E9002312F1807043F10001024B65
:10679000C3E9000100BF7047602B002000B583B043
:1067A0000190134B1B68002B1DD0019800F096FE42
:1067B0000F4B1B68D3E90223134623F07F4319468E
:1067C00000F026FA0346B3F5960F04D309494FF4B7
:1067D000957004F04DF9064B1B681846FFF7E8FE6C
:1067E000034B00221A6000BF03B05DF804FB00BF3A
:1067F000542B002090EA020000B583B00190FFF70F
:1068000089FE02460B460349C1E9002300BF03B0DD
:106810005DF804FB682B002000B587B00190FFF7FE
:106820008DFF049000238DF81730049B002B48D077
:106830002B4B1B68002B03D101238DF8173019E077
:10684000049BD3E90201264B1B68D3E9022399423A
:1068500008BF90420ED201238DF81730204B1B68E1
:106860001B7FDBB2002B05D01D4B1B6819461D4852
:1068700001F060F89DF81730002B2AD0FFF750FF89
:1068800004900DF10F0319460498FFF7F5FE034637
:10689000002B12D0124B1B68002B02D1019800F084
:1068A0002BFC0F4A049B13609DF80F3083F001030B
:1068B000DBB2002BB3D000BF0EE0094B00221A6000
:1068C000ADE7074B1B68002B05D1019800F02AFCAF
:1068D00001E000BF00E000BF00BF07B05DF804FBAF
:1068E000542B002084EA020000B587B001902C4AA6
:1068F00003AB1946104600F0EEFE059048E0059BFC
:106900001B78022B2ED0022B32DC002B02D0012B65
:1069100014D02DE0059B5B681B7FDBB283F0010385
:10692000DBB2002B26D0059B5B6801221A77059B02
:106930005B6819461B4800F0FDFF1BE0059B5A6889
:10694000194B1B689A4203D1174B00221A6012E0C0
:10695000059B5B681946134801F05CF803468DF807
:10696000133008E0FFF7F8FE104B01221A7002E026
:1069700000BF00E000BF0A4A03AB1946104600F012
:10698000C3FE074A03AB1946104600F0A4FE05906B
:10699000059B002BB3D100BF00BF07B05DF804FB1F
:1069A000C82B002084EA0200542B0020582B002022
:1069B00000B583B00190019800F05DFD0346002B07
:1069C00001D0FFF7DDFE0021019800F072FD0346C3
:1069D000002B02D00198FFF7E1FE0121019800F0A1
:1069E00068FD0346002B02D00198FFF705FF0198D0
:1069F000FFF77AFF0198FFF70FFF00BF03B05DF8C4
:106A000004FB000008B5024800F075FD00BF08BD9A
:106A1000D82A002000B585B0034600918DF80730D4
:106A2000114A02AB1946104600F028FE0390039B62
:106A3000002B13D0039B9DF807201A70039B009A2C
:106A40005A60094A02AB1946104600F030FE034670
:106A5000002B01D0FFF7D6FF002300E004231846E7
:106A600005B05DF804FB00BFC82B002000B583B063
:106A7000164B1B680093164808235822154900F04E
:106A8000CAFD0190019B002B01D0019B19E06B46D0
:106A9000114A1946114800F0CFFA0190019B002BD2
:106AA00001D0019B0DE001210C4800F0D3FC012333
:106AB0000B4A0121094800F04BFB0A4B01221A70D6
:106AC000019B184603B05DF804FB00BFF0EA02002A
:106AD000C82B0020702B0020B1690200D82A0020AA
:106AE000FFFF7F00582B002000B587B003900B46B6
:106AF00001928DF80B30039B002B04D1134940F217
:106B00002E2003F0B5FF019B002B04D10F4940F26A
:106B10002F2003F0ADFF019B002B01D1072310E0D4
:106B2000039B1B680593059B019A5A619DF80B30E6
:106B3000012B0CBF01230023DBB21A46059B1A610F
:106B40000023184607B05DF804FB00BF90EA02007E
:106B500030B587B0039002910192039B002B04D1C2
:106B6000154940F23E2003F083FF039B0593059BEC
:106B70001B7FDBB2002B01D000231AE0059B019A9A
:106B80009A61FFF7C7FC029B1A464FF00003841876
:106B900041EB0305059BC3E90245059B1B69002BDF
:106BA00002D0059B029A1A6105990020FFF732FF77
:106BB0000346184607B030BD90EA020000B585B024
:106BC0000190019B002B04D109494FF4157003F08B
:106BD0004FFF019B0393039B00221A770399012027
:106BE000FFF718FF0346184605B05DF804FB00BF29
:106BF00090EA020008B5054B00221A70002102201D
:106C0000FFF708FF0346184608BD00BF582B0020B9
:106C100082B001900091019A009BD31A23F07F4328
:106C2000184602B07047000008B5034800F056FC53
:106C30000346184608BD00BFD82A002082B0EFF3F3
:106C400010830093009B019372B600BF019B18460E
:106C500002B0704762B600BF00BF704700B585B094
:106C60000190FFF7EBFF0390164B9B68002B1BD1A5
:106C7000144B01229A60144BD3F88020134B13401D
:106C8000104A1360104B114AC3F880200E4BD3F802
:106C900084300C4A53600C4B4FF0FF32C3F8842011
:106CA000019B00221A7002E0019B01221A70039BD3
:106CB000002B01D1FFF7CEFF0023184605B05DF889
:106CC00004FB00BFDC2B002000E100E0FC06FFBD60
:106CD00000B585B003468DF80730104B9B68002B3C
:106CE00016D09DF80730002B12D1FFF7A7FF0390B5
:106CF0000B4A0A4B1B681360094A084B5B685360D8
:106D0000064B00229A60039B002B01D1FFF7A2FFE4
:106D10000023184605B05DF804FB00BFDC2B002003
:106D200000E100E000B583B0019000F02BF80346CD
:106D3000012B03D00549432003F09AFE0198FFF789
:106D40008DFF00BF03B05DF804FB00BFF4EA020052
:106D500000B583B003468DF8073000F013F8034602
:106D6000012B03D00649512003F082FE9DF8073025
:106D70001846FFF7ADFF00BF03B05DF804FB00BF8E
:106D8000F4EA020084B0EFF305830193019BC3F39F
:106D900008030393039B002B0DD1EFF3148300939F
:106DA000009B0293029B03F00103002B0CBF012305
:106DB0000023DBB200E00123184604B07047000056
:106DC00082B003468DF807309DF8073003F01F02AC
:106DD00005499DF907305B09012000FA02F241F8EC
:106DE000232000BF02B0704700E100E082B00346FC
:106DF0008DF807309DF8073003F01F0206499DF912
:106E000007305B09012000FA02F2403341F82320E9
:106E100000BF02B0704700BF00E100E082B003464F
:106E200000918DF807309DF90730002B0CDA009B9C
:106E3000DAB20C499DF8073003F00F03043B52010E
:106E4000D2B20B441A7609E0009BDAB206499DF9EA
:106E500007305201D2B20B4483F8002300BF02B0C6
:106E6000704700BF00ED00E000E100E000B583B036
:106E700003460A468DF8073013468DF806309DF814
:106E80000630012B03D99DF80630032B0BD99DF852
:106E90000630042B03D99DF80630072B03D9084987
:106EA0006B2003F0E5FD9DF806209DF907301146A3
:106EB0001846FFF7B3FF00BF03B05DF804FB00BF47
:106EC00058EB020000B583B003468DF807309DF9FA
:106ED00007301846FFF774FF00BF03B05DF804FBEE
:106EE00000B585B00190019B002B0AD0074B43F001
:106EF00001030393019B9B010293039B0298984714
:106F000000E000BF05B05DF804FB00BF20EC02000C
:106F100084B0039002910192039B029A02F5A87239
:106F2000019943F8221000BF04B0704782B001906D
:106F30000091019B009A02F5A87253F8223018467E
:106F400002B0704782B001900091019B009AC3F893
:106F5000042300BF02B0704782B001900091019BF2
:106F6000009AC3F8082300BF02B0704782B00190B6
:106F70000B46ADF80230BDF80230019A13441B688D
:106F8000184602B0704784B001900B46ADF802304D
:106F9000BDF80230019A134400221A60BDF8023095
:106FA000019A13441B680393039B00BF04B070470E
:106FB00082B00190019BD3F80435184602B07047A7
:106FC00000B583B001900091009BB3F5805F04D3BE
:106FD00006494FF4BE7003F04BFD019B009AC3F8C5
:106FE000082500BF03B05DF804FB00BF90EB020072
:106FF00082B001900B468DF803309DF80320019B71
:1070000013441A460123136000BF02B0704782B0D8
:1070100001900091019B009AC3F8442300BF02B085
:10702000704782B001900091019B009AC3F84823F9
:1070300000BF02B07047000000B587B00390029116
:107040000192039B002B03D12849552003F010FD2A
:10705000029B002B03D12549562003F009FD019B1B
:10706000002B03D12149572003F002FD039B5B79DC
:1070700019461F4A019B42F82130039B5B791D4A48
:10708000DB0013441B79002B03D008230593059BD9
:1070900027E0039B1A68029B1B8819461046FFF7DE
:1070A0008FFF039B93F90420029B9B78194610469F
:1070B000FFF7DCFE039B93F904301846FFF702FF4D
:1070C000039B5B790B4ADB00134401221A71039B7B
:1070D0005B791946074A039B42F831300023059338
:1070E000059B184607B05DF804FB00BFC4EB020027
:1070F000E82B0020EC2B002000B583B00190019B11
:10710000002B03D10649872003F0B2FC019B1B68CA
:1071100000211846FFF76CFF00BF03B05DF804FBC9
:10712000C4EB020000B583B00190019B002B03D19A
:1071300006498D2003F09CFC019B1B680421184626
:10714000FFF756FF00BF03B05DF804FBC4EB02007D
:1071500000B587B00390029101928DF80330039B34
:10716000002B03D12149962003F082FC4FF480329A
:10717000029B02FA03F30593029B50339BB29B00E0
:10718000ADF81230019B23F07F430193039B1B68F2
:1071900005991846FFF7E0FE039B1B680599184602
:1071A000FFF73FFF039B1B68BDF8122011461846EE
:1071B000FFF7E9FE039B1B68019A02991846FFF747
:1071C000A7FE039B1B6805991846FFF720FF9DF853
:1071D0000330002B05D0039B1B6805991846FFF769
:1071E000B1FE00BF07B05DF804FB00BFC4EB0200B6
:1071F00000B585B00390029113468DF80730039BCC
:10720000002B03D10B49A92003F032FC039B1B6820
:1072100002991846FFF7FBFE9DF80730002B05D0BA
:10722000039B1B6802991846FFF78CFE00BF05B050
:107230005DF804FBC4EB020000B583B0019000913F
:10724000019B002B03D10A49B32003F011FC019BE1
:107250001B6800991846FFF7E4FE019B1B68009924
:107260001846FFF779FE00BF03B05DF804FB00BFCE
:10727000C4EB020000B583B001900B46ADF80230BC
:10728000019B002B03D10F49BA2003F0F1FB019BB6
:107290001B68BDF8022011461846FFF767FE03463B
:1072A000002B09D0019B1B68BDF80220114618462F
:1072B000FFF769FE012300E00023184603B05DF8E4
:1072C00004FB00BFC4EB020082B001900091019A60
:1072D000009BD31A23F07F43184602B0704700008A
:1072E00000B58BB00390029101920093039B002B99
:1072F00003D15749CD2003F0BBFB4FF48032029BF2
:1073000002FA03F30993029B50339BB29B00ADF842
:107310002230019B23F07F43019309990398FFF7E3
:107320008BFF039B1B681846FFF742FE0790039BE9
:107330001B6802991846FFF7F9FD0690039B1B682E
:10734000079A02991846FFF7E3FD039B1B68BDF8F7
:10735000222011461846FFF716FE07990698FFF7F8
:10736000B3FF0346012B0AD11020FFF7B9FD039BA1
:107370001B68BDF8222011461846FFF704FE039B48
:107380001B681846FFF714FE079007990198FFF74E
:107390009BFF0590039B1B6809991846FFF737FE72
:1073A000059B012B15D1039B1868019B01331A46DD
:1073B0000299FFF7ADFD1020FFF792FD039B1B68BC
:1073C0001846FFF7F5FD0246079B934235D00D2383
:1073D00039E0039B1B68019A02991846FFF798FD54
:1073E000039B1B681846FFF7E3FD0790019B013BD9
:1073F00007991846FFF768FF0590009BC3F1FF133C
:1074000003F57F43059A9A4201D90D231BE0059BA2
:10741000002B12D1039B1868019B01331A46029975
:10742000FFF776FD039B1B681846FFF7C1FD024678
:10743000079B934201D00D2305E00122099903988F
:10744000FFF7D6FE002318460BB05DF804FB00BF23
:10745000C4EB020000B583B001900B468DF80330F9
:107460009DF803301A4602210198FFF7C1FE00BFC4
:1074700003B05DF804FB00B583B001904FF4827156
:107480000198FFF7F7FE0346184603B05DF804FBCA
:1074900000B583B0019000914FF48032009B02FA56
:1074A00003F319460198FFF7C7FE00BF03B05DF86C
:1074B00004FB00B585B001900091009B50339BB256
:1074C0009B00ADF80E30BDF80E3019460198FFF75D
:1074D000D1FE0346184605B05DF804FB00B583B045
:1074E0000190019B1B681846FFF762FD0346184692
:1074F00003B05DF804FB00B583B00190019B93F9E4
:1075000004301846FFF772FC00BF03B05DF804FBBF
:1075100008B5044B1B68044A12681046984700BF20
:1075200008BD00BFE82B0020EC2B002086B00190A6
:107530000091019B53E8011F8AB2D88902449889BF
:10754000824228BF121A1889824202BFBFF32F8FCE
:10755000002307E0C2EA010243E801200028E9D144
:107560004FF001038DF80F30059002910492029ABA
:10757000009B1A609DF80F30DBB2184606B07047CA
:1075800084B00190019951E8013FC3EA034341E807
:107590000132002AF7D10392029300BF04B0704772
:1075A00086B001900091019B53E8021F1FFAA1F2DF
:1075B000D888824202BFBFF32F8F00230DE0D88905
:1075C00002449889824228BF121AC1EA024243E863
:1075D00002200028E8D14FF001038DF80F3005900C
:1075E00002910492029A009B1A609DF80F30DBB260
:1075F000184606B0704784B00190019951E8023FE7
:10760000C3EA234341E80232002AF7D103920293EE
:1076100000BF04B0704784B00390029111461A462F
:107620000B46ADF806301346ADF80430029B002B34
:1076300001D10E231FE0BDF80630BDF80420B3FBD6
:10764000F2F102FB01F29B1A9BB2002B01D009233D
:1076500011E0039B029A1A60039B00225A60039B6D
:1076600000229A60039BBDF806209A81039BBDF817
:107670000420DA810023184604B0704700B585B0B5
:1076800001900091009B19460198FFF74FFF0346B8
:10769000002B07D0019B1B68009A128813440393A8
:1076A000039B00E00023184605B05DF804FB00B51D
:1076B00083B001900091009B1A88009B5B889A42DE
:1076C00004D10198FFF75CFF012300E00023184676
:1076D00003B05DF804FB00B585B001900091009BFC
:1076E00019460198FFF75CFF0346002B07D0019B6A
:1076F0001B68009A528813440393039B00E0002305
:10770000184605B05DF804FB00B583B00190009108
:10771000009B1A88009B5B889A4204D10198FFF76E
:107720006AFF012300E00023184603B05DF804FB64
:1077300000B585B001900091009B5B099B00019A08
:107740001A44009B03F01F03012101FA03F31946B9
:10775000104600F036F8039000BF05B05DF804FB5A
:1077600000B585B001900091009B5B099B00019AD8
:107770001A44009B03F01F03012101FA03F3DB43CA
:107780001946104600F035F8039000BF05B05DF8CB
:1077900004FB82B001900091009B5B099B00019A61
:1077A00013441A68009B03F01F0322FA03F303F04B
:1077B0000103002B14BF01230023DBB2184602B0E3
:1077C000704710B487B001900091019B009A53E874
:1077D000004F44EA020043E8000191F0000FF6D1A7
:1077E000059404900391049B184607B05DF8044B80
:1077F000704710B487B001900091019B009A53E844
:10780000004F04EA020043E8000191F0000FF6D1B6
:10781000059404900391049B184607B05DF8044B4F
:107820007047000000B583B00190019B002B03D18D
:107830000649722003F01CF9019B00221A60BFF375
:107840005F8F00BF00BF03B05DF804FB84EC020053
:1078500008B5064B00221A700548FFF7E3FF0549FB
:10786000054800F00BF80023184608BDF82B00204F
:10787000F42B002028ED0200FC2B002000B583B083
:1078800001900091019B002B03D11049502003F07F
:10789000EFF8009B002B03D10C49512003F0E8F8CE
:1078A000019B009A1A60019B1B681A68019B5A6031
:1078B000019B5A68019B1B685B689A4202D1019B3D
:1078C00000225A6000BF03B05DF804FB34ED0200F3
:1078D00000B583B00190019B002B03D114496320B4
:1078E00003F0C6F8019B1B68002B03D110496420EC
:1078F00003F0BEF8019B5B68002B14D0019B5B6812
:107900001A46019B1B689B6813441A46019B5A60E8
:10791000019B5A68019B1B685B689A4204D1019BDA
:1079200000225A6000E000BF03B05DF804FB00BF16
:1079300034ED020000B585B001900091019B002B51
:1079400003D118493A2003F093F8009B002B03D190
:1079500014493B2003F08CF8019B5B6803930FE014
:10796000019B9B68039A126800991046984703464A
:1079700083F00103DBB2002B07D1039B1B68039349
:10798000039B1B68002BEBD100E000BF039B1A6830
:10799000009B1A60039B009A1A6000BF05B05DF857
:1079A00004FB00BFACED020000B585B00190019B67
:1079B000002B03D10C49512003F05AF8019B5B685E
:1079C0001B680393019B5B681B68002B06D0019B1F
:1079D0005B681A68019B5B6812681A60039B184613
:1079E00005B05DF804FB00BFACED020000B583B04C
:1079F0000190019B002B03D105495D2003F038F86D
:107A0000019B5B681B68184603B05DF804FB00BF70
:107A1000ACED020000B585B001900091019B002BF8
:107A200003D11649692003F023F8009B002B03D1F2
:107A300012496A2003F01CF800238DF80F30019BD7
:107A40005B6802930FE0029B1B68009A9A4207D181
:107A5000009B1A68029B1A6001238DF80F3006E024
:107A6000029B1B680293029B1B68002BEBD19DF8C5
:107A70000F30184605B05DF804FB00BFACED020006
:107A8000BFF34F8F00BF074BDB6803F4E06205498B
:107A9000054B1343CB60BFF34F8F00BF00BF00BF48
:107AA000FCE700BF00ED00E00400FA05024B034ACA
:107AB0001A6000BF704700BFE02A00200090D0038A
:107AC00008B500F097F90346002B06D0B74B1B68AA
:107AD0001B0AB74A03F01F03136000F0B7F903460F
:107AE000002B02D0B34BB44A1A6000F0CBF9034626
:107AF000002B06D0B14B1B685B0BB14A03F00703A8
:107B0000136000F0EBF90346002B05D0AD4BDB68AA
:107B1000AC4A23F08073D36000F0FCF90346002BDD
:107B20000ED04FF080430022C3F80C214FF0804369
:107B30000022C3F810214FF080430022C3F83825FB
:107B400000F014FA0346002B02D09F4B03221A6068
:107B500000F028FA0346002B0BD09C4B05221A603C
:107B60009B4B01221A609B4B00221A609A4B3F22CA
:107B70001A6000F033FA0346002B76D04FF08053A2
:107B8000964AD3F80434C2F820354FF08053934A14
:107B9000D3F80834C2F824354FF080538F4AD3F815
:107BA0000C34C2F828354FF080538C4AD3F8103487
:107BB000C2F82C354FF08053884AD3F81434C2F8F9
:107BC00030354FF08053854AD3F81834C2F8343535
:107BD0004FF08053814AD3F81C34C2F840354FF03F
:107BE00080537E4AD3F82034C2F844354FF0805396
:107BF0007A4AD3F82434C2F848354FF08053774A94
:107C0000D3F82834C2F84C354FF08053734AD3F878
:107C10002C34C2F850354FF08053704AD3F83034CA
:107C2000C2F854354FF080536C4AD3F83434C2F85C
:107C300060354FF08053694AD3F83834C2F8643560
:107C40004FF08053654AD3F83C34C2F868354FF0A2
:107C50008053624AD3F84034C2F86C354FF08053F9
:107C60005E4AD3F84434C2F8703500F0D3F90346C5
:107C7000002B05D05A4B1B685A4A03F04F03136080
:107C800000F0F4F90346002B0DD04FF08043D3F8F9
:107C9000003403F00103002B05D04FF080436FF058
:107CA0000102C3F8002400F00DFA0346002B05D0B2
:107CB0004D4B1B684C4A43F4806313604B4BD3F825
:107CC00088304A4A43F47003C2F88830BFF34F8FBC
:107CD00000BFBFF36F8F00BF4FF01023D3F80C32FB
:107CE00003F00103012B25D1414B0122C3F80425E8
:107CF00000BF3F4BD3F80034002BFAD04FF01023D5
:107D0000D3F80C324FF0102223F00103C2F80C32EA
:107D100000BF374BD3F80034002BFAD0344B00228D
:107D2000C3F8042500BF324BD3F80034002BFAD03F
:107D3000FFF7A6FE4FF01023D3F80032002B05DB2F
:107D40004FF01023D3F80432002B2BDA284B0122FA
:107D5000C3F8042500BF264BD3F80034002BFAD01B
:107D60004FF010231522C3F8002200BF204BD3F898
:107D70000034002BFAD04FF010231522C3F8042250
:107D800000BF1B4BD3F80034002BFAD0184B002255
:107D9000C3F8042500BF164BD3F80034002BFAD0EB
:107DA000FFF76EFEFFF782FE00BF08BD2403001040
:107DB0004035014074C007400DF0ADBA44020010D8
:107DC0003C050040F0ED00E0A005004010560040EA
:107DD00088560040185600401456004000C000402D
:107DE00058020010E40E00403C17004000ED00E097
:107DF00000E00140124B1B68DBB2062B1DD1114B7A
:107E00001B6803F00F03002B17D10F4B1B6803F007
:107E1000F003302B01D1012310E00B4B1B6803F062
:107E2000F003402B01D1012308E0074B1B6803F04E
:107E3000F003502B01D1012300E0002318467047C6
:107E4000E00F00F0E40F00F0E80F00F00A4B1B68B1
:107E5000DBB2062B0DD1094B1B6803F00F03002B7F
:107E600007D1074B1B6803F0F003302B01D101232E
:107E700000E0002318467047E00F00F0E40F00F028
:107E8000E80F00F0124B1B68DBB2062B1DD1114B23
:107E90001B6803F00F03002B17D10F4B1B6803F077
:107EA000F003302B01D1012310E00B4B1B6803F0D2
:107EB000F003402B01D1012308E0074B1B6803F0BE
:107EC000F003502B01D1012300E000231846704736
:107ED000E00F00F0E40F00F0E80F00F00A4B1B6821
:107EE000DBB2062B0DD1094B1B6803F00F03002BEF
:107EF00007D1074B1B6803F0F003302B01D101239E
:107F000000E0002318467047E00F00F0E40F00F097
:107F1000E80F00F0124B1B68DBB2062B1DD1114B92
:107F20001B6803F00F03002B17D10F4B1B6803F0E6
:107F3000F003302B01D1012310E00B4B1B6803F041
:107F4000F003402B01D1012308E0074B1B6803F02D
:107F5000F003502B01D1012300E0002318467047A5
:107F6000E00F00F0E40F00F0E80F00F00A4B1B6890
:107F7000DBB2062B0DD1094B1B6803F00F03002B5E
:107F800007D1074B1B6803F0F003302B01D101230D
:107F900000E0002318467047E00F00F0E40F00F007
:107FA000E80F00F00A4B1B68DBB2062B0DD1094B22
:107FB0001B6803F00F03002B07D1074B1B6803F06E
:107FC000F003302B01D1012300E000231846704755
:107FD000E00F00F0E40F00F0E80F00F00A4B1B6820
:107FE000DBB2062B0DD1094B1B6803F00F03002BEE
:107FF00007D1074B1B6803F0F003502B01D101237D
:1080000000E0002318467047E00F00F0E40F00F096
:10801000E80F00F0124B1B68DBB2062B1DD1114B91
:108020001B6803F00F03002B17D10F4B1B6803F0E5
:10803000F003302B01D1012310E00B4B1B6803F040
:10804000F003402B01D1012308E0074B1B6803F02C
:10805000F003502B01D1012300E0002318467047A4
:10806000E00F00F0E40F00F0E80F00F0124B1B6887
:10807000DBB2062B1DD1114B1B6803F00F03002B45
:1080800017D10F4B1B6803F0F003302B01D10123F4
:1080900010E00B4B1B6803F0F003402B01D10123D0
:1080A00008E0074B1B6803F0F003502B01D10123BC
:1080B00000E0002318467047E00F00F0E40F00F0E6
:1080C000E80F00F0064B1B68062B05D1054B1B681B
:1080D000062B01D1012300E000231846704700BFA2
:1080E000300100103401001082B003468DF80730D3
:1080F0009DF8073003F01F0206499DF907305B0920
:10810000012000FA02F2203341F8232000BF02B020
:10811000704700BF00E100E008B504F04FFD0346E2
:1081200083F00103DBB2002B03D10549792002F073
:108130009FFC00F04DFB034B00229A7000BF08BD6E
:1081400010EE0200042C002000B583B00023019340
:10815000144B1B78002B02D0852301931CE0114B9C
:1081600000229A600F4B00225A600E4B00221A61C7
:108170000C4B0022DA600C4800F0D4FA019004F0B5
:108180001DFD034683F00103DBB2002B01D000F09C
:10819000EFFA044B01221A70019B184603B05DF8F8
:1081A00004FB00BF042C00207183020084B0019006
:1081B0000091019B1B68039306E0039A009B9A427F
:1081C0000DD0039B1B680393039B002BF5D1019BF0
:1081D0001A68009B1A60019B009A1A6000E000BFB9
:1081E00004B0704784B00190019B1B680393039B0C
:1081F000002B03D0039B1A68019B1A60039B18464F
:1082000004B0704700B585B00190294B1B78002B56
:1082100003D12849E92002F02BFC254B9B78DBB2E7
:10822000002B19D0019B002B03D0019B5B68012020
:10823000984700238DF80F300DF10F031846FEF715
:1082400071FD1B4BDB680133194AD3609DF80F3079
:108250001846FEF77DFD1EE000238DF80E300DF16F
:108260000E031846FEF75EFD019B002B03D001991B
:108270001148FFF79BFF0E4BDB68002B01D100F08C
:108280008BFA0B4BDB680133094AD3609DF80E3043
:108290001846FEF75DFD064BDB68002B04D105494F
:1082A00040F2051002F0E4FB00BF05B05DF804FBEE
:1082B000042C002010EE0200142C002000B583B026
:1082C000164B1B78002B04D115494FF4857002F032
:1082D000CFFB124BDB68002B04D1114940F20B108D
:1082E00002F0C6FB00238DF807300DF10703184696
:1082F000FEF718FD094BDB68013B084AD360074BCA
:10830000DB68002B01D1FFF707FF9DF80730184607
:10831000FEF71EFD00BF03B05DF804FB042C002037
:1083200010EE020000B585B003468DF807309DF8C9
:108330000730002B02D10C4B039301E00B4B03934E
:108340000398FFF74FFF0290029B002B06D0029B81
:108350005B689DF8072010469847F1E700BF00BF13
:1083600005B05DF804FB00BF0C2C0020142C00208D
:1083700000B583B003468DF807309DF80730002B19
:1083800005D10A4B01225A700020FFF7CBFF9DF860
:108390000730012B05D1054B01229A700120FFF710
:1083A000C1FF00BF03B05DF804FB00BF042C002038
:1083B00000B583B001900091019B002B05D1054BC6
:1083C00001225A700020FFF7ADFF00BF03B05DF837
:1083D00004FB00BF042C002000B585B003460091CB
:1083E0008DF807309DF80730032B29D0032B35DC9F
:1083F000002B02D0012B04D030E00020FFF774FEE8
:108400002DE000238DF80F300DF10F031846FEF715
:1084100089FC154B1B7883F00103DBB2002B01D0E4
:10842000FFF792FE104BDB6801330F4AD3600E4B0F
:1084300001229A709DF80F301846FEF789FC0EE075
:10844000094B1B78002B04D1084940F2452002F06B
:108450000FFB00F08DF9FFF731FF00E000BF00BF18
:1084600005B05DF804FB00BF042C002010EE0200F4
:1084700082B003468DF807309DF8073003F01F02E5
:1084800005499DF907305B09012000FA02F241F825
:10849000232000BF02B0704700E100E082B0034635
:1084A00000918DF807309DF90730002B0CDA009B06
:1084B000DAB20C499DF8073003F00F03043B520178
:1084C000D2B20B441A7609E0009BDAB206499DF954
:1084D00007305201D2B20B4483F8002300BF02B030
:1084E000704700BF00ED00E000E100E082B00190C5
:1084F000019B1B0B5BB2184602B0704700B583B0FE
:1085000003460A468DF8073013468DF806309DF86D
:108510000630012B03D99DF80630032B0BD99DF8AB
:108520000630042B03D99DF80630072B03D90849E0
:108530006B2002F09DFA9DF806209DF90730114648
:108540001846FFF7ABFF00BF03B05DF804FB00BFA8
:1085500070EE020000B583B003468DF807309DF938
:1085600007301846FFF784FF00BF03B05DF804FB37
:1085700082B003468DF807300F4A9DF90730002B73
:1085800000DA1F335B115BB252F823209DF90730EC
:10859000594203F01F0301F01F0158BF4B425BB269
:1085A00022FA03F303F00103002B14BF012300237D
:1085B000DBB2184602B0704700E100E082B00190E3
:1085C0004FF08042019BC2F8043300BF02B07047F5
:1085D00082B001904FF08042019BC2F8083300BF87
:1085E00002B0704782B003468DF807309DF807301F
:1085F00003F1804301221A6000BF02B0704784B0CB
:108600000346ADF80630BDF8063003F18043002282
:108610001A60BDF8063003F180431B680393039B87
:1086200000BF04B0704782B00346ADF80630BDF815
:10863000063003F180431B68002B14BF0123002385
:10864000DBB2184602B0704782B001904FF0804212
:10865000019BC2F8183500BF02B070474FF080434D
:10866000D3F818341B0C03F00103002B14BF0123B3
:108670000023DBB21846704700B583B006238DF89F
:1086800007304FF08040FFF731FF03461846FFF7F1
:108690006FFF034683F00103DBB2002B13D04FF0D2
:1086A0008040FFF723FF03461A469DF8073019461E
:1086B0001046FFF723FF4FF08040FFF717FF0346F8
:1086C0001846FFF747FF00BF03B05DF804FB00004A
:1086D00084B0124BDB680393104A039B43F0807312
:1086E000D3600F4B1B6802930D4A029B43F00103BA
:1086F00013600B4B5B68019300BF094B5A68019BE9
:10870000D31AB3F50A5FF8D3054A029B1360034AF4
:10871000039BD36000BF04B0704700BFF0ED00E0E2
:10872000001000E000B585B00190019B002B03D143
:108730000D49A42002F09CF9002303930B4B1B79F5
:10874000002B02D08523039308E0084A019B1360A5
:10875000064B01221A71054B00225A71039B1846E1
:1087600005B05DF804FB00BFA8EE0200182C002045
:1087700008B5074B1B79002B03D10649BD2002F039
:1087800077F9FFF779FF0120FFF75EFF00BF08BD13
:10879000182C0020A8EE020008B50B4B1B79002B0B
:1087A00003D10A49EA2002F063F94FF48270FFF71F
:1087B00026FF0220FFF702FFFFF78AFF0820FFF7DE
:1087C00011FF00BF08BD00BF182C0020A8EE02005A
:1087D00008B50A4B1B79002B03D10949F72002F099
:1087E00047F90C20FFF7FEFE00BFFFF737FF0346F7
:1087F000002BFAD100BF00BF08BD00BF182C00201D
:10880000A8EE020008B54FF48070FFF70CFF034696
:10881000002B14D04FF48070FFF7F1FE0120FFF71A
:10882000D7FE114B5B7983F00103DBB2002B06D03E
:108830000D4B01225A710C4B1B68002098474FF4D6
:108840008270FFF7F0FE0346002B0AD04FF48270CF
:10885000FFF7D5FE0220FFF7BBFE034B1B6801208C
:10886000984700BF08BD00BF182C002082B0034607
:108870008DF807309DF8073003F01F0205499DF978
:1088800007305B09012000FA02F241F8232000BF03
:1088900002B0704700E100E082B0034600918DF81D
:1088A00007309DF90730002B0CDA009BDAB20C4937
:1088B0009DF8073003F00F03043B5201D2B20B4482
:1088C0001A7609E0009BDAB206499DF90730520199
:1088D000D2B20B4483F8002300BF02B0704700BF40
:1088E00000ED00E000E100E000B583B003460A4679
:1088F0008DF8073013468DF806309DF80630012BB1
:1089000003D99DF80630032B0BD99DF80630042BB4
:1089100003D99DF80630072B03D908496B2002F0D4
:10892000A7F89DF806209DF9073011461846FFF775
:10893000B3FF00BF03B05DF804FB00BF04EF02000B
:1089400000B583B003468DF807309DF9073018460F
:10895000FFF78CFF00BF03B05DF804FB00B583B0E8
:108960000346ADF80630BDF80630184600F026F88C
:1089700003461B68012B0CBF01230023DBB2184602
:1089800003B05DF804FB00B585B00346ADF80630D2
:10899000BDF80630184600F011F803461A460023C9
:1089A0001360BDF80630184600F008F803461B684F
:1089B0000393039B00BF05B05DF804FB82B0034640
:1089C000ADF80630BDF8063003F1804303F5C0432F
:1089D000184602B07047000082B00190034A019B24
:1089E000C2F8043300BF02B0704700BF006000400F
:1089F00082B00190034BD3F80423019B1340184627
:108A000002B070470060004082B00190054A019BAF
:108A100003F5A27352F823301B0A03F01F03184614
:108A200002B070470060004082B00190064A019B8E
:108A300003F5A27352F823301B0C03F00303DBB2DF
:108A4000184602B0704700BF0060004000B583B018
:108A50000190019B1B681F2B04D9054940F2CD10E2
:108A600002F006F84FF0A043184603B05DF804FB8F
:108A70003CEF020000B585B001900B468DF8033045
:108A800001AB1846FFF7E2FF0390019A039B02F542
:108A9000E07253F82230019A23F44031039B02F52F
:108AA000E07243F82210019A039B02F5E07253F83A
:108AB00022309DF8032012041146019A1943039BAA
:108AC00002F5E07243F8221000BF05B05DF804FB28
:108AD00000B585B0019001AB1846FFF7B7FF0390D2
:108AE000019A039B02F5E07253F822301B0C03F04D
:108AF0000303DBB2184605B05DF804FB82B00190B9
:108B0000019BD3F81035184602B0704700B587B006
:108B10000390029101924FF0A0430493039A029BA9
:108B20001344012B04D9124940F2FD2001F0A0FFAB
:108B3000039B059311E0059B9B0006AA134453F881
:108B4000083C1846FFF7DAFF0246019B1A60019BBA
:108B500004330193059B01330593039A029B13444D
:108B6000059A9A42E7D300BF00BF07B05DF804FB47
:108B70003CEF020084B001900091009B0393019BA5
:108B8000DB080293019B03F0070301930122019B81
:108B900002FA03F30399029A0A4412781340184622
:108BA00004B0704784B001900091009B0393019B37
:108BB000DB080293019B03F007030193039A029BD6
:108BC00013441B785AB20121019B01FA03F35BB2F3
:108BD000134359B2039A029B1344CAB21A7000BFDE
:108BE00004B0704782B00190044A019B13443033B3
:108BF000FF221A7000BF02B0704700BF202C002077
:108C000082B00190044A019B1344303393F9003041
:108C1000184602B0704700BF202C002082B001909F
:108C2000034A019B52F82330184602B0704700BF38
:108C3000202C002082B003468DF807309DF80730C5
:108C4000094A4FF0FF3142F823109DF80730072BF7
:108C500007D99DF80730083B034A1344FF2283F8E5
:108C6000502000BF02B07047202C002000B583B018
:108C7000254B93F85830002B03D008230093009B1A
:108C80003EE000238DF8073009E09DF807301846D4
:108C9000FFF7A8FF9DF8073001338DF807309DF8E6
:108CA00007301F2BF1D900238DF8073009E09DF81C
:108CB00007301846FFF7BEFF9DF8073001338DF8E7
:108CC00007309DF807300B2BF1D9042200210F4803
:108CD00004F025FF06210620FFF706FE0620FFF719
:108CE0002FFE4FF4BE70FFF74EFE4FF00040FFF72F
:108CF00073FE054B012283F8582000230093009B4C
:108D0000184603B05DF804FB202C0020742C0020D2
:108D100000B595B000231393002303934FF48073A1
:108D2000ADF84630012310930023129321E0BDF8E3
:108D300046301846FFF712FE0346002B0ED010985F
:108D4000FFF756FE0346002B08D0BDF84630184604
:108D5000FFF719FE139A109B13431393109B5B00AC
:108D60001093BDF846300433ADF84630129B013302
:108D70001293129B072BDAD94FF4BE70FFF7EEFD6A
:108D80000346002B0DD04FF4BE70FFF7FCFD139B84
:108D900043F00043139303AB1A4601210020FFF771
:108DA000B5FE139BDBB2002B29D0012310930023C7
:108DB000129321E0109A139B1340002B16D01298A7
:108DC000FFF722FE0D901298FFF72EFE03468DF856
:108DD00033301298FFF722FF0B900B9B002B05D02E
:108DE0009DF833200B9B11460D989847109B5B0014
:108DF0001093129B01331293129B072BDAD9139B0A
:108E0000002B80F2EE8000238DF83B30002302938C
:108E100000230F930AE00F9B9B0014AA13444FF00A
:108E2000FF3243F84C2C0F9B01330F930F9B002B09
:108E3000F1D000238DF83B300023129378E06B4A89
:108E4000129B1344503393F900308DF82B309DF86A
:108E50002B3023F0C0030993644A129B1344503310
:108E600093F90030B3F1FF3F5FD001AB1946099889
:108E7000FFF780FE0346002B57D09DF82B309B094F
:108E80008DF823300998FFF7BBFE03461846FFF71D
:108E9000C5FE0790079B002B03D19DF82330032BC1
:108EA00043D19DF82330032B04D102AB1946099816
:108EB000FFF778FE0998FFF70BFE03468DF81B308D
:108EC00003AB19460998FFF755FE0590059B002B4B
:108ED00003D09DF81B30022B06D0059B002B24D11C
:108EE0009DF81B30032B20D19DF82330032B13D189
:108EF0009DF81B30022B01D1032300E002238DF8E3
:108F000013309DF8133019460998FFF7B3FD9DF80B
:108F10003B3001338DF83B30079B002B05D09DF88B
:108F20002320079B114609989847129B01331293FF
:108F3000129B032B83D99DF83B30002B4CD001238F
:108F40008DF83A306B461A4601210020FFF7DEFD0E
:108F500000230F9314E00F9B9B0014AA134453F8B3
:108F6000502C0F9B9B0014A90B4453F8443C9A428D
:108F700003D000238DF83A3005E00F9B01330F93A7
:108F80000F9B002BE7D09DF83A30002B03D0002335
:108F90008DF83B3020E000230F931AE00F9B9B00DD
:108FA00014AA134453F8502C0F9B9B0014A90B4494
:108FB00043F8442C0F9B9B0014AA134453F8482CED
:108FC0000F9B9B0014A90B4443F84C2C0F9B0133BF
:108FD0000F930F9B002BE1D09DF83B30002B7FF4CB
:108FE00028AF00BF15B05DF804FB00BF202C0020A7
:108FF00008B5064B1B68002B03D10549512001F031
:1090000037FD024B1B68984700BF08BD7C2C002031
:10901000D0EF020082B00190019B044A934201D13B
:10902000034B00E00023184602B0704700200040C8
:109030007C2C002000B587B001900091019B002B93
:1090400003D11C49772001F013FD0198FFF7E2FFDF
:109050000490049B002B25D000238DF817300023AB
:109060008DF80B300DF10B031846FDF75BFE049BEA
:109070001B79002B03D001238DF8173005E0049BEA
:10908000009A1A60049B01221A719DF80B30184651
:10909000FDF75EFE9DF81730002B03D011230393DC
:1090A000039B02E000230393039B184607B05DF87F
:1090B00004FB00BFD0EF020000B585B00190019B1A
:1090C000002B03D10A499B2001F0D2FC0198FFF745
:1090D000A1FF0390039B002B05D0039B00221A6085
:1090E000039B00221A7100BF05B05DF804FB00BFAE
:1090F000D0EF020082B00190019B03F06043B3F116
:10910000005F0CBF01230023DBB2184602B070479A
:1091100082B001900B468DF803309DF80330019A20
:10912000134401221A6000BF02B0704784B001905E
:109130000B46ADF80230BDF80230019A134400220C
:109140001A60BDF80230019A13441B680393039B15
:1091500000BF04B0704782B001900B46ADF80230FA
:10916000BDF80230019A13441B68002B14BF012381
:109170000023DBB2184602B0704782B00190009124
:10918000019B009AC3F8042300BF02B0704782B06D
:1091900001900091019B009AC3F8082300BF02B020
:1091A000704784B0039002910192029A039BC3F826
:1091B0004425039B019AC3F8482500BF04B07047BB
:1091C00084B0039002910192029A039BC3F8342564
:1091D000039B019AC3F8382500BF04B0704782B0E2
:1091E0000190019B0122C3F8502500BF02B07047D7
:1091F00082B00190019B0022C3F8502500BF02B04D
:10920000704782B00190019B0122C3F8402500BF46
:1092100002B0704782B00190019B0022C3F8402544
:1092200000BF02B07047000000B583B00190019B01
:109230001B681F2B04D9054940F2CD1001F018FC22
:109240004FF0A043184603B05DF804FB68F002003D
:1092500000B585B0019001AB1846FFF7E5FF03901C
:10926000019B012202FA03F31946039800F018F853
:1092700000BF05B05DF804FB00B585B0019001ABFF
:109280001846FFF7D1FF0390019B012202FA03F376
:109290001946039800F00EF800BF05B05DF804FB16
:1092A00082B001900091019B009AC3F8082500BF8D
:1092B00002B0704782B001900091019B009AC3F800
:1092C0000C2500BF02B0704700B583B00190019B30
:1092D000DB7FFF2B0ED0019B9B7F002B05D0019BDA
:1092E000DB7F1846FFF7C8FF04E0019BDB7F1846D1
:1092F000FFF7AEFF019B00225A77019B00221A72F2
:10930000019B1B68019A02F10800019A52681146FC
:10931000984700BF03B05DF804FB00B583B001902F
:109320000B468DF803309DF8033083F00103DBB268
:10933000002B04D040210198FFF729FF03E04021D2
:109340000198FFF71AFF00BF03B05DF804FB00B5FA
:1093500083B001900091009B03F00103002B03D028
:109360000198FFF73CFF02E00198FFF741FF009BE7
:1093700003F00203002B03D00198FFF742FF02E045
:109380000198FFF747FF00BF03B05DF804FB00B58D
:1093900087B00390029101920093019B1B68002B00
:1093A0000AD0019B1B681846FFF7A4FE034683F012
:1093B0000103DBB2002B0ED1019B9B68002B11D067
:1093C000019B9B681846FFF795FE034683F0010357
:1093D000DBB2002B06D0029B00225A7710230593A4
:1093E000059B54E0019B1968019B5B681A46039832
:1093F000FFF7D7FE019B9968019BDB681A4603982B
:10940000FFF7DEFE4FF48C710398FFF78FFE009993
:109410000398FFF79CFF009B03F00803002B03D188
:1094200010210398FFF774FE029B1B68002B1FD1CD
:1094300000BF4FF48C710398FFF78DFE034683F055
:109440000103DBB2002BF4D1029BDB7FFF2B1BD08F
:10945000029B9B7F002B05D0029BDB7F1846FFF70A
:109460000BFF11E0029BDB7F1846FFF7F1FE0BE0DC
:10947000009B03F00403002B0CBF01230023DBB28D
:1094800019460398FFF749FF00230593059B1846EB
:1094900007B05DF804FB000010B586B003900291A0
:1094A0000192039B1B791A461346DB0013449B0071
:1094B000394A13440593059B1B7F002B04D1374980
:1094C00040F2322001F0D4FA029B1B68002B08D135
:1094D000029B5B68002B04D0304940F2332001F03E
:1094E000C7FA029B9B68002B08D1029BDB68002B0C
:1094F00004D02A494FF40D7001F0BAFA039B1B798E
:10950000002B07D1029BDB68FF2B03D8029B5B6813
:10951000FF2B04D9214940F2352001F0A9FA00239C
:109520000493059B5B7FDBB2002B03D011230493D4
:10953000049B2EE0059B1B68002B07D0019B03F0CA
:109540001403002B02D1059B01225A77059B029A36
:1095500003F10C0413460FCB84E80F00059BDB7F5F
:10956000FF2B0ED0059B9B7F002B05D0059BDB7F3F
:109570001846FFF76DFE04E0059BDB7F1846FFF7FA
:109580007BFE039B1868019B029A0599FFF7FFFE7B
:109590000346184606B010BD842C0020A0F002003F
:1095A00000B583B0019000914FF48C710198FFF7E2
:1095B000D2FD0346002B10D04FF48C710198FFF7B9
:1095C000B5FD009B1B68002B04D106494FF42770A2
:1095D00001F04EFA0098FFF777FE00BF03B05DF888
:1095E00004FB00BFA0F0020008B503490348FFF7E1
:1095F000D7FF00BF08BD00BF842C00200030004012
:1096000082B003468DF807309DF8073003F01F0243
:1096100005499DF907305B09012000FA02F241F883
:10962000232000BF02B0704700E100E082B0034693
:109630008DF807309DF8073003F01F0206499DF9A9
:1096400007305B09012000FA02F2203341F82320A1
:1096500000BF02B0704700BF00E100E082B00346E7
:1096600000918DF807309DF90730002B0CDA009B34
:10967000DAB20C499DF8073003F00F03043B5201A6
:10968000D2B20B441A7609E0009BDAB206499DF982
:1096900007305201D2B20B4483F8002300BF02B05E
:1096A000704700BF00ED00E000E100E082B00190F3
:1096B000019B03F06043B3F1005F0CBF0123002363
:1096C000DBB2184602B0704782B00190019B1B0BC1
:1096D0005BB2184602B0704700B583B003460A4635
:1096E0008DF8073013468DF806309DF80630012BB3
:1096F00003D99DF80630032B0BD99DF80630042BB7
:1097000003D99DF80630072B03D908496B2001F0D7
:10971000AFF99DF806209DF9073011461846FFF76E
:109720009DFF00BF03B05DF804FB00BFFCF002002A
:1097300000B583B003468DF807309DF90730184611
:10974000FFF75EFF00BF03B05DF804FB00B583B018
:1097500003468DF807309DF907301846FFF766FF7E
:1097600000BF03B05DF804FB82B001900B468DF89A
:1097700003309DF80330019A134401221A6000BFA0
:1097800002B0704784B001900B46ADF80230BDF8CE
:109790000230019A134400221A60BDF80230019A87
:1097A00013441B680393039B00BF04B0704782B04F
:1097B00001900B46ADF80230BDF80230019A134417
:1097C0001B68002B14BF01230023DBB2184602B034
:1097D000704782B001900091019BD3F80022009B5A
:1097E000DB431A40019BC3F8002200BF02B0704760
:1097F00082B001900091019B009AC3F8042300BF3E
:1098000002B0704782B001900091019B009AC3F8AA
:10981000082300BF02B0704782B00190019B06226E
:10982000C3F8002500BF02B0704782B00190019BD1
:109830000022C3F8002500BF02B0704784B0039037
:1098400002910192039B029AC3F80825039B019A97
:10985000C3F80C2500BF04B0704782B0019000919E
:10986000019B009AC3F8242500BF02B0704784B062
:109870000190019BD3F8C4340393019B039AC3F86E
:10988000C424039B184604B0704782B001900B4675
:109890008DF803309DF80320019BC3F8882500BF95
:1098A00002B0704784B0039002910192029A039B28
:1098B000C3F84425039B019AC3F8482500BF04B0B0
:1098C000704784B0039002910192029A039BC3F8FF
:1098D0003425039B019AC3F8382500BF04B07047B4
:1098E00082B001900091019B009AC3F8002200BF52
:1098F00002B0704782B00190019BD3F84C351846F6
:1099000002B0704782B00190019BD3F83C351846F5
:1099100002B0704782B00190019B0122C3F850252C
:1099200000BF02B0704782B00190019B0022C3F8D3
:10993000502500BF02B0704782B00190019B012208
:10994000C3F8402500BF02B0704782B00190019B70
:109950000022C3F8402500BF02B0704700B583B0B5
:109960000190019B1B681F2B04D9054940F2CD10C3
:1099700001F07EF84FF0A043184603B05DF804FBF9
:1099800034F1020000B585B00190084611461A4630
:1099900003468DF803300B468DF8023013468DF8E0
:1099A000013001AB1846FFF7D9FF03909DF8032063
:1099B0009DF802305B001A439DF801309B001A436A
:1099C0009DF818301B0242EA03019DF81C301B046D
:1099D000019A1943039B02F5E07243F8221000BF7D
:1099E00005B05DF804FB00B585B00390002301933A
:1099F000002300930023012200210398FFF7C2FFF8
:109A000000BF05B05DF804FB84B00190032303930D
:109A1000019B03F00103002B02D04FF40243039398
:109A2000019B03F00203002B02D048F201230393B1
:109A3000019B03F00403002B02D048F2022303939E
:109A4000039B184604B0704700B585B001900091A3
:109A500001238DF80F30009B1B7B032B55D801A2EF
:109A600052F823F0DB9A0200F39A0200B39A020044
:109A7000759A0200009B9B68324A934207D1019875
:109A8000FFF738FF0246009B1B699A420DD1009BED
:109A90009B6840F20222934239D10198FFF72AFFD6
:109AA0000246009B5B699A4231D000238DF80F304B
:109AB0002DE00198FFF71EFF0246009B1B699A42AA
:109AC00007D10198FFF71EFF0246009B5B699A428F
:109AD0001FD000238DF80F301BE00198FFF70AFF1D
:109AE0000246009B1B699A4215D000238DF80F3067
:109AF00011E00198FFF706FF0246009B1B699A429E
:109B00000BD000238DF80F3007E000BF06E000BF48
:109B100004E000BF02E000BF00E000BF9DF80F308E
:109B200083F00103DBB2002B05D00198FFF77DFE27
:109B30000198FFF771FE9DF80F30184605B05DF8EB
:109B400004FB00BF0002040000B58BB00590049137
:109B500003920293049B002B03D14A49E22000F0B8
:109B600087FF049B1A68049B5B689A4203D14549AE
:109B7000E32000F07DFF059B1B791A46342303FB8D
:109B800002F3414A13440993099B93F82D30002BAB
:109B900003D008230793079B70E0059B1A68059B79
:109BA0001B791946394B53F8213019461046FFF7F7
:109BB00041FA0346002B03D011230793079B5DE076
:109BC000099B039A1A60099B029A5A60099B00221A
:109BD0009A60099B002283F83020099B002283F8B9
:109BE0002F20049B5A7B099B83F83220049B186822
:109BF0000023019306230093032300220021FFF793
:109C0000C1FE049B5868002301930623009303239D
:109C100000220021FFF7B6FE059B1B680893049BFA
:109C20001968049B5B681A460898FFF707FE049BB7
:109C30009B6819460898FFF710FE099B1B68002BCC
:109C400015D0059B1B681846FFF73EFD03461A46D4
:109C5000049B1B7B19461046FFF73EFD059B1B68C6
:109C60001846FFF731FD03461846FFF761FD099BD3
:109C7000012283F82D2000230793079B18460BB081
:109C80005DF804FB6CF10200A82C0020C8F1020072
:109C900000B585B00190019B1B791A46342303FB64
:109CA00002F3204A13440393039B93F82D30002BB7
:109CB00004D11D4940F2311000F0DAFE039B1B680D
:109CC000002B08D0019B1B681846FFF7FDFC0346DC
:109CD0001846FFF73BFD019800F050F8019B1B6808
:109CE0001846FFF7E9F9039B93F8323083F001033C
:109CF000DBB2002B0DD0019B1B68D3F8083518464A
:109D0000FFF771FE019B1B68D3F80C351846FFF76F
:109D10006AFE039B002283F82D2000BF05B05DF88A
:109D200004FB00BFA82C00206CF1020000B585B038
:109D30000190019B1B791A46342303FB02F30D4A61
:109D400013440393039B93F82D30012B04D00A494D
:109D50004FF4A57000F08CFE019B1B681846FFF7BE
:109D60005BFD039B022283F82D2000BF05B05DF848
:109D700004FB00BFA82C00206CF1020000B585B0E8
:109D80000190019B1B791A46342303FB02F3134A0B
:109D900013440393039B93F82D30002B04D11049F7
:109DA00040F2551000F064FE019B1B680293039B78
:109DB00000229A600B490298FFF724FD4FF4BC5132
:109DC0000298FFF706FD0298FFF72FFD039B012283
:109DD00083F82D2000BF05B05DF804FBA82C0020FF
:109DE0006CF1020002029C0100B583B00190009169
:109DF000009B03F00103002B03D00198FFF78AFDBD
:109E000002E00198FFF78FFD009B03F00203002B97
:109E100003D00198FFF790FD02E00198FFF795FD50
:109E200000BF03B05DF804FB30B589B00390029128
:109E3000019200930023079308238DF81B304FF401
:109E40008273ADF81830039B002283F82E20019B0B
:109E5000DB681846FFF72AFC034683F00103DBB2F8
:109E6000002B03D010230793079BAFE1A049029872
:109E7000FFF7C8FC039B93F82F30DBB2002B09D00F
:109E8000039B9B6819460298FFF7B2FC11230793C6
:109E9000079B9BE1009B03F00403002B06D1009B72
:109EA00003F01003002B01D1012300E0002303F095
:109EB0000103DAB2039B83F82F20039B019A03F17D
:109EC0000C0415460FCD0FC42B682360009B1B09A3
:109ED00003F00103002B14BF01230023DAB2039B1C
:109EE00083F83020019B5B7819460298FFF7CDFC80
:109EF0004FF482710298FFF745FC4FF4927102987B
:109F0000FFF740FC00990298FFF76EFF019B1B785A
:109F1000032B00F2F38001A252F823F063A00200A9
:109F2000BDA0020009A002002D9F0200009B03F0CB
:109F30001003002B04D06F4940F2AB1000F098FDE5
:109F4000009B03F00803002B04D06A494FF4D6703D
:109F500000F08EFD009B03F00403002B04D0654944
:109F600040F2AD1000F084FD019B1B691846FFF71D
:109F70009DFB034683F00103DBB2002B03D01023CB
:109F80000793079B22E14FF480710298FFF7A8FC2A
:109F9000019BD968019B5B681A460298FFF782FC17
:109FA0004FF4A8710298FFF7EDFB4FF4B0710298DF
:109FB000FFF7E8FB4FF4A4710298FFF7E3FB2021C1
:109FC0000298FFF7D1FB08210298FFF7CDFB00BFF5
:109FD0004FF4A8710298FFF7EAFB034683F00103F0
:109FE000DBB2002BF4D14FF4A8710298FFF7CAFB43
:109FF000019B1969019B9B681A460298FFF752FC66
:10A00000039B3D4A9A607CE0019BD968019B5B6899
:10A010001A460298FFF746FC019B1B691846FFF79A
:10A0200045FB034683F00103DBB2002B03D0102372
:10A030000793079BCAE0019B1969019B9B681A461D
:10A040000298FFF73EFC4FF484510298FFF748FC5A
:10A05000039B40F202229A6020210298FFF784FBC2
:10A060004FE0019BD968019B5B681A460298FFF795
:10A0700019FC009B03F02003002B11D04FF48071DA
:10A080000298FFF72DFC039B1B4A9A604FF4A471C2
:10A090000298FFF777FB4FF4A473ADF8183008E08F
:10A0A0004FF400710298FFF71BFC039B40F2022261
:10A0B0009A6020210298FFF757FB22E0019BD968A4
:10A0C000019B5B681A460298FFF7FBFB4FF4805137
:10A0D0000298FFF705FC039B40F202229A600023DE
:10A0E0008DF81B3020210298FFF73EFB09E000BFEE
:10A0F00002029C016CF10200000204000723079396
:10A1000000BF009B03F00803002B09D1019B1B78C3
:10A11000032B05D09DF81B3019460298FFF724FB4E
:10A12000039B1B68002B28D0009B03F00403002B2B
:10A1300003D0039B4FF400729A60039B9B681946FF
:10A140000298FFF755FB40E04FF492710298FFF739
:10A150002EFB0346002B10D04FF492710298FFF7AC
:10A1600011FB20210298FFF7FFFA14210298FFF754
:10A17000FBFA4FF48273ADF81830BDF81830194669
:10A180000298FFF714FB034683F00103DBB2002BB8
:10A19000DAD10298FFF76BFB0590039B002283F84E
:10A1A0002F20059B002B04D00598FFF72DFC07906E
:10A1B0000BE003990298FFF747FC034683F0010385
:10A1C000DBB2002B01D003230793079B184609B08D
:10A1D00030BD00BF00B587B0039002910192039B90
:10A1E0001B79002B07D1029B5B68FF2B03D8029BD6
:10A1F0009B68FF2B04D91B4940F22F2000F038FC4C
:10A2000000230593039B1B791A46342303FB02F3B7
:10A21000154A13440493049B1B68002B08D1029B2E
:10A220001B78022B04D10F4940F2372000F020FCAC
:10A23000049B1B68002B08D1029B1B78032B04D1C5
:10A2400008494FF40E7000F013FC039B1968019B42
:10A25000029A0498FFF7E8FD0590059B184607B0A1
:10A260005DF804FB6CF10200A82C002000B58BB057
:10A270000390019200930B468DF80B3000238DF86C
:10A2800014309DF80B308DF81530009B0693002399
:10A290000793019B0893002309939DF83030002B0E
:10A2A00001D0202200E0002205AB19460398FFF7F9
:10A2B00091FF034618460BB05DF804FB00B58BB068
:10A2C0000390019200930B468DF80B3001238DF81B
:10A2D00014309DF80B308DF81530009B0693002349
:10A2E0000793019B08930023099305AB00221946AD
:10A2F0000398FFF76FFF034618460BB05DF804FBA9
:10A3000030B58BB001900091009B1B68002B04D1ED
:10A31000864940F2862000F0ABFB4FF49271019821
:10A32000FFF745FA0346002B2BD04FF492710198AA
:10A33000FFF728FA4FF482710198FFF738FA0346C5
:10A3400083F00103DBB2002B1BD0009B9B681946F6
:10A350000198FFF757FA009B02229A60009B9B68C6
:10A3600019460198FFF744FA20210198FFF7FCF9FC
:10A3700014210198FFF7F8F9009B012283F82E20A1
:10A38000D1E04FF482710198FFF711FA0346002BD8
:10A390004AD04FF482710198FFF7F4F9009B04ACA6
:10A3A00003F10C050FCD0FC42B682360009B93F8BD
:10A3B0002E3083F00103DBB2002B12D000990198FC
:10A3C000FFF742FB0346002B14BF01230023DBB23F
:10A3D00083F00103DBB203F00103DAB2009B83F8E0
:10A3E0002E204FF4B0710198FFF7CCF94FF4AE7105
:10A3F0000198FFF7C7F9009B93F8303083F0010311
:10A40000DBB2002B04D1009B93F82E30002B4CD0F4
:10A4100000210198FFF764FA009B00229A604449EA
:10A420000198FFF7EFF940E04FF4A4710198FFF7AE
:10A43000A9F9009B1B7B002B1BD1009B04AC03F1F3
:10A440000C050FCD0FC42B682360009B93F83030B0
:10A4500083F00103DBB2002B27D000210198FFF726
:10A460003FFA009B00229A6031490198FFF7CAF930
:10A470001BE04FF400710198FFF732FA009B40F2A5
:10A4800002229A602A490198FFF7BCF9009B9B6859
:10A4900019460198FFF7ACF908210198FFF764F914
:10A4A00020210198FFF760F93DE00198FFF7DFF9FF
:10A4B0000990099B03F00203002B03D001238DF8C0
:10A4C0000C301DE0099B03F00403002B03D0022392
:10A4D0008DF80C3014E0099B03F00103002B03D02E
:10A4E00002238DF80C300BE0009B93F82E30002BEC
:10A4F00003D004238DF80C3002E000238DF80C30DB
:10A50000009B93F8303083F00103DBB2002B03D0C3
:10A51000009B002283F82F20009B1B68009A516843
:10A5200003AA104698470BB030BD00BF6CF1020083
:10A5300002029C0108B503494FF04020FFF7E0FEFE
:10A5400000BF08BDA82C002000B585B00190019B7C
:10A55000002B0CD0084B43F001030393019B9B019C
:10A560000293054B43F001030298984700E000BFB7
:10A5700005B05DF804FB00BFD0F1020076DF704744
:10A5800000BF18468ADF704700BF18468BDF704750
:10A5900000BF18468FDF704700BF184600B583B074
:10A5A0000190019B002B0FD04FF47A70FFF7CCFF86
:10A5B000019B013B0193019B002B14BF012300234E
:10A5C000DBB2002B01D0EFE700BF03B05DF804FB66
:10A5D000014B1B6818467047A02E002082B00190E6
:10A5E000034B1B680133024A136000BF02B070477F
:10A5F000A02E002000B585B003468DF807309DF8E9
:10A600000730032B1AD801A252F823F025A6020026
:10A610001DA602002DA6020035A60200114800F07A
:10A620003FFE0BE0104800F03BFE07E00F4800F053
:10A6300037FE03E00E4800F033FE00BFFCF7DAFA05
:10A640000390039B0293029B002B05D0094A40F222
:10A6500025210298FBF70EFF0123184605B05DF88F
:10A6600004FB00BF10F2020030F2020050F20200C0
:10A670007CF202009CF2020070B58CB005900023C1
:10A680000893059B0333784A1360059B9B69774ABF
:10A690001360059B9A8B764B1A80764B1B7883F060
:10A6A0000103DBB2002B00F0F980704B1B6805330F
:10A6B0001A78714B1B789A4240F09C816B4B1B6857
:10A6C00006331A786C4B5B789A4240F09381674B63
:10A6D0001B6807331A78694B1B789A4240F08A81CD
:10A6E000624B1B6808331A78644B5B789A4240F0DF
:10A6F00081815F4B1A88624B1B889A4240F07A81B5
:10A700004FF0FF330893089BB3F1FF3F40F0958073
:10A710005C4B00221A70544B1B681B781C46524B32
:10A720001B6801331B781D464F4B1B6802331B7897
:10A730001E464D4B1B6803331B781A464A4B1B6859
:10A7400004331B781946484B1B6805331B781846A1
:10A75000059B93F9133003930290019100923346C5
:10A760002A462146484800F09BFD05230B930B9B8E
:10A77000002B15DB3C4B1A680B9B1344434A1278A1
:10A7800010461978424A342303FB00F31A440B9B0A
:10A79000134448330A461A700B9B013B0B93E6E7C0
:10A7A0003A4B1B78184600F00FFB304B1B680933FF
:10A7B0001A78364B1B78184651B2354A342303FBBE
:10A7C00000F3134457330A461A70304B1B7819466E
:10A7D0002F4A342303FB01F31344573393F900301A
:10A7E00019462C4800F05CFD204B1B680A331A7890
:10A7F000264B1B78194607EE902AF8EE677A244A12
:10A80000342303FB01F313446433C3ED007A1F4B7D
:10A810001B7819461E4A342303FB01F313446433A7
:10A820001B68184602F032FF02460B461A4800F039
:10A8300037FD164B00221A70DCE0089800F0C4FACD
:10A84000124B1B780A930A9B002B00F3D380104A0B
:10A850000A9B342101FB03F31344683300221A805E
:10A860000A9B01330A93EEE78434002088340020E9
:10A870008C34002002300020E42A0020E82A002046
:10A88000302B0020EA2A0020D0F202000030002005
:10A8900090340020FCF2020008F30200584B1B68C1
:10A8A00007331A78574B1B789A4240F0A380544BD9
:10A8B0001B6808331A78534B5B789A4240F09A80B1
:10A8C000514B1B680021184600F0C2FA0346B3F151
:10A8D000FF3F0CBF01230023DBB2002B00F08A8076
:10A8E000494B1B681B781C46474B1B6801331B7880
:10A8F0001D46454B1B6802331B781E46424B1B68A6
:10A9000003331B781A46404B1B6804331B781946E7
:10A910003D4B1B6805331B781846059B93F9133094
:10A92000039302900191009233462A46214637480C
:10A9300000F0B6FC05230993099B002B15DB324B75
:10A940001A68099B1344324A127810461978314A22
:10A95000342303FB00F31A44099B134448330A468B
:10A960001A70099B013B0993E6E7294B1B781846AF
:10A97000059B93F91310274A342303FB00F3134478
:10A9800057330A461A70224B1B781946214A342342
:10A9900003FB01F31344573393F9003019461E4863
:10A9A00000F07EFC164B1B680A331A78184B1B7894
:10A9B000194607EE902AF8EE677A164A342303FB0D
:10A9C00001F313446433C3ED007A114B1B7819462D
:10A9D000104A342303FB01F3134464331B68184605
:10A9E00002F054FE02460B460C4800F059FC084B9E
:10A9F00000221A7000F0B4F800BF0CB070BD00BFA8
:10AA000088340020E82A002084340020D0F202009C
:10AA10000030002090340020FCF2020008F3020015
:10AA200000B585B001900091019B04330393019B15
:10AA30001B881D2B04D1039B04331846FFF71CFE13
:10AA400000BF05B05DF804FB08B5064A01210648C1
:10AA5000FCF74AF8002210210448FCF779F800BFFF
:10AA600008BD00BFDDA5020068F80200802E0020AE
:10AA700000B583B003460091ADF80630064800F0FB
:10AA80000FFCBDF80630009A19460448FBF7F2FCAB
:10AA900000BF03B05DF804FB3CF30200EFBEADDE87
:10AAA00000B585B001900091019B1B88562B42D0C8
:10AAB000562B47DC3B2B37D03B2B43DC212B25D0BF
:10AAC000212B3FDC102B02D0112B0ED03AE0019B42
:10AAD0009A881F4B1A801E4B1B8819461D4801F08F
:10AAE00047FE1D4B01221A702DE0194B4FF6FF72E5
:10AAF0001A80174B1B883B211846FFF73FFD164B6A
:10AB000000221A70154B01221A601CE000238DF8F8
:10AB10000D3000238DF80C30019B9B8803AA114651
:10AB20001846FFF737FD0EE0019B9B88132118465E
:10AB3000FFF724FD07E0019B9B8813211846FFF7D0
:10AB40001DFD00E000BF00BF05B05DF804FB00BFC5
:10AB5000102B00201C300020013000208036002007
:10AB600008B5FFF713FD03490348FFF70BFD00BFCE
:10AB700008BD00BF282B0020182B002008B5FDF7CA
:10AB8000E3FA0020FDF73EFBFCF762FE00BF08BDC4
:10AB900030B587B04FF08053D3F8A8301B0ADBB232
:10ABA00063F03F03DBB28DF810304FF08053D3F8E1
:10ABB000A830DBB28DF811304FF08053D3F8A430B9
:10ABC0001B0EDBB28DF812304FF08053D3F8A43057
:10ABD0001B0CDBB28DF813304FF08053D3F8A43048
:10ABE0001B0ADBB28DF814304FF08053D3F8A43039
:10ABF000DBB28DF815309DF810301C469DF81130F1
:10AC00001D469DF812309DF813209DF814109DF8F4
:10AC1000150003900291019200932B4622460549AC
:10AC2000054802F01FFF0449044800F039FB00BF4B
:10AC300007B030BD30F602007036002054F6020036
:10AC400010B584B04FF08053D3F80431029302ABB7
:10AC500003934FF08053D3F80011039B03331B7809
:10AC60001846039B02331B781C46039B01331B7859
:10AC70001A46039B1B7801930092234602460C4818
:10AC800000F00EFB4FF08053D3F808311946094805
:10AC900000F006FB4FF080531B6E4FF08052526E57
:10ACA0001946054800F0FCFA00BF04B010BD00BF13
:10ACB00074F6020090F60200A0F6020000B58BB018
:10ACC000FDF7D4FF0790079B0693069B002B05D04A
:10ACD000314A40F277710698FBF7CCFBFFF74EFF45
:10ACE000FFF756FFFFF7ACFF00F002F9FFF7ACFEED
:10ACF0000023089301AB00221A605A609A60DA6060
:10AD00001A61264802F0A2FA4821254802F00AF901
:10AD100000230993099B042B2DDC00230893204872
:10AD200002F00EFA1E4802F02FFA0346002B04D15F
:10AD3000089B042B01DC012300E00023002B06D03C
:10AD40006E20FFF72BFC089B01330893EAE71448B9
:10AD500002F0ACF953EC102B1046194602F0B0FC8F
:10AD60000246099B9B000AA90B44243B1A60099BDD
:10AD700001330993CEE70A4802F0BEF9019B184659
:10AD800002F084FC02460B46064800F089FA0348AC
:10AD900002F098FAFEE700BF9CF20200E02C0020CF
:10ADA000DC2C0020DCF7020082B00190054BB3F8E8
:10ADB000E0301A46019B42FA03F303F00103184600
:10ADC00002B070479034002000B583B00190019824
:10ADD000FFF7EAFF0346002B0CBF01230023DBB281
:10ADE000002B22D0174BB3F8E0301AB20121019B9F
:10ADF00001FA03F31BB213431BB29AB2114BA3F82F
:10AE0000E020FFF7E5FB02460F4B1B68D31A0F4A01
:10AE1000A2FB03239B0998B20A4A019B342101FB40
:10AE200003F31344743302461A80064A019B34210B
:10AE300001FB03F31344683300221A8000BF03B000
:10AE40005DF804FB9034002084360020D34D62105E
:10AE500000B585B00190009100230393039B002B64
:10AE600020DC039B342202FB03F1009A13461B01F2
:10AE70009B1ADB000B4440330D4A1344083306226F
:10AE80001946019800F016F80346002B14BF012361
:10AE90000023DBB2002B01D0039B05E0039B0133B1
:10AEA0000393DBE74FF0FF33184605B05DF804FB72
:10AEB0009034002086B00390029101920023059304
:10AEC000059A019B9A420FDA059B039A13441A785C
:10AED000059B02990B441B789A4201D0002304E0A1
:10AEE000059B01330593EBE70123184606B0704735
:10AEF00008B5FBF7BBFD00BF08BD000000B585B07D
:10AF000003900291039B012B32D1029B4FF6FF72FB
:10AF100093422DD1184801F0FFFF4FF0CC730093FE
:10AF2000022307220821154802F072F9134802F0A3
:10AF3000E3F903461946124802F01AFA114801F0E3
:10AF400055FF114801F02AFF104B1B686433104A6B
:10AF500013600F4B1B689AB20E4B5A800B4B1B6849
:10AF60009AB20C4B9A800C4B1B689AB2094BDA8050
:10AF700000BF05B05DF804FBDC2C0020E02C0020B5
:10AF8000F82C00204C2D0020A82E0020142B00208F
:10AF90005C340020182B00206034002008B54FF6E8
:10AFA000FF710120FFF7AAFF08BD000000B583B0C4
:10AFB0001F4B0193019B02221A61019B02225A61DD
:10AFC000019B1C4A9A61019B1B4ADA61019B4FF469
:10AFD00000721A62019B00229A62019B00225A624F
:10AFE000019B0022DA62019B124A9A64019B134A78
:10AFF000DA64019B10221A65019B00229A65019B6D
:10B0000000225A65019B0022DA65019B07330C4937
:10B01000184602F0B7FD019B0A49184602F0B2FD3E
:10B02000019B20229A7100BF03B05DF804FB00BFB2
:10B03000883600206CF8020000370020003900201C
:10B0400078F802007CF8020000B589B00390029104
:10B05000019200230693039BDB680593039B1B6906
:10B060000493049A059B9A4205D9049A059BD31A26
:10B07000013B079307E0039B9A680499059BCB1A51
:10B080001344013B0793039B9A68059BD31A079AC5
:10B09000934228BF13460793079A019B934228BF08
:10B0A00013460793039B5A68059B1344079A02991A
:10B0B000184602F00BFD069A079B13440693029A6A
:10B0C000079B13440293019A079BD31A0193059A95
:10B0D000079B13440593039B9B68059A9A4201D1F1
:10B0E00000230593039B059ADA60019B002BB5D1E1
:10B0F000069B184609B05DF804FB00B589B00390C3
:10B1000002910192039BDB680793039B9A68079B5C
:10B11000D31A0693069A019B9A420ED9039B5A684A
:10B12000079B1344019A0299184602F0CFFC079A34
:10B13000019B1A44039BDA601AE0069B0593039B6C
:10B140005A68079B1344059A0299184602F0BEFC00
:10B15000019A069BD31A0593039B5868029A069B93
:10B160001344059A194602F0B1FC039B059ADA6074
:10B1700000BF09B05DF804FB86B00190019B1B691C
:10B180000493019BDB680393049A039B9A4208D8BB
:10B19000019B9A68039BD21A049B1344013B0593BD
:10B1A00004E0049A039BD31A013B0593059B1846C0
:10B1B00006B0704700B589B0039002910192029BDE
:10B1C0000693039B5A1C13465B001344DB00204A82
:10B1D00013440593059B5B69022B29D0022B2ED8C3
:10B1E000002B02D0012B13D029E00598FFF7C4FFF4
:10B1F0000490049A019B9A4202D20023079321E013
:10B20000019B0793019A06990598FFF776FF19E0CD
:10B210000598FFF7B1FF0490019A049B934228BF61
:10B2200013460793079A06990598FFF766FF09E00A
:10B23000019A06990598FFF707FF079002E000239F
:10B24000079300BF079B184609B05DF804FB00BFD9
:10B250008836002000B587B00390029101920F4B11
:10B260001B78002B01D1FFF7A1FE00238DF81330CE
:10B270000DF113031846FBF755FD019A0299039847
:10B28000FFF798FF05909DF813301846FBF760FD17
:10B29000059B184607B05DF804FB00BF8836002008
:10B2A0000FB400B5A3B025AB009301A8009B249A6E
:10B2B000802102F0FDFB2190219B802B06DD01AB5C
:10B2C000802219460020FFF7C5FF08E0219B002BD4
:10B2D00005DD219A01AB19460020FFF7BBFF219B3A
:10B2E000184623B05DF804EB04B0704786B00390B5
:10B2F00001921A460B46ADF80A3013468DF8093014
:10B30000039B002B02D0019B002B01D100234DE0B9
:10B310000023ADF816300CE0BDF81630039A134444
:10B320001B789AB2BDF8163013449BB20133ADF8C6
:10B330001630019B1B88BDF816209A4209D3BDF830
:10B3400016300133039A13441B789DF809209A4262
:10B3500005D0BDF81620BDF80A309A42DCD3BDF8FE
:10B360001620BDF80A309A4201D300231EE0BDF832
:10B3700016300233ADF81430BDF81630039A13447A
:10B380001B789BB2013BADF81230BDF81420BDF81C
:10B3900012301A44BDF80A309A4201DD002305E05C
:10B3A000019BBDF814201A80BDF81230184606B073
:10B3B000704700B585B001900B46ADF802301346DA
:10B3C0008DF801300023ADF80C309DF8013003AA50
:10B3D000BDF802100198FFF789FF0346ADF80E3063
:10B3E000BDF80E30002B01D1002304E0BDF80C3075
:10B3F0001A46019B1344184605B05DF804FB72DF42
:10B40000704700BF184673DF704700BF184682B010
:10B410000190019B93F83034184602B0704784B015
:10B420000190002303930AE0019A039B13441B78C5
:10B43000002B01D0012306E0039B01330393039B00
:10B44000052BF1D90023184604B0704782B003469B
:10B450008DF807309DF807305A1C074B83FB021309
:10B460005910D317C91A0B469B000B44D11ACBB203
:10B47000184602B0704700BF6766666682B00190EA
:10B480000091009BDB7B012B04D1009B9A88019BE0
:10B49000A3F8242400BF02B0704700B585B0019026
:10B4A0000091019B002283F82E24009B9A88019B27
:10B4B000B3F824349A4216D1019B1B7983F001031F
:10B4C000DBB2002B0FD00121019800F0AFF90390FF
:10B4D000039B002B07D0019B9B6B002B03D0019B90
:10B4E0009B6B0398984700BF05B05DF804FB00B55F
:10B4F00085B001900091009B1B88262B1ED1009BDC
:10B500001B7A012B03D0009B1B7A022B17D1019BC6
:10B510009B781846FFF79AFF03461946019800F0FA
:10B5200085F90390039B002B09D0019B9B6B002B9B
:10B5300005D0019B9B6B0398984700E000BF05B0C6
:10B540005DF804FB00B585B001900B468DF8033023
:10B55000019B03F227431846FFF761FF03468DF86E
:10B560000F309DF80330013B032B33D801A252F872
:10B5700023F000BF85B50200A9B50200BDB50200E9
:10B58000C9B50200019B9B79002B0DD0019B93F85C
:10B59000243083F00103DBB2002B05D09DF80F307F
:10B5A000002B01D0012316E0019BDB79002B05D095
:10B5B0009DF80F30002B01D002230CE0019B1B7A79
:10B5C000002B01D0032306E0019B5B7A002B01D006
:10B5D000042300E00023184605B05DF804FB00BF1B
:10B5E00082B001900091019B012283F83120019BE0
:10B5F0000022C3F82024019B03F22642009B5A60DC
:10B60000009B00229A60009B02221A70009B8022FD
:10B610009A810023184602B0704782B001900091D1
:10B62000019B022283F83120019B93F82430002BE8
:10B6300003D0009B07221A7002E0009B03221A70BD
:10B64000019B1B699AB2009B9A81019B0022C3F85F
:10B650002024019B03F22642009B5A60019BDA687A
:10B66000009B9A600023184602B0704700B583B073
:10B670000190019B5B79002B0FD0019B93F82E3436
:10B6800083F00103DBB2002B07D00198FFF7BFFE68
:10B690000346002B01D0012300E0002303F0010347
:10B6A000DBB2184603B05DF804FB00B585B001902D
:10B6B0000B468DF80330019BD3F81004019BB3F8BF
:10B6C000143401221946FFF774FE0390039B002BEC
:10B6D00003D0039B9DF803201A70019B03F15400D3
:10B6E000019B03F58261019B3C331A46FFF787FEFD
:10B6F0000346184605B05DF804FB00B585B001901F
:10B700000091019B5A69009B9A60019B9B699AB2C8
:10B71000009B9A81019B93F82430002B04D0019B5D
:10B72000062283F83C2003E0019B012283F83C20A1
:10B730000198FFF79BFF0346002B13D0009B0222CA
:10B740001A7504210198FFF7B0FF0390039B029341
:10B75000029B002B01D0029B0FE0019B052283F886
:10B76000312003E0019B032283F83120019B03F584
:10B770008262019BC3F820240023184605B05DF8BF
:10B7800004FB00B585B001900091019BDA69009B34
:10B790009A60019B1B6A9AB2009B9A81019B93F865
:10B7A0002430002B04D0019B062283F83C2003E0C8
:10B7B000019B012283F83C200198FFF757FF0346C5
:10B7C000002B13D0009B02221A7504210198FFF769
:10B7D0006CFF0390039B0293029B002B01D0029B02
:10B7E0000FE0019B062283F8312003E0019B042235
:10B7F00083F83120019B03F58262019BC3F820246A
:10B800000023184605B05DF804FB82B00190019B4F
:10B810001B68012B03D0019B1B68022B01D1012364
:10B8200000E00023184602B07047000000B585B064
:10B8300001900B468DF80330019B1B7883F00103C8
:10B84000DBB2002B01D0082309E1019B9DF8032006
:10B850009A70019B03F2264307220021184602F04A
:10B860005EF9019B9B79002B03D0019B9B78012BF8
:10B870000FD0019BDB79002B03D0019B9B78012B20
:10B8800007D0019BDB79002B14D0019B9B78022B06
:10B8900010D1019B5B6B002B08D0019B012283F828
:10B8A0002D24019B5B6B0820984703E0019B00223D
:10B8B00083F82D249DF8033019460198FFF742FEC6
:10B8C00003461A46019B9A70019B5B6B002B20D0AC
:10B8D000019B9B78032B03D0019B9B78042B18D1F1
:10B8E000019B5B79002B14D0019B93F82E3483F0DD
:10B8F0000103DBB2002B0CD0019B002283F8302423
:10B90000019B012283F82F24019B5B6B0720984742
:10B9100003E0019B002283F82F24019B3C33182273
:10B920000021184602F0FBF8019B012283F83C201D
:10B93000019B2C331846FFF768FF0346002B06D007
:10B94000019BDB6ADAB2019B83F8512003E0019B83
:10B95000012283F85120019B93F82430002B12D050
:10B96000019B28331846FFF750FF0346002B06D0F3
:10B97000019B9B6ADAB2019B83F8522003E0019B92
:10B98000012283F85220019B002283F85020019B62
:10B990009B78042B31D801A252F823F0F1B90200B0
:10B9A000B1B90200C1B90200D1B90200E1B9020087
:10B9B000019B3C3319460198FFF712FE03901DE0EE
:10B9C000019B3C3319460198FFF727FE039015E0D1
:10B9D000019B3C3319460198FFF78FFE03900DE061
:10B9E000019B3C3319460198FFF7CBFE039005E01D
:10B9F000019B002283F8312000E000BF019B9B786F
:10BA0000002B20D0019B03F15400019BD3F820149C
:10BA1000019B3C331A46FFF7F2FC0390039B002B7B
:10BA200001D0039B1BE0019B93F85420019B93F8EA
:10BA3000303019461046FFF7E6FC0390039B002BBD
:10BA400001D0039B0BE0019B5B6B002B06D0019B9D
:10BA50005B6B019A92F831201046984700231846F4
:10BA600005B05DF804FB00BF00B585B00190009102
:10BA7000009B0393019B1B88262B10D0262B13DCE5
:10BA8000102B02D0112B05D00EE001990398FFF77F
:10BA9000F5FC0AE001990398FFF7FFFC05E0019926
:10BAA0000398FFF724FD00E000BF00BF05B05DF87C
:10BAB00004FB000084B00346ADF806300023039376
:10BAC00016E00F49039A13469B0013449B000B4456
:10BAD0001B88BDF806209A4207D1039A13469B00A3
:10BAE00013449B00064A134406E0039B013303936F
:10BAF000039B002BE5D00023184604B0704700BF1D
:10BB00001039002082B001900B46ADF80230019B45
:10BB1000BDF802201A80019B00221A72019B054980
:10BB200003F10A020B4603CB1060516000BF02B064
:10BB3000704700BF4039002082B00190019B4FF652
:10BB4000FF721A8000BF02B0704788B00390029164
:10BB500011461A460B46ADF806301346ADF80430D0
:10BB6000039B9B881A46BDF8063013440793039B3A
:10BB70009B881946039B9B88BDF80620934228BFEB
:10BB800013469BB2CB1A0693039BDB881A46BDF87B
:10BB9000043013440593039BDB881946039BDB8821
:10BBA000BDF80420934228BF13469BB2CB1A0493DE
:10BBB000029B5A88039B1B889A4205D3029B5A8892
:10BBC000039B5B889A4201D900231CE0029B9B885F
:10BBD0001A46069B934205D8029B9B881A46079BF0
:10BBE000934201D200230EE0029BDB881A46049B9D
:10BBF000934205D8029BDB881A46059B934201D2EB
:10BC0000002300E00123184608B0704700B583B058
:10BC10000190064B9B69002B03D0044B9B69019854
:10BC2000984700BF03B05DF804FB00BF2439002033
:10BC300000B587B003460091ADF80630009B5B7AF3
:10BC4000002B1AD1009B1B7A002B03D1164B5B688B
:10BC5000059302E0144B9B680593009B5B68BDF85D
:10BC6000062005991846FAF773FF0490049B002BF1
:10BC700016D00498FFF7CAFF12E0009B00221A7248
:10BC8000094B5B69002B0BD001238DF80C30BDF8FC
:10BC90000630ADF80E30044B5B6903AA1046984796
:10BCA00000BF07B05DF804FB2439002000B585B063
:10BCB0000190019BDB7B8DF80F30019B9B88ADF8D9
:10BCC0000C309DF80F30012B2CD14FF6FF70FFF791
:10BCD000F1FE0290029B002B03D10420FFF796FF98
:10BCE00021E0BDF80C3019460298FFF70BFF029BCC
:10BCF00003F10A00019B03F110014FF6FF7340F2BC
:10BD0000F312FFF722FF03461A46029B5A72074BB3
:10BD1000DB89002B07D1BDF80C3002991846FFF7DC
:10BD200087FF00E000BF05B05DF804FB2439002068
:10BD300000B587B00190019B9B88ADF81630BDF827
:10BD400016301846FFF7B6FE0490049B002B0ED069
:10BD5000049B5B681846FAF731FF0390039B002BA6
:10BD600002D00398FFF752FF0498FFF7E5FE00BFEB
:10BD700007B05DF804FB000000B587B00190019B9F
:10BD800006330593059B1A88194BDB899A422BD100
:10BD9000059B5B89022B27D1019B9B88ADF8123054
:10BDA000BDF812301846FFF785FE0390039B002B69
:10BDB0001AD0059B0C33184600F070FA0346002B8E
:10BDC00006D0BDF8123003991846FFF731FF0BE09B
:10BDD000039B5B681846FAF7F1FE0290029B002B6A
:10BDE00002D00298FFF712FF00BF07B05DF804FB16
:10BDF0002439002000B585B00190019B9B88ADF8E7
:10BE00000E30BDF80E301846FFF754FE0290029B2C
:10BE1000002B15D0029B03F10A00019B03F10801DE
:10BE20004FF6FF7340F2F312FFF78FFE03461A46F8
:10BE3000029B5A72BDF80E3002991846FFF7F8FEC1
:10BE400000BF05B05DF804FB00B583B00190009120
:10BE5000019B1B88502B12D0502B18DC122B12D0B8
:10BE6000122B14DC102B02D0112B04D00FE0019800
:10BE7000FFF71CFF0CE00198FFF75AFF08E001985C
:10BE8000FFF77AFF04E00198FFF7B4FF00E000BF7E
:10BE900000BF03B05DF804FB30B58FB00190009196
:10BEA00000230293009B002B1AD000230D9314E073
:10BEB0006B460D991846FBF76CFC0346002B09D026
:10BEC000029B5A1C02920D9A92B25B000EA90B447F
:10BED00023F82C2C0D9B01330D930D9B132BE7D9CD
:10BEE000019B1D4602AC0FCC0FC50FCC0FC594E8CB
:10BEF000070085E8070001980FB030BD00B583B09A
:10BF00000346ADF80630BDF80630132B01D90023E7
:10BF10000CE0BDF8063019460648FBF709FCBDF8F1
:10BF2000063019460448FBF703FC0123184603B00A
:10BF30005DF804FB503900204C39002000B585B075
:10BF40000346ADF80630002303930DE0039B9B00EE
:10BF5000094A13440433BDF8062011461846FBF77E
:10BF6000FFFB039B01330393039B1D2BEED900BF03
:10BF700000BF05B05DF804FB4839002000B583B070
:10BF80000346ADF80630BDF8063019460348FBF706
:10BF9000E7FB00BF03B05DF804FB00BF5039002091
:10BFA00030B59BB0184B9B68DB431893164B5A680F
:10BFB00018AB11461846FBF71CFC189A6B46114645
:10BFC0001846FFF769FF0DAC6D460FCD0FC40FCDBE
:10BFD0000FC495E8070084E80700002319930BE0DD
:10BFE000199B5B001AAA134433F8303C1846FFF73C
:10BFF000A5FF199B013319930D9B199A9A42EFD310
:10C0000000BF00BF1BB030BD4839002000B583B071
:10C0100001900B46ADF8023013468DF801309DF8C3
:10C020000130002B06D0BDF8023019460198FBF70D
:10C030007FFB05E0BDF8023019460198FBF790FB45
:10C0400000BF03B05DF804FB00B585B0019000911E
:10C05000019B9B88ADF80E30019B1B88103B0A2B7F
:10C0600000F2888001A252F823F000BF99C00200BC
:10C07000D5C0020075C1020075C1020075C1020081
:10C0800075C1020075C1020075C1020075C10200D0
:10C090003FC10200E1C00200FFF782FFBDF80E3091
:10C0A0001846FFF72BFF034683F00103DBB2002B9A
:10C0B00005D0324AF0210420FAF7DCF957E0019B61
:10C0C000DB7B012B53D0BDF80E3019462C48FBF713
:10C0D0002FFB4CE0BDF80E301846FFF74FFF49E04C
:10C0E000019B1B7AC3F30313DBB28DF80D309DF86F
:10C0F0000D30032B8CBF01230023DAB2BDF80E30C4
:10C1000019462048FFF782FF9DF80D30022B8CBFA7
:10C1100001230023DAB2BDF80E3019461A48FFF7A2
:10C1200075FF9DF80D30012B8CBF01230023DAB27F
:10C13000BDF80E3019461548FFF768FF1AE0019B5D
:10C140001B7A002B15D1019B5B7AC3F3C003DBB2D2
:10C15000002B14BF012300238DF80C309DF80C2018
:10C16000BDF80E3019460748FFF750FF01E000BF49
:10C1700000E000BF00BF05B05DF804FB84F80200DA
:10C1800054390020603900205C39002058390020E3
:10C1900000B583B00346ADF80630BDF80630132B6A
:10C1A00001D9002306E0BDF8063019460348FBF725
:10C1B000F0FA0346184603B05DF804FB4C39002042
:10C1C00000B583B00346ADF80630BDF8063018461A
:10C1D000FFF7DEFF0346002B02D0BDF8063000E07B
:10C1E0001423184603B05DF804FB00B587B0039034
:10C1F0000B460192ADF80A30019B002B01D10E23B2
:10C2000038E0019B00221A60039B002B01D10E2312
:10C2100030E0039B1B68002B01D10E232AE0039B17
:10C22000DB8803F003039BB2002B01D0072321E03E
:10C23000BDF80A301846FFF7C3FF03468DF81730E4
:10C240009DF81730142B01D1052313E0039B1B79B4
:10C250009DF817209A4201D304230BE0039B1B682F
:10C260009DF817200399C98801FB02F21A44019B2B
:10C270001A600023184607B05DF804FB82B00190F5
:10C28000019B1B781AB2019B01331B781B021BB266
:10C2900013431BB29BB2184602B0704700B585B07D
:10C2A00001900198FFF7EAFF0346ADF80E30BDF8A4
:10C2B0000E3003F00103002B14BF01230023DBB277
:10C2C000184605B05DF804FB90DF704700BF1846C4
:10C2D000A5DF704700BF1846B5DF704700BF18469E
:10C2E00082B00190019BF7221A80019B17225A808D
:10C2F000019B00221A71019B00225A71019BFB22B3
:10C300009A71019B1B22DA7100BF02B0704700B521
:10C3100089B003460A46ADF806301346ADF804303E
:10C32000BDF80430ADF81430BDF80430ADF8163067
:10C330000023ADF818300023ADF81A3003AB00220B
:10C340001A609A8003AA05A9BDF806301846FFF7BF
:10C35000BBFF0790079B002B02D0BDF80C30002BD1
:10C36000079B184609B05DF804FB00B587B0019043
:10C370000091009B9B88ADF81630BDF81630DB00AD
:10C38000019A134406330493019B1A79049B9A7112
:10C39000009BDB7B012B02D0022B05D009E0019B27
:10C3A0001A88049B1A8004E0019B5A88049B1A8017
:10C3B00000BF049B1A88049B5B889A4215D9049B92
:10C3C0001A88BDF8163011461846FFF781FF039012
:10C3D000039B002B03D1049B01225A7105E0039BB0
:10C3E000112B02D1049B01221A71049B9A79049BA0
:10C3F000DB799A4208D9049B9B799AB2BDF8163032
:10C4000011461846FFF783FF00BF07B05DF804FB35
:10C4100000B583B001900091009B9B88DB00019ADE
:10C42000134406331846FFF75BFF00BF03B05DF807
:10C4300004FB00B587B001900091009B9B88ADF88C
:10C440001630009B5B89ADF81430BDF81630DB0068
:10C45000019A134406330493049B1B88BDF81420EF
:10C46000934228BF13469AB2049B5A80049B5B8870
:10C47000172B38BF17239AB2049B5A80019B1B6964
:10C48000002B15D0049B5B79002B11D040F677234D
:10C49000ADF80830BDF81630ADF80A30049B5B8863
:10C4A000ADF80C30019B1B6902AA11460198984710
:10C4B000049B00225A71049B00221A7100BF07B02E
:10C4C0005DF804FB00B589B001900091009B9B884A
:10C4D000ADF81E30009BDB88ADF81C30BDF81E3077
:10C4E000DB00019A134406330693BDF81C30172B6A
:10C4F00038BF1723ADF81C30069B1B88BDF81C20E5
:10C50000934228BF13469AB2069B5A80069B00228C
:10C510001A71069B1A88BDF81E3011461846FFF79F
:10C52000DBFE0590069B5B79002B16D1019B1B69F6
:10C53000002B13D040F67723ADF80C30BDF81E3039
:10C54000ADF80E30069B5B88ADF81030019B1B697F
:10C5500003AA11460198984700E000BF09B05DF8B2
:10C5600004FB30B591B001900091009B04AC1D1DFF
:10C570000FCD0FC40FCD0FC495E8070084E8070066
:10C58000BDF81030ADF83E30BDF81420BDF83E3097
:10C59000D1B2019ADB0013440A465A73019B1B690E
:10C5A000002B19D002AB00221A609A804DF67A2334
:10C5B000ADF80830BDF83E30ADF80A30BDF83E3079
:10C5C000019ADB0013445B7B8DF80C30019B1B69E7
:10C5D00002AA11460198984700BF11B030BD00B5BE
:10C5E00087B001900091009B04330593059B1B8845
:10C5F000DB00019A134406330493059B9B888DF856
:10C600000F30049B9B799DF80F20934228BF13465F
:10C610008DF80E30059B1B889DF80E2092B21146B6
:10C620001846FFF774FE00BF07B05DF804FB00007A
:10C6300000B587B001900091009B0593019B9B88FA
:10C64000ADF81230BDF81230002B40F08480019B11
:10C650001B88552B48D0552B55DC242B32DC102B56
:10C6600051DB103B142B4ED801A252F823F000BF2F
:10C67000CBC60200D5C6020007C7020007C70200EA
:10C6800007C7020007C7020007C7020007C702006A
:10C6900007C7020007C7020007C7020007C702005A
:10C6A00007C7020007C7020007C7020007C702004A
:10C6B00007C7020007C7020007C70200FDC6020045
:10C6C000F3C602003A2B0AD01DE001990598FFF746
:10C6D0004CFE19E001990598FFF79AFE14E00199C4
:10C6E0000598FFF7A6FE0FE001990598FFF7EAFE0F
:10C6F0000AE001990598FFF734FF05E001990598D4
:10C70000FFF76DFF00E000BFBDF81230059ADB00B7
:10C7100013449B7A002B1FD0BDF81230059ADB0022
:10C720001344DA88BDF8123011461846FFF7D0FDE1
:10C730000390039B002B0FD1BDF81230059ADB004C
:10C74000134400229A72BDF81230059ADB0013449C
:10C750000122DA7200E000BF07B05DF804FB00BF01
:10C76000B0DF704700BF184666DF704700BF18464D
:10C7700082B001900B46ADF80230019B002B01D135
:10C780000E230AE0019B1B78DE2B01D0082304E076
:10C79000019BBDF802205A800023184602B0704762
:10C7A00000B585B00190019B1B7A002B18D0019B2E
:10C7B0005B8800211846FFF7D7FF0390039B002BEF
:10C7C00003D1019B00221A720AE0039B112B03D1B3
:10C7D000019B01221A7203E0019B5B680398984752
:10C7E00000BF05B05DF804FB00B583B00190009177
:10C7F000009B1B79012B0BD1009B1A88019B5B8846
:10C800009A4205D1019B01221A720198FFF7C8FFD5
:10C8100000BF03B05DF804FB82B00190009100BF3F
:10C8200002B0704700B589B001900091009B1A8852
:10C83000019B5B889A4236D1009B02330793079B8A
:10C840001B78022B31D1079B1B7A042B07D0079B47
:10C850001B7A062B03D0079B1B7A052B27D102AB33
:10C8600000221A605A609A60DA6002238DF808305C
:10C870004FF4C073ADF80C30079B1B7A052B02D127
:10C880000023ADF80C30009B1B8802AA1146184605
:10C89000FFF766FF0690069B002B09D0019B5B68A3
:10C8A0000698984704E000BF02E000BF00E000BF28
:10C8B00009B05DF804FB00B585B001900091009BC4
:10C8C000002B40D0019B002B3FD0009B0393039B88
:10C8D0001B78DE2B3BD1019B9A88039B5B889A4295
:10C8E00002D10398FFF75CFF019B1B88512B18D0E6
:10C8F000512B2EDC112B1BD0112B2ADC012B02D04B
:10C90000022B07D025E0019B043319460398FFF75B
:10C910006BFF21E0019B043319460398FFF77CFF6E
:10C920001AE0019B043319460398FFF77BFF13E0DD
:10C93000019B9A88039B5B889A420CD1039B4FF61C
:10C94000FF725A8007E000BF06E000BF04E000BFAE
:10C9500002E000BF00E000BF05B05DF804FBADDF02
:10C96000704700BF184600B58FB0019000910023BA
:10C970000393019B5869009B9B8803AA1946FFF704
:10C9800034FC0D9005AB08220021184601F0C7F8D1
:10C9900004AB06930223ADF814300023ADF8163033
:10C9A000009B9888019B1B8905AA1946FFF7D7FFB2
:10C9B0000D900D9B002B26D1019B9B69002B22D053
:10C9C000069B1846FFF76AFC0346002B1BD0039B0F
:10C9D000002B02D0039B01221A7007AB1822002102
:10C9E000184601F09CF802238DF81C30019B089337
:10C9F000009B9B88ADF82430039B0A93019B9B69A5
:10CA000007AA1046984700BF0FB05DF804FB00B5B9
:10CA10008DB001900091009B06330B93019B5869E8
:10CA2000009B9B8803AA1946FFF7DFFB0A9004AB23
:10CA300018220021184601F072F8019B0593009B13
:10CA40009B88ADF81830039B07930B9B1A88019BBA
:10CA50001B899A4225D10B9B5B89022B21D1039B19
:10CA6000002B38D00B9B0C331846FFF717FC0346FE
:10CA7000002B06D0039B01221A7002238DF8103080
:10CA800005E0039B00221A7003238DF81030019BF0
:10CA90009B69002B1FD0019B9B6904AA10469847F5
:10CAA00019E00B9B1A88019B9B899A4214D1019B28
:10CAB0009B69002B10D000238DF810300B9B0C339A
:10CAC00008930B9B5B89ADF82430019B9B6904AAFA
:10CAD0001046984700E000BF00BF0DB05DF804FBB2
:10CAE00000B58BB001900091019B5869009B9B8819
:10CAF00002AA1946FFF779FB0990099B002B1AD16E
:10CB0000029B1B78002B17D003AB1822002118467C
:10CB100001F005F801238DF80C30019B0493009B74
:10CB20009B88ADF81430029B0693019B9B6903AA76
:10CB30001046984700E000BF0BB05DF804FB00B55D
:10CB400085B001900091009B002B1ED0019B002B13
:10CB50001BD0009B0393019B1B88572B10D0572B96
:10CB600015DC102B02D0502B05D010E00199039852
:10CB7000FFF7F9FE0CE001990398FFF748FF07E083
:10CB800001990398FFF7ACFF02E000BF00E000BF8F
:10CB900005B05DF804FB000000B583B00190019B77
:10CBA000002B03D10449C420FDF762FF019B5B68A1
:10CBB000184603B05DF804FBE0F80200014B1B7857
:10CBC00018467047C439002000B585B06B4611493E
:10CBD0001846FAF753FE10E06B461846FFF7DCFFE5
:10CBE0000390039B1B680293039B5A68029B1046A9
:10CBF00098476B461846FAF76BFE6B461846FFF7E8
:10CC0000CBFF0346002BE7D100BF00BF05B05DF8A6
:10CC100004FB00BF9CF9020008B5FFF7D5FF00BF79
:10CC200008BD61DF704700BF1846000000B583B043
:10CC30000190019B002B03D10449C420FDF718FF8C
:10CC4000019B5B68184603B05DF804FBA8F902007D
:10CC500000B5ADF5077D01AB1860244B1B7883F060
:10CC60000103DBB2002B3BD14FF4FA73ADF806326F
:10CC70000DF2062202AB11461846FFF7D2FF85904F
:10CC8000859B002B03D0859B052B22D129E002AB8D
:10CC900084937FAB16491846FAF7F0FD11E07FAB9D
:10CCA0001846FFF7C3FF8390839B1B688293839B87
:10CCB0005A68829B1146849898477FAB1846FAF7CA
:10CCC00007FE7FAB1846FFF7B1FF0346002BE6D106
:10CCD000CAE7084A40F239118598F9F7CBFB00E022
:10CCE00000BF0DF5077D5DF804FB00BFC5390020CE
:10CCF00064FA020004FA020000B583B00190019BBF
:10CD0000002B03D10449C420FDF7B2FE019B5B68F0
:10CD1000184603B05DF804FB70FA02004BDF704761
:10CD200000BF184600B589B0019004AB1846FFF764
:10CD3000F5FF0790079B002B03D0079B052B20D105
:10CD400024E002AB13491846FAF798FD11E002AB54
:10CD50001846FFF7D1FF0690069B1B680593049ABF
:10CD6000069B5968059B1046984702AB1846FAF790
:10CD7000AFFD02AB1846FFF7BFFF0346002BE6D11D
:10CD8000D3E7054A6B210798F9F774FB00BF09B098
:10CD90005DF804FB2CFB0200CCFA020082B001908B
:10CDA000019B184602B0704700B58FB00390029106
:10CDB000009313468DF8073000230D93029B0993CF
:10CDC0009DF807300A93009B0B939DF840300C931D
:10CDD000039B043309A900221846FCF75DFB0D9064
:10CDE0000D9B18460FB05DF804FB000082B0019067
:10CDF000034A019B1A60019B184602B0704700BFAE
:10CE000040FB020082B00190FB23184602B070473D
:10CE100000B583B00190019B93F82030DBB2012B69
:10CE200014BF01230023DBB2002B08D00022012114
:10CE3000019800F039F8019B012283F8202001239A
:10CE4000184603B05DF804FB00B583B00190019B68
:10CE500093F82030DBB2052B14BF01230023DBB293
:10CE6000002B0DD007220121019800F01DF880222F
:10CE70004021019800F018F8019B052283F820203A
:10CE8000019B93F82030DBB2052B0CBF012300235C
:10CE9000DBB2002B00D0F3E7019B9B7EDBB2184690
:10CEA00003B05DF804FB000000B589B003900B46A9
:10CEB0008DF80B3013468DF80A309DF80B3063F077
:10CEC0007F03DBB28DF818309DF80A308DF81930E9
:10CED000104B00221A70039B186905AB06A90222A9
:10CEE00000920222FFF760FF0790079B002B01D002
:10CEF000079B0BE0074B1B78DBB2002B0CBF012319
:10CF00000023DBB2002B00D0F4E7079B184609B0E2
:10CF10005DF804FBA42E002082B00190019B18460E
:10CF200002B0704700B585B001900B468DF8033014
:10CF3000019B9DF803201A700B4800F02CFA0F217A
:10CF4000019800F013F80346ADF80E30BDF80E302E
:10CF500040F21712934201D0002300E0012318464B
:10CF600005B05DF804FB00BFF82C002000B587B0C9
:10CF700001900B468DF80330019B1B7819462C4815
:10CF800000F09AFA9DF803301946294800F031FB69
:10CF9000274800F01BFB03460493049B002B05D19C
:10CFA0002448FEF77DF9022000F05EFB019B1B7810
:10CFB000022219461E4800F069FA03460493049BB6
:10CFC000002B05D11B48FEF76BF9022000F04CFB4B
:10CFD0000023ADF80C300023ADF81630144800F0F3
:10CFE00001FB0346022BD4BF01230023DBB2002B3D
:10CFF00017D00F4800F021FB0346DBB28DF80C3050
:10D000000B4800F01AFB0346DBB28DF80D309DF89B
:10D010000C301B021AB29DF80D301BB21343ADF851
:10D020001630BDF81630184607B05DF804FB00BF97
:10D03000F82C00204CFB020000B585B001900B4697
:10D040008DF803301346ADF80030019B1B7819466C
:10D05000144800F031FA9DF803301946114800F0E9
:10D06000C8FABDF800301B12DBB219460D4800F0BB
:10D07000C0FABDF80030DBB219460A4800F0B9FA30
:10D08000084800F0A3FA03460393039B002B05D145
:10D090000548FEF705F9022000F0E6FA00BF05B0EA
:10D0A0005DF804FBF82C00204CFB020000B585B0B5
:10D0B000019000210198FFF759FF0346ADF80E30AB
:10D0C000BDF90E3007EE903AF8EEE77A9FED097A57
:10D0D00067EE877ACDED027A029800F0D7FA024621
:10D0E0000B4643EC172BB0EE470AF0EE670A05B08B
:10D0F0005DF804FB0000003C00B585B00190002302
:10D10000ADF80E3001210198FFF730FF0346ADF86E
:10D110000E30BDF80E3023F40063ADF80E30BDF8CC
:10D120000E3043F48063ADF80E30BDF80E301A4671
:10D1300001210198FFF780FF00BF05B05DF804FBF7
:10D1400000B585B001900023ADF80E3001210198A3
:10D15000FFF70CFF0346ADF80E30BDF80E3043F478
:10D160008063ADF80E30BDF80E3043F40063ADF8C7
:10D170000E30BDF80E301A4601210198FFF75CFF12
:10D1800000BF05B05DF804FB00B585B0019001213A
:10D190000198FFF7EBFE0346ADF80E30BDF80E30F8
:10D1A00003F40053002B01D0012300E000231846B4
:10D1B00005B05DF804FB000000B583B0019000915C
:10D1C000019B1B78022B0CD0022B12DC002B0FD002
:10D1D000012B0ED10A48FEF763F80A4B01221A70A0
:10D1E00007E00948FEF75CF8064B01221A7000E0E0
:10D1F00000BF064B01221A7000BF03B05DF804FBAC
:10D2000068FB0200C73900208CFB0200C6390020F1
:10D2100084B00390029101928DF80330039B029A2F
:10D220001A60039B019A5A60039B9DF803201A72AF
:10D23000039B049ADA60039B4FF040221A61039B20
:10D2400000221A75039B184604B0704700B589B0D8
:10D250000190194B1B78002B29D1019B5B6803932C
:10D26000019B1B680493019B1B7A8DF818300023E7
:10D270008DF81930019BDB680593019B03F11000C9
:10D2800003A900230D4AFCF75FFC0790079B002BC6
:10D2900004D00B4A29210798F9F7ECF8019B1033C9
:10D2A0001846FCF743FD044B01221A7000E000BF52
:10D2B00009B05DF804FB00BFC8390020B9D10200F5
:10D2C000B0FB020000B583B001900A4B1B7883F0DD
:10D2D0000103DBB2002B08D1019B10331846FCF789
:10D2E000D7FC044B00221A7000E000BF03B05DF8C9
:10D2F00004FB00BFC839002082B00190019B1033AD
:10D30000184602B07047000000B585B00190019B3F
:10D31000002B0CD0084B43F001030393019B9B01AE
:10D320000293054B43F001030298984700E000BFC9
:10D3300005B05DF804FB00BF30FC020000B583B00F
:10D340000190019B002B0FD04FF47A70FFF7DCFFA8
:10D35000019B013B0193019B002B14BF0123002380
:10D36000DBB2002B01D0EFE700BF03B05DF804FB98
:10D3700082B001900091019B009A1A60019B0022EB
:10D380005A72019B0022DA72019B00229A71019B62
:10D39000184602B0704782B00190019B01221A71B9
:10D3A00000BF02B07047000000B585B0019008468C
:10D3B00011461A4603468DF803300B468DF80230AD
:10D3C00013468DF80130019B00229A72019B0022C6
:10D3D0005A7247F2305303939DF80230002B01D16B
:10D3E000002346E0254B00221A70254B00221A70BC
:10D3F000019B1868019B03F10C029DF802309DF817
:10D400000310FCF75BFF0290029B002B2BD11B4B00
:10D410001B78DBB2002B04D1039B002B01DD012321
:10D4200000E00023002B06D00120FFF787FF039BBD
:10D43000013B0393EBE7114B1B78DBB2012B06D1C9
:10D440000F4B1B78DBB2002B01D1012300E000233E
:10D45000002B04D0019B9DF802209A7207E0094836
:10D46000FDF71EFF03E002990748FDF719FF019B36
:10D470009B7A184605B05DF804FB00BFC639002052
:10D48000C739002038FC020060FC020000B583B000
:10D4900001900B468DF8033013468DF802309DF84D
:10D4A00002209DF8031001230198FFF77DFF03463A
:10D4B000184603B05DF804FB00B583B001900B463D
:10D4C0008DF80330019B9DF803201A72019B002206
:10D4D000DA72019B00225A72019B2C332022002118
:10D4E000184600F01CFB019B0C332022002118463B
:10D4F00000F015FB019B01229A7100BF03B05DF89B
:10D5000004FB000010B586B003900B468DF80B307D
:10D51000039B00229A7147F230530593274B002258
:10D520001A70274B00221A70039B1868039B197A04
:10D53000039B03F12C02039BDB7A1C460023009320
:10D540002346FCF793FE0490049B002B07D004991C
:10D550001C48FDF7A5FE039B0022DA7228E0184B59
:10D560001B78DBB2002B04D1059B002B01DD0123CE
:10D5700000E00023002B06D00120FFF7DFFE059B13
:10D58000013B0593EBE70E4B1B78DBB2002B04D07D
:10D590000A4B1B78DBB2012B01D1012300E00023F1
:10D5A000002B05D0039B0022DA720748FDF778FEB6
:10D5B000039BDB7A184606B010BD00BFC7390020B8
:10D5C000C639002088FC0200ACFC020000B583B024
:10D5D000019000210198FFF795FF0346184603B01C
:10D5E0005DF804FB82B00190019B9B7A184602B063
:10D5F000704782B001900B468DF80330019B9B79F8
:10D6000083F00103DBB2002B03D1019BDB7A1F2BDC
:10D6100001D900230EE0019BDB7A5A1CD1B2019A9A
:10D62000D1721A46019B13449DF8032083F82C20E5
:10D63000019BDB7A184602B0704782B00190019BD3
:10D640005A7A019B9B7A9A4201D1002309E0019BFF
:10D650005B7A5A1CD1B2019A51721A46019B13444B
:10D660001B7B184602B0704782B00346ADF8063007
:10D67000054B1B889AB2BDF8063013439AB2024B91
:10D680001A8000BF02B07047CA390020C0F3C751EA
:10D6900091B142004FEA40704FEAD2014FEA3101A6
:10D6A00001F16051B2F17F4F38BF704701F1605115
:10D6B00018BF41F40021704710F00041002070476E
:10D6C00001F000428B1AA3F16051B1F5801F0ADB13
:10D6D000B1F17F6F09D242EAC102C10071F100418C
:10D6E00042EB507070471046704701285B4113F5BC
:10D6F000001F04D842F0FE4040F400007047C9000B
:10D7000041EA507040EA020040F4800040F080405E
:10D71000704700BF10EE100A4FEA4000B0F17F4F93
:10D720000CBF01200020704710EE100A41000020BD
:10D73000B1F17F4F18BF50EB0000704710EE100A98
:10D7400000F00040704700BFB0EEC00A704700BF55
:10D7500000B510EE100A00F003F800EE100A00BD4C
:10D760004FF07F43B3EB400F22D9410008BF704711
:10D7700003EA4002120E7F3A14DB172AA8BF704753
:10D780004FF6FF73C0F27F03D340184220EA030034
:10D7900018BF10F0004F08BF70474FF40001D14090
:10D7A0004018704710F0004F0CBF0020024870472F
:10D7B00018BF024870470000000080BF0000C07F13
:10D7C00000B5014610EE100A00F003F800EE100A52
:10D7D00000BD4FF07F43B3EB400F98BF704713EA93
:10D7E000400207D0120E7E3A0A6020EA530040F051
:10D7F0007C5070470A6000F00040704700B5014659
:10D8000010EE100A00F003F800EE100A00BD4FF011
:10D810007F43B3EB400F98BF704713EA400204BF49
:10D8200000F00040704711EB1262DCBF00F00040D6
:10D830007047FF2A3CBF00EBC150704740004FEAE1
:10D8400033007047DFED137AB4EE670AF1EE10FA99
:10D8500012D010EE102AC2F3C7537F3B11D4162BFF
:10D8600012DC0D4921FA03F322EA030207EE902AA3
:10D87000026030EE670A7047C0ED007AB0EE670ACA
:10D880007047C0ED007A704780ED000AB0EE670A7D
:10D89000704700BF00000000FFFF7F0000B52DEDC6
:10D8A000028BF5EE400AF1EE10FA83B04BD0B0EEE9
:10D8B000608AF0EE408AFFF737FF30B1B0EE680AB9
:10D8C00003B0BDEC028B5DF804FBB0EE480AFFF735
:10D8D0002BFF002843D1F5EE408AF1EE10FAEDD08F
:10D8E000B0EE680AFFF716FF00283FD1B0EE480AF5
:10D8F000FFF710FF0028E1D1B0EE480AFFF724FF40
:10D90000B0EE408A88EE880A01A8FFF79BFFDDEDA4
:10D91000017AF5EEC08AB0EE680AF1EE10FAA8EED0
:10D92000670AB1EE487A24DDB4EEC08AF1EE10FA4F
:10D9300098BF30EE480AB5EEC00AF1EE10FABFD536
:10D9400030EE080ABCE700F083F8114B9FED110A96
:10D950001B68036003B0BDEC028B5DF804FBB0EE06
:10D96000480A03B0BDEC028B5DF804FB9FED090A89
:10D97000A6E7B4EEC70AF1EE10FA98BF30EE080A37
:10D98000B5EEC00AF1EE10FA9ADD30EE480A97E7DC
:10D99000F8FC02000000C07F002816DB002817DD1D
:10D9A0000022B7EE000A0C4B10F0010F1CBFD3EDA4
:10D9B000007A20EE270A401004330028F4DC4AB134
:10D9C000F7EE007A87EE800A704740420122E8E7CE
:10D9D000B7EE000A704700BFFCFC020038B50446F1
:10D9E0000846A26842B1236861685D1C8D4208BF89
:10D9F00000208B4208D2D054E3682BB121686268C2
:10DA0000914201D22146984723680133236038BDF3
:10DA100070B54C1E09D41646C5B229463046FFF7EC
:10DA2000DDFF013CB4F1FF3FF7D170BD10F0100FE6
:10DA300008D108B510F4007F14BF30202020FFF774
:10DA4000E7FF08BD70470028B8BF4042704700009C
:10DA500000B5F8F7BDFC024B18445DF804FB00BFAD
:10DA6000080000000EB400B586B007AA52F8041BE7
:10DA700005920390002304936FF00043029301A8E2
:10DA800000F0D2F806B05DF804EB03B070470378FD
:10DA900053B159B10144034613F8012F12B18B421F
:10DAA000FAD10B46181A70470346FBE70346F9E71D
:10DAB00010B584B00C4611460290002203920194E6
:10DAC0001A46684600F0B0F804B010BD844640EA3B
:10DAD000010313F0030F18D18446202A0BD32DE93C
:10DAE000F007B1E8F807A0E8F807A2F12002202A21
:10DAF000F7D2BDE8F007042A07D351F8043B40F8F9
:10DB0000043BA2F10402042AF7D2002A05D011F83E
:10DB1000013B00F8013B013AF9D160467047844669
:10DB2000002A2DD010F0030F04D000F8011B013A99
:10DB300026D0F7E7C9B241EA012141EA0141202A92
:10DB400012D3A2F120022DE9F0030B460C460D463C
:10DB50000E460F4688468946A0E8FA03203AFBD2D3
:10DB6000BDE8F00320320BD0042A05D340F8041B93
:10DB7000043A05D0042AF9D200F8011B013AFBD17E
:10DB800060467047024610F0030F16D111F0030FE4
:10DB900013D12DE9F0004FF001374FF0803351F8E9
:10DBA000044BA4EB070525EA04051D4002D142F809
:10DBB000044BF4E7A1F10401F0BC11F8013B02F8B9
:10DBC000013B002BF9D1704700F1010110F0030F68
:10DBD00011D010F8012B002A23D010F0030F0AD027
:10DBE00010F8012B002A1CD010F0030F03D010F8FE
:10DBF000012B002A15D02DE970004FF001324FF0B3
:10DC0000803350F8044BA4EB020525EA04051D40BF
:10DC100000D1F6E7A0F1040070BC10F8012B002A37
:10DC2000FBD1A0EB010070472DE9F04F2DED048BE7
:10DC300089B083460392002303600D4615F8011B4B
:10DC4000002900F0BF86DFEDA48A00F0ABBE0026FD
:10DC500007E05E2866D146F4805601E046F04006B3
:10DC600015462A4612F8010B3028F2D81F2838D959
:10DC7000A0F12003102B34D801A151F823F000BFEC
:10DC80005DDC0200E3DC0200E3DC0200C5DC020034
:10DC9000E3DC0200E3DC0200E3DC0200CBDC020098
:10DCA000E3DC0200E3DC0200E3DC0200D1DC020082
:10DCB000E3DC0200D7DC0200E3DC0200E3DC02006C
:10DCC000DDDC020046F08006CAE746F40046C7E7FE
:10DCD00046F02006C4E746F01006C1E746F4007699
:10DCE000BEE72A281ED1039B191D03911F68002F30
:10DCF000BCBF7F4246F010061078AA1C27EAE775E1
:10DD00002E2824D00027742845D07A2843D06C28A8
:10DD100000F0C2804C2800F0C580682800F0D38055
:10DD200091463BE0A0F13003DBB2092B88BF00270E
:10DD3000E4D8002707EB8707303800EB470712F8D5
:10DD4000010BA0F13003DBB2092BF3D9D6E7107831
:10DD50002A280AD1039B191D03911F6850780232AB
:10DD6000002FD0DB46F48076CDE70132A0F13003FE
:10DD7000DBB2092B88BF0027F4D8002707EB870701
:10DD8000303800EB470712F8010BA0F13003DBB28B
:10DD9000092BF3D9E4E7914619F8010B782800F232
:10DDA0008480DFE810F02106820082008200820079
:10DDB0008200820082008200820082008200820053
:10DDC0008200820082008200820082008200820043
:10DDD0008200820082008200820082008200820033
:10DDE0008200820082008200820082008200820023
:10DDF000A3008200820082008200820082008200F2
:10DE00008200820082008200820082008200820002
:10DE100082008200820082008200820082008200F2
:10DE200082008200820082008200820082008200E2
:10DE3000C401E101E60182008200820082008200CA
:10DE400082008200820082008200820082008200C2
:10DE50008200820082001E01820082008200820015
:10DE6000820082008200820082008200A9005301A9
:10DE7000C601E301E80182005301820082008200B2
:10DE80008200B9004101040182008200CE008200BC
:10DE90004C01820082002001914619F8010B46F0E6
:10DEA00001067BE746F0010691460C4B1C68002CEE
:10DEB00000F0748503AB019300972B463246594618
:10DEC000A04700F06BBD1078682809D002F1010965
:10DED00046F0040662E700BF0000C842CC390020CB
:10DEE00046F0080602F10209507857E72521584606
:10DEF000FFF774FD00F052BD039B1A1D03921C78BE
:10DF0000013D5A4629463046FFF790FD21465846C6
:10DF1000FFF764FDB0463AE016F0080F08D0DBF8D2
:10DF20000020039B191D03911B681A7000F036BD79
:10DF3000039B1A1D03921B68DBF800201A6000F097
:10DF40002DBD039B1A1D03921C688C4B002C08BF2F
:10DF50001C4626F4007816F4807F23D039462046EC
:10DF6000FFF795FD0646AD1B5A4629464046FFF78A
:10DF70005DFD06F1FF3A56B12746344417F8011B00
:10DF80005846FFF72BFDBC42F8D14FF0FF3A18F08E
:10DF9000100F00F003855A4629462020FFF738FD70
:10DFA00000F0FCBC2046FFF70FFE0646DBE7039BB4
:10DFB0001A1D03921B6816F0800F0CBF0024232447
:10DFC00046F4807608271A46002B00F0B58404AB8F
:10DFD0004FF0000806F40050DFF8A4C1A64600F098
:10DFE00068BC46F4005616F0800F1BD043F278044C
:10DFF00043F25803782818BF1C4616F4807F01D0DE
:10E0000026F4007616F4804F32D0039B1A1D03923B
:10E010001B6816F0040F1FD01BB2002B20DA5B42E6
:10E020002D242DE00024E8E716F0800F0CBF00241B
:10E03000302416F4807FE5D026F40076E2E716F46B
:10E04000807F07D026F400760024DBE746F4804684
:10E050000024D7E70024D5E716F0080FDDD0DBB2A7
:10E0600016F0200F61D116F0400F18BF202407E0F2
:10E07000039B1A1D03921B6816F0040F50D09BB22D
:10E0800016F4807F00F0E48326F4007658382028C8
:10E0900000F2398401A252F820F000BFC7DF02006D
:10E0A00007E9020007E9020007E9020007E90200A8
:10E0B00007E9020007E9020007E9020007E9020098
:10E0C00007E9020007E9020007E902007DE8020013
:10E0D00007E9020007E9020007E9020007E9020078
:10E0E0007DE8020007E9020007E9020007E90200F3
:10E0F00007E9020007E9020055E80200C7DF020055
:10E1000007E9020007E9020007E9020007E9020047
:10E110007DE8020007E9020007E90200C7DF02000C
:10E1200016F0080FACD0DBB2AAE72B24A8E746F420
:10E13000005646F48066039B073323F0070303F180
:10E1400008020392D3E90001FFF7BAFA08EE100AB9
:10E1500016F4807F16D0B7B906F44067B7F5406F64
:10E1600014BF002701270EE046F4005646F400666F
:10E17000E1E746F4005646F44066DCE714FD020091
:10E18000E8FC02000627B0EE480AFFF7C3FA0028B1
:10E1900040F0B980B0EE480AFFF7C6FA8046002882
:10E1A00040F0CA80B0EE480AFFF7C8FA002840F0F5
:10E1B000CC8018EE103A08EE103A07A800EE103A9C
:10E1C000FFF7FEFA079B03EB4303C94A82FB0312E6
:10E1D000DB17C3EBA2030793B5EE408AF1EE10FA0A
:10E1E00040F0BD8006F44064B4F5806F0AD0B4F509
:10E1F000406F40F06C81079BBB4203DA13F1040FC0
:10E2000080F2658107984042FFF7C6FB28EE008A3E
:10E210008DED028AB5EE408AF1EE10FA34D0B0EE00
:10E22000480AFFF777FA002840F0AF80F2EE047A50
:10E23000B4EEE78AF1EE10FA0DDB079BF2EE047AFA
:10E24000013388EE278AB4EEE78AF1EE10FAF7DAA6
:10E250008DED028A0793DDED027AB7EE007AF4EED7
:10E26000C77AF1EE10FA0FD5079B013BF2EE046A74
:10E270001A4667EEA67A013BF4EEC77AF1EE10FA81
:10E28000F6D4CDED027A079227B1B4F5406F08BFFE
:10E2900007F1FF377842FFF77FFBF6EE007A60EE7A
:10E2A000277A9DED027A77EE877AB2EE047AF4EE61
:10E2B000C77AF1EE10FA80F28180B0EE678A002F03
:10E2C00000F0918006F40863B3F5006F7ED026F469
:10E2D000006302937B1DED1A013D16F4805F00F090
:10E2E000F380079A834B83FB0213A3EBE27303EBE8
:10E2F0004303D31A0233042B00F2E480DFE803F077
:10E3000099DA9699DA00B5EEC08AF1EE10FA0CD4DB
:10E3100016F4005F784C794B08BF1C4616F0200FAE
:10E3200008BF013426F4807613E616F4005F744CBF
:10E33000744B08BF1C46F5E716F4005F724C734B34
:10E3400008BF1C4626F4807603E646F06006F1EE30
:10E35000487A17EE903A2EE7079B01330793079808
:10E360000130FFF719FBB4EEC08AF1EE10FAF3DCCE
:10E3700002E0079B013B07930798FFF70DFBB4EE04
:10E38000C08AF1EE10FAF4D42CE7B5EEC08AF1EEB3
:10E3900010FA0CD416F4005F574C584B08BF1C46BB
:10E3A00016F0200F08BF013426F48076D1E516F46C
:10E3B000005F534C534B08BF1C46F5E7079B0133E6
:10E3C0000793B2EE047A87EE878A78E7092FA8BF11
:10E3D00009273846FFF7E0FA60EE087AFCEEE77AA4
:10E3E00017EE903A4BB926F400630293053D16F000
:10E3F00080073FF472AF47466EE7454AA2FB03121F
:10E40000D20802EB8202B3EB420F7FF460AF4049C7
:10E41000A1FB0323DB08013FE5D0A1FB0302D208E7
:10E4200002EB8202B3EB420FF2D050E74FF001084B
:10E4300008E0F2EE047A27EE888A013A0792013D5D
:10E440004FF0020827EAE77716F0600F18BF05F1D2
:10E45000FF350798FFF7F7FA6328C8BF05F1FF35C6
:10E46000F0EE487ABCEEC87A17EE104AB8EE478A4A
:10E4700037EEC88A25EAE57A029B13F4047F00F0A0
:10E48000D580029B13F0200F00F0DE8013F0400FC8
:10E4900014BF2D212B215846FFF7A0FA029B13F041
:10E4A000100F00F0DB801B4E08F10055013D06EB1C
:10E4B000C505EAE028EE888A023A0792023D4FF04D
:10E4C0000308BFE7D046BDE74FF00108BCE716F4EC
:10E4D000806F3ED0079B0E2B3ADC0133FC1A092CCF
:10E4E000A8BF092416F0800F16D0274631E000BFE0
:10E4F00067666666565555552CFD020034FD0200D0
:10E500001CFD020024FD02003CFD020040FD020053
:10E51000CDCCCCCC48FD0200BB426BD0F6EE009ACD
:10E52000B2EE049A2046FFF737FA28EE000A30EEE2
:10E53000290AFFF70DF9F0EE490AFFF7AFF9B5EE3A
:10E54000400AF1EE10FA57D1013CEBD1274600E02A
:10E55000474626F480630293079B7842A3F10802A2
:10E560008242C8BFA3F10900FFF716FA4FF0FF304F
:10E57000FFF744F938EE008AB0EE489A0798013068
:10E58000FFF70AFAB4EEC08AF1EE10FA02DD079B3B
:10E59000013307930798002840DB09282EDCFCEEA6
:10E5A000C97A17EE904AB8EE678A39EE488A002396
:10E5B000079320460021092C35D9DFF858C44FF0C5
:10E5C000010808F10108FCE90223994208BF9042C2
:10E5D000F7D207EB0803079A1344ED1A06F08003FD
:10E5E0003B4318BF05F1FF3516F0600F18BF05F16A
:10E5F000FF353FE72746ACE72746AAE7A0F1090326
:10E600000793C0F10900FFF7C7F929EE009AFCEE65
:10E61000C97A17EE904A08EE108ACAE700240794D8
:10E620004FF00108D5E74FF00108D2E7002D7FF742
:10E6300028AF20255646013E29465846FFF7CEF919
:10E64000002EF8D1B2461CE7029B13F0400F3FF4B6
:10E6500025AF20215846FFF7C1F91FE7BAF1000F97
:10E660003FF421AF30255646013E29465846FFF774
:10E67000B5F9002EF8D1B24615E74FF0300C6146DF
:10E680005846FFF7ABF9B04515D0D5E90023A846A9
:10E69000083D0021994208BF9442EED34FF0300C60
:10E6A0000CF1010C5FFA8CFCA41A0021994208BFFE
:10E6B0009442F5D2E3E7029B13F4006449D1002FA2
:10E6C00055D1029B13F0800F40F09181029B13F40F
:10E6D000806F2FD013F4005F14BF45216521584689
:10E6E000FFF77CF9079B002BC0F294802B21584642
:10E6F000FFF774F90799632900F394800799C14CD7
:10E7000084FB0132C917C1EBA2013031C9B25846AE
:10E71000FFF764F9079B84FB0324D917C1EBA4011D
:10E7200001EB8101A3EB410303F13001C9B258466B
:10E73000FFF754F9BAF1000F00F03081202455465C
:10E74000013D21465846FFF749F9002DF8D1AA4668
:10E7500024E1079B002BB2DD3025013B07932946BE
:10E760005846FFF73BF9079B002BF6DCA7E72E2165
:10E770005846FFF733F93D46092FA8BF092525EA7A
:10E78000E5757F1B8CB10798281AFFF705F920EE75
:10E79000088AFCEEC87A17EE904A7DB305F1005561
:10E7A000013D994B03EBC50519E02846FFF7F4F846
:10E7B00020EE088AFCEEC87A17EE904AEDE70CF1DD
:10E7C000010C5FFA8CFCA41A0021994208BF944204
:10E7D000F5D261465846FFF701F9B0450ED0D5E9AC
:10E7E0000023A846083D0021994208BF944202D365
:10E7F0004FF0300CE3E74FF0300CEAE7002F3FF426
:10E8000065AF3024013F21465846FFF7E7F8002F57
:10E81000F8D15BE72D215846FFF7E0F8079B5B42F4
:10E82000079367E7794C84FB0132C917C1EB62118A
:10E830003031C9B25846FFF7D1F8079A84FB02314C
:10E84000D317C3EB6113642101FB1323079355E72F
:10E8500001271BE41A464FF00008002B55D004A9ED
:10E860004FF0000803F00703303301F8013B08F1D3
:10E870000108D2081346002AF4D146E019464FF0A9
:10E880000008002B41D04FF0000806F4004E4FF076
:10E890002C0ADFF884C17346A6461C4624E002F029
:10E8A0000F015B4C615C03F8011B08F101081209C0
:10E8B00006D00028F3D002F00F011CF80110F2E797
:10E8C000744622E008AB03EB0800ACFB0132D2082F
:10E8D00002EB8203A1EB4303303300F8103C08F154
:10E8E000010809290DD91146002CEBD008F00303CB
:10E8F000032BE7D108AB434403F810AC08F101083F
:10E90000E0E7744601E04FF00008A7EB080727EAAC
:10E91000E777ED1BA5EB0805FF2C10D9023D16F497
:10E92000007F11D0C4F307215846FFF757F8E1B232
:10E930005846FFF753F812E04FF00008E5E7002CC7
:10E940005BD116F4007F0AD15A4629463046FFF7BC
:10E950006DF8FF2C98BF00252CD8002CE7D15A4623
:10E9600029463046FFF762F85A4639463020FFF70D
:10E970004FF8B8F1010A0ED404AB54461C44984633
:10E98000217827465846FFF729F8444504F1FF341B
:10E99000F6D14FF0FF3A16F0100F0DD14D4615F895
:10E9A000011B79B125293FF452A95846FFF716F803
:10E9B000A946F3E70025B5E75A4629462020FFF788
:10E9C00027F8EBE7DBF808303BB1DBF80020DBF899
:10E9D00004108A423CBF00219954DBF8000009B0C2
:10E9E000BDEC048BBDE8F08F4FF0FF30F7E72E2130
:10E9F0005846FEF7F3FF3D46C3E6013D16F4007F9F
:10EA0000ABD1A1E76766666648FD02001F85EB5142
:0CEA1000D8FC020050FD0200CDCCCCCCA4
:08EA1C00B183020000000000BC
:10EA240049C002000000000031C602000830002086
:10EA340069BA02002830002049BE0200000000002C
:10EA44003FCB0200F42A0020B7C802001C3000208B
:10EA540021AA020000000000A1AA02000000000098
:04EA6400F5A5020012
:08EA6800D98302000000000048
:10EA700051CC02000000000025CD02000000000083
:04EA80009DAF020044
:10EA840000000000D82B002071650200443A5C4F5E
:10EA9400666669636520446174615C4769745C54AB
:10EAA4007261636B46575F4643435C3372645F70C5
:10EAB400617274795C6E5246355F53444B5F3136F4
:10EAC4005C636F6D706F6E656E74735C6C6962729B
:10EAD40061726965735C74696D65725C6170705FA5
:10EAE40074696D6572322E63000000000100060037
:10EAF400443A5C4F666669636520446174615C47AF
:10EB040069745C547261636B46575F4643435C337C
:10EB140072645F70617274795C6E5246355F5344FF
:10EB24004B5F31365C636F6D706F6E656E74735CD2
:10EB34006C69627261726965735C7574696C5C613D
:10EB440070705F7574696C5F706C6174666F726D00
:10EB54002E6300002E2E2F3372645F7061727479FD
:10EB64002F6E5246355F53444B5F31362F696E74B6
:10EB74006567726174696F6E2F6E7266782F6E723C
:10EB840066785F676C75652E680000002E2E2F3343
:10EB940072645F70617274792F6E5246355F5344AC
:10EBA4004B5F31362F6D6F64756C65732F6E7266B3
:10EBB400782F68616C2F6E72665F7274632E6800C2
:10EBC400443A5C4F666669636520446174615C47DE
:10EBD40069745C547261636B46575F4643435C33AC
:10EBE40072645F70617274795C6E5246355F53442F
:10EBF4004B5F31365C636F6D706F6E656E74735C02
:10EC04006C69627261726965735C74696D65725C6A
:10EC14006472765F7274632E630000000338FDD85B
:10EC2400704700002E2E2F3372645F706172747906
:10EC34002F6E5246355F53444B5F31362F636F6DF1
:10EC4400706F6E656E74732F6C6962726172696540
:10EC5400732F6578706572696D656E74616C5F732E
:10EC6400656374696F6E5F766172732F6E72665F2F
:10EC740073656374696F6E5F697465722E680000F2
:10EC84002E2E2F3372645F70617274792F6E524628
:10EC9400355F53444B5F31362F636F6D706F6E6514
:10ECA4006E74732F6C69627261726965732F6D750E
:10ECB4007465782F6E72665F6D74782E680000003C
:10ECC400443A5C4F666669636520446174615C47DD
:10ECD40069745C547261636B46575F4643435C33AB
:10ECE40072645F70617274795C6E5246355F53442E
:10ECF4004B5F31365C636F6D706F6E656E74735C01
:10ED04006C69627261726965735C7077725F6D675A
:10ED14006D745C6E72665F7077725F6D676D742E72
:10ED24006300000064EA020068EA020004000000D4
:10ED3400443A5C4F666669636520446174615C476C
:10ED440069745C547261636B46575F4643435C333A
:10ED540072645F70617274795C6E5246355F5344BD
:10ED64004B5F31365C636F6D706F6E656E74735C90
:10ED74006C69627261726965735C657870657269E9
:10ED84006D656E74616C5F73656374696F6E5F76D5
:10ED94006172735C6E72665F73656374696F6E5FD4
:10EDA400697465722E630000443A5C4F6666696359
:10EDB4006520446174615C4769745C547261636B7F
:10EDC40046575F4643435C3372645F706172747983
:10EDD4005C6E5246355F53444B5F31365C636F6DF6
:10EDE400706F6E656E74735C6C6962726172696572
:10EDF400735C736F72746C6973745C6E72665F7348
:10EE04006F72746C6973742E63000000443A5C4F33
:10EE1400666669636520446174615C4769745C5427
:10EE24007261636B46575F4643435C3372645F7041
:10EE3400617274795C6E5246355F53444B5F313670
:10EE44005C696E746567726174696F6E5C6E72661C
:10EE5400785C6C65676163795C6E72665F64727618
:10EE64005F636C6F636B2E63000000002E2E2F33E4
:10EE740072645F70617274792F6E5246355F5344C9
:10EE84004B5F31362F696E746567726174696F6E9A
:10EE94002F6E7266782F6E7266785F676C75652E5A
:10EEA40068000000443A5C4F66666963652044610B
:10EEB40074615C4769745C547261636B46575F4666
:10EEC40043435C3372645F70617274795C6E524662
:10EED400355F53444B5F31365C6D6F64756C65739D
:10EEE4005C6E7266785C647269766572735C737268
:10EEF400635C6E7266785F636C6F636B2E63000095
:10EF04002E2E2F3372645F70617274792F6E5246A5
:10EF1400355F53444B5F31362F696E746567726198
:10EF240074696F6E2F6E7266782F6E7266785F6783
:10EF34006C75652E680000002E2E2F3372645F708E
:10EF4400617274792F6E5246355F53444B5F31368C
:10EF54002F6D6F64756C65732F6E7266782F6861A0
:10EF64006C2F6E72665F6770696F2E680000000018
:10EF7400443A5C4F666669636520446174615C472A
:10EF840069745C547261636B46575F4643435C33F8
:10EF940072645F70617274795C6E5246355F53447B
:10EFA4004B5F31365C6D6F64756C65735C6E726655
:10EFB400785C647269766572735C7372635C6E729A
:10EFC40066785F6770696F74652E6300443A5C4FBE
:10EFD400666669636520446174615C4769745C5466
:10EFE4007261636B46575F4643435C3372645F7080
:10EFF400617274795C6E5246355F53444B5F3136AF
:10F004005C6D6F64756C65735C6E7266785C64725B
:10F0140069766572735C7372635C7072735C6E7232
:10F0240066785F7072732E63000000002E2E2F33FB
:10F0340072645F70617274792F6E5246355F534407
:10F044004B5F31362F696E746567726174696F6ED8
:10F054002F6E7266782F6E7266785F676C75652E98
:10F06400680000002E2E2F3372645F706172747911
:10F074002F6E5246355F53444B5F31362F6D6F64AC
:10F08400756C65732F6E7266782F68616C2F6E7263
:10F09400665F6770696F2E6800000000443A5C4F39
:10F0A400666669636520446174615C4769745C5495
:10F0B4007261636B46575F4643435C3372645F70AF
:10F0C400617274795C6E5246355F53444B5F3136DE
:10F0D4005C6D6F64756C65735C6E7266785C64728B
:10F0E40069766572735C7372635C6E7266785F7363
:10F0F40070696D2E630000002E2E2F3372645F70D2
:10F10400617274792F6E5246355F53444B5F3136CA
:10F114002F696E746567726174696F6E2F6E7266A3
:10F12400782F6E7266785F676C75652E68000000D4
:10F134002E2E2F3372645F70617274792F6E524673
:10F14400355F53444B5F31362F6D6F64756C657357
:10F154002F6E7266782F68616C2F6E72665F6770AF
:10F16400696F2E6800000000443A5C4F666669636C
:10F174006520446174615C4769745C547261636BBB
:10F1840046575F4643435C3372645F7061727479BF
:10F194005C6E5246355F53444B5F31365C6D6F6431
:10F1A400756C65735C6E7266785C647269766572A0
:10F1B400735C7372635C6E7266785F7477696D2ECC
:10F1C4006300000035A50200000000000338FDD8EC
:10F1D400704700002E2E2F3372645F706172747951
:10F1E4002F6E5246355F53444B5F31362F6D6F643B
:10F1F400756C65732F6E7266782F68616C2F6E72F2
:10F20400665F6770696F2E68000000004E52465FAB
:10F214005057525F4D474D545F4556545F505245C9
:10F22400504152455F5359534F4646004E52465F34
:10F234005057525F4D474D545F4556545F505245A9
:10F24400504152455F57414B45555000456E7465DA
:10F2540072696E67204446552C20796F75206D6164
:10F2640079206861766520746F20666978207468F7
:10F27400697320636F6465004E52465F5057525F56
:10F284004D474D545F4556545F5052455041524589
:10F294005F52455345540000443A5C4F66666963C7
:10F2A4006520446174615C4769745C547261636B8A
:10F2B40046575F4643435C6663635F6A6164655CAB
:10F2C4006D61696E2E637070000000000A46524F33
:10F2D4004D3A20253032783A253032783A2530328A
:10F2E400783A253032783A253032783A25303278F7
:10F2F4002025640A00000000527373693A25640AE9
:10F3040000000000424154543A25660A00000000FF
:10F31400736B69707065642073656E64696E6720D1
:10F3240025640A004E6F74696669656420776974A0
:10F33400682041434B0A0000536F66746465766924
:10F344006365206173736572746564210A0000004B
:10F354000A52656365697665642064617461202876
:10F364002564206279746573292066726F6D20426A
:10F374004C45204E55533A200000000025303258A9
:10F384003A0000000A000000434F4E4649475F44DC
:10F39400555400007564206661696C0A0000000021
:10F3A4007564206D656D6F7279206661696C0A0001
:10F3B40044617461206C656E2069732073657420E8
:10F3C400746F2030782558282564290A000000002D
:10F3D400415454204D54552065786368616E6765C7
:10F3E40020636F6D706C657465642E2063656E7444
:10F3F40072616C2030782578207065726970686558
:10F4040072616C20307825780A00000055445F53FF
:10F41400746172742E2E2E210A0000001B5B33329D
:10F424006D4C6F526120526164696F2053656C6545
:10F43400637465640A1B5B306D0000001B5B33342E
:10F444006D424C4520526164696F2053656C65635D
:10F454007465640A1B5B306D000000001B5B333273
:10F464006D4C6F526120526164696F205472616EF9
:10F47400736D69740A1B5B306D0000001B5B3334D1
:10F484006D424C4520526164696F205472616E7301
:10F494006D69740A1B5B306D000000001B5B333325
:10F4A4006D424C452F4C6F526120526164696F204C
:10F4B400536C6565700A1B5B306D00001B5B333257
:10F4C4006D4C6F526120496E74657276616C205286
:10F4D4006164696F20726563656976650A1B5B30D8
:10F4E4006D0000001B5B33356D2D2D2D2D2D2D2D25
:10F4F4007363616E4475726174696F6E3A2025643A
:10F504000A1B5B306D0000001B5B33346D424C45BD
:10F5140020526164696F205363616E0A1B5B306D16
:10F52400000000005273736954483A253032582C55
:10F534002042617474563A253032580A00000000A3
:10F544006D696C6C69732025640A0000706F7765BF
:10F5540072206D676D742D3E20656E7472696E67DE
:10F564000A000000706F776572206D676D742D3E20
:10F574002065786974696E670A0000004F54413A47
:10F584002025640A0000000061647654696D653AC0
:10F594002025640A00000000626C6574786C65764E
:10F5A400656C2864293A2025640A00006C6F726136
:10F5B40074786C6576656C2864293A2025640A00A1
:10F5C400736C65657054696D653A2025640A0000A2
:10F5D4007363616E4475726174696F6E3A20256459
:10F5E4000A0000004D4F44453A2025640A000000FB
:10F5F4001B5B33346D6368616E6E656C3A20256401
:10F604000A1B5B306D0000001B5B33326D63686165
:10F614006E6E656C3A20252E32660A1B5B306D00D7
:10F62400526164696F3A2025640A00004D41432009
:10F634003D20253032583A253032583A2530325858
:10F644003A253032583A253032583A25303258006B
:10F6540025730A005363616E3A2025640941647678
:10F664003A20256409536C6565703A2025640A00C4
:10F674006E524625782056617269616E743A20256F
:10F68400632563256325630A000000007061636BD2
:10F694006167653A2025780A0000000044657649D0
:10F6A400443A20257825780A000000001B5B333299
:10F6B4006D4C6F52612035207365636F6E64204317
:10F6C40057205472616E736D69740A1B5B306D0050
:10F6D4001B5B33326D4C6F526120436F6E74696EE5
:10F6E400756F7573204357205472616E736D69741E
:10F6F4000A1B5B306D000000FFFFFFFF02FF0000EC
:10F7040000000040000000004C6F526120726164F0
:10F71400696F20696E6974206661696C65640A00AA
:10F72400545820706F776572206368616E676564F2
:10F7340020746F3A2025640A000000001B5B3332FA
:10F744006D4C6F526120436F6E74696E756F757383
:10F75400205472616E736D69740A1B5B306D000016
:10F7640069643D25732D2D2D2D2D68656C6C6F00FE
:10F774001B5B33326D4C6F526120496E7465727637
:10F78400616C205472616E736D69740A1B5B306D19
:10F79400000000001B5B33326D4C6F526120436FDD
:10F7A4006E74696E756F75732052656365697665ED
:10F7B4000A1B5B306D0000001B5B33326D4C6F52D3
:10F7C4006120496E74657276616C20526563656967
:10F7D40076650A1B5B306D002D2D2D2D3E2046696C
:10F7E4006E616C20544D503131372054656D70205A
:10F7F4003D2025332E32662025430A004C6F52618A
:10F8040020726164696F20696E6974207375636323
:10F814006573730A00000000667265713A202564FE
:10F824000A0000007077723A2025640A0000000084
:10F8340048656C6C6F20576F726C642C2054686937
:10F8440073206973204C6F7261204D6F64756C6115
:10F8540074656420436172726965722057617665CC
:10F864000A0D0000802E00205465726D696E616C73
:10F8740000000000525454005345474745520000CD
:10F88400443A5C4F666669636520446174615C4711
:10F8940069745C547261636B46575F4643435C33DF
:10F8A40072645F70617274795C6E5246355F534462
:10F8B4004B5F31365C636F6D706F6E656E74735C35
:10F8C400626C655C636F6D6D6F6E5C626C655F63CB
:10F8D4006F6E6E5F73746174652E63002E2E2F330A
:10F8E40072645F70617274792F6E5246355F53444F
:10F8F4004B5F31362F636F6D706F6E656E74732F4F
:10F904006C69627261726965732F6578706572697A
:10F914006D656E74616C5F73656374696F6E5F7639
:10F924006172732F6E72665F73656374696F6E5F65
:10F93400697465722E680000443A5C4F66666963B8
:10F944006520446174615C4769745C547261636BE3
:10F9540046575F4643435C3372645F7061727479E7
:10F964005C6E5246355F53444B5F31365C636F6D5A
:10F97400706F6E656E74735C736F667464657669BC
:10F9840063655C636F6D6D6F6E5C6E72665F7364EE
:10F99400682E63000100000770EA020080EA02009A
:10F9A400080000002E2E2F3372645F706172747928
:10F9B4002F6E5246355F53444B5F31362F636F6D64
:10F9C400706F6E656E74732F6C69627261726965B3
:10F9D400732F6578706572696D656E74616C5F73A1
:10F9E400656374696F6E5F766172732F6E72665FA2
:10F9F40073656374696F6E5F697465722E68000065
:10FA0400443A5C4F666669636520446174615C478F
:10FA140069745C547261636B46575F4643435C335D
:10FA240072645F70617274795C6E5246355F5344E0
:10FA34004B5F31365C636F6D706F6E656E74735CB3
:10FA4400736F66746465766963655C636F6D6D6F0F
:10FA54006E5C6E72665F7364685F626C652E6300D1
:10FA640024EA020064EA0200080000002E2E2F336C
:10FA740072645F70617274792F6E5246355F5344BD
:10FA84004B5F31362F636F6D706F6E656E74732FBD
:10FA94006C69627261726965732F657870657269E9
:10FAA4006D656E74616C5F73656374696F6E5F76A8
:10FAB4006172732F6E72665F73656374696F6E5FD4
:10FAC400697465722E680000443A5C4F6666696327
:10FAD4006520446174615C4769745C547261636B52
:10FAE40046575F4643435C3372645F706172747956
:10FAF4005C6E5246355F53444B5F31365C636F6DC9
:10FB0400706F6E656E74735C736F6674646576692A
:10FB140063655C636F6D6D6F6E5C6E72665F73645C
:10FB2400685F736F632E63001CEA020024EA02001C
:10FB340008000000000000000000000005CE0200E4
:10FB440011CE020049CE02002121215741524E3AE2
:10FB540020544D5031313720493243204572726F61
:10FB6400720A00002121215741524E3A2049324362
:10FB740020577261707065722061646472206E61D6
:10FB8400636B210A000000002121215741524E3AA3
:10FB94002049324320577261707065722064617429
:10FBA40061206E61636B210A00000000443A5C4FDF
:10FBB400666669636520446174615C4769745C547A
:10FBC4007261636B46575F4643435C4932434669FF
:10FBD4006C65735C6932635F777261707065722EF5
:10FBE40063707000493243206465766963652064FC
:10FBF400657465637465642061742061646472650E
:10FC0400737320307825782E000000004E6F204951
:10FC14003243206465766963652077617320666F7B
:10FC2400756E642E00000000000000000338FDD84B
:10FC3400704700002121214552524F523A20493247
:10FC44004320526571756573742046726F6D20543C
:10FC5400696D6564206F75740A00000021212145D7
:10FC640052524F523A20493243205265717565739E
:10FC7400742046726F6D204572726F722069732012
:10FC840025780A002121214552524F523A20493207
:10FC94004320456E64205472616E736D6973736999
:10FCA4006F6E2025780A00002121214552524F52BF
:10FCB4003A2049324320456E64205472616E736D5C
:10FCC400697373696F6E2054696D6564206F757410
:10FCD4000A00000030313233343536373839616246
:10FCE40063646566303132333435363738394142EE
:10FCF4004344454621000000000020410000C84262
:10FD040000401C4620BCBE4CCA1B0E5AAEC59D7496
:10FD1400286E756C6C2900002D494E4600000000C9
:10FD24002D696E66000000002B494E46000000005D
:10FD34002B696E66000000004E414E006E616E003D
:10FD44000000000001000000000000000A000000A4
:10FD5400000000006400000000000000E803000050
:10FD6400000000001027000000000000A086010031
:10FD74000000000040420F00000000008096980040
:10FD84000000000000E1F5050000000000CA9A3BF5
:10FD94000000000000E40B540200000000E8764874
:10FDA400170000000010A5D4E800000000A0724E67
:10FDB4001809000000407A10F35A00000080C6A41D
:10FDC4007E8D03000000C16FF286230000008A5D6F
:10FDD40078456301000064A7B3B6E00D0000E8892C
:04FDE4000423C78AA3
:10FDE80000100140110004000090D00359000000E9
:10FDF8004954010004300020010004000000000004
:10FE080000000000000000000000000000000000EA
:10FE1800EC2A002000000000FFFF00006400000042
:10FE280000010000000000000000000000000000C9
:0AFE3800643400201F0000001F00CA
:040000032000635D19
:00000001FF
