:020000022000DC
:10700000000004205D730200B9730200BB7302002C
:10701000BD730200BF730200C173020000000000D4
:10702000000000000000000000000000C373020028
:10703000C573020000000000C7730200C97302009C
:1070400015A10200CB73020031A9020069B302004E
:1070500079D00200CB73020049A60200CB73020074
:10706000CB730200CB730200CB730200CB73020020
:10707000CB730200CB730200CB730200CB73020010
:10708000CB730200118B0200CB730200CB730200A2
:10709000CB730200CB730200BD250300CB7302004B
:1070A000CB730200CB730200CB730200CB730200E0
:1070B000CB730200CB730200000000000000000050
:1070C000CB730200CB730200CB730200CB730200C0
:1070D000CB730200CB730200CB73020000000000F0
:1070E00000000000000000000000000000000000A0
:1070F0000000000000000000000000000000000090
:10710000000000000000000000000000000000007F
:10711000000000000000000000000000000000006F
:10712000000000000000000000000000000000005F
:10713000000000000000000000000000000000004F
:10714000000000000000000000000000000000003F
:10715000000000000000000000000000000000002F
:10716000000000000000000000000000000000001F
:10717000000000000000000000000000000000000F
:1071800000000000000000000000000000000000FF
:1071900000000000000000000000000000000000EF
:1071A00000000000000000000000000000000000DF
:1071B00000000000000000000000000000000000CF
:1071C00000000000000000000000000000000000BF
:1071D00000000000000000000000000000000000AF
:1071E000000000000000000000000000000000009F
:1071F000000000000000000000000000000000008F
:10720000354936480A1A02D0072291438D4634493F
:1072100034480A1A06D00722914381F309880222D2
:1072200082F3148830483149314A00F044F831483B
:107230003149324A00F03FF831483249324A00F0D1
:107240003AF832483249334A00F035F83248334987
:10725000334A00F030F833483349344A00F02BF811
:1072600033483449344A00F026F83448344900227F
:1072700000F02CF833483449002200F027F8334856
:107280003349091A082902DB002202604160314AB1
:1072900090471F481F49884205D00268043003B454
:1072A000904703BCF7E700208646EC46002000210B
:1072B000294A9047FEE7884207D0521A05D0037842
:1072C00001300B700131013AF9D17047884202D088
:1072D00002700130FAE770470000042000E003204C
:1072E0000000042000000420F866030000330020A2
:1072F000BC330020D0730200D0730200B0450300FD
:10730000F866030000330020003300201446030019
:1073100014460300184603001446030014460300F5
:10732000144603001846030018460300F8660300DD
:10733000B4670300BC330020BC330020BC33002002
:1073400060510020605100206451002064510020F1
:10735000647100208573020035EC020000F036B83D
:107360000F484FF00701884385460E4880470E4876
:10737000016841F470010160BFF34F8FBFF36F8F5D
:10738000FFF73EBF09480A490A4A884207D0521A05
:1073900005D0037801300B700131013AF9D1704703
:1073A00000000420A591020088ED00E014460300CF
:1073B0000033002000330020FEE7FEE7FEE7FEE793
:1073C000FEE7FEE7FEE7FEE7FEE7FEE7FFF7C8BFE2
:1073D000004870475851002086B0039002910192F6
:1073E00001238DF817309DF81730214A039B136055
:1073F0001F4A029B53601E4A019B9360039B44F209
:107400000102934213D0039B44F20202934221D122
:10741000019B174AD360164BDB681B881A46144B36
:107420009A61134BDB685B68114AD36112E0019BE0
:107430000F4A13610E4B1B699B680D4A53610C4B3D
:107440001B691B680A4A9361094B1B695B68084A00
:10745000D36100BF72B600BF00BF9DF81730DBB22A
:10746000002BFAD162B600BF00BF06B0704700BF64
:10747000BC33002000B583B002900091019244F229
:10748000010071466A4600F003F803B000BD00BF7A
:1074900000B587B003900291019272B600BF039BC2
:1074A00044F20202934217D0039B44F20202934239
:1074B00018D8039B44F20102934210D0039B44F27C
:1074C000010293420ED8039B012B0DD0039B41F286
:1074D000010293420AD005E0019B059307E0019B5E
:1074E000049304E000BF02E000BF00E000BF084BCF
:1074F0001B6803F00103002B00D000BE019A029923
:107500000398FFF769FF00BF07B05DF804FB00BFF9
:10751000F0ED00E084B00190019B9B680393019B18
:10752000DA68039BD31A184604B0704782B0019002
:107530000B468DF80330019B1A68019BDB680199AB
:1075400089880B4013449DF803201A70019BDB6867
:107550005A1C019BDA6000BF02B0704784B00390F0
:107560000B460192ADF80A30039B1A68039B996899
:10757000BDF80A300B44039989880B4013441A78EC
:10758000019B1A7000BF04B0704700B583B0019032
:107590000091009A00210198FFF7E0FF019B9B6892
:1075A0005A1C019B9A6000BF03B05DF804FB84B0D5
:1075B000039002911346ADF80630029B002B01D1D7
:1075C0000E231DE0BDF80630002B07D0BDF80630B5
:1075D0005A1EBDF806301340002B01D009230FE0DE
:1075E000039B029A1A60BDF80630013B9AB2039BD6
:1075F0009A80039B00229A60039B0022DA6000239A
:10760000184604B0704700B583B001900B468DF862
:1076100003300198FFF77EFF0246019B9B889A4248
:1076200007D89DF8033019460198FFF77FFF002324
:1076300000E00423184603B05DF804FB00B583B0F6
:10764000019000910198FFF765FF0346002B05D0DC
:1076500000990198FFF799FF002300E005231846E1
:1076600003B05DF804FB82B00190019BDA68019BD6
:107670009A600023184602B070470000F0B583B04E
:10768000124801F02BFA034618464FF00001104B48
:10769000D3E90023861841EB0307CDE900670D4BC2
:1076A000D3E90023DDE90001994208BF904207D2E7
:1076B000DDE9002312F1807443F10005CDE90045B6
:1076C000DDE900231046194603B0F0BD0033002069
:1076D000E8330020F033002088B001900091019B36
:1076E0000793009B0693079BD3E90223CDE904236C
:1076F000069BD3E90223CDE90223DDE90423DDE97A
:107700000201994208BF90422CBF01230023DBB243
:10771000184608B07047000030B585B00190019B55
:107720005B69002B03D12B49A22006F0CFF8002380
:107730008DF80F30284B1B78002B45D0019B002B78
:1077400042D0019B1B7FDBB2002B3DD0FFF796FFA1
:10775000019BD3E90223994208BF90422CD3019B9D
:107760001B69002B02D1019B00221A77019B5B69E8
:10777000019A926910469847019B1B69002B23D000
:10778000019B1B7FDBB2002B1ED0019BD3E90201C2
:10779000019B1B691A464FF00003841841EB030557
:1077A000019BC3E90245019B19460C4801F034FCDA
:1077B00001238DF80F3007E0019B1946074801F0BF
:1077C0002BFC01238DF80F309DF80F30184605B0C3
:1077D00030BD00BF24460300E033002018460300FC
:1077E000F0B589B0019000910D230793009B002212
:1077F0001A70019BD3E90245FFF740FF02460B4692
:10780000A61A65EB0307CDE90467DDE90423012A25
:1078100073F100031BDB049BB3F5350F05D300F0B8
:10782000B7FA0246154B134403E0019BD3E9022348
:10783000134603934FF49603039A0021104801F076
:107840004FF80790079B002B05D1012313E000217F
:107850000B4801F01DF9079B0D2B07D10198FFF78D
:107860005BFF03461A46009B1A7003E00549F520AA
:1078700006F02CF80023184609B0F0BDFFFFB40055
:10788000003300202446030000B583B0044801F013
:10789000FDFB0190019B184603B05DF804FB00BF9F
:1078A0001846030000B583B0044801F011FC0190B4
:1078B000019B184603B05DF804FB00BF18460300A7
:1078C00000B583B0FFF7E0FF0190019B002B02D0D1
:1078D000019B00221A77019B002BF3D100BF00BF50
:1078E00003B05DF804FB0000054BD3E9002312F15F
:1078F000807043F10001024BC3E9000100BF7047F3
:10790000E833002000B583B00190134B1B68002BB7
:107910001DD0019801F0E2F80F4B1B68D3E9022358
:10792000134623F07F43194600F026FA0346B3F5C9
:10793000960F04D309494FF4957005F0C7FF064B25
:107940001B681846FFF7E8FE034B00221A6000BFD1
:1079500003B05DF804FB00BFDC33002024460300C5
:1079600000B583B00190FFF789FE02460B4603493C
:10797000C1E9002300BF03B05DF804FBF033002031
:1079800000B587B00190FFF78DFF049000238DF8BC
:107990001730049B002B48D02B4B1B68002B03D1C6
:1079A00001238DF8173019E0049BD3E90201264B1F
:1079B0001B68D3E90223994208BF90420ED20123EB
:1079C0008DF81730204B1B681B7FDBB2002B05D0D6
:1079D0001D4B1B6819461D4801F01EFB9DF8173012
:1079E000002B2AD0FFF750FF04900DF10F0319462A
:1079F0000498FFF7F5FE0346002B12D0124B1B68CC
:107A0000002B02D1019800F077FE0F4A049B13600F
:107A10009DF80F3083F00103DBB2002BB3D000BF21
:107A20000EE0094B00221A60ADE7074B1B68002BE4
:107A300005D1019800F076FE01E000BF00E000BF34
:107A400000BF07B05DF804FBDC33002018460300DC
:107A500000B587B001902C4A03AB1946104601F0DF
:107A60003AF9059048E0059B1B78022B2ED0022B9B
:107A700032DC002B02D0012B14D02DE0059B5B687B
:107A80001B7FDBB283F00103DBB2002B26D0059B0A
:107A90005B6801221A77059B5B6819461B4801F059
:107AA000BBFA1BE0059B5A68194B1B689A4203D12D
:107AB000174B00221A6012E0059B5B6819461348B9
:107AC00001F01AFB03468DF8133008E0FFF7F8FECB
:107AD000104B01221A7002E000BF00E000BF0A4A0A
:107AE00003AB1946104601F00FF9074A03AB1946DC
:107AF000104601F0F0F80590059B002BB3D100BFB4
:107B000000BF07B05DF804FB5034002018460300A6
:107B1000DC330020E033002000B583B001900198F1
:107B200000F0A9FF0346002B01D0FFF7DDFE002186
:107B3000019800F0BEFF0346002B02D00198FFF72A
:107B4000E1FE0121019800F0B4FF0346002B02D0B2
:107B50000198FFF705FF0198FFF77AFF0198FFF7FB
:107B60000FFF00BF03B05DF804FB000008B502483A
:107B700000F0C1FF00BF08BD0033002000B585B094
:107B8000034600918DF80730114A02AB19461046A2
:107B900001F074F80390039B002B13D0039B9DF816
:107BA00007201A70039B009A5A60094A02AB1946D3
:107BB000104601F07CF80346002B01D0FFF7D6FFFA
:107BC000002300E00423184605B05DF804FB00BF65
:107BD0005034002000B583B0164B1B680093164844
:107BE00008235822154901F016F80190019B002B3B
:107BF00001D0019B19E06B46114A1946114800F06B
:107C00001BFD0190019B002B01D0019B0DE0012188
:107C10000C4800F01FFF01230B4A0121094800F026
:107C200097FD0A4B01221A70019B184603B05DF8BC
:107C300004FB00BF9046030050340020F8330020BE
:107C4000197B020000330020FFFF7F00E03300209B
:107C500000B587B003900B4601928DF80B30039B63
:107C6000002B04D1134940F22E2005F02FFE019B7A
:107C7000002B04D10F4940F22F2005F027FE019B75
:107C8000002B01D1072310E0039B1B680593059B84
:107C9000019A5A619DF80B30012B0CBF0123002380
:107CA000DBB21A46059B1A610023184607B05DF83F
:107CB00004FB00BF2446030030B587B00390029157
:107CC0000192039B002B04D1154940F23E2005F0A0
:107CD000FDFD039B0593059B1B7FDBB2002B01D0B1
:107CE00000231AE0059B019A9A61FFF7C7FC029BEB
:107CF0001A464FF00003841841EB0305059BC3E9C6
:107D00000245059B1B69002B02D0059B029A1A6154
:107D100005990020FFF732FF0346184607B030BD33
:107D20002446030000B585B00190019B002B04D1CF
:107D300009494FF4157005F0C9FD019B0393039B9E
:107D400000221A7703990120FFF718FF034618460F
:107D500005B05DF804FB00BF2446030008B5054BE1
:107D600000221A7000210220FFF708FF0346184680
:107D700008BD00BFE033002082B001900091019A5D
:107D8000009BD31A23F07F43184602B070470000CF
:107D900008B5034800F0A2FE0346184608BD00BF20
:107DA0000033002000B587B00390029113468DF890
:107DB000073000230593039B1B781A46114B9B5CED
:107DC000002B09D0039B04339DF807200299184625
:107DD00004F03AFC05900FE0039B1B781A46094B10
:107DE0009B5C002B08D1039B0C339DF80720029964
:107DF000184603F0EDFD0590059B184607B05DF8A9
:107E000004FB00BFFC34002000B585B001900023C6
:107E10008DF80F30019B1B781A46114B9B5C002B91
:107E200008D0019B0433184604F0CEFC03468DF8BD
:107E30000F300EE0019B1B781A46094B9B5C002B10
:107E400007D1019B0C33184603F04AFE03468DF818
:107E50000F309DF80F30184605B05DF804FB00BFE9
:107E6000FC34002000B587B00390029113468DF8D2
:107E7000073000230593039B1B781A46114B9B5C2C
:107E8000002B09D0039B04339DF807200299184664
:107E900004F0B2FC05900FE0039B1B781A46094BD7
:107EA0009B5C002B08D1039B0C339DF807200299A3
:107EB000184603F06DFE0590059B184607B05DF867
:107EC00004FB00BFFC34002084B00190019B9B6840
:107ED0000393019BDA68039BD31A184604B07047DA
:107EE00000B587B001900091019B1B78022B45D013
:107EF000022B6ADC002B52D0012B66D1019B1B7A2E
:107F0000002B05D1012233493348FFF7ABFF5DE079
:107F1000019B5B681B7819463048FFF774FB05909E
:107F2000059B002B0AD001238DF80C30059B049390
:107F30002B4B1B6803AA104698470DE02748FFF714
:107F4000C3FF0346002B07D000238DF80C30244BD1
:107F50001B6803AA104698472048FFF7B5FF034661
:107F60001E4A9288934205D801221A491A48FFF7FF
:107F700079FF2BE01B4B01221A7027E002238DF8BA
:107F80000C30019BDB680493012212491248FFF771
:107F900069FF134B1B6803AA1046984716E0124965
:107FA0001248FFF74BFB0346002B05D101220E4977
:107FB0000948FFF7F7FE09E003238DF80C30084B62
:107FC0001B6803AA1046984700E000BF00BF07B037
:107FD0005DF804FB6C34002008330020703400206E
:107FE000643400206D340020683400208034002088
:107FF00030B591B00390029101928DF803303C4A64
:10800000019B1360029B002B01D107236DE0029BB3
:108010001968029B5B689BB21A463648FFF7C7FA9D
:108020000F900F9B0E930E9B002B01D00E9B5CE0DC
:10803000029B9968029BDB689BB21A462E48FFF7A9
:10804000B6FA0F900F9B0D930D9B002B01D00D9B4B
:108050004BE02A4B04AC1D460FCD0FC495E80F0032
:1080600084E80F00039B5B690A93039B1B7C002B36
:1080700014BF01230023DBB28DF824309DF80330B8
:108080008DF82C30039B5B7C002B01D00E2300E08D
:1080900000238DF82530039BDB680693039B9B68C8
:1080A0000793039B1B680593039B5B68049304ABD6
:1080B000134A1946134801F021FE0F900F9B0C93B1
:1080C0000C9B002B01D00C9B0FE00F4B00221A7071
:1080D000039B1B68B3F1FF3F06D001220B490948FF
:1080E000FFF7C0FE034600E00023184611B030BD84
:1080F0006434002070340020803400209446030053
:10810000E17E0200083300206D3400206C34002032
:1081100000B585B00D48FFF7A6FA0390039B0293C4
:10812000029B002B01D0029B0BE00948FFF79BFA52
:108130000390039B0193019B002B01D0019B00E066
:108140000023184605B05DF804FB00BF7034002022
:108150008034002000B587B00190019B002B03D133
:108160001449CA2005F0B2FB134B1B788DF8173069
:1081700001991248FFF762FA04909DF81730002B1E
:1081800012D00D4B00221A7001220D490D48FFF745
:1081900069FE0390039B0293029B002B04D0054AC7
:1081A000D6210298FFF766F9049B184607B05DF8E0
:1081B00004FB00BFB44603006D340020703400207F
:1081C0006C3400200833002000B585B003468DF8DC
:1081D00007309DF8073019461048FFF714FA03904E
:1081E000039B002B15D10E48FFF70EFE034683F0CC
:1081F0000103DBB2002B0CD00A490848FFF71EFA36
:108200000346002B05D1012206490548FFF7CAFDA8
:108210000390039B184605B05DF804FB80340020F2
:10822000083300206834002008B50348FFF74CFEEF
:108230000346184608BD00BF7034002082B0EFF33B
:1082400010830093009B019372B600BF019B1846F8
:1082500002B0704762B600BF00BF704700B585B07E
:108260000190FFF7EBFF0390164B9B68002B1BD18F
:10827000144B01229A60144BD3F88020134B134007
:10828000104A1360104B114AC3F880200E4BD3F8EC
:1082900084300C4A53600C4B4FF0FF32C3F88420FB
:1082A000019B00221A7002E0019B01221A70039BBD
:1082B000002B01D1FFF7CEFF0023184605B05DF873
:1082C00004FB00BF9034002000E100E0FC06FFBD8D
:1082D00000B585B003468DF80730104B9B68002B26
:1082E00016D09DF80730002B12D1FFF7A7FF03909F
:1082F0000B4A0A4B1B681360094A084B5B685360C2
:10830000064B00229A60039B002B01D1FFF7A2FFCE
:108310000023184605B05DF804FB00BF9034002030
:1083200000E100E000B583B0019000F02BF80346B7
:10833000012B03D00549432005F0C8FA0198FFF747
:108340008DFF00BF03B05DF804FB00BF24470300AE
:1083500000B583B003468DF8073000F013F80346EC
:10836000012B03D00649512005F0B0FA9DF80730E3
:108370001846FFF7ADFF00BF03B05DF804FB00BF78
:108380002447030084B0EFF305830193019BC3F3FB
:1083900008030393039B002B0DD1EFF31483009389
:1083A000009B0293029B03F00103002B0CBF0123EF
:1083B0000023DBB200E00123184604B07047000040
:1083C00082B003468DF807309DF8073003F01F0296
:1083D00005499DF907305B09012000FA02F241F8D6
:1083E000232000BF02B0704700E100E082B00346E6
:1083F0008DF807309DF8073003F01F0206499DF9FC
:1084000007305B09012000FA02F2403341F82320D3
:1084100000BF02B0704700BF00E100E082B0034639
:1084200000918DF807309DF90730002B0CDA009B86
:10843000DAB20C499DF8073003F00F03043B5201F8
:10844000D2B20B441A7609E0009BDAB206499DF9D4
:1084500007305201D2B20B4483F8002300BF02B0B0
:10846000704700BF00ED00E000E100E000B583B020
:1084700003460A468DF8073013468DF806309DF8FE
:108480000630012B03D99DF80630032B0BD99DF83C
:108490000630042B03D99DF80630072B03D9084971
:1084A0006B2005F013FA9DF806209DF90730114660
:1084B0001846FFF7B3FF00BF03B05DF804FB00BF31
:1084C0009847030000B583B003468DF807309DF947
:1084D00007301846FFF774FF00BF03B05DF804FBD8
:1084E00000B585B00190019B002B0AD0074B43F0EB
:1084F00001030393019B9B010293039B02989847FE
:1085000000E000BF05B05DF804FB00BF7048030049
:1085100084B0039002910192039B029A02F5A87223
:10852000019943F8221000BF04B0704782B0019057
:108530000091019B009A02F5A87253F82230184668
:1085400002B0704782B001900091019B009AC3F87D
:10855000042300BF02B0704782B001900091019BDC
:10856000009AC3F8082300BF02B0704782B00190A0
:108570000B46ADF80230BDF80230019A13441B6877
:10858000184602B0704784B001900B46ADF8023037
:10859000BDF80230019A134400221A60BDF802307F
:1085A000019A13441B680393039B00BF04B07047F8
:1085B00082B00190019BD3F80435184602B0704791
:1085C00000B583B001900091009BB3F5805F04D3A8
:1085D00006494FF4BE7005F079F9019B009AC3F883
:1085E000082500BF03B05DF804FB00BFD0470300BF
:1085F00082B001900B468DF803309DF80320019B5B
:1086000013441A460123136000BF02B0704782B0C2
:1086100001900091019B009AC3F8442300BF02B06F
:10862000704782B001900091019B009AC3F84823E3
:1086300000BF02B07047000000B587B00390029100
:108640000192039B002B03D12849552005F03EF9E8
:10865000029B002B03D12549562005F037F9019BD9
:10866000002B03D12149572005F030F9039B5B799A
:1086700019461F4A019B42F82130039B5B791D4A32
:10868000DB0013441B79002B03D008230593059BC3
:1086900027E0039B1A68029B1B8819461046FFF7C8
:1086A0008FFF039B93F90420029B9B781946104689
:1086B000FFF7DCFE039B93F904301846FFF702FF37
:1086C000039B5B790B4ADB00134401221A71039B65
:1086D0005B791946074A039B42F831300023059322
:1086E000059B184607B05DF804FB00BF0448030073
:1086F0009C340020A034002000B583B00190019B81
:10870000002B03D10649872005F0E0F8019B1B6888
:1087100000211846FFF76CFF00BF03B05DF804FBB3
:108720000448030000B583B00190019B002B03D1E6
:1087300006498D2005F0CAF8019B1B6804211846E4
:10874000FFF756FF00BF03B05DF804FB04480300C9
:1087500000B587B00390029101928DF80330039B1E
:10876000002B03D12149962005F0B0F84FF4803258
:10877000029B02FA03F30593029B50339BB29B00CA
:10878000ADF81230019B23F07F430193039B1B68DC
:1087900005991846FFF7E0FE039B1B6805991846EC
:1087A000FFF73FFF039B1B68BDF8122011461846D8
:1087B000FFF7E9FE039B1B68019A02991846FFF731
:1087C000A7FE039B1B6805991846FFF720FF9DF83D
:1087D0000330002B05D0039B1B6805991846FFF753
:1087E000B1FE00BF07B05DF804FB00BF0448030002
:1087F00000B585B00390029113468DF80730039BB6
:10880000002B03D10B49A92005F060F8039B1B68DE
:1088100002991846FFF7FBFE9DF80730002B05D0A4
:10882000039B1B6802991846FFF78CFE00BF05B03A
:108830005DF804FB0448030000B583B0019000918B
:10884000019B002B03D10A49B32005F03FF8019B9F
:108850001B6800991846FFF7E4FE019B1B6800990E
:108860001846FFF779FE00BF03B05DF804FB00BFB8
:108870000448030000B583B001900B46ADF8023008
:10888000019B002B03D10F49BA2005F01FF8019B73
:108890001B68BDF8022011461846FFF767FE034625
:1088A000002B09D0019B1B68BDF802201146184619
:1088B000FFF769FE012300E00023184603B05DF8CE
:1088C00004FB00BF0448030082B001900091019AAC
:1088D000009BD31A23F07F43184602B07047000074
:1088E00000B58BB00390029101920093039B002B83
:1088F00003D15749CD2004F0E9FF4FF48032029BA9
:1089000002FA03F30993029B50339BB29B00ADF82C
:108910002230019B23F07F43019309990398FFF7CD
:108920008BFF039B1B681846FFF742FE0790039BD3
:108930001B6802991846FFF7F9FD0690039B1B6818
:10894000079A02991846FFF7E3FD039B1B68BDF8E1
:10895000222011461846FFF716FE07990698FFF7E2
:10896000B3FF0346012B0AD11020FFF7B9FD039B8B
:108970001B68BDF8222011461846FFF704FE039B32
:108980001B681846FFF714FE079007990198FFF738
:108990009BFF0590039B1B6809991846FFF737FE5C
:1089A000059B012B15D1039B1868019B01331A46C7
:1089B0000299FFF7ADFD1020FFF792FD039B1B68A6
:1089C0001846FFF7F5FD0246079B934235D00D236D
:1089D00039E0039B1B68019A02991846FFF798FD3E
:1089E000039B1B681846FFF7E3FD0790019B013BC3
:1089F00007991846FFF768FF0590009BC3F1FF1326
:108A000003F57F43059A9A4201D90D231BE0059B8C
:108A1000002B12D1039B1868019B01331A4602995F
:108A2000FFF776FD039B1B681846FFF7C1FD024662
:108A3000079B934201D00D2305E001220999039879
:108A4000FFF7D6FE002318460BB05DF804FB00BF0D
:108A50000448030000B583B001900B468DF8033045
:108A60009DF803301A4602210198FFF7C1FE00BFAE
:108A700003B05DF804FB00B583B001904FF4827140
:108A80000198FFF7F7FE0346184603B05DF804FBB4
:108A900000B583B0019000914FF48032009B02FA40
:108AA00003F319460198FFF7C7FE00BF03B05DF856
:108AB00004FB00B585B001900091009B50339BB240
:108AC0009B00ADF80E30BDF80E3019460198FFF747
:108AD000D1FE0346184605B05DF804FB00B583B02F
:108AE0000190019B1B681846FFF762FD034618467C
:108AF00003B05DF804FB00B583B00190019B93F9CE
:108B000004301846FFF772FC00BF03B05DF804FBA9
:108B100008B5044B1B68044A12681046984700BF0A
:108B200008BD00BF9C340020A034002086B0019016
:108B30000091019B53E8011F8AB2D88902449889A9
:108B4000824228BF121A1889824202BFBFF32F8FB8
:108B5000002307E0C2EA010243E801200028E9D12E
:108B60004FF001038DF80F30059002910492029AA4
:108B7000009B1A609DF80F30DBB2184606B07047B4
:108B800084B00190019951E8013FC3EA034341E8F1
:108B90000132002AF7D10392029300BF04B070475C
:108BA00086B001900091019B53E8021F1FFAA1F2C9
:108BB000D888824202BFBFF32F8F00230DE0D889EF
:108BC00002449889824228BF121AC1EA024243E84D
:108BD00002200028E8D14FF001038DF80F300590F6
:108BE00002910492029A009B1A609DF80F30DBB24A
:108BF000184606B0704784B00190019951E8023FD1
:108C0000C3EA234341E80232002AF7D103920293D8
:108C100000BF04B0704784B00390029111461A4619
:108C20000B46ADF806301346ADF80430029B002B1E
:108C300001D10E231FE0BDF80630BDF80420B3FBC0
:108C4000F2F102FB01F29B1A9BB2002B01D0092327
:108C500011E0039B029A1A60039B00225A60039B57
:108C600000229A60039BBDF806209A81039BBDF801
:108C70000420DA810023184604B0704700B585B09F
:108C800001900091009B19460198FFF74FFF0346A2
:108C9000002B07D0019B1B68009A12881344039392
:108CA000039B00E00023184605B05DF804FB00B507
:108CB00083B001900091009B1A88009B5B889A42C8
:108CC00004D10198FFF75CFF012300E00023184660
:108CD00003B05DF804FB00B585B001900091009BE6
:108CE00019460198FFF75CFF0346002B07D0019B54
:108CF0001B68009A528813440393039B00E00023EF
:108D0000184605B05DF804FB00B583B001900091F2
:108D1000009B1A88009B5B889A4204D10198FFF758
:108D20006AFF012300E00023184603B05DF804FB4E
:108D300000B585B001900091009B5B099B00019AF2
:108D40001A44009B03F01F03012101FA03F31946A3
:108D5000104600F036F8039000BF05B05DF804FB44
:108D600000B585B001900091009B5B099B00019AC2
:108D70001A44009B03F01F03012101FA03F3DB43B4
:108D80001946104600F035F8039000BF05B05DF8B5
:108D900004FB82B001900091009B5B099B00019A4B
:108DA00013441A68009B03F01F0322FA03F303F035
:108DB0000103002B14BF01230023DBB2184602B0CD
:108DC000704710B487B001900091019B009A53E85E
:108DD000004F44EA020043E8000191F0000FF6D191
:108DE000059404900391049B184607B05DF8044B6A
:108DF000704710B487B001900091019B009A53E82E
:108E0000004F04EA020043E8000191F0000FF6D1A0
:108E1000059404900391049B184607B05DF8044B39
:108E20007047000082B003468DF807309DF8073088
:108E300003F01F0206499DF907305B09012000FA83
:108E400002F2603341F8232000BF02B0704700BF38
:108E500000E100E000B583B00190019B002B03D13D
:108E60000649722004F032FD019B00221A60BFF314
:108E70005F8F00BF00BF03B05DF804FBD448030060
:108E800041DF704700BF184600B585B000238DF85C
:108E900003300DF103031846FFF744FAF1EE103AE0
:108EA0000193019B0393039B23F09F030293029B77
:108EB000E1EE103A00BFBFF35F8F00BF2620FFF73F
:108EC000B1FF9DF803301846FFF742FA039B03F009
:108ED0000703002B03D004497D2004F0F7FC00BFFA
:108EE00005B05DF804FB00BF1449030008B5064B4C
:108EF00000221A700548FFF7ADFF0549054800F04C
:108F00002FF80023184608BDAC340020A8340020F8
:108F100088490300B034002000B583B0FFF7B4FFE8
:108F200009F01EFB0346002B0ED0FFF7A9FF0190AE
:108F3000019B002B0ED0019B022B0BD007494FF455
:108F4000B07004F0C3FC05E020BF00BF40BF00BF0D
:108F500020BF00BF00BF03B05DF804FB144903004D
:108F600000B583B001900091019B002B03D1104903
:108F7000502004F0ABFC009B002B03D10C49512086
:108F800004F0A4FC019B009A1A60019B1B681A68FC
:108F9000019B5A60019B5A68019B1B685B689A425F
:108FA00002D1019B00225A6000BF03B05DF804FBB0
:108FB0009449030000B583B00190019B002B03D1BD
:108FC0001449632004F082FC019B1B68002B03D131
:108FD0001049642004F07AFC019B5B68002B14D0DC
:108FE000019B5B681A46019B1B689B6813441A46E9
:108FF000019B5A60019B5A68019B1B685B689A42FF
:1090000004D1019B00225A6000E000BF03B05DF86C
:1090100004FB00BF9449030000B585B001900091A6
:10902000019B002B03D118493A2004F04FFC009B10
:10903000002B03D114493B2004F048FC019B5B68E2
:1090400003930FE0019B9B68039A126800991046F6
:109050009847034683F00103DBB2002B07D1039B43
:109060001B680393039B1B68002BEBD100E000BF40
:10907000039B1A68009B1A60039B009A1A6000BF4A
:1090800005B05DF804FB00BF1C4A030000B585B0C5
:109090000190019B002B03D10C49512004F016FCD8
:1090A000019B5B681B680393019B5B681B68002B3B
:1090B00006D0019B5B681A68019B5B6812681A60A6
:1090C000039B184605B05DF804FB00BF1C4A030073
:1090D00000B583B00190019B002B03D105495D20B1
:1090E00004F0F4FB019B5B681B68184603B05DF855
:1090F00004FB00BF1C4A030000B585B0019000913D
:10910000019B002B03D11649692004F0DFFB009B73
:10911000002B03D112496A2004F0D8FB00238DF8FC
:109120000F30019B5B6802930FE0029B1B68009A63
:109130009A4207D1009B1A68029B1A6001238DF89E
:109140000F3006E0029B1B680293029B1B68002BFA
:10915000EBD19DF80F30184605B05DF804FB00BF59
:109160001C4A0300BFF34F8F00BF074BDB6803F4BB
:10917000E0620549054B1343CB60BFF34F8F00BF3F
:1091800000BF00BFFCE700BF00ED00E00400FA05EF
:10919000024B034A1A6000BF704700BF1C33002017
:1091A0000090D00308B500F097F90346002B06D0D5
:1091B000B74B1B681B0AB74A03F01F03136000F08C
:1091C000B7F90346002B02D0B34BB44A1A6000F043
:1091D000CBF90346002B06D0B14B1B685B0BB14AA1
:1091E00003F00703136000F0EBF90346002B05D0F2
:1091F000AD4BDB68AC4A23F08073D36000F0FCF920
:109200000346002B0ED04FF080430022C3F80C2100
:109210004FF080430022C3F810214FF0804300221A
:10922000C3F8382500F014FA0346002B02D09F4BF8
:1092300003221A6000F028FA0346002B0BD09C4B47
:1092400005221A609B4B01221A609B4B00221A6078
:109250009A4B3F221A6000F033FA0346002B76D077
:109260004FF08053964AD3F80434C2F820354FF0BB
:109270008053934AD3F80834C2F824354FF0805312
:109280008F4AD3F80C34C2F828354FF080538C4AFB
:10929000D3F81034C2F82C354FF08053884AD3F8F5
:1092A0001434C2F830354FF08053854AD3F818345F
:1092B000C2F834354FF08053814AD3F81C34C2F8D9
:1092C00040354FF080537E4AD3F82034C2F84435FD
:1092D0004FF080537A4AD3F82434C2F848354FF01F
:1092E0008053774AD3F82834C2F84C354FF0805376
:1092F000734AD3F82C34C2F850354FF08053704A7B
:10930000D3F83034C2F854354FF080536C4AD3F858
:109310003434C2F860354FF08053694AD3F838349A
:10932000C2F864354FF08053654AD3F83C34C2F834
:1093300068354FF08053624AD3F84034C2F86C3538
:109340004FF080535E4AD3F84434C2F8703500F0D1
:10935000D3F90346002B05D05A4B1B685A4A03F039
:109360004F03136000F0F4F90346002B0DD04FF0CB
:109370008043D3F8003403F00103002B05D04FF0F5
:1093800080436FF00102C3F8002400F00DFA034699
:10939000002B05D04D4B1B684C4A43F4806313608F
:1093A0004B4BD3F888304A4A43F47003C2F88830F4
:1093B000BFF34F8F00BFBFF36F8F00BF4FF010237D
:1093C000D3F80C3203F00103012B25D1414B0122CC
:1093D000C3F8042500BF3F4BD3F80034002BFAD06C
:1093E0004FF01023D3F80C324FF0102223F001037A
:1093F000C2F80C3200BF374BD3F80034002BFAD040
:10940000344B0022C3F8042500BF324BD3F800349C
:10941000002BFAD0FFF7A6FE4FF01023D3F800324E
:10942000002B05DB4FF01023D3F80432002B2BDA8E
:10943000284B0122C3F8042500BF264BD3F8003483
:10944000002BFAD04FF010231522C3F8002200BFE2
:10945000204BD3F80034002BFAD04FF01023152204
:10946000C3F8042200BF1B4BD3F80034002BFAD002
:10947000184B0022C3F8042500BF164BD3F8003464
:10948000002BFAD0FFF76EFEFFF782FE00BF08BD8B
:10949000240300104035014074C007400DF0ADBA00
:1094A000440200103C050040F0ED00E0A005004043
:1094B0001056004088560040185600401456004090
:1094C00000C0004058020010E40E00403C1700406D
:1094D00000ED00E000E00140124B1B68DBB2062B00
:1094E0001DD1114B1B6803F00F03002B17D10F4B3D
:1094F0001B6803F0F003302B01D1012310E00B4B6C
:109500001B6803F0F003402B01D1012308E0074B57
:109510001B6803F0F003502B01D1012300E000236E
:1095200018467047E00F00F0E40F00F0E80F00F07D
:109530000A4B1B68DBB2062B0DD1094B1B6803F0ED
:109540000F03002B07D1074B1B6803F0F003302BF0
:1095500001D1012300E0002318467047E00F00F01E
:10956000E40F00F0E80F00F0124B1B68DBB2062B93
:109570001DD1114B1B6803F00F03002B17D10F4BAC
:109580001B6803F0F003302B01D1012310E00B4BDB
:109590001B6803F0F003402B01D1012308E0074BC7
:1095A0001B6803F0F003502B01D1012300E00023DE
:1095B00018467047E00F00F0E40F00F0E80F00F0ED
:1095C0000A4B1B68DBB2062B0DD1094B1B6803F05D
:1095D0000F03002B07D1074B1B6803F0F003302B60
:1095E00001D1012300E0002318467047E00F00F08E
:1095F000E40F00F0E80F00F0124B1B68DBB2062B03
:109600001DD1114B1B6803F00F03002B17D10F4B1B
:109610001B6803F0F003302B01D1012310E00B4B4A
:109620001B6803F0F003402B01D1012308E0074B36
:109630001B6803F0F003502B01D1012300E000234D
:1096400018467047E00F00F0E40F00F0E80F00F05C
:109650000A4B1B68DBB2062B0DD1094B1B6803F0CC
:109660000F03002B07D1074B1B6803F0F003302BCF
:1096700001D1012300E0002318467047E00F00F0FD
:10968000E40F00F0E80F00F00A4B1B68DBB2062B7A
:109690000DD1094B1B6803F00F03002B07D1074BBB
:1096A0001B6803F0F003302B01D1012300E00023FD
:1096B00018467047E00F00F0E40F00F0E80F00F0EC
:1096C0000A4B1B68DBB2062B0DD1094B1B6803F05C
:1096D0000F03002B07D1074B1B6803F0F003502B3F
:1096E00001D1012300E0002318467047E00F00F08D
:1096F000E40F00F0E80F00F0124B1B68DBB2062B02
:109700001DD1114B1B6803F00F03002B17D10F4B1A
:109710001B6803F0F003302B01D1012310E00B4B49
:109720001B6803F0F003402B01D1012308E0074B35
:109730001B6803F0F003502B01D1012300E000234C
:1097400018467047E00F00F0E40F00F0E80F00F05B
:10975000124B1B68DBB2062B1DD1114B1B6803F0AB
:109760000F03002B17D10F4B1B6803F0F003302BB6
:1097700001D1012310E00B4B1B6803F0F003402BD9
:1097800001D1012308E0074B1B6803F0F003502BC5
:1097900001D1012300E0002318467047E00F00F0DC
:1097A000E40F00F0E80F00F0064B1B68062B05D114
:1097B000054B1B68062B01D1012300E0002318464E
:1097C000704700BF300100103401001082B0034622
:1097D0008DF807309DF8073003F01F0206499DF908
:1097E00007305B09012000FA02F2203341F8232000
:1097F00000BF02B0704700BF00E100E008B508F00C
:10980000AFFE034683F00103DBB2002B03D1054911
:10981000792004F05BF800F063FC034B00229A709F
:1098200000BF08BD904A0300B834002000B583B0E3
:1098300000230193144B1B78002B02D08523019346
:109840001CE0114B00229A600F4B00225A600E4B15
:1098500000221A610C4B0022DA600C4800F0ECFB8D
:10986000019008F07DFE034683F00103DBB2002B7C
:1098700001D000F007FC044B01221A70019B18462E
:1098800003B05DF804FB00BFB8340020559A020015
:1098900084B001900091019B1B68039306E0039A3A
:1098A000009B9A420DD0039B1B680393039B002BE4
:1098B000F5D1019B1A68009B1A60019B009A1A60FF
:1098C00000E000BF04B0704784B00190019B1B68AA
:1098D0000393039B002B03D0039B1A68019B1A6020
:1098E000039B184604B0704700B585B00190294B22
:1098F0001B78002B03D12849E92003F0E7FF254B13
:109900009B78DBB2002B19D0019B002B03D0019B6D
:109910005B680120984700238DF80F300DF10F038D
:109920001846FEF7FFFC1B4BDB680133194AD36076
:109930009DF80F301846FEF70BFD1EE000238DF852
:109940000E300DF10E031846FEF7ECFC019B002BC8
:1099500003D001991148FFF79BFF0E4BDB68002BEA
:1099600001D100F0A3FB0B4BDB680133094AD36044
:109970009DF80E301846FEF7EBFC064BDB68002B1B
:1099800004D1054940F2051003F0A0FF00BF05B067
:109990005DF804FBB8340020904A0300C83400206E
:1099A00000B583B0164B1B78002B04D115494FF43A
:1099B000857003F08BFF124BDB68002B04D111493B
:1099C00040F20B1003F082FF00238DF807300DF1F9
:1099D00007031846FEF7A6FC094BDB68013B084A63
:1099E000D360074BDB68002B01D1FFF707FF9DF821
:1099F00007301846FEF7ACFC00BF03B05DF804FB6F
:109A0000B8340020904A030000B585B003468DF8B5
:109A100007309DF80730002B02D10C4B039301E077
:109A20000B4B03930398FFF74FFF0290029B002B11
:109A300006D0029B5B689DF8072010469847F1E727
:109A400000BF00BF05B05DF804FB00BFC0340020BC
:109A5000C834002000B583B003468DF807309DF868
:109A60000730002B05D10A4B01225A700020FFF766
:109A7000CBFF9DF80730012B05D1054B01229A70D1
:109A80000120FFF7C1FF00BF03B05DF804FB00BF7A
:109A9000B834002000B583B001900091019B002BE9
:109AA00005D1054B01225A700020FFF7ADFF00BF22
:109AB00003B05DF804FB00BFB834002000B585B0EA
:109AC000034600918DF807309DF80730032B29D00D
:109AD000032B35DC002B02D0012B04D030E000201A
:109AE000FFF774FE2DE000238DF80F300DF10F030A
:109AF0001846FEF717FC154B1B7883F00103DBB209
:109B0000002B01D0FFF792FE104BDB6801330F4AA8
:109B1000D3600E4B01229A709DF80F301846FEF765
:109B200017FC0EE0094B1B78002B04D1084940F2CA
:109B3000452003F0CBFE00F0A5FAFFF731FF00E06F
:109B400000BF00BF05B05DF804FB00BFB8340020C3
:109B5000904A030000B589B001900091009B0793E3
:109B6000019B1B788DF80830019B5B680393019B78
:109B70009B68DBB28DF81030019BDB680593019B7D
:109B80001B69DBB28DF81830074A079B52F8233067
:109B90000649079A51F8221002AA1046984700BFBA
:109BA00009B05DF804FB00BFCC340020DC34002099
:109BB00010B58AB00390029101920093039B1B7829
:109BC00009932249099B019A41F823202049099BC6
:109BD000009A41F82320002308931E4B04AC0FCBBE
:109BE00084E80F00029B1B788DF81030029B5B7895
:109BF0008DF81130029B9B788DF81230029BDB7838
:109C00008DF81330029B1B798DF81530029B5B7920
:109C10008DF81630029B9B680693029B1B7B8DF888
:109C20001C30029B5B7B8DF81D30039B181D019B34
:109C3000002B01D0084A00E00022099B04A901F092
:109C400011F90890089B18460AB010BDCC340020CA
:109C5000DC340020FC4A0300559B020000B589B0AB
:109C600001900091009B0793019B1B788DF80C30AD
:109C7000019B5B680493019B9B68DBB28DF81430F9
:109C8000019BDB680693074A079B52F8233006497D
:109C9000079A51F8221003AA1046984700BF09B04E
:109CA0005DF804FBEC340020F434002000B589B0EA
:109CB00001900091009B0793019B1B788DF80C305D
:109CC000019B5B680493019B9B68DBB28DF81430A9
:109CD000019BDB680693074A079B52F8233006492D
:109CE000079A51F8221003AA1046984700BF09B0FE
:109CF0005DF804FBEC340020F434002030B58FB064
:109D0000039002910192039B1B780C932C490C9BAE
:109D1000019A41F82320029B1A692A490C9B41F8B9
:109D200023200C9B012B07D1029B5B7F002B03D1CF
:109D30002549762003F0CAFD029B5B7F1946234A22
:109D40000C9B13440A461A70029B04AC1D460FCDAF
:109D50000FC495E80F0084E80F000C9B08930023C4
:109D60000D93039B1B781A46184B9B5C002B0DD060
:109D7000039B181D019B002B01D0154A00E0002217
:109D800004AB194602F0FAFB0D9014E0039B1B781C
:109D90001A460E4B9B5C002B0DD1039B03F10C006C
:109DA000019B002B01D00B4A00E0002204AB1946B6
:109DB00001F05AFD0D900D9B18460FB030BD00BF4D
:109DC000EC340020F43400200C4B0300FC34002061
:109DD0005D9C0200AD9C020082B003468DF8073006
:109DE0009DF8073003F01F0205499DF907305B0914
:109DF000012000FA02F241F8232000BF02B07047B0
:109E000000E100E082B0034600918DF807309DF933
:109E10000730002B0CDA009BDAB20C499DF80730B2
:109E200003F00F03043B5201D2B20B441A7609E04F
:109E3000009BDAB206499DF907305201D2B20B44B9
:109E400083F8002300BF02B0704700BF00ED00E0C0
:109E500000E100E082B00190019B1B0B5BB2184651
:109E600002B0704700B583B003460A468DF807304C
:109E700013468DF806309DF80630012B03D99DF866
:109E80000630032B0BD99DF80630042B03D99DF81F
:109E90000630072B03D908496B2003F017FD9DF806
:109EA00006209DF9073011461846FFF7ABFF00BFAB
:109EB00003B05DF804FB00BF784B030000B583B02E
:109EC00003468DF807309DF907301846FFF784FFE9
:109ED00000BF03B05DF804FB82B003468DF8073085
:109EE0000F4A9DF90730002B00DA1F335B115BB27C
:109EF00052F823209DF90730594203F01F0301F067
:109F00001F0158BF4B425BB222FA03F303F0010377
:109F1000002B14BF01230023DBB2184602B07047A8
:109F200000E100E082B001904FF08042019BC2F856
:109F3000043300BF02B0704782B001904FF08042FE
:109F4000019BC2F8083300BF02B0704782B00346DD
:109F50008DF807309DF8073003F1804301221A6025
:109F600000BF02B0704784B00346ADF80630BDF8BC
:109F7000063003F1804300221A60BDF8063003F179
:109F800080431B680393039B00BF04B0704782B0FB
:109F90000346ADF80630BDF8063003F180431B6878
:109FA000002B14BF01230023DBB2184602B0704718
:109FB00082B001904FF08042019BC2F8183500BF7B
:109FC00002B070474FF08043D3F818341B0C03F0F5
:109FD0000103002B14BF01230023DBB21846704796
:109FE00000B583B006238DF807304FF08040FFF7AF
:109FF00031FF03461846FFF76FFF034683F0010366
:10A00000DBB2002B13D04FF08040FFF723FF034655
:10A010001A469DF8073019461046FFF723FF4FF008
:10A020008040FFF717FF03461846FFF747FF00BFC2
:10A0300003B05DF804FB000000B585B00190019B02
:10A04000002B03D10D49A42003F040FC002303930F
:10A050000B4B1B79002B02D08523039308E0084AA1
:10A06000019B1360064B01221A71054B00225A71A5
:10A07000039B184605B05DF804FB00BFB04B03001E
:10A080000035002008B5074B1B79002B03D106498A
:10A09000BD2003F01BFCFFF7A3FF0120FFF788FFA3
:10A0A00000BF08BD00350020B04B030008B50A4BC7
:10A0B0001B79002B03D10949EA2003F007FC4FF478
:10A0C0008270FFF750FF0220FFF72CFF0820FFF7F8
:10A0D0003DFF00BF08BD00BF00350020B04B0300AE
:10A0E00008B50A4B1B79002B03D10949F72003F06F
:10A0F000EDFB0C20FFF72AFF00BFFFF763FF0346CD
:10A10000002BFAD100BF00BF08BD00BF0035002002
:10A11000B04B030008B54FF48070FFF738FF0346DB
:10A12000002B14D04FF48070FFF71DFF0120FFF7C4
:10A1300003FF114B5B7983F00103DBB2002B06D0E8
:10A140000D4B01225A710C4B1B68002098474FF4AD
:10A150008270FFF71CFF0346002B0AD04FF4827079
:10A16000FFF701FF0220FFF7E7FE034B1B6801200A
:10A17000984700BF08BD00BF0035002082B00346ED
:10A180008DF807309DF8073003F01F0205499DF94F
:10A1900007305B09012000FA02F241F8232000BFDA
:10A1A00002B0704700E100E082B0034600918DF8F4
:10A1B00007309DF90730002B0CDA009BDAB20C490E
:10A1C0009DF8073003F00F03043B5201D2B20B4459
:10A1D0001A7609E0009BDAB206499DF90730520170
:10A1E000D2B20B4483F8002300BF02B0704700BF17
:10A1F00000ED00E000E100E000B583B003460A4650
:10A200008DF8073013468DF806309DF80630012B87
:10A2100003D99DF80630032B0BD99DF80630042B8B
:10A2200003D99DF80630072B03D908496B2003F0AA
:10A230004DFB9DF806209DF9073011461846FFF7A3
:10A24000B3FF00BF03B05DF804FB00BF1C4C03006C
:10A2500000B583B003468DF807309DF907301846E6
:10A26000FFF78CFF00BF03B05DF804FB00B583B0BF
:10A270000346ADF80630BDF80630184600F026F863
:10A2800003461B68012B0CBF01230023DBB21846D9
:10A2900003B05DF804FB00B585B00346ADF80630A9
:10A2A000BDF80630184600F011F803461A460023A0
:10A2B0001360BDF80630184600F008F803461B6826
:10A2C0000393039B00BF05B05DF804FB82B0034617
:10A2D000ADF80630BDF8063003F1804303F5C04306
:10A2E000184602B07047000082B00190034A019BFB
:10A2F000C2F8043300BF02B0704700BF00600040E6
:10A3000082B00190034BD3F80423019B13401846FD
:10A3100002B070470060004082B00190054A019B86
:10A3200003F5A27352F823301B0A03F03F031846CB
:10A3300002B070470060004082B00190064A019B65
:10A3400003F5A27352F823301B0C03F00303DBB2B6
:10A35000184602B0704700BF0060004000B583B0EF
:10A360000190019B1B682F2B04D90B4940F2CD10A3
:10A3700003F0ACFA019B1B681F2B02D84FF0A043DF
:10A3800006E0019B1B6803F01F02019B1A60034B50
:10A39000184603B05DF804FB544C03000003005062
:10A3A00000B585B001900B468DF8033001AB18461F
:10A3B000FFF7D4FF0390019A039B02F5E07253F874
:10A3C0002230019A23F44031039B02F5E07243F8F6
:10A3D0002210019A039B02F5E07253F822309DF897
:10A3E000032012041146019A1943039B02F5E072FF
:10A3F00043F8221000BF05B05DF804FB00B585B03E
:10A40000019001AB1846FFF7A9FF0390019A039B47
:10A4100002F5E07253F822301B0C03F00303DBB2A9
:10A42000184605B05DF804FB82B00190019BD3F89B
:10A430001035184602B0704700B589B003900291FC
:10A440000192184A05AB92E8030083E80300039ADF
:10A45000029B1344022B04D9134940F2FD2003F060
:10A4600035FA039B079311E0079B9B0008AA13444E
:10A4700053F80C3C1846FFF7D7FF0246019B1A60C1
:10A48000019B04330193079B01330793039A029BBB
:10A490001344079A9A42E7D300BF00BF09B05DF8A2
:10A4A00004FB00BF8C4C0300544C030084B00190AB
:10A4B0000091009B0393019BDB080293019B03F037
:10A4C000070301930122019B02FA03F30399029A05
:10A4D0000A4412781340184604B0704784B00190C3
:10A4E0000091009B0393019BDB080293019B03F007
:10A4F00007030193039A029B13441B785AB201216C
:10A50000019B01FA03F35BB2134359B2039A029B16
:10A510001344CAB21A7000BF04B0704782B00190F1
:10A52000044A019B13443033FF221A7000BF02B06B
:10A53000704700BF0835002082B00190044A019B9B
:10A540001344303393F90030184602B0704700BF0F
:10A550000835002082B00190034A019B52F8233055
:10A56000184602B0704700BF0835002082B003468D
:10A570008DF807309DF80730094A4FF0FF3142F857
:10A5800023109DF80730072B07D99DF80730083BAB
:10A59000034A1344FF2283F8602000BF02B07047D3
:10A5A0000835002000B583B0254B93F86A30002BA6
:10A5B00003D008230093009B3EE000238DF8073072
:10A5C00009E09DF807301846FFF7A8FF9DF807300F
:10A5D00001338DF807309DF807302F2BF1D9002378
:10A5E0008DF8073009E09DF807301846FFF7BEFFE9
:10A5F0009DF8073001338DF807309DF807300B2B9D
:10A60000F1D9062200210F4809F053F8062106204F
:10A61000FFF7F2FD0620FFF71BFE4FF4BE70FFF7B9
:10A620003AFE4FF00040FFF75FFE054B012283F832
:10A630006A2000230093009B184603B05DF804FBDA
:10A64000083500206C35002000B599B00023179321
:10A6500006AB00221A605A604FF48073ADF8563092
:10A66000012314930023169321E0BDF856301846B9
:10A67000FFF7FCFD0346002B0ED01498FFF740FEB9
:10A680000346002B08D0BDF856301846FFF703FEEE
:10A69000179A149B13431793149B5B001493BDF8F4
:10A6A00056300433ADF85630169B01331693169B83
:10A6B000072BDAD94FF4BE70FFF7D8FD0346002B05
:10A6C0000DD04FF4BE70FFF7E6FD179B43F000433B
:10A6D000179306AB1A4602210020FFF7ADFE179B29
:10A6E000DBB2002B29D0012314930023169321E021
:10A6F000149A179B1340002B16D01698FFF70CFEE8
:10A7000011901698FFF718FE03468DF843301698FF
:10A71000FFF720FF0F900F9B002B05D09DF84320E3
:10A720000F9B114611989847149B5B001493169B3E
:10A7300001331693169B072BDAD9179B002B80F257
:10A74000F08000238DF84B3004AB00221A605A6071
:10A75000002313930AE0139B9B0018AA13444FF0A5
:10A76000FF3243F8582C139B01331393139B012B97
:10A77000F1D900238DF84B300023169378E06B4A13
:10A78000169B1344603393F900308DF83B309DF8ED
:10A790003B3023F0C0030D93644A169B134460338F
:10A7A00093F90030B3F1FF3F5FD002AB19460D982B
:10A7B000FFF77CFE0346002B57D09DF83B309B09EA
:10A7C0008DF833300D98FFF7B7FE03461846FFF7B4
:10A7D000C1FE0B900B9B002B03D19DF83330032B54
:10A7E00043D19DF83330032B04D104AB19460D98A7
:10A7F000FFF774FE0D98FFF701FE03468DF82B302E
:10A8000006AB19460D98FFF751FE0990099B002BE6
:10A8100003D09DF82B30022B06D0099B002B24D1AE
:10A820009DF82B30032B20D19DF83330032B13D10F
:10A830009DF82B30022B01D1032300E002238DF879
:10A8400023309DF8233019460D98FFF7A9FD9DF898
:10A850004B3001338DF84B300B9B002B05D09DF80E
:10A8600033200B9B11460D989847169B0133169386
:10A87000169B032B83D99DF84B30002B4CD0012322
:10A880008DF84A306B461A4602210020FFF7D4FDAE
:10A890000023139314E0139B9B0018AA134453F84E
:10A8A000602C139B9B0018A90B4453F8483C9A4218
:10A8B00003D000238DF84A3005E0139B0133139336
:10A8C000139B012BE7D99DF84A30002B03D00023BE
:10A8D0008DF84B3020E0002313931AE0139B9B006C
:10A8E00018AA134453F8602C139B9B0018A90B441F
:10A8F00043F8482C139B9B0018AA134453F8502C80
:10A90000139B9B0018A90B4443F8582C139B01334D
:10A910001393139B012BE1D99DF84B30002B7FF44F
:10A9200028AF00BF19B05DF804FB00BF0835002058
:10A9300008B5064B1B68002B03D10549512002F0D6
:10A94000C5FF024B1B68984700BF08BD7435002047
:10A95000004D030082B00190019B044A934201D153
:10A96000034B00E00023184602B07047002000406F
:10A970007435002000B587B001900091019B002B39
:10A9800003D11C49772002F0A1FF0198FFF7E2FFF5
:10A990000490049B002B25D000238DF81730002352
:10A9A0008DF80B300DF10B031846FDF7BBFC049B33
:10A9B0001B79002B03D001238DF8173005E0049B91
:10A9C000009A1A60049B01221A719DF80B301846F8
:10A9D000FDF7BEFC9DF81730002B03D01123039325
:10A9E000039B02E000230393039B184607B05DF826
:10A9F00004FB00BF004D030082B003468DF8073012
:10AA00009DF8073003F01F0205499DF907305B09E7
:10AA1000012000FA02F241F8232000BF02B0704783
:10AA200000E100E082B0034600918DF807309DF907
:10AA30000730002B0CDA009BDAB20C499DF8073086
:10AA400003F00F03043B5201D2B20B441A7609E023
:10AA5000009BDAB206499DF907305201D2B20B448D
:10AA600083F8002300BF02B0704700BF00ED00E094
:10AA700000E100E082B00190019B03F06043B3F17C
:10AA8000005F0CBF01230023DBB2184602B0704701
:10AA900082B00190019B1B0B5BB2184602B070475D
:10AAA00000B583B003460A468DF8073013468DF88B
:10AAB00006309DF80630012B03D99DF80630032B94
:10AAC0000BD99DF80630042B03D99DF80630072BCF
:10AAD00003D908496B2002F0F9FE9DF806209DF984
:10AAE000073011461846FFF79DFF00BF03B05DF821
:10AAF00004FB00BF6C4D030000B583B003468DF826
:10AB000007309DF907301846FFF776FF00BF03B006
:10AB10005DF804FB82B001900B468DF803309DF880
:10AB20000330019A134401221A6000BF02B070473B
:10AB300084B001900B46ADF80230BDF80230019AA6
:10AB4000134400221A60BDF80230019A13441B68B6
:10AB50000393039B00BF04B0704782B001900B4683
:10AB6000ADF80230BDF80230019A13441B68002B87
:10AB700014BF01230023DBB2184602B0704782B035
:10AB800001900091019B009AC3F8042300BF02B01A
:10AB9000704782B001900091019B009AC3F808238E
:10ABA00000BF02B0704782B00190019B0722C3F83A
:10ABB000002500BF02B0704784B00390029101925B
:10ABC0000093039B029AC3F80825039B019AC3F8DC
:10ABD0000C25039B009AC3F8102500BF04B07047F2
:10ABE00082B001900091009A019BC3F8242500BF18
:10ABF00002B0704784B0039002910192029A039BC5
:10AC0000C3F84425039B019AC3F8482500BF04B04C
:10AC1000704784B0039002910192029A039BC3F89B
:10AC20003425039B019AC3F8382500BF04B0704750
:10AC300084B001900B468DF8033013468DF8023036
:10AC40009DF80230002B14BF01230023DBB20393D5
:10AC50009DF80330032B10D0032B13DC012B02D003
:10AC6000022B05D00EE0039B43F0020303930AE09E
:10AC7000039B43F00403039305E0039B43F00603A7
:10AC8000039300E000BF019B039AC3F8542500BF63
:10AC900004B0704782B001900B468DF803309DF8E8
:10ACA0000320019BC3F8C02500BF02B0704782B0EB
:10ACB0000190019B0122C3F8502500BF02B07047EC
:10ACC00082B00190019B0022C3F8502500BF02B062
:10ACD000704782B00190019B0122C3F8402500BF5C
:10ACE00002B0704782B00190019B0022C3F840255A
:10ACF00000BF02B07047000000B583B00190019B17
:10AD00001B682F2B04D90B4940F2CD1002F0DEFD59
:10AD1000019B1B681F2B02D84FF0A04306E0019B4C
:10AD20001B6803F01F02019B1A60034B184603B017
:10AD30005DF804FBA44D03000003005000B585B08E
:10AD40000190084611461A4603468DF803300B461B
:10AD50008DF8023013468DF8013001AB1846FFF72D
:10AD6000CBFF03909DF803209DF802305B001A434F
:10AD70009DF801309B001A439DF818301B0242EAEF
:10AD800003019DF81C301B04019A1943039B02F533
:10AD9000E07243F8221000BF05B05DF804FB00B577
:10ADA00085B0039000230193002300930023012228
:10ADB00001210398FFF7C2FF00BF05B05DF804FB57
:10ADC00000B585B003900B468DF80B309DF80B3025
:10ADD0000022019200220092002200210398FFF736
:10ADE000ADFF00BF05B05DF804FB00B585B0019074
:10ADF00001AB1846FFF780FF0390019B012202FA86
:10AE000003F31946039800F018F800BF05B05DF889
:10AE100004FB00B585B0019001AB1846FFF76CFF4D
:10AE20000390019B012202FA03F31946039800F0F4
:10AE30000EF800BF05B05DF804FB82B001900091F0
:10AE4000019B009AC3F8082500BF02B0704782B08A
:10AE500001900091019B009AC3F80C2500BF02B03D
:10AE60007047000000B58DB00590049103920293E5
:10AE7000049B002B03D17049AD2002F027FD059BF8
:10AE80001B791A461346DB0013449B006B4A13449C
:10AE90000993099B1B7F002B03D008230793079B73
:10AEA000C5E0059B1B680893059B1A68059B1B79E9
:10AEB0001946634B53F8213019461046FFF75AFDE7
:10AEC0000346002B03D011230793079BAFE0099B98
:10AED000039A1A60099B029A5A60049B1B7B012B00
:10AEE00005D8049B1B781846FFF793FF04E0049BEA
:10AEF0001B781846FFF779FF049B1B781846002340
:10AF0000019300230093002300220121FFF716FF85
:10AF1000049B5B78FF2B09D0049B5B780B930B9809
:10AF2000FFF777FF0B98FFF73AFF02E04FF0FF3390
:10AF30000B93049B9B78FF2B07D0049B9B780A9371
:10AF400001210A98FFF73CFF02E04FF0FF330A931C
:10AF5000049B9A78099B83F82020049BDA78099B4C
:10AF6000DA77049BDB78FF2B17D0049B1B79002B2F
:10AF700005D0049BDB781846FFF74BFF04E0049BE9
:10AF8000DB781846FFF731FF049BDB781846FFF7A4
:10AF900006FF049B1A79099B9A77049B1B78194634
:10AFA0000A9B0B9A0898FFF707FE049B9B681946BB
:10AFB0000898FFF715FE049B197B049B5B7B1A46E0
:10AFC0000898FFF735FE049B9B7919460898FFF710
:10AFD00061FE099B1B68002B03D040210898FFF7F6
:10AFE000CEFD0898FFF7DFFD099B1B68002B15D0ED
:10AFF000059B1B681846FFF74BFD03461A46049B4A
:10B000005B7919461046FFF74BFD059B1B681846F8
:10B01000FFF73EFD03461846FFF76EFD099B002231
:10B020005A77099B01221A7700230793079B18463A
:10B030000DB05DF804FB00BFDC4D03007C35002043
:10B04000484E030000B583B00190019BDB7FFF2BCE
:10B050000ED0019B9B7F002B05D0019BDB7F184608
:10B06000FFF7D7FE04E0019BDB7F1846FFF7BDFE2C
:10B07000019B00225A77019B00221A72019B1B68D8
:10B08000019A02F10800019A52681146984700BFE0
:10B0900003B05DF804FB00B583B001900B468DF85A
:10B0A00003309DF8033083F00103DBB2002B04D0A2
:10B0B00040210198FFF76DFD03E040210198FFF763
:10B0C0005EFD00BF03B05DF804FB00B583B00190E6
:10B0D0000091009B03F00103002B03D00198FFF7C0
:10B0E000E6FD02E00198FFF7EBFD009B03F0020391
:10B0F000002B03D00198FFF7ECFD02E00198FFF769
:10B10000F1FD00BF03B05DF804FB00B587B003900C
:10B11000029101920093019B1B68002B0AD0019BB6
:10B120001B681846FFF7A6FC034683F00103DBB259
:10B13000002B0ED1019B9B68002B11D0019B9B68BB
:10B140001846FFF797FC034683F00103DBB2002BA0
:10B1500006D0029B00225A7710230593059B54E0EA
:10B16000019B1968019B5B681A460398FFF742FD33
:10B17000019B9968019BDB681A460398FFF749FD1C
:10B180004FF48C710398FFF7D3FC00990398FFF7F5
:10B190009CFF009B03F00803002B03D110210398B0
:10B1A000FFF7B8FC029B1B68002B1FD100BF4FF4B8
:10B1B0008C710398FFF7D1FC034683F00103DBB2E7
:10B1C000002BF4D1029BDB7FFF2B1BD0029B9B7FCC
:10B1D000002B05D0029BDB7F1846FFF71AFE11E01B
:10B1E000029BDB7F1846FFF700FE0BE0009B03F09D
:10B1F0000403002B0CBF01230023DBB21946039884
:10B20000FFF749FF00230593059B184607B05DF83B
:10B2100004FB000010B586B0039002910192039BDD
:10B220001B791A461346DB0013449B003A4A134429
:10B230000593059B1B7F002B04D1384940F2322037
:10B2400002F044FB029B1B68002B08D1029B5B6849
:10B25000002B04D0314940F2332002F037FB029B2F
:10B260009B68002B08D1029BDB68002B04D02B4984
:10B270004FF40D7002F02AFB039B1B79002B09D1C0
:10B28000029BDB68B3F5803F04D2029B5B68B3F599
:10B29000803F04D3214940F2352002F017FB002300
:10B2A0000493059B5B7FDBB2002B03D01123049337
:10B2B000049B2EE0059B1B68002B07D0019B03F02D
:10B2C0001403002B02D1059B01225A77059B029A99
:10B2D00003F10C0413460FCB84E80F00059BDB7FC2
:10B2E000FF2B0ED0059B9B7F002B05D0059BDB7FA2
:10B2F0001846FFF77AFD04E0059BDB7F1846FFF751
:10B3000088FD039B1868019B029A0599FFF7FDFED3
:10B310000346184606B010BD7C350020DC4D030006
:10B3200000B583B0019000914FF48C710198FFF744
:10B3300014FC0346002B10D04FF48C710198FFF7DA
:10B34000F7FB009B1B68002B04D106494FF42770C4
:10B3500002F0BCFA0098FFF775FE00BF03B05DF87D
:10B3600004FB00BFDC4D030008B503490348FFF7A9
:10B37000D7FF00BF08BD00BF7C3500200030004073
:10B3800082B003468DF807309DF8073003F01F02A6
:10B3900005499DF907305B09012000FA02F241F8E6
:10B3A000232000BF02B0704700E100E082B00346F6
:10B3B00000918DF807309DF90730002B0CDA009BC7
:10B3C000DAB20C499DF8073003F00F03043B520139
:10B3D000D2B20B441A7609E0009BDAB206499DF915
:10B3E00007305201D2B20B4483F8002300BF02B0F1
:10B3F000704700BF00ED00E000E100E082B0019086
:10B40000019B1B0B5BB2184602B0704700B583B0BE
:10B4100003460A468DF8073013468DF806309DF82E
:10B420000630012B03D99DF80630032B0BD99DF86C
:10B430000630042B03D99DF80630072B03D90849A1
:10B440006B2002F043FA9DF806209DF90730114663
:10B450001846FFF7ABFF00BF03B05DF804FB00BF69
:10B460004C4E030000B583B003468DF807309DF9BC
:10B4700007301846FFF784FF00BF03B05DF804FBF8
:10B4800084B001900B46ADF80230BDF80230019A4D
:10B49000134400221A60BDF80230019A13441B685D
:10B4A0000393039B00BF04B0704782B001900B462A
:10B4B000ADF80230BDF80230019A13441B68002B2E
:10B4C00014BF01230023DBB2184602B0704782B0DC
:10B4D00001900091019B009AC3F8042300BF02B0C1
:10B4E000704782B001900091019BD3F80423009B28
:10B4F0001340002B14BF01230023DBB2184602B017
:10B50000704782B001900091019B009AC3F8082314
:10B5100000BF02B0704784B00190019BD3F8803423
:10B520000393019B039AC3F88024039B184604B03D
:10B53000704782B00190019B0422C3F8002500BF30
:10B5400002B0704784B0039002910192039B019A6C
:10B55000C3F81425039B029AC3F80C2500BF04B05E
:10B56000704784B0039002910192039B029AC3F842
:10B570000825039B019AC3F8102500BF04B070474B
:10B5800082B00190019BD3F81835DBB2184602B0A7
:10B59000704782B001900B468DF803309DF8032070
:10B5A000019BC3F81C2500BF02B0704782B0019018
:10B5B0000B468DF803309DF80330019A13440122A5
:10B5C0001A6000BF02B0704782B001900B468DF840
:10B5D000033013468DF802309DF803209DF80230A9
:10B5E0001343DBB21A46019BC3F86C2500BF02B0BF
:10B5F000704782B001900091019B009AC3F8242506
:10B6000000BF02B07047000000B583B00190019BFD
:10B610001B682F2B04D90B4940F2CD1002F056F9CC
:10B62000019B1B681F2B02D84FF0A04306E0019B33
:10B630001B6803F01F02019B1A60034B184603B0FE
:10B640005DF804FB844E03000003005000B585B094
:10B650000190084611461A4603468DF803300B4602
:10B660008DF8023013468DF8013001AB1846FFF714
:10B67000CBFF03909DF803209DF802305B001A4336
:10B680009DF801309B001A439DF818301B0242EAD6
:10B6900003019DF81C301B04019A1943039B02F51A
:10B6A000E07243F8221000BF05B05DF804FB00B55E
:10B6B00085B003900023019300230093002301220F
:10B6C00001210398FFF7C2FF00BF05B05DF804FB3E
:10B6D00000B585B003900B468DF80B309DF80B300C
:10B6E0000022019200220092002200210398FFF71D
:10B6F000ADFF00BF05B05DF804FB00B585B001905B
:10B7000001AB1846FFF780FF0390019B012202FA6C
:10B7100003F31946039800F004F800BF05B05DF884
:10B7200004FB82B001900091019B009AC3F80825A8
:10B7300000BF02B0704700B583B001900091009B3C
:10B740001B68B3F1FF3F09D0009B1B681846FFF749
:10B75000D4FF009B1B681846FFF7A9FF009B5B689E
:10B76000B3F1FF3F05D0009B5B6800211846FFF74F
:10B77000AFFF019B1A68009B9B6919461046FFF7B3
:10B7800038FF019B1868009B597D009B1B7D1A4662
:10B79000FFF71AFF019B1868009B1968009B5B6804
:10B7A0001A46FFF7CFFE009B1B7D012B22D1009B89
:10B7B0009B68B3F1FF3F05D0009B9B6800211846B2
:10B7C000FFF786FF009BDB68B3F1FF3F09D0009BCA
:10B7D000DB681846FFF791FF009BDB681846FFF710
:10B7E00066FF019B1868009BD968009B9B681A46FE
:10B7F000FFF7B7FE00BF03B05DF804FB00B583B0F0
:10B8000001900B468DF80330019B1B684FF48E713D
:10B810001846FFF735FE019B1B684FF4A2711846CE
:10B82000FFF72EFE019B1B680E491846FFF74FFEDF
:10B83000019B1B681846FFF7E1FD03461A469DF879
:10B84000033019461046FFF7E1FD019B1B681846BF
:10B85000FFF7D4FD03461846FFF704FE00BF03B010
:10B860005DF804FB8000020000B587B003900291F0
:10B870000192029B002B03D12D49AA2002F026F849
:10B88000039B1B791A462C2303FB02F3294A13441A
:10B89000059300230493059B93F82A30002B03D0D3
:10B8A00008230493049B3EE0039B1A68039B1B79C7
:10B8B0001946214B53F8213019461046FFF75AF824
:10B8C0000346002B03D011230493049B2BE0029921
:10B8D0000398FFF730FF059B019A5A60029B1A6993
:10B8E000059B1A60059B5B68002B05D0029B1B7FA4
:10B8F00019460398FFF782FF039B1B681846FFF762
:10B9000018FE059B00229A61059B0022DA61059BC7
:10B91000002283F82920059B00225A61059B012201
:10B9200083F82A20049B184607B05DF804FB00BF8B
:10B93000BC4E0300A0350020284F030000B585B0A1
:10B94000019000914FF48E710198FFF799FD009BD3
:10B950009A68009B1B6A13441B788DF80F30009B7C
:10B960001B6A5A1C009B1A629DF80F3019460198F9
:10B97000FFF70FFE00BF05B05DF804FB00B585B012
:10B9800001900091009B5B69039316E0009B93F884
:10B990002830DBB2002B01D0002314E04FF48E716D
:10B9A0000198FFF782FD034683F00103DBB2002B11
:10B9B000ECD100990198FFF7C1FF009B1B6A039A25
:10B9C0009A42EBD80123184605B05DF804FB00004D
:10B9D00000B587B0039002910192039B1B791A4630
:10B9E0002C2303FB02F33C4A13440493049B93F877
:10B9F0002A30012B04D039494FF48C7001F066FFD6
:10BA0000029B002B04D1354940F2191001F05EFF72
:10BA1000019B002B04D131494FF48D7001F056FF8A
:10BA2000039800F05DF80346002B03D01123059323
:10BA3000059B4CE0049B019A5A61049B029A9A6010
:10BA4000049B00221A62049B002283F82820002312
:10BA50000593039B1B684FF48E711846FFF710FD8A
:10BA6000039B1B6808211846FFF7A0FD039B1B687A
:10BA700004991846FFF762FF049B5B68002B25D1F1
:10BA8000039B1B6804991846FFF778FF034683F071
:10BA90000103DBB2002B02D00F23059313E000BF9C
:10BAA000039B1B684FF48E711846FFF7FEFC03469C
:10BAB00083F00103DBB2002BF2D1039B1B680C2146
:10BAC0001846FFF773FD049B00225A61059B184638
:10BAD00007B05DF804FB00BFA0350020BC4E03009A
:10BAE00082B00190019B1B791946074A2C2303FB66
:10BAF00001F3134414331B68002B14BF01230023EC
:10BB0000DBB2184602B07047A035002000B583B004
:10BB10000190019B1B684FF492711846FFF7B0FC2F
:10BB2000019B1B684FF484711846FFF7A9FC019B29
:10BB30001B6800211846FFF739FD00BF03B05DF810
:10BB400004FB10B582B001900091009B9B69002B13
:10BB500008D14FF484710198FFF792FC0198FFF728
:10BB60000FFD13E04FF484710198FFF789FC009BEF
:10BB7000DA68009B5B6AD4180198FFF701FD034661
:10BB80002370009B5B6A5A1C009B5A6202B010BD76
:10BB900000B589B0039002910192039B1B791A466C
:10BBA0002C2303FB02F37F4A13440693039B1B7968
:10BBB00019467C4A2C2303FB01F313442A331B78D8
:10BBC000012B04D078494FF4B67001F07FFE029B40
:10BBD000002B04D1744940F26D1001F077FE019BF7
:10BBE000002B04D170494FF4B77001F06FFE0023B1
:10BBF0008DF81F30069B5B68002B06D0039B1B68EB
:10BC00004FF401711846FFF77CFC069B9B69002BE3
:10BC100015D0069BDB69002B0ED0069B5B68002BC2
:10BC200006D0039B1B684FF401711846FFF74FFCC9
:10BC300011230593059BB0E001238DF81F309DF87B
:10BC40001F3083F00103DBB2002B0CD0069B019A5E
:10BC50009A61069B029ADA60069B00225A62069B52
:10BC60000022DA6105E0069B029A1A61069B019A9E
:10BC7000DA61069B93F8293083F00103DBB2002BD5
:10BC800009D09DF81F3083F00103DBB2002B02D0F6
:10BC90000398FFF73BFF069B5B68002B73D1039B68
:10BCA0001B684FF4A2711846FFF7EAFB039B1B6861
:10BCB0004FF492711846FFF7F8FB03468DF81330E6
:10BCC000039B1B684FF484711846FFF7EEFB034695
:10BCD0008DF81230039B1B684FF4A2711846FFF7D2
:10BCE000E4FB03468DF811309DF8123083F0010318
:10BCF000DBB2002B0DD09DF8113083F00103DBB2D5
:10BD0000002B06D09DF8133083F00103DBB2002B2B
:10BD1000CCD19DF81330002B0FD19DF81130002BA2
:10BD20000BD1039B1B6806991846FFF70AFF069B79
:10BD30009A69069B5B6A9A42B8D8069B00229A6170
:10BD40009DF81330002B03D003230593059B24E0BB
:10BD50009DF81130002B03D00F230593059B1CE0A9
:10BD6000069B93F82930002B06D0039B1B6800210B
:10BD70001846FFF71BFC0DE0039B1B6804211846C7
:10BD8000FFF714FC06E0039B1B684FF40171184693
:10BD9000FFF79DFB00230593059B184609B05DF84E
:10BDA00004FB00BFA0350020BC4E030000B589B0E5
:10BDB00003900291019201238DF81030029B0693AB
:10BDC000019B0593039B5B68039A116804AA1046C4
:10BDD000984700BF09B05DF804FB00B587B001903B
:10BDE000009100238DF80830009B0493019B9B6811
:10BDF0000393019B00225A61019B5B68019A1168C1
:10BE000002AA1046984700BF07B05DF804FB00B5D2
:10BE10008BB0019000914FF400710198FFF761FB26
:10BE20000346002B39D04FF492710198FFF73DFB88
:10BE30000346002B31D04FF492710198FFF720FB9D
:10BE40004FF401710198FFF75CFB009B93F82930D8
:10BE500083F00103DBB2002B03D004210198FFF72C
:10BE6000A5FB02238DF80C300198FFF754FB034625
:10BE70000693009B9B690593009BDB680493009BE2
:10BE800000229A61009B0022DA61009B5B68009AA5
:10BE9000116803AA1046984752E004210198FFF761
:10BEA00020FB0346002B4BD04FF484710198FFF721
:10BEB000FCFA0346002B43D000990198FFF741FE9E
:10BEC000009B9A69009B5B6A9A4239D1009BDB69AF
:10BED000002B19D0009BDB680993009B5B6A0893D9
:10BEE000009BDA69009B9A61009B1A69009BDA60EB
:10BEF000009B0022DA61009B00225A62099A08998D
:10BF00000098FFF753FF1BE0009B93F8293083F064
:10BF10000103DBB2002B03D004210198FFF746FB9D
:10BF20004FF401710198FFF7ECFA009B00229A612F
:10BF3000009B596A009BDB681A460098FFF736FFA2
:10BF40004FF48E710198FFF7B0FA0346002B24D00E
:10BF5000009B5B690793009B1B6A079A9A420DD965
:10BF6000009B93F82830DBB283F00103DBB2002B97
:10BF700004D000990198FFF7E1FC0EE04FF48E71B8
:10BF80000198FFF77DFA009B5B69002B05D0009BB1
:10BF90005B6919460098FFF720FF4FF4A2710198E2
:10BFA000FFF783FA0346002B1CD04FF4A2710198CF
:10BFB000FFF766FA009B93F82930002B03D000218D
:10BFC0000198FFF7F3FA009B9B69002B0AD0009BB6
:10BFD00000229A61009B596A009BDB681A46009810
:10BFE000FFF7E4FE00BF0BB05DF804FB08B50349A2
:10BFF0000348FFF70CFF00BF08BD00BFA0350020BD
:10C000000020004082B003468DF807309DF80730CD
:10C0100003F01F0205499DF907305B09012000FA72
:10C0200002F241F8232000BF02B0704700E100E0B7
:10C0300082B0034600918DF807309DF90730002B40
:10C040000CDA009BDAB20C499DF8073003F00F03BD
:10C05000043B5201D2B20B441A7609E0009BDAB2DB
:10C0600006499DF907305201D2B20B4483F80023F0
:10C0700000BF02B0704700BF00ED00E000E100E04B
:10C0800082B00190019B03F06043B3F1005F0CBFED
:10C0900001230023DBB2184602B0704782B0019042
:10C0A000019B1B0B5BB2184602B0704700B583B012
:10C0B00003460A468DF8073013468DF806309DF882
:10C0C0000630012B03D99DF80630032B0BD99DF8C0
:10C0D0000630042B03D99DF80630072B03D90849F5
:10C0E0006B2001F0F3FB9DF806209DF90730114607
:10C0F0001846FFF79DFF00BF03B05DF804FB00BFCB
:10C100002C4F030000B583B003468DF807309DF92E
:10C1100007301846FFF776FF00BF03B05DF804FB59
:10C1200084B001900B46ADF80230BDF80230019AA0
:10C13000134400221A60BDF80230019A13441B68B0
:10C140000393039B00BF04B0704782B001900B467D
:10C15000ADF80230BDF80230019A13441B68002B81
:10C1600014BF01230023DBB2184602B0704782B02F
:10C1700001900091019BD3F80022009B1A43019B80
:10C18000C3F8002200BF02B0704782B00190009156
:10C19000019BD3F80022009BDB431A40019BC3F8AC
:10C1A000002200BF02B0704782B001900091019B55
:10C1B000009AC3F8042300BF02B0704782B0019018
:10C1C0000091019B009AC3F8082300BF02B070479A
:10C1D00084B00190019BD3F880340393019B039AB0
:10C1E000C3F88024039B184604B0704782B00190C6
:10C1F000019B0822C3F8002500BF02B0704784B03D
:10C20000039002910192039B029AC3F80C25039BB1
:10C21000019AC3F8142500BF04B0704784B003909E
:10C2200002910192039B029AC3F80825039B019A8D
:10C23000C3F8102500BF04B0704782B001900B46D0
:10C240008DF803309DF80330019A134401221A60DF
:10C2500000BF02B0704782B001900B468DF80330EA
:10C2600013468DF802309DF803209DF802301343E9
:10C27000DBB21A46019BC3F86C2500BF02B07047C1
:10C2800082B001900091019B009AC3F8242500BF61
:10C2900002B0704784B0039002910192029A039B0E
:10C2A000C3F84425039B019AC3F8482500BF04B096
:10C2B000704782B00190019BD3F84C35184602B00C
:10C2C000704784B0039002910192029A039BC3F8D5
:10C2D0003425039B019AC3F8382500BF04B070478A
:10C2E00082B00190019BD3F83C35184602B07047EC
:10C2F00000B583B00190019B1B682F2B04D90B491B
:10C3000040F2CD1001F0E2FA019B1B681F2B02D80E
:10C310004FF0A04306E0019B1B6803F01F02019B46
:10C320001A60034B184603B05DF804FB644F03002A
:10C330000003005000B585B00190084611461A462A
:10C3400003468DF803300B468DF8023013468DF806
:10C35000013001AB1846FFF7CBFF03909DF8032097
:10C360009DF802305B001A439DF801309B001A4390
:10C370009DF818301B0242EA03019DF81C301B0493
:10C38000019A1943039B02F5E07243F8221000BFA3
:10C3900005B05DF804FB00B585B003900023019360
:10C3A000002300930023012201210398FFF7C2FF1D
:10C3B00000BF05B05DF804FB00B585B003900B46E7
:10C3C0008DF80B309DF80B30002201920022009274
:10C3D000002200210398FFF7ADFF00BF05B05DF814
:10C3E00004FB00B585B0019001AB1846FFF780FF54
:10C3F0000390019B012202FA03F31946039800F00F
:10C4000004F800BF05B05DF804FB82B00190009114
:10C41000019B009AC3F8082500BF02B0704700B521
:10C4200083B001900091009B1B68B3F1FF3F09D0DE
:10C43000009B1B681846FFF7D4FF009B1B6818463B
:10C44000FFF7A9FF009B5B68B3F1FF3F05D0009B9E
:10C450005B6800211846FFF7AFFF019B1A68009B3D
:10C460009B6919461046FFF70BFF019B1868009B5C
:10C47000597D009B1B7D1A46FFF7EDFE019B186856
:10C48000009B1968009B5B681A46FFF7B8FE009B8B
:10C490001B7D012B22D1009B9B68B3F1FF3F05D090
:10C4A000009B9B6800211846FFF786FF009BDB6816
:10C4B000B3F1FF3F09D0009BDB681846FFF791FFFF
:10C4C000009BDB681846FFF766FF019B1868009B1E
:10C4D000D968009B9B681A46FFF7A0FE00BF03B017
:10C4E0005DF804FB00B583B001900B468DF8033076
:10C4F000019B1B684FF488711846FFF711FE019BE2
:10C500001B684FF490711846FFF70AFE019B1B68E9
:10C510004FF492711846FFF703FE019B1B684FF41E
:10C52000A2711846FFF7FCFD019B1B684FF4AC712C
:10C530001846FFF7F5FD019B1B680F491846FFF7EA
:10C5400033FE019B1B681846FFF7A8FD03461A46F9
:10C550009DF8033019461046FFF7A8FD019B1B68A4
:10C560001846FFF79BFD03461846FFF7CBFD00BFBB
:10C5700003B05DF804FB00BF1003420000B587B0B4
:10C58000039002910192029B002B03D12B49CF20F3
:10C5900001F09CF9039B1B791A461346DB001344F8
:10C5A0009B00274A1344059300230493059B93F8AB
:10C5B0002030002B03D008230493049B3AE0039B14
:10C5C0001A68039B1B7919461E4B53F821301946F4
:10C5D0001046FEF7CFF90346002B03D01123049336
:10C5E000049B27E002990398FFF719FF059B019A26
:10C5F0005A60029B1A69059B1A60059B5B68002BB9
:10C6000005D0029B1B7F19460398FFF76BFF039B26
:10C610001B681846FFF7EAFD059B00229A61059BFF
:10C620000022DA61059B00225A61059B012283F8F2
:10C630002020049B184607B05DF804FB9C4F0300C4
:10C64000CC3500200850030000B589B0039002915A
:10C650000192039B1B791A461346DB0013449B008F
:10C66000574A13440693069B93F82030012B04D0BD
:10C67000544940F22D1001F029F9029B002B04D1FE
:10C6800050494FF4977001F021F9019B002B04D120
:10C690004C4940F22F1001F019F9039B1B79002B34
:10C6A00003D1019BB3F5803F04D346494FF4987002
:10C6B00001F00CF90298FFF7E3FC034683F0010355
:10C6C000DBB2002B03D010230793079B73E0039882
:10C6D00000F07AF80346002B03D011230793079B41
:10C6E00069E0069B019A5A61069B029A9A600023B0
:10C6F0000793039B1B684FF490711846FFF710FDDA
:10C70000039B1B684FF4AC711846FFF709FD039BB0
:10C710001868069B9968069B5B691A46FFF7BAFD85
:10C72000039B1B6808211846FFF787FD069B5B6883
:10C73000002B3FD1039B1B684FF490711846FFF705
:10C7400004FD03468DF81730039B1B684FF4AC7152
:10C750001846FFF7FAFC03468DF816309DF817309F
:10C7600083F00103DBB2002B06D09DF8163083F076
:10C770000103DBB2002BDDD19DF81630002B02D077
:10C780000F23079313E0039B1B680C211846FFF748
:10C7900054FD00BF039B1B684FF4AC711846FFF7B4
:10C7A000D4FC034683F00103DBB2002BF2D1069BDD
:10C7B00000225A61079B184609B05DF804FB00BFD0
:10C7C000CC3500209C4F030082B00190019B1B7967
:10C7D0001946084A0B46DB000B449B0013441433F4
:10C7E0001B68002B14BF01230023DBB2184602B0E4
:10C7F000704700BFCC35002000B589B0039002918E
:10C800000192039B1B791A461346DB0013449B00DD
:10C81000864A13440593039B1B791946834A0B46AA
:10C82000DB000B449B00134420331B78012B04D006
:10C830007F494FF4C07001F049F8029B002B04D1EE
:10C840007B4940F2811001F041F8019B002B04D19B
:10C8500077494FF4C17001F039F8039B1B79002B25
:10C8600003D1019BB3F5803F04D3714940F283109B
:10C8700001F02CF80298FFF703FC034683F0010354
:10C88000DBB2002B03D010230793079BCAE00023E1
:10C890008DF81B30059B5B68002B06D0039B1B6843
:10C8A0004FF404711846FFF789FC059B9B69002B28
:10C8B00015D0059BDB69002B0ED0059B5B68002B18
:10C8C00006D0039B1B684FF404711846FFF76CFCFD
:10C8D00011230793079BA5E001238DF81B309DF8DA
:10C8E0001B3083F00103DBB2002B09D0059B019ABA
:10C8F0009A61059B029ADA60059B0022DA6105E0E5
:10C90000059B029A1A61059B019ADA61002307933D
:10C91000039B1B684FF488711846FFF701FC039BCB
:10C920001B684FF4A2711846FFF7FAFB039B1B68C4
:10C93000019A02991846FFF7C4FC9DF81B3083F05A
:10C940000103DBB2002B06D0039B1B6800211846B5
:10C95000FFF773FC05E0039B1B6820211846FFF7D7
:10C9600006FC039B1B791946304A0B46DB000B443F
:10C970009B00134404331B68002B4BD1039B1B68A3
:10C980004FF488711846FFF7E0FB03468DF813302B
:10C99000039B1B684FF4A2711846FFF7D6FB0346B2
:10C9A0008DF81230039B1B684FF492711846FFF705
:10C9B000CCFB03468DF811309DF8133083F0010352
:10C9C000DBB2002B0DD09DF8123083F00103DBB2F7
:10C9D000002B06D09DF8113083F00103DBB2002B51
:10C9E000CCD1039B1B791946104A0B46DB000B4444
:10C9F0009B001344183300221A609DF81130002B5D
:10CA000001D0032307939DF81230002B09D00F2388
:10CA1000079306E0039B1B684FF404711846FFF769
:10CA2000C3FB079B184609B05DF804FBCC3500201A
:10CA30009C4F030000B589B003900291019201233D
:10CA40008DF81030029B0693019B0593039B5B6856
:10CA5000039A116804AA1046984700BF09B05DF810
:10CA600004FB00B587B00190009100238DF80830D9
:10CA7000009B0493019B9B680393019B00225A61D6
:10CA8000019B5B68019A116802AA1046984700BF93
:10CA900007B05DF804FB00B589B0019000914FF438
:10CAA00092710198FFF751FB0346002B22D04FF4FF
:10CAB00092710198FFF734FB02238DF8083001983A
:10CAC000FFF786FB034605930198FFF709FC034631
:10CAD0000493009BDB680393009B00229A61009BF8
:10CAE0000022DA61009B5B68009A116802AA104676
:10CAF00098473BE04FF488710198FFF726FB034607
:10CB0000002B33D04FF488710198FFF709FB01988F
:10CB1000FFF7E6FB0790009B9B69079A9A4225D195
:10CB2000009BDB69002B17D0009BDB68069320215C
:10CB30000198FFF72AFB009BDA69009B9A61009B32
:10CB40001A69009BDA60009B0022DA61069A079955
:10CB50000098FFF76FFF09E0009B00229A61009B9D
:10CB6000DB681A4607990098FFF764FF4FF4A2713B
:10CB70000198FFF7EAFA0346002B18D04FF4A27190
:10CB80000198FFF7CDFA009B9B69002B0FD0009B0B
:10CB900000229A61009B0022DA610198FFF7A0FB56
:10CBA0000146009BDB681A460098FFF743FF4FF4ED
:10CBB00090710198FFF7C9FA0346002B14D04FF487
:10CBC00090710198FFF7ACFA0C210198FFF735FB43
:10CBD000009B5B69002B07D00198FFF76AFB0346B7
:10CBE00019460098FFF73DFF4FF4AC710198FFF72D
:10CBF000ACFA0346002B10D04FF4AC710198FFF74C
:10CC00008FFA009B5B69002B07D00198FFF751FB5F
:10CC1000034619460098FFF724FF00BF09B05DF8EE
:10CC200004FB000008B503490348FFF734FF00BFC9
:10CC300008BD00BFCC3500200020004082B001902C
:10CC40000B468DF803309DF80330019A13440122FE
:10CC50001A6000BF02B0704784B001900B46ADF877
:10CC60000230BDF80230019A134400221A60BDF868
:10CC70000230019A13441B680393039B00BF04B066
:10CC8000704782B001900B46ADF80230BDF802301B
:10CC9000019A13441B68002B14BF01230023DBB24D
:10CCA000184602B0704782B001900091019B009A33
:10CCB000C3F8042300BF02B0704782B00190009116
:10CCC000019B009AC3F8082300BF02B0704782B0EE
:10CCD0000190019B0622C3F8002500BF02B07047F7
:10CCE00082B00190019B0022C3F8002500BF02B072
:10CCF000704784B00190019BD3F8C4340393019B27
:10CD0000039AC3F8C424039B184604B0704782B04A
:10CD100001900091019B009AC3F8002200BF02B06D
:10CD2000704782B00190019BD3F84C35184602B091
:10CD3000704782B00190019BD3F83C35184602B091
:10CD40007047000000B585B00190009101238DF877
:10CD50000F30009B1B7B032B55D801A252F823F008
:10CD6000D7CD0200EFCD0200AFCD020071CD0200A1
:10CD7000009B9B68324A934207D10198FFF7D1FF8D
:10CD80000246009B1B699A420DD1009B9B6840F2B2
:10CD90000222934239D10198FFF7C3FF0246009B5C
:10CDA0005B699A4231D000238DF80F302DE0019855
:10CDB000FFF7B7FF0246009B1B699A4207D1019813
:10CDC000FFF7B7FF0246009B5B699A421FD0002322
:10CDD0008DF80F301BE00198FFF7A3FF0246009B80
:10CDE0001B699A4215D000238DF80F3011E001988D
:10CDF000FFF79FFF0246009B1B699A420BD000235E
:10CE00008DF80F3007E000BF06E000BF04E000BF70
:10CE100002E000BF00E000BF9DF80F3083F0010387
:10CE2000DBB2002B05D00198FFF75AFF0198FFF7FE
:10CE30004EFF9DF80F30184605B05DF804FB00BFAB
:10CE40000002040030B58BB001900091009B1B687C
:10CE5000002B04D1864940F2862000F037FD4FF4C4
:10CE600092710198FFF70DFF0346002B2BD04FF472
:10CE700092710198FFF7F0FE4FF482710198FFF76D
:10CE800000FF034683F00103DBB2002B1BD0009BA5
:10CE90009B6819460198FFF710FF009B02229A60D9
:10CEA000009B9B6819460198FFF7FDFE2021019821
:10CEB000FFF7C4FE14210198FFF7C0FE009B01227A
:10CEC00083F82E20D1E04FF482710198FFF7D9FE4C
:10CED0000346002B4AD04FF482710198FFF7BCFE45
:10CEE000009B04AC03F10C050FCD0FC42B6823602D
:10CEF000009B93F82E3083F00103DBB2002B12D09D
:10CF000000990198FFF71EFF0346002B14BF012371
:10CF10000023DBB283F00103DBB203F00103DAB2DA
:10CF2000009B83F82E204FF4B0710198FFF794FE18
:10CF30004FF4AE710198FFF78FFE009B93F83030ED
:10CF400083F00103DBB2002B04D1009B93F82E3059
:10CF5000002B4CD000210198FFF7D9FE009B002246
:10CF60009A6044490198FFF7A8FE40E04FF4A4718D
:10CF70000198FFF771FE009B1B7B002B1BD1009BD0
:10CF800004AC03F10C050FCD0FC42B682360009B8C
:10CF900093F8303083F00103DBB2002B27D000215F
:10CFA0000198FFF7B4FE009B00229A603149019876
:10CFB000FFF783FE1BE04FF400710198FFF7A7FE17
:10CFC000009B40F202229A602A490198FFF775FE01
:10CFD000009B9B6819460198FFF765FE08210198A0
:10CFE000FFF72CFE20210198FFF728FE3DE0019875
:10CFF000FFF77FFE0990099B03F00203002B03D08B
:10D0000001238DF80C301DE0099B03F00403002B75
:10D0100003D002238DF80C3014E0099B03F00103C8
:10D02000002B03D002238DF80C300BE0009B93F80B
:10D030002E30002B03D004238DF80C3002E00023A7
:10D040008DF80C30009B93F8303083F00103DBB295
:10D05000002B03D0009B002283F82F20009B1B682D
:10D06000009A516803AA104698470BB030BD00BF24
:10D070007C50030002029C0108B503494FF0402098
:10D08000FFF7E0FE00BF08BDF0350020BFF34F8F73
:10D0900000BF074BDB6803F4E0620549054B13430F
:10D0A000CB60BFF34F8F00BF00BF00BFFCE700BFE6
:10D0B00000ED00E00400FA0500B585B00190019B89
:10D0C000002B0CD0084B43F001030393019B9B0101
:10D0D0000293054B43F001030298984700E000BF1C
:10D0E00005B05DF804FB00BFF050030000B583B04D
:10D0F0000190019B1B682F2B04D90B4940F2CD10E6
:10D1000000F0E4FB019B1B681F2B02D84FF0A043EB
:10D1100006E0019B1B6803F01F02019B1A60034B92
:10D12000184603B05DF804FBF850030000030050FC
:10D1300000B585B00190084611461A4603468DF8A1
:10D1400003300B468DF8023013468DF8013001ABE9
:10D150001846FFF7CBFF03909DF803209DF802309F
:10D160005B001A439DF801309B001A439DF818306C
:10D170001B0242EA03019DF81C301B04019A19436B
:10D18000039B02F5E07243F8221000BF05B05DF882
:10D1900004FB00B585B003900023019300230093A6
:10D1A0000023012201210398FFF7C2FF00BF05B051
:10D1B0005DF804FB00B585B003900B468DF80B308D
:10D1C0009DF80B30002201920022009200220021E3
:10D1D0000398FFF7ADFF00BF05B05DF804FB00B595
:10D1E00085B0019001AB1846FFF780FF0390019BCB
:10D1F000012202FA03F31946039800F004F800BF75
:10D2000005B05DF804FB82B001900091019B009A8B
:10D21000C3F8082500BF02B0704774DF704700BF35
:10D22000184676DF704700BF18467ADF704700BFA8
:10D2300018467CDF704700BF18468ADF704700BF82
:10D2400018468BDF704700BF18468FDF704700BF5E
:10D25000184600B583B00190019B002B0FD04FF40E
:10D260007A70FFF729FF019B013B0193019B002B83
:10D2700014BF01230023DBB2002B01D0EFE700BF76
:10D2800003B05DF804FB0000014B1B6818467047B3
:10D29000F83B002082B00190034B1B680133024A27
:10D2A000136000BF02B07047F83B002000B585B0A6
:10D2B00003468DF807309DF80730032B1AD801A2DA
:10D2C00052F823F0DDD20200D5D20200E5D20200EE
:10D2D000EDD20200114802F01BF80BE0104802F0FA
:10D2E00017F807E00F4802F013F803E00E4802F0C9
:10D2F0000FF800BFFAF732FD0390039B0293029BE5
:10D30000002B05D0094A40F245210298FAF7B2F8FD
:10D310000123184605B05DF804FB00BF305103003F
:10D3200050510300705103009C510300BC51030095
:10D3300070B58CB0059000230893059B0333784AA1
:10D340001360059B9B69774A1360059B9A8B764B0C
:10D350001A80764B1B7883F00103DBB2002B00F0C0
:10D36000F980704B1B6805331A78714B1B789A4211
:10D3700040F09C816B4B1B6806331A786C4B5B78D2
:10D380009A4240F09381674B1B6807331A78694BC8
:10D390001B789A4240F08A81624B1B6808331A78E6
:10D3A000644B5B789A4240F081815F4B1A88624BF4
:10D3B0001B889A4240F07A814FF0FF330893089B14
:10D3C000B3F1FF3F40F095805C4B00221A70544B44
:10D3D0001B681B781C46524B1B6801331B781D468B
:10D3E0004F4B1B6802331B781E464D4B1B680333A3
:10D3F0001B781A464A4B1B6804331B781946484B66
:10D400001B6805331B781846059B93F9133003936B
:10D4100002900191009233462A462146484801F085
:10D4200077FF05230B930B9B002B15DB3C4B1A68F6
:10D430000B9B1344434A127810461978424A34230E
:10D4400003FB00F31A440B9B134448330A461A703B
:10D450000B9B013B0B93E6E73A4B1B78184601F018
:10D460008DFC304B1B6809331A78364B1B781846F5
:10D4700051B2354A342303FB00F3134457330A46B1
:10D480001A70304B1B7819462F4A342303FB01F3E3
:10D490001344573393F9003019462C4801F038FFF4
:10D4A000204B1B680A331A78264B1B78194607EE67
:10D4B000902AF8EE677A244A342303FB01F31344DD
:10D4C0006433C3ED007A1F4B1B7819461E4A342380
:10D4D00003FB01F3134464331B68184605F0B2FDE7
:10D4E00002460B461A4801F013FF164B00221A7031
:10D4F000DCE0089801F042FC124B1B780A930A9B6F
:10D50000002B00F3D380104A0A9B342101FB03F364
:10D510001344683300221A800A9B01330A93EEE712
:10D52000D4420020D8420020DC4200205F3D002091
:10D530004C33002050330020AC3300205233002005
:10D54000FC510300583D0020E04200202852030017
:10D5500034520300584B1B6807331A78574B1B781B
:10D560009A4240F0A380544B1B6808331A78534BFF
:10D570005B789A4240F09A80514B1B680021184614
:10D5800001F040FC0346B3F1FF3F0CBF0123002331
:10D59000DBB2002B00F08A80494B1B681B781C46CD
:10D5A000474B1B6801331B781D46454B1B680233F4
:10D5B0001B781E46424B1B6803331B781A46404BB0
:10D5C0001B6804331B7819463D4B1B6805331B78D9
:10D5D0001846059B93F91330039302900191009232
:10D5E00033462A462146374801F092FE0523099327
:10D5F000099B002B15DB324B1A68099B1344324AF6
:10D60000127810461978314A342303FB00F31A4488
:10D61000099B134448330A461A70099B013B09933E
:10D62000E6E7294B1B781846059B93F91310274A08
:10D63000342303FB00F3134457330A461A70224B7A
:10D640001B781946214A342303FB01F31344573353
:10D6500093F9003019461E4801F05AFE164B1B681C
:10D660000A331A78184B1B78194607EE902AF8EE01
:10D67000677A164A342303FB01F313446433C3ED82
:10D68000007A114B1B781946104A342303FB01F32F
:10D69000134464331B68184605F0D4FC02460B465D
:10D6A0000C4801F035FE084B00221A7000F0D2FA47
:10D6B00000BF0CB070BD00BFD84200205033002026
:10D6C000D4420020FC510300583D0020E0420020DD
:10D6D000285203003452030000B585B00190009138
:10D6E000019B04330393019B1B881D2B04D1039BD7
:10D6F00004331846FFF71CFE00BF05B05DF804FBBD
:10D7000000B583B00023009304F094FE01906B46B3
:10D710001946012004F088FF01906B46184605F079
:10D7200011F8019000BF03B05DF804FB00B583B0B1
:10D730000190184B01221A60174B1B68012B24D152
:10D74000164B1B68002B09DC154B01221A60124B8B
:10D7500000221A60134B01221A7016E0124B1B684C
:10D760004FF47A7202FB03F3184600F021F80B4BDA
:10D770001B68013B094A1360084B1B6819460B489C
:10D7800001F0C6FD074B00221A7000BF03B05DF820
:10D7900004FB00BFD0440020D8440020DC4400201B
:10D7A000D4440020E0440020B03300204052030065
:10D7B00030B583B00190154A00211548FAF748FAB0
:10D7C000019B18464FEAE0714FF000024FF0000352
:10D7D000CB0343EA5043C20312F57A7443F10005C8
:10D7E0004FF4FA624FF000032046294605F0B0FDE1
:10D7F00002460B461346002219460648FAF75CFA21
:10D80000054B00221A6000BF03B030BD2DD70200C7
:10D8100078590300983B0020D044002008B5064A00
:10D8200001210648FAF714FA002210210448FAF7F9
:10D8300043FA00BF08BD00BF95D202007C59030027
:10D84000B83B002000B583B00023009304F0F2FD44
:10D8500001906B461946012004F0E6FE6B4618461F
:10D8600004F070FF019000BF03B05DF804FB08B541
:10D87000FFF746FF00F0EEF900BF08BD08B5F4223F
:10D8800000210D4805F015FF0B4B41221A700A4B81
:10D8900043225A70084B4B229A70074B3122DA70A0
:10D8A000064B1B88064A0449064804F0BDFB06489F
:10D8B00001F02EFD00BF08BDB841002078330020E4
:10D8C000803300205C3300205452030000B583B045
:10D8D00003460091ADF80630064801F019FDBDF889
:10D8E0000630009A19460448F9F7C4FD00BF03B09A
:10D8F0005DF804FB68520300EFBEADDE00B589B0F1
:10D900000190019B1B78002B40F09280019B9B8A29
:10D910001946494801F0FCFC00230793019B9B8AB0
:10D920001A46079B93420CD2019B1A69079B13442A
:10D930001B781946414801F0EBFC079B0133079324
:10D94000ECE73F4801F0E4FC019B1B6902331B78C4
:10D95000012B0CD13B4B01221A704FF08043B122B6
:10D96000C3F81C256420FFF774FCFFF78FFB019BB5
:10D970001B6904331A78344B1A70019B1B690533F9
:10D980001A78324B1A70019B1B6906331B781A46B2
:10D990004FF47A7303FB02F32D4A1360019B1B695A
:10D9A00007331B785AB22B4B1A70019B1B69083343
:10D9B0001B781A464FF47A7303FB02F3264A13606E
:10D9C000019B1B6909331B781A464FF47A7303FBDA
:10D9D00002F3224A1360019B1B690A331A78204B19
:10D9E0001A70002306930B230593059B0E2B0FDC67
:10D9F000019B1A69059B1A44069B591C06911278D3
:10DA000008A90B4403F8102C059B01330593ECE7A0
:10DA100004A903AB0422184605F022FEDDED037ACB
:10DA2000FDEEE77A17EE902A0E4B1A60FFF726FFFD
:10DA300000BF09B05DF804FB80520300AC52030044
:10DA4000B4520300E1440020FD3B0020FE3B0020D7
:10DA50008833002048330020903300208C3300208E
:10DA6000E2440020B833002000B585B09DF80430B2
:10DA7000012262F303038DF804309DF80430012283
:10DA800062F307138DF80430124805F067FE034671
:10DA90009AB201AB0F491846FFF7CBFB02AB082245
:10DAA0000021184605F005FE1023ADF808303C2390
:10DAB000ADF80A300023ADF80C304FF4C873ADF860
:10DAC0000E3002AB1846FFF7B0FB00BF05B05DF8A3
:10DAD00004FB00BFB852030000B583B000230093DD
:10DAE000002300936B461946094803F0B5FF01ABCC
:10DAF00004220021184605F0DCFD064B019301AB22
:10DB00001946054804F0EAF900BF03B05DF804FBCC
:10DB1000783D0020FDD802005C33002000B583B0C2
:10DB20000190019B1B78002B05D1054B1B883B21E5
:10DB30001846FFF776FB00BF03B05DF804FB00BF9B
:10DB40007833002000B589B001AB1C2200211846B3
:10DB500005F0AFFD002301934FF4A03302934FF47F
:10DB6000F023039303238DF810300023ADF8123017
:10DB700000238DF81430064B06930023079301AB66
:10DB8000184602F091FF00BF09B05DF804FB00BF2A
:10DB90001DDB020000B585B001900091019B1B8840
:10DBA000562B42D0562B47DC3B2B37D03B2B43DC4C
:10DBB000212B25D0212B3FDC102B02D0112B0ED096
:10DBC0003AE0019B9A881F4B1A801E4B1B8819460E
:10DBD0001D4803F063FF1D4B01221A702DE0194B05
:10DBE0004FF6FF721A80174B1B883B211846FFF730
:10DBF00018FB164B00221A70154B01221A601CE00C
:10DC000000238DF80D3000238DF80C30019B9B888C
:10DC100003AA11461846FFF718FB0EE0019B9B88EC
:10DC200013211846FFF7FDFA07E0019B9B8813219B
:10DC30001846FFF7F6FA00E000BF00BF05B05DF838
:10DC400004FB00BF78330020783D00205E3D0020BB
:10DC5000D044002008B5FFF7F4FA03490348FFF762
:10DC6000ECFA00BF08BD00BFA433002094330020AD
:10DC700000B585B00023039304F0DCFB0390039907
:10DC80001D4801F045FB039B0293029B002B05D02E
:10DC90001A4A4FF479710298F9F7ECFB00230193CB
:10DCA00001AB184604F0AEFC03900399144801F050
:10DCB0002FFB019B1946134801F02AFB01AB1946C3
:10DCC000012004F0B1FC0346002B14BF0123002304
:10DCD000DBB2002B02D00C4801F01AFB01AB184656
:10DCE00004F030FD03900399034801F011FB00BFDD
:10DCF00005B05DF804FB00BFC4520300BC51030033
:10DD0000D4520300E8520300FC52030000B5ADB04A
:10DD100001ABAC220021184605F0CBFC02238DF8A4
:10DD2000043000238DF8063005238DF807300123D9
:10DD3000ADF850300C4B159301238DF88030402303
:10DD4000239344F25063249300232A9301AB194692
:10DD5000064802F047FB0121044802F036FB00BFF1
:10DD60002DB05DF804FB00BF7C330020843D002013
:10DD700000B583B001900091009B5A88124B1B881C
:10DD80009A4214D1009B1B8840F6772293420ED111
:10DD9000009B9B88033B9AB20C4B1A800B4B1B8851
:10DDA00019460A4B1B881A46094801F0B1FA019B33
:10DDB0005B881946019B1B881A46064801F0A8FAA1
:10DDC00000BF03B05DF804FB783300207A330020F5
:10DDD000085303002853030008B50549054803F01C
:10DDE00054FDF721034803F07BFD00BF08BD00BFD1
:10DDF00071DD0200643D002008B50321024802F0F5
:10DE0000C9FB00BF08BD00BF843D002008B5FFF777
:10DE10002FFFFFF729FEFFF7DFFFFFF75DFEFFF79C
:10DE200075FFFFF78FFEFFF7E7FF044B00221A7024
:10DE3000034801F06DFA00BF08BD00BF5E3D002041
:10DE40006453030082B00190019B082B38D801A2D3
:10DE500052F823F079DE020081DE020089DE020042
:10DE600091DE020099DE0200A1DE0200A9DE0200BE
:10DE7000B1DE0200B9DE0200154BD8221A7023E091
:10DE8000134BE2221A701FE0114BEC221A701BE0B8
:10DE90000F4BF0221A7017E00D4BF4221A7013E0AA
:10DEA0000B4BF8221A700FE0094BFC221A700BE0A2
:10DEB000074B00221A7007E0054B04221A7003E09A
:10DEC000034B00221A7000BF00BF02B0704700BFB2
:10DED000EC450020124B0022C3F80022104B002218
:10DEE000C3F810210E4B00221A600D4B0122DA609C
:10DEF0000B4B01221A610A4B0122C3F80C21084B7B
:10DF0000D3F81031002B0CBF01230023DBB2002B10
:10DF100000D0F4E7024B0022C3F8102100BF704785
:10DF20000010004008B5114B0122C3F8FC2F0F4B25
:10DF30000122C3F800220E4B93F900301846FFF778
:10DF400081FF0C4B1A78094BC3F80C250A4B1A7841
:10DF5000064BC3F81025054A084B1B68C2F8083564
:10DF6000024B01221A6000BF08BD00BF0010004034
:10DF700048330020EC450020B4330020B8330020A3
:10DF800000B583B0384B04221A70384BD3F85036A2
:10DF9000364A23F00103C2F85036344B344AC3F8F2
:10DFA0001825324B0022C3F83425304B0022C3F829
:10DFB0002C252E4B0122C3F830252C4BCC22C3F844
:10DFC00024252A4B4FF0CC32C3F81C25274B294A75
:10DFD000C3F81425284BFF221A7000238DF8073050
:10DFE0009DF80730FF2B0BD09DF807300133224AF4
:10DFF000CC21D1549DF8073001338DF80730EFE77D
:10E000001A4B1D4AC3F80425184B2122C3F80022DD
:10E010001A4B93F900301846FFF714FF184B1A7883
:10E02000124BC3F80C25104B1A78104BC3F810256F
:10E030000E4A144B1B68C2F808350C4B0022C3F87B
:10E040000C210A4B01221A60084BD3F80C31002B2B
:10E050000CBF01230023DBB2002B00D0F4E700BF8C
:10E0600003B05DF804FB00BFB43300200010004093
:10E07000FF00040308000001EC44002048330020A6
:10E08000EC450020B833002008B504F027FA00BFA3
:10E0900008BD00BF7047000000B583B0FFF7F4FF74
:10E0A000FFF7F7FF8F4B01221A604FF080430022E9
:10E0B000C3F800214FF0804301221A604FF08043E3
:10E0C000D3F80031002B0CBF01230023DBB2002B5F
:10E0D00000D0F3E7844B1B78002B05D1834801F077
:10E0E00017F9FFF7F7FE06E07F4B1B78002B02D0F5
:10E0F0007F4801F00DF97F4B1B78002B00F0AD80BD
:10E10000794B1B78012B17D17B4B1B68002B13DD40
:10E110007A4801F0FDF87A4B1B681946794B93F960
:10E1200000301A460023019300920B460122012180
:10E13000754804F08DFE0CE06B4B1B78002B08D16A
:10E140006D4B1B68002B04DD704801F0E1F8FFF710
:10E15000E9FE694B1B68002B12DD674B1B681846F4
:10E16000FFF726FB6A4B1B68002B0CBF0123002323
:10E17000DBB2002B02D0FAF7CFFEF3E700F09CFEF3
:10E18000594B1B78012B10D15D4B1B6819465D4B19
:10E1900093F900301A460023019300920B460022A7
:10E1A0000121594804F054FE05E04F4B1B78002B29
:10E1B00001D1FFF78FFE574B1B68002B13D0564839
:10E1C00001F0A6F8534B1B681846FFF7F1FA504BC5
:10E1D0001B68002B0CBF01230023DBB2002B02D0F5
:10E1E000FAF79AFEF3E7404B1B78022B12D14B4B08
:10E1F0001B68002B0EDD4A4801F08AF8474B1B686C
:10E200001946484801F084F8444B1B68184600F052
:10E2100085FC0FE0344B1B78002B0BD13F4B1B6868
:10E22000002B07DD404801F073F83C4B1B68184693
:10E2300000F050FE394B1B68002B7FF761AF2E4B6F
:10E240001B68002B7FF45CAF324B1B68002B7FF404
:10E2500057AF364801F05CF852E7234B1B78012B8F
:10E2600013D1334801F054F8254B1B681946254B50
:10E2700093F900301A460023019300920B460122C5
:10E280000121214804F0E4FD25E0174B1B78022B07
:10E2900018D1224B1B68002B14D1174B1B68002B85
:10E2A00010D1174B1B681946224B93F900301A46C0
:10E2B0000023019300920B4601220021124804F032
:10E2C000C7FD08E0084B1B78002B04D10F4801F074
:10E2D0001FF8FFF727FEFAF71FFE4FF47A70FEF7DC
:10E2E000B8FFF8E700D00040FE3B00207453030065
:10E2F000945303005F3D002088330020B453030093
:10E30000B8330020853B002040360020D85303005E
:10E31000D04400208C330020F853030090330020B9
:10E320001854030040540300645403008054030055
:10E330009C5403008C3B002000B585B003468DF84B
:10E340000F30FFF7A1FEFFF7A4FE8D4B01221A60EC
:10E350004FF080430022C3F800214FF08043012298
:10E360001A604FF08043D3F80031002B0CBF01231B
:10E370000023DBB2002B00D0F3E7824B1B78002B8D
:10E3800005D1814800F0C4FFFFF7A4FD06E07D4BF6
:10E390001B78002B02D07D4800F0BAFF9DF80F30AB
:10E3A000002B00F0AD80774B1B78012B17D1784BF9
:10E3B0001B68002B13DD774800F0AAFF764B1B6823
:10E3C0001946764B93F900301A46012301930092C7
:10E3D0000B4601220121724804F03AFD0CE0694B22
:10E3E0001B78002B08D16A4B1B68002B04DD6D489D
:10E3F00000F08EFFFFF7C4FD654B1B68002B12DD9C
:10E40000634B1B681846FFF7D3F9674B1B68002B5B
:10E410000CBF01230023DBB2002B02D0FAF77CFDF6
:10E42000F3E700F049FD574B1B78012B10D15A4BF5
:10E430001B681946594B93F900301A460123019382
:10E4400000920B4600220121554804F001FD05E031
:10E450004C4B1B78002B01D1FFF73CFD534B1B6845
:10E46000002B13D0524800F053FF504B1B68184646
:10E47000FFF79EF94C4B1B68002B0CBF01230023B8
:10E48000DBB2002B02D0FAF747FDF3E73D4B1B78D8
:10E49000022B12D1474B1B68002B0EDD464800F0C3
:10E4A00037FF444B1B681946444800F031FF414B8D
:10E4B0001B68184600F078FB0FE0324B1B78002BEE
:10E4C0000BD13C4B1B68002B07DD3D4800F020FFC3
:10E4D000384B1B68184600F0FDFC364B1B68002BC0
:10E4E0007FF761AF2A4B1B68002B7FF45CAF2F4B8B
:10E4F0001B68002B7FF457AF324800F009FF52E74A
:10E50000204B1B78012B13D12F4800F001FF224B29
:10E510001B681946214B93F900301A4601230193D9
:10E5200000920B46012201211D4804F091FC20E0DD
:10E53000144B1B78022B13D1244800F0E9FE164B34
:10E540001B681946154B93F900301A4601230193B5
:10E5500000920B4601220021114804F079FC08E0EA
:10E56000084B1B78002B04D10E4800F0D1FEFFF7BA
:10E5700007FDFAF7D1FC4FF47A70FEF76AFEF8E770
:10E5800000D00040FE3B002074530300945303006E
:10E59000883300209C540300B8330020853B0020C2
:10E5A00040360020D8530300D04400208C33002094
:10E5B000F853030090330020BC5403004054030080
:10E5C0006454030080540300E45403000C5503001A
:10E5D00010B584B00390FEF757FE0346744A1360EB
:10E5E000734B1B681946734800F092FEFFF70EFC50
:10E5F0000398FFF7DDF8704800F08AFE6F4B1B6848
:10E60000002B03D06E4B1B78002B01D0012300E0C0
:10E610000023002B02D0FAF77FFCEFE7694800F0F7
:10E6200077FE694B93F854301846FEF7F6FD4FF429
:10E630007A70FEF70EFE03F051FF4FF47A70FEF78A
:10E6400008FE00F039FC614B93F90030082B02DD25
:10E650005E4B07221A705E4B1B68642B06D95D4B1C
:10E660001B78002B02D15A4B11221A60574B93F999
:10E6700000301C46584B1968584B1A68584B18689C
:10E68000584B1B6800930346204600F0C1F903462F
:10E690005AB2554B1A704E4B1B6803F5617307EE67
:10E6A000903AF8EE677A514BC3ED007A474B93F9F5
:10E6B00000301C464E4B19684E4B1A684E4B18687A
:10E6C0004E4B1B6800930346204600F0A1F9034619
:10E6D0005AB24B4B1A703D4B93F900301C46494BD4
:10E6E0001968494B1A68494B1868494B1B680093D5
:10E6F0000346204600F08CF903465AB2454B1A7087
:10E70000454B1B781946454800F002FE444B1B68F8
:10E710001946444800F0FCFD2C4B93F90030194693
:10E72000414800F0F5FD414B1B681946404800F098
:10E73000EFFD404B1B6819463F4800F0E9FD3F4B99
:10E740001B7819463E4800F0E3FD214B1B68194633
:10E750003C4800F0DDFD1F4B1B7819463A4800F09D
:10E76000D7FD1B4B1B681946384800F0D1FD244BE0
:10E7700093F900301946364800F0CAFD254B93F94D
:10E7800000301946334800F0C3FD234B1B78002BA3
:10E7900009D04FF08043B122C3F81C256420FEF756
:10E7A00058FDFEF773FCFFF74DF800BF04B010BD35
:10E7B000E4440020505503005C550300D044002081
:10E7C0005E3D002074550300843D00204833002046
:10E7D000B8330020FE3B0020803B00202033002087
:10E7E0002433002028330020843B00202C330020D9
:10E7F000883B0020303300203433002038330020A1
:10E80000853B0020903B00203C330020403300201B
:10E81000443300208C3B0020E14400208C55030051
:10E820008833002098550300A85503008C3300203E
:10E83000BC55030090330020CC550300E244002077
:10E84000E0550300EC55030004560300285603006E
:10E85000405603006056030008B5FAF7E7FF0020B2
:10E86000FBF742F8FAF742FB00BF08BD30B587B0AE
:10E870004FF08053D3F8A8301B0ADBB263F03F039C
:10E88000DBB28DF810304FF08053D3F8A830DBB2F4
:10E890008DF811304FF08053D3F8A4301B0EDBB24B
:10E8A0008DF812304FF08053D3F8A4301B0CDBB23C
:10E8B0008DF813304FF08053D3F8A4301B0ADBB22D
:10E8C0008DF814304FF08053D3F8A430DBB28DF8BC
:10E8D00015309DF810301C469DF811301D469DF8EE
:10E8E00012309DF813209DF814109DF81500039028
:10E8F0000291019200932B4622460549054804F0F7
:10E9000040FE0449044800F003FD00BF07B030BDDD
:10E9100080560300C0440020A456030010B584B004
:10E920004FF08053D3F80431029302AB03934FF0BE
:10E930008053D3F80011039B03331B781846039BC5
:10E9400002331B781C46039B01331B781A46039B3A
:10E950001B7801930092234602460C4800F0D8FC35
:10E960004FF08053D3F808311946094800F0D0FC25
:10E970004FF080531B6E4FF08052526E194605487F
:10E9800000F0C6FC00BF04B010BD00BFC4560300B9
:10E99000E0560300F056030010B586B000210620B3
:10E9A000FEF708FC3220FEF754FC154B01AC0FCBF0
:10E9B00084E80F0002238DF8073005238DF8063018
:10E9C00003238DF8053004238DF804304FF00053F5
:10E9D000039300238DF8113001A90023094A0A4846
:10E9E000FBF7E6F80590059B002B05D0074A40F29F
:10E9F00057710598F8F73EFD00BF06B010BD00BF87
:10EA00004C57030069EF020084590300BC51030016
:10EA100084B00390029101920093039A029BD31A4F
:10EA20000499009A8A1A02FB03F20199029BCB1AFD
:10EA300092FBF3F2009B1344184604B070470000A9
:10EA400082B00190024B01221A6000BF02B07047F1
:10EA5000483A002008B50248F9F764F900BF08BD3C
:10EA6000D83B002030B585B0019000230393FFF719
:10EA7000F1FF164A00211648F9F7EAF8019B1846FB
:10EA80004FF000014FF000024FF00003CB0343EAC8
:10EA90005043C20312F57A7443F100054FF4FA6251
:10EAA0004FF000032046294604F052FC02460B4674
:10EAB0001346002219460748F9F7FEF80390064B63
:10EAC00000221A6000BF05B030BD00BF41EA02005D
:10EAD00080590300D83B0020483A002000B583B09D
:10EAE0000A4800F015FC0A4B00930A4B1A221B211E
:10EAF000094804F049F84FF4FA60FEF7AAFB06480B
:10EB000004F09CF800BF03B05DF804FB74580300E8
:10EB1000483A002065EA02004036002000B585B082
:10EB200003901C4800F0F4FB0398FEF741FE1A4BDB
:10EB30001B681946194B93F900301A4600230193BC
:10EB400000920B4601220021154804F081F9154B73
:10EB50001B68002B0CBF01230023DBB2002B02D06B
:10EB6000FAF7DAF9F3E700F0A7F90B4B1B6819463F
:10EB70000A4B93F900301A460023019300920B468A
:10EB800000220021064804F063F900BF05B05DF8DB
:10EB900004FB00BF94580300B83300208C3B0020D6
:10EBA00040360020D044002000B585B003901C48BA
:10EBB00000F0AEFB0398FEF7FBFD1A4B1B681946ED
:10EBC000194B93F900301A460123019300920B462A
:10EBD00001220021154804F03BF9154B1B68002B5E
:10EBE0000CBF01230023DBB2002B02D0FAF794F90B
:10EBF000F3E700F061F90B4B1B6819460A4B93F9D8
:10EC000000301A460123019300920B460022002196
:10EC1000064804F01DF900BF05B05DF804FB00BF15
:10EC200094580300B8330020853B00204036002074
:10EC3000D044002000B583B0FBF7B4FC0190019BE9
:10EC40000093009B002B05D03A4A40F63A01009809
:10EC5000F8F710FCFFF700FEFFF708FEFFF75EFE77
:10EC600000F025F9FEF7DAFD2620FEF792FA2620BD
:10EC7000FEF7B5FA4FF4FA60FEF7EBFAFFF72EFF56
:10EC8000FFF78AFE2C48FFF7A3FC2C4B1B78032BC5
:10EC900045D801A252F823F0A9EC0200BDEC020015
:10ECA000CFEC0200F9EC0200254800F031FB00F047
:10ECB00059F9FFF7E9F9FAF72FF9FCE7214800F0D5
:10ECC00027FB214B00221A70FAF726F9FCE71F48B0
:10ECD00000F01EFB1E4B1B68002B07D11D4B1B6851
:10ECE000002B03D1184B00221A7002E0164B0122B0
:10ECF0001A70FFF7D1F9FCE7174800F009FB144B35
:10ED00001B68002B07D1134B1B68002B03D100207D
:10ED1000FFF712FBFBE70120FFF70EFBFBE70848BC
:10ED200000F0F6FA00F01EF9FFF7AEF9FAF7F4F882
:10ED3000FCE700BFBC510300C0D40100E244002046
:10ED4000B4580300C05803005F3D0020D4580300AE
:10ED50008833002090330020F458030082B00190E3
:10ED6000054BB3F8E0301A46019B42FA03F303F077
:10ED70000103184602B07047E042002000B583B09E
:10ED800001900198FFF7EAFF0346002B0CBF012317
:10ED90000023DBB2002B22D0174BB3F8E0301AB2BD
:10EDA0000121019B01FA03F31BB213431BB29AB278
:10EDB000114BA3F8E020FEF767FA02460F4B1B68E1
:10EDC000D31A0F4AA2FB03239B0998B20A4A019B5C
:10EDD000342101FB03F31344743302461A80064ABC
:10EDE000019B342101FB03F31344683300221A8092
:10EDF00000BF03B05DF804FBE0420020E4440020C3
:10EE0000D34D621000B585B00190009100230393AB
:10EE1000039B002B20DC039B342202FB03F1009AAE
:10EE200013461B019B1ADB000B4440330D4A13446D
:10EE3000083306221946019800F016F80346002B05
:10EE400014BF01230023DBB2002B01D0039B05E09C
:10EE5000039B01330393DBE74FF0FF33184605B004
:10EE60005DF804FBE042002086B00390029101921D
:10EE700000230593059A019B9A420FDA059B039A9A
:10EE800013441A78059B02990B441B789A4201D0CF
:10EE9000002304E0059B01330593EBE701231846AB
:10EEA00006B0704708B5FEF7CCF900BF08BD08B53D
:10EEB000F8F790FE00BF08BD08B50448F8F732FF28
:10EEC000034B00221A6000BF08BD00BF983B002022
:10EED000D044002000B583B001901A4B00221A7074
:10EEE000194B00221A70194B00221A70174B00227E
:10EEF0001A70174B00221A70164B00221A70164B0C
:10EF000000221A70FEF7B3FC0198FEF751FC134B78
:10EF10001B68002B05D1124B1B78002B01D101235C
:10EF200000E00023002B02D0F9F7F6FFEFE7FFF730
:10EF3000B9FFFFF7C1FF03F0D1FA00BF03B05DF8DE
:10EF400004FB00BF593D00205A3D00205B3D0020DE
:10EF50005C3D00205D3D0020E8440020D0440020BE
:10EF6000583D002000BF704782B001900091034BD4
:10EF700001221A7000BF02B0704700BFFC3B0020A6
:10EF800000B585B003900291039B012B2AD1029B0F
:10EF90004FF6FF72934225D1144804F02FF84FF03A
:10EFA000CC730093022307220821114804F02CF8A7
:10EFB000104803F0B1FC104803F086FC0F4B1B68AF
:10EFC00064330F4A13600E4B1B689AB20D4B5A8084
:10EFD0000A4B1B689AB20B4B9A800B4B1B689AB278
:10EFE000084BDA8000BF05B05DF804FB2436002032
:10EFF000283600204C3A0020003C002084330020BA
:10F00000AC42002094330020B042002008B54FF6F7
:10F01000FF710120FFF7B4FF08BD000000B583B009
:10F020001F4B0193019B02221A61019B02225A612C
:10F03000019B1C4A9A61019B1B4ADA61019B4FF4B8
:10F0400000721A62019B00229A62019B00225A629E
:10F05000019B0022DA62019B124A9A64019B134AC7
:10F06000DA64019B10221A65019B00229A65019BBC
:10F0700000225A65019B0022DA65019B07330C4987
:10F08000184604F049FB019B0A49184604F044FB6A
:10F09000019B20229A7100BF03B05DF804FB00BF02
:10F0A000F04500209459030068460020684800207D
:10F0B000A0590300A459030000B589B00390029140
:10F0C000019200230693039BDB680593039B1B6956
:10F0D0000493049A059B9A4205D9049A059BD31A76
:10F0E000013B079307E0039B9A680499059BCB1AA1
:10F0F0001344013B0793039B9A68059BD31A079A15
:10F10000934228BF13460793079A019B934228BF57
:10F1100013460793039B5A68059B1344079A029969
:10F12000184604F09DFA069A079B13440693029A28
:10F13000079B13440293019A079BD31A0193059AE4
:10F14000079B13440593039B9B68059A9A4201D140
:10F1500000230593039B059ADA60019B002BB5D130
:10F16000069B184609B05DF804FB00B589B0039012
:10F1700002910192039BDB680793039B9A68079BAC
:10F18000D31A0693069A019B9A420ED9039B5A689A
:10F19000079B1344019A0299184604F061FA079AF2
:10F1A000019B1A44039BDA601AE0069B0593039BBC
:10F1B0005A68079B1344059A0299184604F050FABE
:10F1C000019A069BD31A0593039B5868029A069BE3
:10F1D0001344059A194604F043FA039B059ADA6032
:10F1E00000BF09B05DF804FB86B00190019B1B696C
:10F1F0000493019BDB680393049A039B9A4208D80B
:10F20000019B9A68039BD21A049B1344013B05930C
:10F2100004E0049A039BD31A013B0593059B18460F
:10F2200006B0704700B589B0039002910192029B2D
:10F230000693039B5A1C13465B001344DB00204AD1
:10F2400013440593059B5B69022B29D0022B2ED812
:10F25000002B02D0012B13D029E00598FFF7C4FF43
:10F260000490049A019B9A4202D20023079321E062
:10F27000019B0793019A06990598FFF776FF19E01D
:10F280000598FFF7B1FF0490019A049B934228BFB1
:10F2900013460793079A06990598FFF766FF09E05A
:10F2A000019A06990598FFF707FF079002E00023EF
:10F2B000079300BF079B184609B05DF804FB00BF29
:10F2C000F045002000B587B00390029101920F4BEA
:10F2D0001B78002B01D1FFF7A1FE00238DF813301E
:10F2E0000DF113031846F9F71DF8019A02990398D6
:10F2F000FFF798FF05909DF813301846F9F728F8A6
:10F30000059B184607B05DF804FB00BFF0450020E0
:10F310000FB400B5A3B025AB009301A8009B249ABD
:10F32000802104F08FF92190219B802B06DD01AB19
:10F33000802219460020FFF7C5FF08E0219B002B23
:10F3400005DD219A01AB19460020FFF7BBFF219B89
:10F35000184623B05DF804EB04B070476DDF7047CA
:10F3600000BF184679DF704700BF18467DDF704741
:10F3700000BF184664DF704700BF184682B00346DE
:10F380000091ADF80630BDF80630DAB2009B1A7075
:10F39000BDF806301B0A9AB2009B0133D2B21A7034
:10F3A0000223184602B0704700B589B0039002915D
:10F3B0001346ADF80630029B1B8803F10902BDF825
:10F3C00006309A4201D90C2353E004AB1846FFF7EC
:10F3D000C5FF0790079B0693069B002B01D0069B59
:10F3E00047E0029B1B881A46039B134408221A70AD
:10F3F000029B1B8801339AB2029B1A80029B1B88D6
:10F400001A46039B13441B221A70029B1B8801336C
:10F410009AB2029B1A80029B1B881A46039B98187B
:10F4200004AB01330622194604F01AF9029B1B882B
:10F4300006339AB2029B1A809DF8103023F0010324
:10F44000DBB2002B07D1029B1B881A46039B134497
:10F4500000221A7006E0029B1B881A46039B134485
:10F4600001221A70029B1B8801339AB2029B1A80F8
:10F470000023184609B05DF804FB00B589B003907D
:10F4800002910192ADF80230039B1B78012B05D14C
:10F49000039B5B78002B01D1072392E0019B1B8823
:10F4A0009A1CBDF802309A420ED8039B1B78012BA0
:10F4B0000CD1019B1B881A46039B5B7813449A1C52
:10F4C000BDF802309A4201D90C237AE0019B1B88D7
:10F4D000BDF80220D31A9BB2023BADF81C30BDF838
:10F4E0001C30ADF81230019B1B880233029A134482
:10F4F0000DF1120211461846FFF738FF0690069BE1
:10F500000593059B002B01D0059B5AE0039B1B78BC
:10F51000022B06D0039B5B789AB2BDF812309A4258
:10F5200009D3BDF81230BDF81C209A4203D3092339
:10F530008DF81F3017E008238DF81F30039B1B78D0
:10F54000012B0CD1039B5B789BB2BDF81C209A4227
:10F5500005D3039B5B789BB2ADF8123003E0BDF896
:10F560001C30ADF81230BDF81230FE2B01D90C233F
:10F5700027E0BDF81230DAB2019B1B881946029BC6
:10F580000B440132D2B21A70019B1B8801339AB22C
:10F59000019B1A80019B1B881A46029B13449DF80D
:10F5A0001F201A70019B1B8801339AB2019B1A809D
:10F5B000019B1A88BDF8123013449AB2019B1A803D
:10F5C0000023184609B05DF804FB00B589B003902C
:10F5D00002911346ADF80630029B1B881A1DBDF838
:10F5E00006309A4201D90C233BE00DF11603184670
:10F5F000FFF7B8FE0790079B0693069B002B01D0F0
:10F60000069B2EE0029B1B881A46039B1344032291
:10F610001A70029B1B8801339AB2029B1A80029BCC
:10F620001B881A46039B134419221A70029B1B88DD
:10F6300001339AB2029B1A80BDF81620029B1B88E8
:10F640001946039B0B4419461046FFF797FE0346E5
:10F650001946029B1A888BB213449AB2029B1A80F5
:10F660000023184609B05DF804FB84B002910192B2
:10F670001A4603468DF80F301346ADF80C30019B47
:10F680001B88DA1CBDF80C309A4201D90C2328E003
:10F69000019B1B881A46029B134402221A70019B8D
:10F6A0001B8801339AB2019B1A80019B1B881A4662
:10F6B000029B134401221A70019B1B8801339AB2EA
:10F6C000019B1A80019B1B881A46029B13449DF8DC
:10F6D0000F201A70019B1B8801339AB2019B1A807C
:10F6E0000023184604B0704784B0029101921A4674
:10F6F00003468DF80F301346ADF80C30019B1B8884
:10F70000DA1CBDF80C309A4201D90C2328E0019B89
:10F710001B881A46029B134402221A70019B1B8805
:10F7200001339AB2019B1A80019B1B881A46029BE7
:10F7300013440A221A70019B1B8801339AB2019B61
:10F740001A80019B1B881A46029B13449DF80F20C8
:10F750001A70019B1B8801339AB2019B1A80002307
:10F76000184604B0704700B58FB0039001930B4664
:10F770008DF80B3013468DF80A3000238DF83330A6
:10F78000109B1B88ADF8303000230D9371E0039B74
:10F790005A680D9B9B001A4405AB106818600DF168
:10F7A0001B0105AB00221846FFF7E4FD0A900A9BF7
:10F7B0000993099B002B01D0099B7CE09DF81B302D
:10F7C0009DF80A209A4251D19DF83330002B01D088
:10F7D000002300E002238DF82330109B1B881A467B
:10F7E0009DF81B301A449DF823301A44BDF844306C
:10F7F0009A4201DD0C235EE09DF8333083F0010373
:10F80000DBB2002B16D0109B1B8801339AB2109BE1
:10F810001A80109B1B881A46019B13449DF80B20ED
:10F820001A70109B1B8801339AB2109B1A80012317
:10F830008DF83330109B1B881A46019B1A440DF13A
:10F840001B0105AB1846FFF795FD0A900A9B07932D
:10F85000079B002B01D0079B2DE0109B1A889DF879
:10F860001B309BB213449AB2109B1A800D9B01333C
:10F870000D93039B1B881A460D9B934287DB9DF8D3
:10F880003330002B16D0109B1A88BDF83030D31AB5
:10F890009BB2013BADF82E30BDF82E30FF2B01D9C5
:10F8A0000C2308E0BDF83030019A1344BDF82E2037
:10F8B000D2B21A70002318460FB05DF804FB00B5F1
:10F8C0008BB0059003930B468DF8133013468DF8DB
:10F8D00012309DF81310BDF8343001930C9B009347
:10F8E000039B02220598FFF73EFF0990099B0893AE
:10F8F000089B002B01D0089B14E09DF81210BDF866
:10F90000343001930C9B0093039B10220598FFF762
:10F910002AFF0990099B0793079B002B01D0079BA7
:10F9200000E0002318460BB05DF804FB82B00190A4
:10F93000019B1B88052B0AD9019B1B88B3F5486FD7
:10F9400007D9019B1B884FF6FF72934201D0072312
:10F9500025E0019B5B88052B0AD9019B5B88B3F5E9
:10F96000486F07D9019B5B884FF6FF72934201D025
:10F97000072314E0019B1B884FF6FF7293420DD0C2
:10F98000019B5B884FF6FF72934207D0019B1A8858
:10F99000019B5B889A4201D9072300E000231846A7
:10F9A00002B0704700B587B0039002910192ADF8A4
:10F9B0000230019B1B889A1DBDF802309A4201D982
:10F9C0000C234DE00398FFF7B1FF0590059B0493CE
:10F9D000049B002B01D0049B42E0019B1B881A462C
:10F9E000029B134405221A70019B1B8801339AB2B3
:10F9F000019B1A80019B1B881A46029B134412220A
:10FA00001A70019B1B8801339AB2019B1A80039BD9
:10FA10001A88019B1B881946029B0B441946104605
:10FA2000FFF7ACFC03461946019B1A888BB21344BE
:10FA30009AB2019B1A80039B5A88019B1B88194626
:10FA4000029B0B4419461046FFF798FC03461946E3
:10FA5000019B1A888BB213449AB2019B1A8000232F
:10FA6000184607B05DF804FB00B587B0039002911B
:10FA70000192ADF80230039B9B8802330593019BF2
:10FA80001B881A46059B13449A1CBDF802309A4203
:10FA900001D90C2354E0059BFE2B01D90C234FE028
:10FAA000059BDAB2019B1B881946029B0B4401326D
:10FAB000D2B21A70019B1B8801339AB2019B1A8043
:10FAC000019B1B881A46029B1344FF221A70019B5C
:10FAD0001B8801339AB2019B1A80039B1A88019BF1
:10FAE0001B881946029B0B4419461046FFF746FC3B
:10FAF00003461946019B1A888BB213449AB2019BA4
:10FB00001A80039B9B88002B19D0039B9B68002BBA
:10FB100001D1072314E0019B1B881A46029B981809
:10FB2000039B9968039B9B881A4603F099FD019BF0
:10FB30001A88039B9B8813449AB2019B1A80002366
:10FB4000184607B05DF804FB00B589B00390029138
:10FB50000192ADF80230039B9B6A002B01D1072371
:10FB600072E000238DF81F3066E0039B996A9DF8D0
:10FB70001F2013465B0013449B000B440693069B17
:10FB80009B8802330593059BFE2B01D90C235BE078
:10FB9000059BDAB2019B1B881946029B0B4401327C
:10FBA000D2B21A70019B1B8801339AB2019B1A8052
:10FBB000019B1B881A46029B134416221A70019B54
:10FBC0001B8801339AB2019B1A80069B1A88019BFD
:10FBD0001B881946029B0B4419461046FFF7CEFBC3
:10FBE00003461946019B1A888BB213449AB2019BB3
:10FBF0001A80069B9B88002B19D0069B9B68002BC4
:10FC000001D1072320E0019B1B881A46029B98180C
:10FC1000069B9968069B9B881A4603F021FD019B71
:10FC20001A88069B9B8813449AB2019B1A809DF800
:10FC30001F3001338DF81F30039B93F82C309DF853
:10FC40001F209A4291D30023184609B05DF804FBA7
:10FC500000B595B005900491039200231393039B84
:10FC60001B88ADF84A30039B00221A80059B93F84D
:10FC70002D30002B0ED0BDF84A301A460399049857
:10FC8000FFF792FB1390139B1193119B002B01D054
:10FC9000119BD8E0059B9B78002B0ED0BDF84A3015
:10FCA0001A4603990498FFF790FC1390139B109346
:10FCB000109B002B01D0109BC5E0059BDB78002B2F
:10FCC00010D0059BDB7858B2BDF84A30039A0499EE
:10FCD000FFF7CBFC1390139B0F930F9B002B01D0CE
:10FCE0000F9BB0E0059B5B68002B11D0059B5B6808
:10FCF00093F90000BDF84A30039A0499FFF7F4FC29
:10FD00001390139B0E930E9B002B01D00E9B9AE039
:10FD1000059B1B89002B14D0059B03F10800BDF83F
:10FD20004A300193039B0093049B06220221FFF7B4
:10FD3000C6FD1390139B0D930D9B002B01D00D9BC3
:10FD400081E0059B1B8A002B14D0059B03F110005A
:10FD5000BDF84A300193039B0093049B07220321C3
:10FD6000FFF7ADFD1390139B0C930C9B002B01D060
:10FD70000C9B68E0059B1B8B002B14D0059B03F1AB
:10FD80001800BDF84A300193039B0093049B152291
:10FD90001421FFF794FD1390139B0B930B9B002BE7
:10FDA00001D00B9B4FE0059B1B6A002B0FD0059BDE
:10FDB000186ABDF84A30039A0499FFF7F3FD1390CF
:10FDC000139B0A930A9B002B01D00A9B3BE0059BE7
:10FDD0005B6A002B0FD0059B586ABDF84A30039A26
:10FDE0000499FFF741FE1390139B0993099B002B85
:10FDF00001D0099B27E0059B93F82C30002B0ED0F7
:10FE0000BDF84A30039A04990598FFF79DFE1390B8
:10FE1000139B0893089B002B01D0089B13E0059BC4
:10FE20001B78002B0ED0BDF84A30039A0499059830
:10FE3000FFF723FB1390139B0793079B002B01D025
:10FE4000079B00E0139B184615B05DF804FB86B0D5
:10FE5000039001921A460B46ADF80A3013468DF80E
:10FE60000930039B002B02D0019B002B01D1002302
:10FE70004DE00023ADF816300CE0BDF81630039AC3
:10FE800013441B789AB2BDF8163013449BB2013369
:10FE9000ADF81630019B1B88BDF816209A4209D395
:10FEA000BDF816300133039A13441B789DF80920DE
:10FEB0009A4205D0BDF81620BDF80A309A42DCD32C
:10FEC000BDF81620BDF80A309A4201D300231EE087
:10FED000BDF816300233ADF81430BDF81630039A71
:10FEE00013441B789BB2013BADF81230BDF81420CF
:10FEF000BDF812301A44BDF80A309A4201DD0023E1
:10FF000005E0019BBDF814201A80BDF81230184698
:10FF100006B0704700B585B001900B46ADF80230D1
:10FF200013468DF801300023ADF80C309DF80130F8
:10FF300003AABDF802100198FFF789FF0346ADF848
:10FF40000E30BDF80E30002B01D1002304E0BDF8C7
:10FF50000C301A46019B1344184605B05DF804FBAB
:10FF600072DF704700BF184673DF704700BF184646
:10FF700082B00190019B93F83034184602B070476C
:10FF800084B00190002303930AE0019A039B134479
:10FF90001B78002B01D0012306E0039B0133039360
:10FFA000039B052BF1D90023184604B070470000CD
:10FFB00082B003468DF807309DF807305A1C074B76
:10FFC00083FB02135910D317C91A0B469B000B442D
:10FFD000D11ACBB2184602B0704700BF676666669A
:10FFE00082B001900091009BDB7B012B04D1009B30
:10FFF0009A88019BA3F8242400BF02B0704700B583
:020000023000CC
:1000000085B001900091019B002283F82E24009B73
:100010009A88019BB3F824349A4216D1019B1B792C
:1000200083F00103DBB2002B0FD00121019800F017
:10003000B1FA0390039B002B07D0019B9B6B002B15
:1000400003D0019B9B6B0398984700BF05B05DF8F8
:1000500004FB00B585B001900091009B1B88262B06
:100060001ED1009B1B7A012B03D0009B1B7A022B15
:1000700017D1019B9B781846FFF79AFF0346194654
:10008000019800F087FA0390039B002B09D0019B95
:100090009B6B002B05D0019B9B6B0398984700E05E
:1000A00000BF05B05DF804FB00B585B001900B46BC
:1000B0008DF80330019B03F227431846FFF760FFDA
:1000C00003468DF80F309DF80330013B032B33D8E6
:1000D00001A252F823F000BFE90003000D01030064
:1000E000210103002D010300019B9B79002B0DD002
:1000F000019B93F8243083F00103DBB2002B05D081
:100100009DF80F30002B01D0012316E0019BDB7915
:10011000002B05D09DF80F30002B01D002230CE0FE
:10012000019B1B7A002B01D0032306E0019B5B7A25
:10013000002B01D0042300E00023184605B05DF831
:1001400004FB00BF82B001900091019B012283F863
:100150003120019B0022C3F82024019B03F2264298
:10016000009B5A60009B00229A60009B02221A703A
:10017000009B80229A810023184602B0704782B00B
:1001800001900091019B022283F83120019B93F89A
:100190002430002B03D0009B07221A7002E0009B42
:1001A00003221A70019B1B699AB2009B9A81019BE2
:1001B0000022C3F82024019B03F22642009B5A60D0
:1001C000019BDA68009B9A600023184602B07047D2
:1001D00000B583B00190019B5B79002B0FD0019B90
:1001E00093F82E3483F00103DBB2002B07D0019883
:1001F000FFF7BEFE0346002B01D0012300E00023E1
:1002000003F00103DBB2184603B05DF804FB00B550
:1002100085B001900B468DF80330019BD3F8100494
:10022000019BB3F8143401221946FFF773FE0390C3
:10023000039B002B03D0039B9DF803201A70019BA6
:1002400003F15400019B03F58261019B3C331A4684
:10025000FFF786FE0346184605B05DF804FB00B5BF
:1002600085B001900091019B5A69009B9A60019BA7
:100270009B699AB2009B9A81019B93F82430002BD2
:1002800004D0019B062283F83C2003E0019B01225D
:1002900083F83C200198FFF79BFF0346002B13D007
:1002A000009B02221A7504210198FFF7B0FF03900A
:1002B000039B0293029B002B01D0029B0FE0019B4A
:1002C000052283F8312003E0019B032283F83120CB
:1002D000019B03F58262019BC3F82024002318468A
:1002E00005B05DF804FB00B585B001900091019B5D
:1002F000DA69009B9A60019B1B6A9AB2009B9A8103
:10030000019B93F82430002B04D0019B062283F834
:100310003C2003E0019B012283F83C200198FFF779
:1003200057FF0346002B13D0009B02221A750421AD
:100330000198FFF76CFF0390039B0293029B002B35
:1003400001D0029B0FE0019B062283F8312003E0DD
:10035000019B042283F83120019B03F58262019BFB
:10036000C3F820240023184605B05DF804FB82B0D2
:100370000190019B9B78002B06D0019B93F82030C5
:10038000002B01D000230AE0019B9B6A042B03D0C1
:10039000019B5B6A042B01D1002300E00123184676
:1003A00002B0704784B00190019B93F82430002B79
:1003B00003D0EE23ADF80E3002E01F23ADF80E306F
:1003C000BDF80E30184604B0704782B001900B465D
:1003D0008DF80330019B9DF8032083F8302000BF87
:1003E00002B0704730B587B001900091009B002BA0
:1003F00002D0019B002B01D10E23B8E0009B783383
:100400001846FFF7B4FF034683F00103DBB2002B6D
:1004100001D00723ABE0019B00229A70019A009B58
:10042000141D03F178050FCD0FC40FCD0FC495E84F
:10043000070084E80700019B002283F83020009B1E
:10044000D3F8A420019B5A63009BD3F8A820019BFA
:100450009A63019B4FF6FF72A3F82424019B03F5D6
:100460008262019BC3F82024019B03F226430722EA
:100470000021184603F01DF9019B1B7883F001034E
:10048000DBB2002B03D0019BFF2283F85420019B99
:1004900003F15502019BC3F810240198FFF782FF76
:1004A00003461A46019BA3F814240098019B03F10C
:1004B0005501019B03F214431A46FFF7C9FB05904F
:1004C000059B0493049B002B01D0049B4FE0019BF0
:1004D00003F23122019BC3F818240198FFF762FF51
:1004E00003461A46019BA3F81C24009B03F13C0021
:1004F000019BD3F81814019B03F21C431A46FFF723
:10050000A7FB0590059B0393039B002B01D0039B46
:100510002DE0019B012283F85120019B9B699AB237
:10052000019BA3F84820019B012283F83C20019BFA
:1005300000221A64019B002283F85020019B5A6913
:10054000019B5A64019B03F15400019B3C331A4602
:100550000021FFF705FD0590059B0293029B002BF0
:1005600001D0029B03E0019B01221A70059B1846F3
:1005700007B030BD82B00190019B1B68012B03D0F6
:10058000019B1B68022B01D1012300E000231846C8
:1005900002B0704700B585B001900B468DF803306E
:1005A000019B1B7883F00103DBB2002B01D00823F1
:1005B00009E1019B9DF803209A70019B03F22643F9
:1005C00007220021184603F074F8019B9B79002B49
:1005D00003D0019B9B78012B0FD0019BDB79002B73
:1005E00003D0019B9B78012B07D0019BDB79002B6B
:1005F00014D0019B9B78022B10D1019B5B6B002BCD
:1006000008D0019B012283F82D24019B5B6B0820FD
:10061000984703E0019B002283F82D249DF80330C6
:1006200019460198FFF740FD03461A46019B9A7050
:10063000019B5B6B002B20D0019B9B78032B03D08D
:10064000019B9B78042B18D1019B5B79002B14D064
:10065000019B93F82E3483F00103DBB2002B0CD006
:10066000019B002283F83024019B012283F82F2470
:10067000019B5B6B0720984703E0019B002283F8F6
:100680002F24019B3C3318220021184603F011F857
:10069000019B012283F83C20019B2C331846FFF775
:1006A00069FF0346002B06D0019BDB6ADAB2019B8F
:1006B00083F8512003E0019B012283F85120019B24
:1006C00093F82430002B12D0019B28331846FFF7F3
:1006D00051FF0346002B06D0019B9B6ADAB2019BB7
:1006E00083F8522003E0019B012283F85220019BF2
:1006F000002283F85020019B9B78042B31D801A263
:1007000052F823F0590703001907030029070300D3
:100710003907030049070300019B3C331946019840
:10072000FFF710FD03901DE0019B3C331946019833
:10073000FFF725FD039015E0019B3C331946019816
:10074000FFF78DFD03900DE0019B3C3319460198A6
:10075000FFF7C9FD039005E0019B002283F83120DB
:1007600000E000BF019B9B78002B20D0019B03F190
:100770005400019BD3F82014019B3C331A46FFF729
:10078000EFFB0390039B002B01D0039B1BE0019B1D
:1007900093F85420019B93F8303019461046FFF728
:1007A000E3FB0390039B002B01D0039B0BE0019B19
:1007B0005B6B002B06D0019B5B6B019A92F831209A
:1007C000104698470023184605B05DF804FB00BFAB
:1007D00000B585B001900091009B0393019B1B889D
:1007E000262B10D0262B13DC102B02D0112B05D07A
:1007F0000EE001990398FFF7F3FB0AE001990398D3
:10080000FFF7FDFB05E001990398FFF722FC00E0EC
:1008100000BF00BF05B05DF804FB75DF704700BF87
:10082000184676DF704700BF18467ADF704700BF72
:1008300018467BDF704700BF1846000084B00346AF
:10084000ADF806300023039316E00F49039A1346D0
:100850009B0013449B000B441B88BDF806209A4262
:1008600007D1039A13469B0013449B00064A134486
:1008700006E0039B01330393039B002BE5D0002389
:10088000184604B0704700BF9848002082B001901D
:100890000B46ADF80230019BBDF802201A80019B87
:1008A00000221A72019B054903F10A020B4603CB91
:1008B0001060516000BF02B0704700BFC848002000
:1008C00082B00190019B4FF6FF721A8000BF02B008
:1008D000704788B00390029111461A460B46ADF856
:1008E00006301346ADF80430039B9B881A46BDF8CA
:1008F000063013440793039B9B881946039B9B88F0
:10090000BDF80620934228BF13469BB2CB1A06932C
:10091000039BDB881A46BDF8043013440593039B00
:10092000DB881946039BDB88BDF80420934228BF6F
:1009300013469BB2CB1A0493029B5A88039B1B88D5
:100940009A4205D3029B5A88039B5B889A4201D93D
:1009500000231CE0029B9B881A46069B934205D805
:10096000029B9B881A46079B934201D200230EE00C
:10097000029BDB881A46049B934205D8029BDB88C6
:100980001A46059B934201D2002300E0012318463A
:1009900008B0704700B583B00190064B9B69002BEF
:1009A00003D0044B9B690198984700BF03B05DF8E2
:1009B00004FB00BFAC48002000B585B003460091A1
:1009C000ADF80630BDF8063000991846FFF725FF50
:1009D0000390039B002B05D0039B112B02D003989F
:1009E000FFF7D8FF039B002B0CBF01230023DBB2D2
:1009F000184605B05DF804FB00B589B00190019B75
:100A00000793079B9BB21846FFF718FF0690069BBB
:100A1000002B42D0069B1A7A224B1B7B9A4215D29E
:100A2000079B9AB2069B0A3319461046FFF7C4FF8C
:100A300003468DF813309DF81330002B2DD0069B04
:100A40001B7A0133DAB2069B1A7226E0069B00225B
:100A50001A72144B1B7C002B0FD0079B9BB23B21BF
:100A60001846FFF7DEFE0590059B002B05D0059B81
:100A7000082B02D00598FFF78DFF0A4B5B69002B0E
:100A80000BD000238DF80C30079B9BB2ADF80E30D5
:100A9000044B5B6903AA1046984700BF09B05DF894
:100AA00004FB00BFAC48002030B587B00190019B2B
:100AB000002B01D10E2353E02B4A019B14461D4607
:100AC0000FCD0FC495E8070084E80700264B274A9E
:100AD0001A60019B1B68002B11D0019B1B681846F4
:100AE000FFF7A3FE0490049B002B01D0049B37E08A
:100AF000019B1A681D4B1068516803C308E01B482E
:100B0000FFF797FE0490049B002B01D0049B27E085
:100B10000023059320E0059A13469B0013449B0095
:100B2000134A134403930398FFF7CAFE059B5B0126
:100B3000104A1A44039B5A60039B04330E4A002157
:100B40001846F7F785F80490049B002B01D0032387
:100B500006E0059B01330593059B002BDBD00023AA
:100B6000184607B030BD00BFAC480020C848002080
:100B70009848002078480020F909030000B587B0A4
:100B800003460091ADF80630009B5B7A002B1AD12A
:100B9000009B1B7A002B03D1164B5B68059302E088
:100BA000144B9B680593009B5B68BDF80620059974
:100BB0001846F7F781F80490049B002B16D0049890
:100BC000FFF7E8FE12E0009B00221A72094B5B69F6
:100BD000002B0BD001238DF80C30BDF80630ADF89A
:100BE0000E30044B5B6903AA1046984700BF07B05C
:100BF0005DF804FBAC48002000B585B00190019B76
:100C0000DB7B8DF80F30019B9B88ADF80C309DF895
:100C10000F30012B2CD14FF6FF70FFF70FFE029023
:100C2000029B002B03D10420FFF7B4FE21E0BDF8A6
:100C30000C3019460298FFF729FE029B03F10A00C7
:100C4000019B03F110014FF6FF7340F2F312FFF71F
:100C500040FE03461A46029B5A72074BDB89002B63
:100C600007D1BDF80C3002991846FFF787FF00E066
:100C700000BF05B05DF804FBAC48002000B587B0AC
:100C80000190019B9B88ADF81630BDF816301846D0
:100C9000FFF7D4FD0490049B002B0ED0049B5B68EF
:100CA0001846F7F73FF80390039B002B02D00398F8
:100CB000FFF770FE0498FFF703FE00BF07B05DF872
:100CC00004FB000000B587B00190019B063305933B
:100CD000059B1A88194BDB899A422BD1059B5B89AE
:100CE000022B27D1019B9B88ADF81230BDF8123042
:100CF0001846FFF7A3FD0390039B002B1AD0059B1A
:100D00000C33184600F074FA0346002B06D0BDF8E9
:100D1000123003991846FFF731FF0BE0039B5B6825
:100D20001846F6F7FFFF0290029B002B02D00298B4
:100D3000FFF730FE00BF07B05DF804FBAC480020B1
:100D400000B585B00190019B9B88ADF80E30BDF8D1
:100D50000E301846FFF772FD0290029B002B15D053
:100D6000029B03F10A00019B03F108014FF6FF7398
:100D700040F2F312FFF7ADFD03461A46029B5A728A
:100D8000BDF80E3002991846FFF7F8FE00BF05B017
:100D90005DF804FB00B583B001900091019B1B88B6
:100DA000502B12D0502B18DC122B12D0122B14DC2B
:100DB000102B02D0112B04D00FE00198FFF71CFF7D
:100DC0000CE00198FFF75AFF08E00198FFF77AFF5F
:100DD00004E00198FFF7B4FF00E000BF00BF03B0DC
:100DE0005DF804FB30B58FB00190009100230293B1
:100DF000009B002B1AD000230D9314E06B460D9935
:100E00001846F7F7C6FF0346002B09D0029B5A1C71
:100E100002920D9A92B25B000EA90B4423F82C2C7F
:100E20000D9B01330D930D9B132BE7D9019B1D46A1
:100E300002AC0FCC0FC50FCC0FC594E8070085E8B6
:100E4000070001980FB030BD00B583B00346ADF880
:100E50000630BDF80630132B01D900230CE0BDF895
:100E6000063019460648F7F763FFBDF80630194605
:100E70000448F7F75DFF0123184603B05DF804FB53
:100E8000D8480020D448002000B585B00346ADF80E
:100E90000630002303930DE0039B9B00094A134493
:100EA0000433BDF8062011461846F7F759FF039B97
:100EB00001330393039B1D2BEED900BF00BF05B088
:100EC0005DF804FBD048002000B583B00346ADF8C0
:100ED0000630BDF8063019460348F7F741FF00BF5A
:100EE00003B05DF804FB00BFD848002030B59BB0CC
:100EF000184B9B68DB431893164B5A6818AB114686
:100F00001846F7F776FF189A6B4611461846FFF712
:100F100069FF0DAC6D460FCD0FC40FCD0FC495E822
:100F2000070084E80700002319930BE0199B5B007E
:100F30001AAA134433F8303C1846FFF7A5FF199B53
:100F4000013319930D9B199A9A42EFD300BF00BF4A
:100F50001BB030BDD048002000B583B001900B46D7
:100F6000ADF8023013468DF801309DF80130002BAA
:100F700006D0BDF8023019460198F7F7D9FE05E012
:100F8000BDF8023019460198F7F7EAFE00BF03B03A
:100F90005DF804FB00B585B001900091019B9B8832
:100FA000ADF80E30019B1B88103B0A2B00F28880A5
:100FB00001A252F823F000BFE50F03002110030047
:100FC000C1100300C1100300C1100300C1100300D1
:100FD000C1100300C1100300C11003008B100300F7
:100FE0002D100300FFF782FFBDF80E301846FFF703
:100FF0002BFF034683F00103DBB2002B05D0324AFE
:10100000F0210420F6F736FA57E0019BDB7B012B39
:1010100053D0BDF80E3019462C48F7F789FE4CE046
:10102000BDF80E301846FFF74FFF49E0019B1B7AD1
:10103000C3F30313DBB28DF80D309DF80D30032B95
:101040008CBF01230023DAB2BDF80E3019462048C8
:10105000FFF782FF9DF80D30022B8CBF0123002388
:10106000DAB2BDF80E3019461A48FFF775FF9DF841
:101070000D30012B8CBF01230023DAB2BDF80E30F6
:1010800019461548FFF768FF1AE0019B1B7A002BF1
:1010900015D1019B5B7AC3F3C003DBB2002B14BFF5
:1010A000012300238DF80C309DF80C20BDF80E3084
:1010B00019460748FFF750FF01E000BF00E000BFFE
:1010C00000BF05B05DF804FBAC590300DC4800200C
:1010D000E8480020E4480020E048002000B583B044
:1010E0000346ADF80630BDF80630132B01D90023B6
:1010F00006E0BDF8063019460348F7F74AFE0346F6
:10110000184603B05DF804FBD448002000B583B056
:101110000346ADF80630BDF806301846FFF7DEFF8F
:101120000346002B02D0BDF8063000E01423184619
:1011300003B05DF804FB00B587B003900B46019245
:10114000ADF80A30019B002B01D10E2338E0019B42
:1011500000221A60039B002B01D10E2330E0039B79
:101160001B68002B01D10E232AE0039BDB8803F0D0
:1011700003039BB2002B01D0072321E0BDF80A3006
:101180001846FFF7C3FF03468DF817309DF8173058
:10119000142B01D1052313E0039B1B799DF8172025
:1011A0009A4201D304230BE0039B1B689DF8172090
:1011B0000399C98801FB02F21A44019B1A600023BB
:1011C000184607B05DF804FB82B00190019B1B78C4
:1011D0001AB2019B01331B781B021BB213431BB2D3
:1011E0009BB2184602B07047AADF704700BF18468E
:1011F00000B585B001900198FFF7E6FF0346ADF812
:101200000E30BDF80E3003F00103002B14BF012394
:101210000023DBB2184605B05DF804FB82B003463C
:1012200000918DF80730009A13786FF30303137061
:10123000009A13786FF3071313709DF80730052B8E
:101240005BD801A252F823F0611203007712030069
:1012500091120300AB120300C5120300DF1203005A
:10126000009A13786FF303031370009A13786FF3E7
:101270000713137040E0009A1378012161F3030310
:101280001370009A1378012161F30713137033E090
:10129000009A1378012161F303031370009A137805
:1012A000022161F30713137026E0009A13780121DD
:1012B00061F303031370009A1378032161F307139A
:1012C000137019E0009A1378022161F3030313707D
:1012D000009A1378012161F3071313700CE0009A50
:1012E0001378022161F303031370009A137802212B
:1012F00061F30713137000BF00BF00BF02B0704757
:1013000000B595B0034602910192ADF80E30029BF4
:101310009B78002B03D101238DF81E3003E0029B44
:101320009B788DF81E30029B1B88ADF81C3006ABF5
:1013300003220021184602F0BCF9029B5B7C06AA3E
:1013400011461846FFF76AFF029B9A7C06AB0133F1
:1013500019461046FFF762FF029BDA7B9DF81A30B0
:1013600062F3C3038DF81A30029B1A7C9DF81A3081
:1013700062F304138DF81A30029B1A7B9DF81A3021
:1013800062F300038DF81A30029B1B7D002B01D005
:10139000022200E001229DF81A3062F342038DF828
:1013A0001A300DAB1C220021184602F082F9029B74
:1013B0005B7B03F01003DBB2002B06D1029B5B7B4F
:1013C00003F02003DBB2002B24D004AB0322002166
:1013D000184602F06EF9029BDA7C04AB0133194621
:1013E0001046FFF71BFF9DF81030012262F3030344
:1013F0008DF810309DF81030012262F307138DF83C
:1014000010309DF81230012262F342038DF8123041
:1014100004AB1293029B5B7B8DF83430029B9B7B69
:101420008DF8353008AB14220021184602F041F93E
:1014300007AB089306AB0993029B9B88ADF82C3051
:10144000029B9B68002B06D0029BDB88ADF82830FE
:10145000029B9B680C93029B9B69002B4FD005ABB2
:1014600003220021184602F024F9029B9B691B8885
:10147000ADF83C30029B9B695B88ADF83E30029B27
:101480009B695B680E9305AB1193029B9B691B7B69
:1014900005AA11461846FFF7C1FE029B9B695A7BBD
:1014A00005AB013319461046FFF7B8FE029B9B6956
:1014B0009A7A9DF8163062F3C3038DF81630029BBA
:1014C0009B69DA7A9DF8163062F304138DF81630B2
:1014D000029B9B691A7A9DF8163062F300038DF81F
:1014E0001630029B9B699B7B002B01D0022200E0FF
:1014F00001229DF8163062F342038DF81630029BEC
:10150000DB69002B02D0029BDB69109308AA0DA9AE
:10151000BDF80E00019BFFF767FE0346184615B0A5
:101520005DF804FB90DF704700BF1846A5DF7047E9
:1015300000BF1846B5DF704700BF184682B0019063
:10154000019BF7221A80019B17225A80019B0022DF
:101550001A71019B00225A71019BFB229A71019B17
:101560001B22DA7100BF02B0704700B589B0034694
:101570000A46ADF806301346ADF80430BDF8043025
:10158000ADF81430BDF80430ADF816300023ADF8D6
:1015900018300023ADF81A3003AB00221A609A808D
:1015A00003AA05A9BDF806301846FFF7BBFF079050
:1015B000079B002B02D0BDF80C30002B079B184670
:1015C00009B05DF804FB00B587B001900091009B65
:1015D0009B88ADF81630BDF81630DB00019A134435
:1015E00006330493019B1A79049B9A71009BDB7B61
:1015F000012B02D0022B05D009E0019B1A88049B25
:101600001A8004E0019B5A88049B1A8000BF049B47
:101610001A88049B5B889A4215D9049B1A88BDF8E6
:10162000163011461846FFF781FF0390039B002BED
:1016300003D1049B01225A7105E0039B112B02D1B7
:10164000049B01221A71049B9A79049BDB799A42CC
:1016500008D9049B9B799AB2BDF8163011461846FA
:10166000FFF783FF00BF07B05DF804FB00B583B050
:1016700001900091009B9B88DB00019A1344063384
:101680001846FFF75BFF00BF03B05DF804FB00B531
:1016900087B001900091009B9B88ADF81630009BAD
:1016A0005B89ADF81430BDF81630DB00019A1344A5
:1016B00006330493049B1B88BDF81420934228BF73
:1016C00013469AB2049B5A80049B5B88172B38BF41
:1016D00017239AB2049B5A80019B1B69002B15D0DB
:1016E000049B5B79002B11D040F67723ADF80830CE
:1016F000BDF81630ADF80A30049B5B88ADF80C30AD
:10170000019B1B6902AA114601989847049B00227D
:101710005A71049B00221A7100BF07B05DF804FBE8
:1017200000B589B001900091009B9B88ADF81E30F8
:10173000009BDB88ADF81C30BDF81E30DB00019A41
:10174000134406330693BDF81C30172B38BF1723FC
:10175000ADF81C30069B1B88BDF81C20934228BFA7
:1017600013469AB2069B5A80069B00221A71069B6A
:101770001A88BDF81E3011461846FFF7DBFE0590AB
:10178000069B5B79002B16D1019B1B69002B13D0A4
:1017900040F67723ADF80C30BDF81E30ADF80E30B2
:1017A000069B5B88ADF81030019B1B6903AA1146AC
:1017B0000198984700E000BF09B05DF804FB30B520
:1017C00091B001900091009B04AC1D1D0FCD0FC482
:1017D0000FCD0FC495E8070084E80700BDF810306E
:1017E000ADF83E30BDF81420BDF83E30D1B2019ABC
:1017F000DB0013440A465A73019B1B69002B19D066
:1018000002AB00221A609A804DF67A23ADF80830B8
:10181000BDF83E30ADF80A30BDF83E30019ADB002D
:1018200013445B7B8DF80C30019B1B6902AA1146A7
:101830000198984700BF11B030BD00B587B0019046
:101840000091009B04330593059B1B88DB00019AE4
:10185000134406330493059B9B888DF80F30049B3B
:101860009B799DF80F20934228BF13468DF80E30C8
:10187000059B1B889DF80E2092B211461846FFF773
:1018800074FE00BF07B05DF804FB00B585B00190A1
:101890000091019B002B01D10E231DE0019B009ABA
:1018A0001A61019BF7221A80019BF7225A80019B43
:1018B000FB221A71002303930AE0039BDB00019AC9
:1018C000134406331846FFF739FE039B0133039395
:1018D000039B002BF1D00023184605B05DF804FBF4
:1018E00082B001900B46ADF80230019B002B01D174
:1018F0000E230EE0BDF80230162B03D9BDF80230DE
:10190000F72B01D9072304E0019BBDF802201A80C0
:101910000023184602B0704700B587B001900091CF
:10192000009B0593019B9B88ADF81230BDF81230E7
:10193000002B40F08480019B1B88552B48D0552BF1
:1019400055DC242B32DC102B51DB103B142B4ED8F2
:1019500001A252F823F000BFB3190300BD19030020
:10196000EF190300EF190300EF190300EF1903004B
:10197000EF190300EF190300EF190300EF1903003B
:10198000EF190300EF190300EF190300EF1903002B
:10199000EF190300EF190300EF190300EF1903001B
:1019A000EF190300E5190300DB1903003A2B0AD0F5
:1019B0001DE001990598FFF706FE19E001990598C9
:1019C000FFF754FE14E001990598FFF760FE0FE061
:1019D00001990598FFF7A4FE0AE001990598FFF721
:1019E000EEFE05E001990598FFF727FF00E000BF34
:1019F000BDF81230059ADB0013449B7A002B1FD0F0
:101A0000BDF81230059ADB001344DA88BDF81230B5
:101A100011461846FFF78AFD0390039B002B0FD158
:101A2000BDF81230059ADB00134400229A72BDF80B
:101A30001230059ADB0013440122DA7200E000BF85
:101A400007B05DF804FB00BFB0DF704700BF184669
:101A500066DF704700BF184682B001900091019B7D
:101A6000002B01D10E2316E0009B002B01D10E2389
:101A700011E0019B1B78DE2B01D108230BE0009BBA
:101A80001A68019B5A60019BDE221A70019B4FF677
:101A9000FF725A800023184602B0704782B001904E
:101AA0000B46ADF80230019B002B01D10E230AE05A
:101AB000019B1B78DE2B01D0082304E0019BBDF8BD
:101AC00002205A800023184602B0704700B585B046
:101AD0000190019B1B7A002B18D0019B5B88002191
:101AE0001846FFF7B5FF0390039B002B03D1019B22
:101AF00000221A720AE0039B112B03D1019B0122E1
:101B00001A7203E0019B5B680398984700BF05B019
:101B10005DF804FB00B583B001900091009B1B7938
:101B2000012B0BD1009B1A88019B5B889A4205D13F
:101B3000019B01221A720198FFF7C8FF00BF03B092
:101B40005DF804FB82B00190009100BF02B07047C5
:101B500000B589B001900091009B1A88019B5B88B9
:101B60009A4236D1009B02330793079B1B78022BC6
:101B700031D1079B1B7A042B07D0079B1B7A062BBE
:101B800003D0079B1B7A052B27D102AB00221A60DA
:101B90005A609A60DA6002238DF808304FF4C073FF
:101BA000ADF80C30079B1B7A052B02D10023ADF852
:101BB0000C30009B1B8802AA11461846FFF744FF11
:101BC0000690069B002B09D0019B5B6806989847FE
:101BD00004E000BF02E000BF00E000BF09B05DF814
:101BE00004FB00B585B001900091009B002B40D014
:101BF000019B002B3FD0009B0393039B1B78DE2BA4
:101C00003BD1019B9A88039B5B889A4202D103983F
:101C1000FFF75CFF019B1B88512B18D0512B2EDC4A
:101C2000112B1BD0112B2ADC012B02D0022B07D049
:101C300025E0019B043319460398FFF76BFF21E071
:101C4000019B043319460398FFF77CFF1AE0019BC0
:101C5000043319460398FFF77BFF13E0019B9A8832
:101C6000039B5B889A420CD1039B4FF6FF725A800C
:101C700007E000BF06E000BF04E000BF02E000BFD5
:101C800000E000BF05B05DF804FBA8DF704700BFAF
:101C90001846ADDF704700BF1846AEDF704700BF83
:101CA000184662DF704700BF184600B58FB001903C
:101CB000009100230393019B5869009B9B8803AA12
:101CC0001946FFF738FA0D9005AB08220021184697
:101CD00001F0EFFC04AB06930223ADF814300023AF
:101CE000ADF81630009B9888019B1B8905AA194600
:101CF000FFF7CFFF0D900D9B002B26D1019B9B6919
:101D0000002B22D0069B1846FFF772FA0346002BE1
:101D10001BD0039B002B02D0039B01221A7007AB40
:101D200018220021184601F0C4FC02238DF81C3053
:101D3000019B0893009B9B88ADF82430039B0A937A
:101D4000019B9B6907AA1046984700BF0FB05DF83A
:101D500004FB00B58DB001900091009B06330B93FE
:101D6000019B5869009B9B8803AA1946FFF7E3F97A
:101D70000A9004AB18220021184601F09AFC019B3E
:101D80000593009B9B88ADF81830039B07930B9B32
:101D90001A88019B1B899A4225D10B9B5B89022BD8
:101DA00021D1039B002B38D00B9B0C331846FFF737
:101DB0001FFA0346002B06D0039B01221A70022350
:101DC0008DF8103005E0039B00221A7003238DF874
:101DD0001030019B9B69002B1FD0019B9B6904AABB
:101DE0001046984719E00B9B1A88019B9B899A42E1
:101DF00014D1019B9B69002B10D000238DF810306B
:101E00000B9B0C3308930B9B5B89ADF82430019B33
:101E10009B6904AA1046984700E000BF00BF0DB0C0
:101E20005DF804FB00B58BB001900091019B5869EF
:101E3000009B9B8802AA1946FFF77DF90990099B30
:101E4000002B1AD1029B1B78002B17D003AB182252
:101E50000021184601F02DFC01238DF80C30019B68
:101E60000493009B9B88ADF81430029B0693019B62
:101E70009B6903AA1046984700E000BF0BB05DF8CD
:101E800004FB00B585B001900091009B002B1ED093
:101E9000019B002B1BD0009B0393019B1B88572B9E
:101EA00010D0572B15DC102B02D0502B05D010E092
:101EB00001990398FFF7F9FE0CE001990398FFF7E9
:101EC00048FF07E001990398FFF7ACFF02E000BF6D
:101ED00000E000BF05B05DF804FB000010B592B053
:101EE000019000914F4B0AAC0FCB84E80F00019B8F
:101EF000002B01D10E2391E0009B002B01D10E237A
:101F00008CE0009B1A68019B9A61019A0AAB11460A
:101F10001846FFF7C6FE1190119B1093109B002BE3
:101F200001D0109B7AE0019B1B788DF83A30012399
:101F3000ADF83830019B9A1C0EAB19460120FFF713
:101F4000A4FE1190119B0F930F9B002B01D00F9BB0
:101F500064E002AB20220021184601F0AAFB022314
:101F6000ADF80830019B1B788DF80A30F423ADF8EA
:101F70000C300123ADF80E3001238DF814309DF89C
:101F8000153043F008038DF815309DF8153043F0F7
:101F900004038DF8153001238DF8193001238DF8D5
:101FA0001A30019B5888019B03F10C0202AB1946C1
:101FB000FFF7A6F91190119B002B01D0119B2DE08A
:101FC00002AB20220021184601F073FB0323ADF879
:101FD0000830019B1B788DF80A30F423ADF80C30E3
:101FE0000123ADF80E3001238DF814309DF8153023
:101FF00043F010038DF8153001238DF819300123BB
:102000008DF81A3001238DF81B30019B5888019BF5
:102010001A1D02AB1946FFF773F90346184612B0B2
:1020200010BD00BF185A030000B58DB00390029197
:102030000192ADF80230039B002B01D10E2342E048
:10204000039B5B6905AABDF802101846FFF773F8F9
:102050000B900B9B0A930A9B002B01D00A9B32E04A
:10206000BDF802304FF6FF72934202D0059B002B61
:1020700001D1052327E0059B1B7883F00103DBB228
:10208000002B01D008231EE0019B1B88F42B01D9F3
:10209000072318E006AB10220021184601F009FBC7
:1020A000039B9B88ADF81830029B0993019B089312
:1020B00001238DF81A3006AABDF8023011461846E1
:1020C000FFF7EBFD034618460DB05DF804FB00007A
:1020D00082B003468DF807309DF8073003F01F02E9
:1020E00005499DF907305B09012000FA02F241F829
:1020F000232000BF02B0704700E100E082B0034639
:102100008DF807309DF8073003F01F0206499DF94E
:1021100007305B09012000FA02F2203341F8232046
:1021200000BF02B0704700BF00E100E082B003468C
:102130008DF807309DF90730002B0BDA0B4A9DF81C
:10214000073003F00F03043B13441B7EDBB25B0933
:10215000DBB208E0064A9DF90730134493F80033D8
:10216000DBB25B09DBB2184602B0704700ED00E05D
:1021700000E100E000B583B00190019B002B03D18A
:102180000449C420FBF7A2FB019B5B68184603B01F
:102190005DF804FB285A030010DF704700BF1846A3
:1021A00011DF704700BF184682B003468DF8073034
:1021B0009DF907301F2B0CDC9DF907300F4A22FADE
:1021C00003F303F00103002B14BF01230023DBB250
:1021D00010E09DF907303F2B0BDC9DF90730203BC9
:1021E000012202FA03F3002B14BF01230023DBB208
:1021F00000E00123184602B0704700BFFC06FFBD97
:1022000082B00190019B072B07D8EC22019B42FA78
:1022100003F303F00103002B01D1002300E00123AD
:10222000184602B07047000000B583B003468DF831
:1022300007309DF907301846FFF7B6FF0346002B1D
:1022400002D142F201032EE09DF907301846FFF754
:102250006DFF03461846FFF7D3FF0346002B02D15C
:1022600042F202031FE0124B9B68002B15D09DF930
:1022700007305B090E4A52F823209DF8073003F01F
:102280001F03012101FA03F319469DF907305B0989
:102290000A43074941F8232004E09DF90730184616
:1022A000FFF716FF0023184603B05DF804FB00BFDC
:1022B0009034002000B583B003468DF807309DF9B7
:1022C00007301846FFF770FF0346002B02D142F299
:1022D00001031FE0114B9B68002B15D09DF90730BF
:1022E0005B090E4A52F823109DF8073003F01F03D4
:1022F000012202FA03F3DA439DF907305B090A4031
:10230000064941F8232004E09DF907301846FFF7FD
:10231000F5FE0023184603B05DF804FB903400205E
:1023200000B587B003468DF8073002AB1449184654
:10233000F6F716FE17E002AB1846FFF71BFF0590F5
:10234000059B1B680493059B59689DF80720049B17
:10235000104698470346002B01D111230BE002AB36
:102360001846F6F727FE02AB1846FFF703FF0346B1
:10237000002BE0D10023184607B05DF804FB00BF36
:10238000F45A030000B587B003468DF8073002AB5E
:1023900011491846F6F7E4FD12E002AB1846FFF7C4
:1023A000E9FE0590059B1B680493059B59689DF801
:1023B0000720049B1046984702AB1846F6F7FAFD33
:1023C00002AB1846FFF7D6FE0346002BE5D100BF4F
:1023D00000BF07B05DF804FB005B030000B583B0ED
:1023E0001620FFF721FF0190019B0093009B002B1B
:1023F00004D0044AA1210098F5F73CF800BF03B0CF
:102400005DF804FB845A030000B583B01620FFF783
:1024100051FF0190019B0093009B002B04D0044AC4
:10242000AD210098F5F726F800BF03B05DF804FB76
:10243000845A030000B585B0234B1B78002B01D0D4
:1024400008233CE0214B01221A700020FFF768FFAF
:102450000346112B01D1002331E00020FFF792FF4A
:102460001B4B1B68029300238DF807300DF1070307
:102470001846F5F757FF02AB16491846FFF78CFED2
:102480000390039B002B0CBF01230023DAB20E4BF9
:102490001A709DF807301846F5F75AFF039B002B7A
:1024A00001D0039B0BE0094B00221A700A4B00225B
:1024B0001A70FFF793FF0120FFF764FF002318460F
:1024C00005B05DF804FB00BF4C4900204E490020D8
:1024D000F05A0300917402004D49002000B583B00A
:1024E0001D4B1B7883F00103DBB2002B01D00823C6
:1024F0002EE01A4B01221A700120FFF711FF03464C
:10250000112B01D1002323E00220FFF73BFF002322
:102510008DF803300DF103031846F5F703FFFFF7BD
:102520003FFE01900C4B00221A709DF803301846B4
:10253000F5F70EFF019B002B01D0019B08E0074B34
:1025400000221A70FFF760FF0320FFF71BFF002334
:10255000184603B05DF804FB4C4900204E490020AA
:10256000014B1B78184670474C49002000B585B0D8
:102570006B4611491846F6F7F3FC10E06B46184617
:10258000FFF7F8FD0390039B1B680293039B5A68B7
:10259000029B104698476B461846F6F70BFD6B46B4
:1025A0001846FFF7E7FD0346002BE7D100BF00BF49
:1025B00005B05DF804FB00BF0C5B030008B5FFF736
:1025C000D5FF00BF08BD60DF704700BF184669DF58
:1025D000704700BF184661DF704700BF1846000013
:1025E00000B583B00190019B002B03D10449C420A6
:1025F000FBF76CF9019B5B68184603B05DF804FBC0
:10260000185B030082B00190019B002B01D10E23C7
:1026100004E0044B1A46019B1A600023184602B0DE
:10262000704700BF0033002000B587B0034600911B
:102630008DF807300098FFF7E5FF0590059B002B0C
:1026400001D0059B7AE002AB0C220021184601F074
:1026500030F89DF807308DF8083001238DF80A30E6
:102660000623ADF80C30009B1A6802AB19462020F7
:10267000FFF7ADFF059002AB0C220021184601F0D8
:1026800018F801238DF8093000238DF80A30002353
:102690008DF80B30009B1A6802AB19464020FFF7FB
:1026A00096FF059002AB0C220021184601F001F8BC
:1026B0009DF807308DF80830F723ADF80A30009BFD
:1026C0001A6802AB19462320FFF781FF059002AB81
:1026D0000C220021184600F0ECFF01238DF8083091
:1026E000009B1A6802AB19460120FFF770FF0590A6
:1026F00002AB0C220021184600F0DBFF4FF4B06360
:102700000293009B1A6802AB1946A120FFF75FFFF6
:10271000059002AB0C220021184600F0CAFF9DF87C
:1027200008306FF300038DF80830009B1A6802AB85
:102730001946A020FFF74BFF05900023184607B06D
:102740005DF804FB00B585B00190019B1B68039305
:102750000198FFF738FF0290019B1B68039A9A4289
:10276000029B002B02D1044B01221A70029B1846D7
:1027700005B05DF804FB00BF4F49002000B5ADF582
:10278000077D01AB1860244B1B7883F00103DBB29B
:10279000002B3BD14FF4FA73ADF806320DF206224E
:1027A00002AB11461846FFF716FF8590859B002B5C
:1027B00003D0859B052B22D129E002AB84937FAB0C
:1027C00016491846F6F7CCFB11E07FAB1846FFF729
:1027D00007FF8390839B1B688293839B5A68829B2D
:1027E0001146849898477FAB1846F6F7E3FB7FAB1A
:1027F0001846FFF7F5FE0346002BE6D1CAE7084A64
:1028000040F239118598F4F735FE00E000BF0DF570
:10281000077D5DF804FB00BF4F490020E45B030027
:10282000745B030000B583B00190019B002B03D1C2
:102830000449C420FBF74AF8019B5B68184603B0C3
:102840005DF804FBF05B03004BDF704700BF1846E8
:1028500000B589B0019004AB1846FFF7F5FF07906B
:10286000079B002B03D0079B052B20D124E002AB54
:1028700013491846F6F774FB11E002AB1846FFF750
:10288000D1FF0690069B1B680593049A069B596826
:10289000059B1046984702AB1846F6F78BFB02AB38
:1028A0001846FFF7BFFF0346002BE6D1D3E7054AE2
:1028B0006B210798F4F7DEFD00BF09B05DF804FB5B
:1028C000BC5C03004C5C030082B00190019B184685
:1028D00002B0704700B58FB0039002910093134689
:1028E0008DF8073000230D93029B09939DF8073064
:1028F0000A93009B0B939DF840300C93039B043389
:1029000009A900221846F8F785FC0D900D9B184682
:102910000FB05DF804FB000082B00190034A019BF8
:102920001A60019B184602B0704700BFD05C0300DC
:1029300082B00190FB23184602B0704700B583B007
:102940000190019B93F82030DBB2012B14BF0123CF
:102950000023DBB2002B08D000220121019800F0F7
:1029600039F8019B012283F820200123184603B087
:102970005DF804FB00B583B00190019B93F8203013
:10298000DBB2052B14BF01230023DBB2002B0DD0DB
:1029900007220121019800F01DF8802240210198B2
:1029A00000F018F8019B052283F82020019B93F882
:1029B0002030DBB2052B0CBF01230023DBB2002B40
:1029C00000D0F3E7019B9B7EDBB2184603B05DF8B5
:1029D00004FB000000B589B003900B468DF80B3066
:1029E00013468DF80A309DF80B3063F07F03DBB29D
:1029F0008DF818309DF80A308DF81930104B0022F0
:102A00001A70039B186905AB06A9022200920222E4
:102A1000FFF760FF0790079B002B01D0079B0BE09F
:102A2000074B1B78DBB2002B0CBF01230023DBB26A
:102A3000002B00D0F4E7079B184609B05DF804FBB3
:102A4000FC3B002000B585B00190019B002B0CD011
:102A5000084B43F001030393019B9B010293054B39
:102A600043F001030298984700E000BF05B05DF80D
:102A700004FB00BFE05C030000B583B00190019B44
:102A8000002B0FD04FF47A70FFF7DCFF019B013B66
:102A90000193019B002B14BF01230023DBB2002B09
:102AA00001D0EFE700BF03B05DF804FB00B583B0D1
:102AB0000190F5F7B9FB0346002B14BF0123002357
:102AC000DBB2002B01D0012300E00023184603B045
:102AD0005DF804FB00B585B001900091009800F00E
:102AE0003DFE029000230393039B029A9A4213D95E
:102AF000039B009A13441B781846F5F765FB0346C1
:102B0000002B14BF01230023DBB2002B00D0EFE722
:102B1000039B01330393E7E76420FFF7ADFF00BF9A
:102B200005B05DF804FB00B585B001900DF10F0311
:102B30001846F5F70FFB0346002B14BF01230023B3
:102B4000DBB2002B00D0F1E79DF80F30184605B03E
:102B50005DF804FB00B583B00190019B1B78022B4C
:102B600003D10748FCF7D4FB06E0019B1B78012B3F
:102B700002D10448FCF7CCFB00BF03B05DF804FBB6
:102B8000B45E0300D05E030000B585B003900291EF
:102B900001920093019A0299039800F011F8F5F759
:102BA000B7FA054A009B1360044A069B136000BFF6
:102BB00005B05DF804FB00BF5449002058490020CF
:102BC00000B58FB003900291019208AB00221A6009
:102BD0005A609A60DA601A615A610A230A930B23D9
:102BE0000B93104B0D93029B0893019B09930E4B83
:102BF00004934FF4806305930C4B06934FF480636A
:102C0000079304A908A80223094AF5F7F1F9034636
:102C1000DAB2084B1A700848FCF77AFB00BF0FB015
:102C20005DF804FB00E0D7015C4900205C4D00200A
:102C3000552B030050490020EC5E030000B583B023
:102C400001901A48FCF764FB002344F620621849FF
:102C5000019800F03BF8019B19461648FCF758FB19
:102C60000A20FFF709FF1448FCF752FB002344F643
:102C700020621249019800F029F8019B194610487A
:102C8000FCF746FB0A20FFF7F7FE002344F620621C
:102C90000C49019800F01AF8019B19460A48FCF704
:102CA00037FB00BF03B05DF804FB00BF3C5F0300CF
:102CB000505F0300305F03005C5F0300745F03003C
:102CC000845F0300A05F0300B45F030000B587B01A
:102CD0000390029101920093029B002B05D0F5F71F
:102CE00017FA02990398FFF7F5FE039B4FF48062F1
:102CF0000021184600F0DDFC274B1B6800221A60FB
:102D0000264B1B680198984700230593224B1B68AC
:102D10001B68002B0CBF01230023DBB2002B35D036
:102D20000398FFF7C3FE0346002BEFD00398FFF78D
:102D3000FAFE03468DF81330059B40F2FD329342B4
:102D400008DD1748FCF7E4FA039B002283F8FF2311
:102D500000231CE0059B5A1C0592039A9DF8131052
:102D6000D154039A009B002B01D0009B00E00D4B37
:102D70001946104600F046FC0346002B14BF012301
:102D80000023DBB2002BC1D0012300E00023184652
:102D900007B05DF804FB00BF5849002054490020EB
:102DA000186503004465030088B001900091114B41
:102DB0000693104B0793104B0593079A059B9A4275
:102DC00012D0079A02AB07CA83E80700029B009A59
:102DD0009A4205DD039B009A9A4201DC049B05E0C0
:102DE000079B0C330793E8E74FF0FF33184608B012
:102DF000704700BFE85C03009C5D030088B0019051
:102E00000091114B0693104B0793104B0593079AB3
:102E1000059B9A4212D0079A02AB07CA83E80700C3
:102E2000029B009A9A4205DD039B009A9A4201DCBC
:102E3000049B05E0079B0C330793E8E74FF0FF3353
:102E4000184608B0704700BF9C5D0300505E030049
:102E500010B5ADF5046D07AC206006A8016005A9AA
:102E60000A6004AA13600DF63C0106AB0A2218683A
:102E700000F066FB0DF6380105AB0A22186800F079
:102E80005FFB04AB1A6813469B0013445B00043BD2
:102E90000DF62C010A22184600F052FB0DF6240311
:102EA0000A221946DDF8480800F04AFB06AB1B6809
:102EB000012B0CD104AA07AB11681868FFF774FF47
:102EC0000DF634030A22194600F03AFB1AE006AB6D
:102ED0001B68002B16D104AA07AB11681868FFF70E
:102EE0008DFF034619463F48FCF712FA04AA07ABC8
:102EF00011681868FFF782FF0DF634030A2219469D
:102F000000F01EFB0DF224434FF4806200211846AE
:102F100000F0CFFB09AB4FF480620021184600F0AF
:102F2000C8FB314800F01AFC02460DF224432E493A
:102F3000184600F095FB9DF84C38002B15D10DF686
:102F40003C0209A80DF6240303930DF62C0302930B
:102F50000DF6340301930DF6380300931346234A0C
:102F60004FF4806100F0F9FA18E09DF84C38012B1D
:102F700014D10DF63C0209A80DF6240303930DF6B7
:102F80002C0302930DF6340301930DF638030093DE
:102F90001346174A4FF4806100F0DFFA09A90DF2D9
:102FA00024434FF48062184600F000FB0DF22443E6
:102FB00019461048FCF7ACF9C820FFF75DFD0DF28B
:102FC000244107A8002344F620620068FFF77EFE34
:102FD00007AB1B6819460848FCF79AF900BF0DF5C6
:102FE000046D10BD64650300746503008065030013
:102FF000A4650300C8650300305F030082B0019040
:10300000019B184602B0704784B003900291019270
:103010008DF80330039B029A1A60039B019A5A6051
:10302000039B9DF803201A72039B049ADA60039BAA
:103030004FF040221A61039B00221A75039B184629
:1030400004B07047C0F3C75191B142004FEA4070DD
:103050004FEAD2014FEA310101F16051B2F17F4FE5
:1030600038BF704701F1605118BF41F4002170472B
:1030700010F000410020704701F000428B1AA3F1CC
:103080006051B1F5801F0ADBB1F17F6F09D242EACE
:10309000C102C10071F1004142EB5070704710460F
:1030A000704701285B4113F5001F04D842F0FE4031
:1030B00040F400007047C90041EA507040EA020045
:1030C00040F4800040F08040704700BF10EE100ACE
:1030D0004FEA4000B0F17F4F0CBF01200020704745
:1030E00010EE100A41000020B1F17F4F18BF50EBE5
:1030F0000000704710EE100A00F00040704700BF5B
:10310000B0EEC00A704700BF00B510EE100A00F024
:1031100003F800EE100A00BD4FF07F43B3EB400F01
:1031200022D9410008BF704703EA4002120E7F3ADD
:1031300014DB172AA8BF70474FF6FF73C0F27F0356
:10314000D340184220EA030018BF10F0004F08BF18
:1031500070474FF40001D1404018704710F0004F05
:103160000CBF00200248704718BF0248704700009B
:10317000000080BF0000C07F00B5014610EE100ABD
:1031800000F003F800EE100A00BD4FF07F43B3EBF0
:10319000400F98BF704713EA400207D0120E7E3AE4
:1031A0000A6020EA530040F07C5070470A6000F04B
:1031B0000040704700B5014610EE100A00F003F819
:1031C00000EE100A00BD4FF07F43B3EB400F98BFF5
:1031D000704713EA400204BF00F00040704711EB53
:1031E0001262DCBF00F000407047FF2A3CBF00EBDA
:1031F000C150704740004FEA33007047DFED137A4B
:10320000B4EE670AF1EE10FA12D010EE102AC2F3F3
:10321000C7537F3B11D4162B12DC0D4921FA03F35F
:1032200022EA030207EE902A026030EE670A704736
:10323000C0ED007AB0EE670A7047C0ED007A7047C3
:1032400080ED000AB0EE670A704700BF0000000082
:10325000FFFF7F0000B52DED028BF5EE400AF1EE89
:1032600010FA83B04BD0B0EE608AF0EE408AFFF7E0
:1032700037FF30B1B0EE680A03B0BDEC028B5DF8E9
:1032800004FBB0EE480AFFF72BFF002843D1F5EE10
:10329000408AF1EE10FAEDD0B0EE680AFFF716FFA3
:1032A00000283FD1B0EE480AFFF710FF0028E1D117
:1032B000B0EE480AFFF724FFB0EE408A88EE880A95
:1032C00001A8FFF79BFFDDED017AF5EEC08AB0EEB5
:1032D000680AF1EE10FAA8EE670AB1EE487A24DD2A
:1032E000B4EEC08AF1EE10FA98BF30EE480AB5EE9F
:1032F000C00AF1EE10FABFD530EE080ABCE700F0C4
:1033000015F9114B9FED110A1B68036003B0BDEC6A
:10331000028B5DF804FBB0EE480A03B0BDEC028BF3
:103320005DF804FB9FED090AA6E7B4EEC70AF1EECB
:1033300010FA98BF30EE080AB5EEC00AF1EE10FAA6
:103340009ADD30EE480A97E7086603000000C07F68
:1033500053EA020C61D02DE9F04BB3FA83F51E005D
:1033600007BFB2FA82F502FA05F403FA05F416462D
:10337000C5F120051EBF22FA05F73C43203556EA69
:10338000044C4FEA144418BF0134A3464FF000091F
:10339000C846904271EB030C39D3094207BFB0FA1B
:1033A00080F700FA07F6B1FA81F701FA07F6C7F1DC
:1033B00020071EBF20FA07FC46EA0C062037B6FBA2
:1033C000FBFC7F1B103F07F01F04C4F120060CFA22
:1033D00004F42CFA06F644BF34460026202FA4BF7E
:1033E0002646002454EA060C08BF012418EB040802
:1033F00049EB0609A4FB027CC01B06FB02CC04FBC4
:1034000003CC71EB0C01904271EB030CC5D20B465F
:10341000024649464046BDE8F08BB2FBF3F200009D
:10342000002816DB002817DD0022B7EE000A0C4B3F
:1034300010F0010F1CBFD3ED007A20EE270A4010D8
:1034400004330028F4DC4AB1F7EE007A87EE800AF4
:10345000704740420122E8E7B7EE000A704700BF1C
:103460000C66030038B504460846A26842B12368DA
:1034700061685D1C8D4208BF00208B4208D2D05489
:10348000E3682BB121686268914201D221469847D6
:1034900023680133236038BD70B54C1E09D416462D
:1034A000C5B229463046FFF7DDFF013CB4F1FF3FCE
:1034B000F7D170BD10F0100F08D108B510F4007FDF
:1034C00014BF30202020FFF7E7FF08BD7047F0B49D
:1034D0000546084633B10E462D2306F8013B6D42E2
:1034E000344602E00E46FBE73C46B5FBF2F702FB32
:1034F000175329463D46092B8CBF57333033DBB277
:10350000274607F8013B9142EED200233B70237817
:10351000327804F8012906F8013BB442F7D8F0BC30
:1035200070470028B8BF40427047000000B5F3F76D
:103530004FFF024B18445DF804FB00BF0800000079
:1035400008B50A2A01D1002803DB0023FFF7BFFFDB
:1035500008BD0123FFF7BBFFFAE70CB400B587B045
:1035600008AA52F8043B05920390002004900291AF
:10357000194601A800F022F907B05DF804EB02B08B
:1035800070470EB400B586B007AA52F8041B059226
:103590000390002304936FF00043029301A800F00E
:1035A0000DF906B05DF804EB03B0704710B4037872
:1035B00083B1044614F8013F002BFBD12346144489
:1035C0001A46A34208D011F8012B03F8012B002A58
:1035D000F6D103E00446F1E7002313705DF8044BD5
:1035E0007047037853B159B10144034613F8012FD2
:1035F00012B18B42FAD10B46181A70470346FBE70B
:103600000346F9E770B40E78C6B1037833B90020E9
:1036100014E0237893B110F8013F8BB10378002BAD
:10362000F9D04C1C054632469A42F4D115F8013FB8
:10363000002BEED014F8012B002AF5D170BC704796
:103640000020FBE710B584B00C4611460290002222
:10365000039201941A46684600F0B0F804B010BD19
:10366000844640EA010313F0030F18D18446202A50
:103670000BD32DE9F007B1E8F807A0E8F807A2F1AD
:103680002002202AF7D2BDE8F007042A07D351F818
:10369000043B40F8043BA2F10402042AF7D2002ABA
:1036A00005D011F8013B00F8013B013AF9D1604621
:1036B00070478446002A2DD010F0030F04D000F884
:1036C000011B013A26D0F7E7C9B241EA012141EADC
:1036D0000141202A12D3A2F120022DE9F0030B466A
:1036E0000C460D460E460F4688468946A0E8FA036A
:1036F000203AFBD2BDE8F00320320BD0042A05D3D8
:1037000040F8041B043A05D0042AF9D200F8011B42
:10371000013AFBD160467047024610F0030F16D104
:1037200011F0030F13D12DE9F0004FF001374FF0E6
:10373000803351F8044BA4EB070525EA04051D402E
:1037400002D142F8044BF4E7A1F10401F0BC11F8F6
:10375000013B02F8013B002BF9D1704700F1010158
:1037600010F0030F11D010F8012B002A23D010F015
:10377000030F0AD010F8012B002A1CD010F0030F01
:1037800003D010F8012B002A15D02DE970004FF05E
:1037900001324FF0803350F8044BA4EB020525EAC8
:1037A00004051D4000D1F6E7A0F1040070BC10F83C
:1037B000012B002AFBD1A0EB010070472DE9F04F4F
:1037C0002DED048B89B083460392002303600D46E0
:1037D00015F8011B002900F0BF86DFEDA48A00F078
:1037E000ABBE002607E05E2866D146F4805601E0B5
:1037F00046F0400615462A4612F8010B3028F2D84A
:103800001F2838D9A0F12003102B34D801A151F87A
:1038100023F000BFF1370300773803007738030047
:1038200059380300773803007738030077380300EE
:103830005F380300773803007738030077380300D8
:1038400065380300773803006B38030077380300CE
:10385000773803007138030046F08006CAE746F463
:103860000046C7E746F02006C4E746F01006C1E769
:1038700046F40076BEE72A281ED1039B191D03914A
:103880001F68002FBCBF7F4246F010061078AA1CAC
:1038900027EAE7752E2824D00027742845D07A28F7
:1038A00043D06C2800F0C2804C2800F0C580682806
:1038B00000F0D38091463BE0A0F13003DBB2092B4E
:1038C00088BF0027E4D8002707EB8707303800EBD4
:1038D000470712F8010BA0F13003DBB2092BF3D933
:1038E000D6E710782A280AD1039B191D03911F6877
:1038F00050780232002FD0DB46F48076CDE70132DB
:10390000A0F13003DBB2092B88BF0027F4D80027D1
:1039100007EB8707303800EB470712F8010BA0F1DF
:103920003003DBB2092BF3D9E4E7914619F8010B18
:10393000782800F28480DFE810F0210682008200FF
:103940008200820082008200820082008200820067
:103950008200820082008200820082008200820057
:103960008200820082008200820082008200820047
:103970008200820082008200820082008200820037
:1039800082008200A3008200820082008200820006
:103990008200820082008200820082008200820017
:1039A0008200820082008200820082008200820007
:1039B00082008200820082008200820082008200F7
:1039C00082008200C401E101E601820082008200DF
:1039D00082008200820082008200820082008200D7
:1039E000820082008200820082001E01820082002A
:1039F00082008200820082008200820082008200B7
:103A0000A9005301C601E301E801820053018200CD
:103A1000820082008200B90041010401820082001C
:103A2000CE0082004C01820082002001914619F8EC
:103A3000010B46F001067BE746F0010691460C4B70
:103A40001C68002C00F0748503AB019300972B4693
:103A500032465946A04700F06BBD1078682809D05F
:103A600002F1010946F0040662E700BF0000C84207
:103A70005C51002046F0080602F10209507857E731
:103A800025215846FFF7EEFC00F052BD039B1A1D9E
:103A900003921C78013D5A4629463046FFF70AFD3D
:103AA00021465846FFF7DEFCB0463AE016F0080F14
:103AB00008D0DBF80020039B191D03911B681A70C6
:103AC00000F036BD039B1A1D03921B68DBF8002033
:103AD0001A6000F02DBD039B1A1D03921C688C4BCD
:103AE000002C08BF1C4626F4007816F4807F23D0F3
:103AF00039462046FFF775FD0646AD1B5A46294656
:103B00004046FFF7D7FC06F1FF3A56B1274634444A
:103B100017F8011B5846FFF7A5FCBC42F8D14FF03F
:103B2000FF3A18F0100F00F003855A46294620206E
:103B3000FFF7B2FC00F0FCBC2046FFF70FFE064684
:103B4000DBE7039B1A1D03921B6816F0800F0CBF66
:103B50000024232446F4807608271A46002B00F020
:103B6000B58404AB4FF0000806F40050DFF8A4C1A0
:103B7000A64600F068BC46F4005616F0800F1BD035
:103B800043F2780443F25803782818BF1C4616F411
:103B9000807F01D026F4007616F4804F32D0039B4C
:103BA0001A1D03921B6816F0040F1FD01BB2002BC6
:103BB00020DA5B422D242DE00024E8E716F0800F88
:103BC0000CBF0024302416F4807FE5D026F4007664
:103BD000E2E716F4807F07D026F400760024DBE7C6
:103BE00046F480460024D7E70024D5E716F0080FF6
:103BF000DDD0DBB216F0200F61D116F0400F18BFF8
:103C0000202407E0039B1A1D03921B6816F0040F83
:103C100050D09BB216F4807F00F0E48326F4007647
:103C20005838202800F2398401A252F820F000BF51
:103C30005B3B03009B4403009B4403009B44030045
:103C40009B4403009B4403009B4403009B440300EC
:103C50009B4403009B4403009B4403009B440300DC
:103C6000114403009B4403009B4403009B44030056
:103C70009B440300114403009B4403009B44030046
:103C80009B4403009B4403009B440300E94303005F
:103C90005B3B03009B4403009B4403009B440300E5
:103CA0009B440300114403009B4403009B44030016
:103CB0005B3B030016F0080FACD0DBB2AAE72B2465
:103CC000A8E746F4005646F48066039B073323F0CA
:103CD000070303F108020392D3E90001FFF7CCF9CF
:103CE00008EE100A16F4807F16D0B7B906F44067C4
:103CF000B7F5406F14BF002701270EE046F40056C9
:103D000046F40066E1E746F4005646F44066DCE718
:103D100024660300F86503000627B0EE480AFFF7A3
:103D2000D5F9002840F0B980B0EE480AFFF7D8F97D
:103D30008046002840F0CA80B0EE480AFFF7DAF962
:103D4000002840F0CC8018EE103A08EE103A07A890
:103D500000EE103AFFF710FA079B03EB4303C94A42
:103D600082FB0312DB17C3EBA2030793B5EE408A75
:103D7000F1EE10FA40F0BD8006F44064B4F5806FB7
:103D80000AD0B4F5406F40F06C81079BBB4203DA68
:103D900013F1040F80F2658107984042FFF740FB62
:103DA00028EE008A8DED028AB5EE408AF1EE10FA17
:103DB00034D0B0EE480AFFF789F9002840F0AF8010
:103DC000F2EE047AB4EEE78AF1EE10FA0DDB079B0F
:103DD000F2EE047A013388EE278AB4EEE78AF1EE38
:103DE00010FAF7DA8DED028A0793DDED027AB7EE6D
:103DF000007AF4EEC77AF1EE10FA0FD5079B013B7B
:103E0000F2EE046A1A4667EEA67A013BF4EEC77A30
:103E1000F1EE10FAF6D4CDED027A079227B1B4F59F
:103E2000406F08BF07F1FF377842FFF7F9FAF6EE67
:103E3000007A60EE277A9DED027A77EE877AB2EE0D
:103E4000047AF4EEC77AF1EE10FA80F28180B0EED7
:103E5000678A002F00F0918006F40863B3F5006FC5
:103E60007ED026F4006302937B1DED1A013D16F40B
:103E7000805F00F0F380079A834B83FB0213A3EB70
:103E8000E27303EB4303D31A0233042B00F2E48002
:103E9000DFE803F099DA9699DA00B5EEC08AF1EE20
:103EA00010FA0CD416F4005F784C794B08BF1C460E
:103EB00016F0200F08BF013426F4807613E616F4BE
:103EC000005F744C744B08BF1C46F5E716F4005FA6
:103ED000724C734B08BF1C4626F4807603E646F00E
:103EE0006006F1EE487A17EE903A2EE7079B013311
:103EF000079307980130FFF793FAB4EEC08AF1EE0A
:103F000010FAF3DC02E0079B013B07930798FFF7E9
:103F100087FAB4EEC08AF1EE10FAF4D42CE7B5EECD
:103F2000C08AF1EE10FA0CD416F4005F574C584BCF
:103F300008BF1C4616F0200F08BF013426F4807617
:103F4000D1E516F4005F534C534B08BF1C46F5E710
:103F5000079B01330793B2EE047A87EE878A78E7EE
:103F6000092FA8BF09273846FFF75AFA60EE087AEA
:103F7000FCEEE77A17EE903A4BB926F40063029311
:103F8000053D16F080073FF472AF47466EE7454A9D
:103F9000A2FB0312D20802EB8202B3EB420F7FF4C2
:103FA00060AF4049A1FB0323DB08013FE5D0A1FB43
:103FB0000302D20802EB8202B3EB420FF2D050E7C9
:103FC0004FF0010808E0F2EE047A27EE888A013A01
:103FD0000792013D4FF0020827EAE77716F0600FDD
:103FE00018BF05F1FF350798FFF79BFA6328C8BF94
:103FF00005F1FF35F0EE487ABCEEC87A17EE104AAC
:10400000B8EE478A37EEC88A25EAE57A029B13F4B0
:10401000047F00F0D580029B13F0200F00F0DE80BB
:1040200013F0400F14BF2D212B215846FFF71AFA29
:10403000029B13F0100F00F0DB801B4E08F10055BF
:10404000013D06EBC505EAE028EE888A023A0792B0
:10405000023D4FF00308BFE7D046BDE74FF001082F
:10406000BCE716F4806F3ED0079B0E2B3ADC013381
:10407000FC1A092CA8BF092416F0800F16D0274679
:1040800031E000BF67666666565555553C660300CD
:10409000446603002C660300346603004C6603008C
:1040A00050660300CDCCCCCC58660300BB426BD02D
:1040B000F6EE009AB2EE049A2046FFF7B1F928EE28
:1040C000000A30EE290AFFF71FF8F0EE490AFFF761
:1040D000C1F8B5EE400AF1EE10FA57D1013CEBD130
:1040E000274600E0474626F480630293079B784208
:1040F000A3F108028242C8BFA3F10900FFF790F9BB
:104100004FF0FF30FFF756F838EE008AB0EE489ACD
:1041100007980130FFF784F9B4EEC08AF1EE10FA87
:1041200002DD079B013307930798002840DB09282D
:104130002EDCFCEEC97A17EE904AB8EE678A39EEAB
:10414000488A0023079320460021092C35D9DFF83F
:1041500058C44FF0010808F10108FCE90223994214
:1041600008BF9042F7D207EB0803079A1344ED1AF1
:1041700006F080033B4318BF05F1FF3516F0600FD2
:1041800018BF05F1FF353FE72746ACE72746AAE70A
:10419000A0F109030793C0F10900FFF741F929EEE7
:1041A000009AFCEEC97A17EE904A08EE108ACAE728
:1041B000002407944FF00108D5E74FF00108D2E73B
:1041C000002D7FF728AF20255646013E2946584648
:1041D000FFF748F9002EF8D1B2461CE7029B13F016
:1041E000400F3FF425AF20215846FFF73BF91FE76A
:1041F000BAF1000F3FF421AF30255646013E294663
:104200005846FFF72FF9002EF8D1B24615E74FF0C8
:10421000300C61465846FFF725F9B04515D0D5E971
:104220000023A846083D0021994208BF9442EED3DE
:104230004FF0300C0CF1010C5FFA8CFCA41A002139
:10424000994208BF9442F5D2E3E7029B13F400645D
:1042500049D1002F55D1029B13F0800F40F091817E
:10426000029B13F4806F2FD013F4005F14BF45211D
:1042700065215846FFF7F6F8079B002BC0F29480A3
:104280002B215846FFF7EEF80799632900F3948035
:104290000799C14C84FB0132C917C1EBA20130312F
:1042A000C9B25846FFF7DEF8079B84FB0324D917F1
:1042B000C1EBA40101EB8101A3EB410303F1300148
:1042C000C9B25846FFF7CEF8BAF1000F00F03081BE
:1042D00020245546013D21465846FFF7C3F8002DDE
:1042E000F8D1AA4624E1079B002BB2DD3025013B23
:1042F000079329465846FFF7B5F8079B002BF6DCD5
:10430000A7E72E215846FFF7ADF83D46092FA8BF75
:10431000092525EAE5757F1B8CB10798281AFFF758
:104320007FF820EE088AFCEEC87A17EE904A7DB33B
:1043300005F10055013D994B03EBC50519E02846F1
:10434000FFF76EF820EE088AFCEEC87A17EE904A66
:10435000EDE70CF1010C5FFA8CFCA41A00219942E4
:1043600008BF9442F5D261465846FFF77BF8B04546
:104370000ED0D5E90023A846083D0021994208BF88
:10438000944202D34FF0300CE3E74FF0300CEAE7F1
:10439000002F3FF465AF3024013F21465846FFF718
:1043A00061F8002FF8D15BE72D215846FFF75AF846
:1043B000079B5B42079367E7794C84FB0132C9177F
:1043C000C1EB62113031C9B25846FFF74BF8079A7A
:1043D00084FB0231D317C3EB6113642101FB132368
:1043E000079355E701271BE41A464FF00008002BFE
:1043F00055D004A94FF0000803F00703303301F84B
:10440000013B08F10108D2081346002AF4D146E026
:1044100019464FF00008002B41D04FF0000806F479
:10442000004E4FF02C0ADFF884C17346A6461C46A6
:1044300024E002F00F015B4C615C03F8011B08F102
:104440000108120906D00028F3D002F00F011CF871
:104450000110F2E7744622E008AB03EB0800ACFB66
:104460000132D20802EB8203A1EB4303303300F8A0
:10447000103C08F1010809290DD91146002CEBD098
:1044800008F00303032BE7D108AB434403F810AC57
:1044900008F10108E0E7744601E04FF00008A7EBDF
:1044A000080727EAE777ED1BA5EB0805FF2C10D9D5
:1044B000023D16F4007F11D0C4F307215846FEF7E1
:1044C000D1FFE1B25846FEF7CDFF12E04FF00008F1
:1044D000E5E7002C5BD116F4007F0AD15A46294645
:1044E0003046FEF7E7FFFF2C98BF00252CD8002CA4
:1044F000E7D15A4629463046FEF7DCFF5A46394690
:104500003020FEF7C9FFB8F1010A0ED404AB5446BF
:104510001C449846217827465846FEF7A3FF444599
:1045200004F1FF34F6D14FF0FF3A16F0100F0DD121
:104530004D4615F8011B79B125293FF452A958467B
:10454000FEF790FFA946F3E70025B5E75A4629464E
:104550002020FEF7A1FFEBE7DBF808303BB1DBF8EA
:104560000020DBF804108A423CBF00219954DBF89C
:10457000000009B0BDEC048BBDE8F08F4FF0FF30B8
:10458000F7E72E215846FEF76DFF3D46C3E6013D95
:1045900016F4007FABD1A1E7676666665866030034
:1045A0001F85EB51E865030060660300CDCCCCCCE1
:0845B000959A020000000000D2
:1045B800950F03000000000019190300643D002056
:1045C800D1070300843D0020950D03000000000082
:1045D800831E03005C330020E31B0300783D0020AA
:1045E800D9D602000000000095DB020000000000A0
:0445F800ADD202003E
:0845FC00BD9A0200000000005E
:104604007D27030000000000512803000000000083
:044614000DF00200A3
:104618000000000060340020D9760200433A5C555F
:10462800736572735C507572766573685C446F630A
:10463800756D656E74735C4769744875625C547215
:1046480061636B46575F4643435C3372645F7061D6
:104658007274795C6E5246355F53444B5F31365CF9
:10466800636F6D706F6E656E74735C6C6962726196
:10467800726965735C74696D65725C6170705F7492
:10468800696D6572322E630001000600FFFFFFFFAF
:10469800FFFFFFFFFFFFFFFFFFFFFFFF000000001E
:1046A800000000000000D60106010000433A5C55F6
:1046B800736572735C507572766573685C446F637A
:1046C800756D656E74735C4769744875625C547285
:1046D80061636B46575F4643435C3372645F706146
:1046E8007274795C6E5246355F53444B5F31365C69
:1046F800636F6D706F6E656E74735C6C6962726106
:10470800726965735C756172745C6170705F756104
:1047180072745F6669666F2E63000000433A5C55E9
:10472800736572735C507572766573685C446F6309
:10473800756D656E74735C4769744875625C547214
:1047480061636B46575F4643435C3372645F7061D5
:104758007274795C6E5246355F53444B5F31365CF8
:10476800636F6D706F6E656E74735C6C6962726195
:10477800726965735C7574696C5C6170705F75747F
:10478800696C5F706C6174666F726D2E63000000F7
:104798002E2E2F3372645F70617274792F6E5246B9
:1047A800355F53444B5F31362F696E7465677261AC
:1047B80074696F6E2F6E7266782F6E7266785F6797
:1047C8006C75652E680000002E2E2F3372645F70A2
:1047D800617274792F6E5246355F53444B5F3136A0
:1047E8002F6D6F64756C65732F6E7266782F6861B4
:1047F8006C2F6E72665F7274632E6800433A5C5564
:10480800736572735C507572766573685C446F6328
:10481800756D656E74735C4769744875625C547233
:1048280061636B46575F4643435C3372645F7061F4
:104838007274795C6E5246355F53444B5F31365C17
:10484800636F6D706F6E656E74735C6C69627261B4
:10485800726965735C74696D65725C6472765F72A7
:1048680074632E63000000000338FDD87047000011
:104878002E2E2F3372645F70617274792F6E5246D8
:10488800355F53444B5F31362F636F6D706F6E65C4
:104898006E74732F6C69627261726965732F6578C3
:1048A800706572696D656E74616C5F736563746958
:1048B8006F6E5F766172732F6E72665F7365637475
:1048C800696F6E5F697465722E6800002E2E2F3333
:1048D80072645F70617274792F6E5246355F53440B
:1048E8004B5F31362F636F6D706F6E656E74732F0B
:1048F8006C69627261726965732F6D757465782F62
:104908006E72665F6D74782E68000000433A5C55DD
:10491800736572735C507572766573685C446F6317
:10492800756D656E74735C4769744875625C547222
:1049380061636B46575F4643435C3372645F7061E3
:104948007274795C6E5246355F53444B5F31365C06
:10495800636F6D706F6E656E74735C6C69627261A3
:10496800726965735C7077725F6D676D745C6E7287
:10497800665F7077725F6D676D742E63000000006C
:10498800F8450300FC45030004000000433A5C5569
:10499800736572735C507572766573685C446F6397
:1049A800756D656E74735C4769744875625C5472A2
:1049B80061636B46575F4643435C3372645F706163
:1049C8007274795C6E5246355F53444B5F31365C86
:1049D800636F6D706F6E656E74735C6C6962726123
:1049E800726965735C6578706572696D656E74610E
:1049F8006C5F73656374696F6E5F766172735C6E0A
:104A080072665F73656374696F6E5F697465722E31
:104A180063000000433A5C55736572735C507572AD
:104A2800766573685C446F63756D656E74735C4717
:104A380069744875625C547261636B46575F46439C
:104A4800435C3372645F70617274795C6E52463590
:104A58005F53444B5F31365C636F6D706F6E656E8C
:104A680074735C6C69627261726965735C736F728E
:104A7800746C6973745C6E72665F736F72746C6960
:104A880073742E6300000000433A5C5573657273BB
:104A98005C507572766573685C446F63756D656E9E
:104AA80074735C4769744875625C547261636B46E1
:104AB800575F4643435C3372645F70617274795C1C
:104AC8006E5246355F53444B5F31365C696E746590
:104AD80067726174696F6E5C6E7266785C6C65672C
:104AE8006163795C6E72665F6472765F636C6F6334
:104AF8006B2E6300FFFFFFFF0002FF000000004075
:104B080000000000433A5C55736572735C5075721F
:104B1800766573685C446F63756D656E74735C4726
:104B280069744875625C547261636B46575F4643AB
:104B3800435C3372645F70617274795C6E5246359F
:104B48005F53444B5F31365C696E7465677261749C
:104B5800696F6E5C6E7266785C6C65676163795CC0
:104B68006E72665F6472765F756172742E630000A0
:104B78002E2E2F3372645F70617274792F6E5246D5
:104B8800355F53444B5F31362F696E7465677261C8
:104B980074696F6E2F6E7266782F6E7266785F67B3
:104BA8006C75652E68000000433A5C557365727336
:104BB8005C507572766573685C446F63756D656E7D
:104BC80074735C4769744875625C547261636B46C0
:104BD800575F4643435C3372645F70617274795CFB
:104BE8006E5246355F53444B5F31365C6D6F64756A
:104BF8006C65735C6E7266785C64726976657273F4
:104C08005C7372635C6E7266785F636C6F636B2E45
:104C1800630000002E2E2F3372645F706172747906
:104C28002F6E5246355F53444B5F31362F696E7491
:104C38006567726174696F6E2F6E7266782F6E7217
:104C480066785F676C75652E680000002E2E2F331E
:104C580072645F70617274792F6E5246355F534487
:104C68004B5F31362F6D6F64756C65732F6E72668E
:104C7800782F68616C2F6E72665F6770696F2E6837
:104C8800000000000000005000030050433A5C554B
:104C9800736572735C507572766573685C446F6394
:104CA800756D656E74735C4769744875625C54729F
:104CB80061636B46575F4643435C3372645F706160
:104CC8007274795C6E5246355F53444B5F31365C83
:104CD8006D6F64756C65735C6E7266785C6472691E
:104CE800766572735C7372635C6E7266785F677008
:104CF800696F74652E630000433A5C55736572737F
:104D08005C507572766573685C446F63756D656E2B
:104D180074735C4769744875625C547261636B466E
:104D2800575F4643435C3372645F70617274795CA9
:104D38006E5246355F53444B5F31365C6D6F647518
:104D48006C65735C6E7266785C64726976657273A2
:104D58005C7372635C7072735C6E7266785F70729B
:104D6800732E63002E2E2F3372645F706172747914
:104D78002F6E5246355F53444B5F31362F696E7440
:104D88006567726174696F6E2F6E7266782F6E72C6
:104D980066785F676C75652E680000002E2E2F33CD
:104DA80072645F70617274792F6E5246355F534436
:104DB8004B5F31362F6D6F64756C65732F6E72663D
:104DC800782F68616C2F6E72665F6770696F2E68E6
:104DD80000000000433A5C55736572735C5075724D
:104DE800766573685C446F63756D656E74735C4754
:104DF80069744875625C547261636B46575F4643D9
:104E0800435C3372645F70617274795C6E524635CC
:104E18005F53444B5F31365C6D6F64756C65735CD2
:104E28006E7266785C647269766572735C737263BD
:104E38005C6E7266785F7370696D2E6300000000A7
:104E480069B302002E2E2F3372645F706172747919
:104E58002F6E5246355F53444B5F31362F696E745F
:104E68006567726174696F6E2F6E7266782F6E72E5
:104E780066785F676C75652E680000002E2E2F33EC
:104E880072645F70617274792F6E5246355F534455
:104E98004B5F31362F6D6F64756C65732F6E72665C
:104EA800782F68616C2F6E72665F6770696F2E6805
:104EB80000000000433A5C55736572735C5075726C
:104EC800766573685C446F63756D656E74735C4773
:104ED80069744875625C547261636B46575F4643F8
:104EE800435C3372645F70617274795C6E524635EC
:104EF8005F53444B5F31365C6D6F64756C65735CF2
:104F08006E7266785C647269766572735C737263DC
:104F18005C6E7266785F756172742E6300000000C3
:104F2800EDBF02002E2E2F3372645F7061727479A8
:104F38002F6E5246355F53444B5F31362F696E747E
:104F48006567726174696F6E2F6E7266782F6E7204
:104F580066785F676C75652E680000002E2E2F330B
:104F680072645F70617274792F6E5246355F534474
:104F78004B5F31362F6D6F64756C65732F6E72667B
:104F8800782F68616C2F6E72665F6770696F2E6824
:104F980000000000433A5C55736572735C5075728B
:104FA800766573685C446F63756D656E74735C4792
:104FB80069744875625C547261636B46575F464317
:104FC800435C3372645F70617274795C6E5246350B
:104FD8005F53444B5F31365C6D6F64756C65735C11
:104FE8006E7266785C647269766572735C737263FC
:104FF8005C6E7266785F75617274652E630000007E
:1050080025CC02002E2E2F3372645F706172747982
:105018002F6E5246355F53444B5F31362F696E749D
:105028006567726174696F6E2F6E7266782F6E7223
:1050380066785F676C75652E680000002E2E2F332A
:1050480072645F70617274792F6E5246355F534493
:105058004B5F31362F6D6F64756C65732F6E72669A
:10506800782F68616C2F6E72665F6770696F2E6843
:1050780000000000433A5C55736572735C507572AA
:10508800766573685C446F63756D656E74735C47B1
:1050980069744875625C547261636B46575F464336
:1050A800435C3372645F70617274795C6E5246352A
:1050B8005F53444B5F31365C6D6F64756C65735C30
:1050C8006E7266785C647269766572735C7372631B
:1050D8005C6E7266785F7477696D2E6300000000FD
:1050E80000000000000000000338FDD870470000F1
:1050F8002E2E2F3372645F70617274792F6E524650
:10510800355F53444B5F31362F6D6F64756C657333
:105118002F6E7266782F68616C2F6E72665F67708B
:10512800696F2E68000000004E52465F5057525F6C
:105138004D474D545F4556545F5052455041524576
:105148005F5359534F4646004E52465F5057525F81
:105158004D474D545F4556545F5052455041524556
:105168005F57414B45555000456E746572696E67CF
:10517800204446552C20796F75206D61792068612F
:10518800766520746F206669782074686973206377
:105198006F6465004E52465F5057525F4D474D54FD
:1051A8005F4556545F505245504152455F524553F2
:1051B80045540000433A5C55736572735C507572D0
:1051C800766573685C446F63756D656E74735C4770
:1051D80069744875625C547261636B46575F4643F5
:1051E800435C6663635F6A6164655C6D61696E2ECA
:1051F800637070000A46524F4D3A20253032783A93
:10520800253032783A253032783A253032783A25C6
:105218003032783A253032782025640A00000000C0
:10522800527373693A25640A0000000042415454DD
:105238003A25660A00000000736B69707065642087
:1052480073656E64696E672025640A004E6F746921
:105258006669656420776974682041434B0A0000D9
:10526800536F6674646576696365206173736572EC
:10527800746564210A0000000A52656365697665F1
:1052880064206461746120282564206279746573E0
:10529800292066726F6D20424C45204E55533A20A6
:1052A80000000000253032583A0000000A000000D3
:1052B800434F4E4649475F44555400006572726F2C
:1052C8007220636F64653A2025640A0072616D205C
:1052D8006572726F7220636F64653A2025640A00F4
:1052E80072616D5F73746172743A2030782025782A
:1052F8000A0000007564206661696C0A00000000FD
:1053080044617461206C656E206973207365742034
:10531800746F2030782558282564290A0000000079
:10532800415454204D54552065786368616E676513
:1053380020636F6D706C657465642E2063656E7490
:1053480072616C20307825782070657269706865A4
:1053580072616C20307825780A00000055445F534C
:10536800746172742E2E2E210A0000001B5B3334E8
:105378006D424C4520526164696F2053656C6563CA
:105388007465640A1B5B306D000000001B5B3332E0
:105398006D43656C6C20526164696F2053656C6560
:1053A800637465640A1B5B306D0000001B5B33325D
:1053B8006D43656C6C20435720526164696F2054BB
:1053C80072616E736D69740A1B5B306D00000000BA
:1053D8001B5B33346D424C4520526164696F205425
:1053E80072616E736D69740A1B5B306D000000009A
:1053F8001B5B33336D43656C6C2F424C4520526107
:1054080064696F20536C6565700A1B5B306D000022
:105418001B5B33326D43454C4C20496E7465727684
:10542800616C20526164696F207265636569766595
:105438000A1B5B306D0000001B5B33356D2D2D2D75
:105448002D2D2D2D7363616E4475726174696F6EB5
:105458003A2025640A1B5B306D0000001B5B333467
:105468006D424C4520526164696F205363616E0A36
:105478001B5B306D00000000446F206E6F74206D60
:105488006561737572652074656D70657261747598
:1054980072650A001B5B33326D4C6F52612052619A
:1054A80064696F205472616E736D69740A1B5B3096
:1054B8006D0000001B5B33326D43656C6C20496ED8
:1054C80074657276616C20526164696F20726563DD
:1054D800656976650A1B5B306D0000001B5B333223
:1054E8006D43656C6C204D6F64756C6174656420E8
:1054F800526164696F205472616E736D69740A1B1E
:105508005B306D001B5B33326D43656C6C204D6FF7
:1055180064756C6174656420526164696F205265BA
:1055280063656976650A1B5B306D000052737369A9
:1055380054483A253032582C2042617474563A2522
:105548003032580A000000006D696C6C69732025C0
:10555800640A0000706F776572206D676D742D3E68
:1055680020656E7472696E670A000000706F776557
:1055780072206D676D742D3E2065786974696E6759
:105588000A0000004F54413A2025640A0000000038
:1055980061647654696D653A2025640A000000004C
:1055A800626C6574786C6576656C2864293A202588
:1055B800640A0000736C65657054696D653A20254E
:1055C800640A00007363616E4475726174696F6E7A
:1055D8003A2025640A0000004D4F44453A202564CE
:1055E8000A0000001B5B33346D6368616E6E656C86
:1055F8003A2025640A1B5B306D0000001B5B3335C5
:105608006D43656C6C20526164696F205458206F3B
:10561800722052583A2025640A1B5B306D00000046
:105628001B5B33356D6368616E6E656C3A2025646B
:105638000A1B5B306D0000001B5B33356D63656CC6
:105648006C706F7765726C6576656C3A2025640AB4
:105658001B5B306D000000001B5B33356D63656CB0
:105668006C7278706F7765726C6576656C3A202518
:10567800640A1B5B306D00004D4143203D202530FE
:1056880032583A253032583A253032583A25303295
:10569800583A253032583A253032580025730A00D6
:1056A8005363616E3A202564094164763A20256483
:1056B80009536C6565703A2025640A006E524625C8
:1056C800782056617269616E743A202563256325D6
:1056D8006325630A000000007061636B6167653AC7
:1056E8002025780A0000000044657649443A2025C0
:1056F8007825780A000000001B5B33326D4C6F522E
:10570800612035207365636F6E642043572054729F
:10571800616E736D69740A1B5B306D001B5B3332FD
:105728006D4C6F526120436F6E74696E756F75733F
:10573800204357205472616E736D69740A1B5B3085
:105748006D000000FFFFFFFF02FF000000000040A7
:10575800000000004C6F526120726164696F20691B
:105768006E6974206661696C65640A00545820701B
:105778006F776572206368616E67656420746F3A3D
:105788002025640A000000001B5B33326D4C6F5209
:105798006120436F6E74696E756F75732054726102
:1057A8006E736D69740A1B5B306D000069643D257A
:1057B800732D2D2D2D2D68656C6C6F001B5B33329E
:1057C8006D4C6F526120496E74657276616C20541D
:1057D80072616E736D69740A1B5B306D00000000A6
:1057E8001B5B33326D4C6F526120496E7465727663
:1057F800616C205472616E736D6974310A1B5B3081
:105808006D0000001B5B33326D4C6F526120436F9B
:105818006E74696E756F7573205265636569766518
:105828000A1B5B306D0000001B5B33326D4C6F52FE
:105838006120496E74657276616C20526563656992
:1058480076650A1B5B306D002D2D2D2D3E20466997
:105858006E616C20544D503131372054656D702085
:105868003D2025332E32662025430A001B5B343643
:105878006D496E697469616C697A696E67206D6FCC
:1058880064656D0A1B5B306D000000001B5B3335DF
:105898006D63656C6C20496E74657276616C20521C
:1058A8006563656976650A1B5B306D00536C6565D9
:1058B80070204F4E0A00000050617263656C2054DE
:1058C80075726E6564204F4E0A0000004357204DE4
:1058D8006F646520776974686F7574206D6F64757F
:1058E8006C6174696F6E204F4E0A00004357204D5B
:1058F8006F64652077697468206D6F64756C617476
:10590800696F6E204F4E0A004C6F526120726164BD
:10591800696F20696E697420737563636573730AB0
:1059280000000000667265713A2025640A000000D4
:105938007077723A2025640A0000000048656C6C94
:105948006F20576F726C642C2054686973206973D8
:10595800204C6F7261204D6F64756C6174656420B2
:105968004361727269657220576176650A0D00009D
:10597800983B0020B83B0020D83B002000000000E6
:105988000030004000000000010000005465726D06
:10599800696E616C0000000052545400534547473B
:1059A80045520000433A5C55736572735C507572DA
:1059B800766573685C446F63756D656E74735C4778
:1059C80069744875625C547261636B46575F4643FD
:1059D800435C3372645F70617274795C6E524635F1
:1059E8005F53444B5F31365C636F6D706F6E656EED
:1059F80074735C626C655C636F6D6D6F6E5C626C1A
:105A0800655F636F6E6E5F73746174652E6300000B
:105A18009ECADC240EE5A9E093F3A3B50000406E0E
:105A28002E2E2F3372645F70617274792F6E524616
:105A3800355F53444B5F31362F636F6D706F6E6502
:105A48006E74732F6C69627261726965732F657801
:105A5800706572696D656E74616C5F736563746996
:105A68006F6E5F766172732F6E72665F73656374B3
:105A7800696F6E5F697465722E680000433A5C5501
:105A8800736572735C507572766573685C446F6396
:105A9800756D656E74735C4769744875625C5472A1
:105AA80061636B46575F4643435C3372645F706162
:105AB8007274795C6E5246355F53444B5F31365C85
:105AC800636F6D706F6E656E74735C736F6674640C
:105AD80065766963655C636F6D6D6F6E5C6E72662B
:105AE8005F7364682E63000001000007144603001A
:105AF8001446030008000000FC45030004460300A8
:105B080008000000044603001446030008000000D3
:105B18002E2E2F3372645F70617274792F6E524625
:105B2800355F53444B5F31362F636F6D706F6E6511
:105B38006E74732F6C69627261726965732F657810
:105B4800706572696D656E74616C5F7365637469A5
:105B58006F6E5F766172732F6E72665F73656374C2
:105B6800696F6E5F697465722E680000433A5C5510
:105B7800736572735C507572766573685C446F63A5
:105B8800756D656E74735C4769744875625C5472B0
:105B980061636B46575F4643435C3372645F706171
:105BA8007274795C6E5246355F53444B5F31365C94
:105BB800636F6D706F6E656E74735C736F6674641B
:105BC80065766963655C636F6D6D6F6E5C6E72663A
:105BD8005F7364685F626C652E630000B8450300FC
:105BE800F8450300080000002E2E2F3372645F7002
:105BF800617274792F6E5246355F53444B5F31366C
:105C08002F636F6D706F6E656E74732F6C6962723F
:105C180061726965732F6578706572696D656E74F8
:105C2800616C5F73656374696F6E5F766172732F01
:105C38006E72665F73656374696F6E5F69746572AF
:105C48002E680000433A5C55736572735C50757238
:105C5800766573685C446F63756D656E74735C47D5
:105C680069744875625C547261636B46575F46435A
:105C7800435C3372645F70617274795C6E5246354E
:105C88005F53444B5F31365C636F6D706F6E656E4A
:105C980074735C736F66746465766963655C636F5F
:105CA8006D6D6F6E5C6E72665F7364685F736F6351
:105CB8002E630000B0450300B8450300080000004B
:105CC8000000000000000000312903003D29030006
:105CD80075290300000000000338FDD87047000054
:105CE80080070000BC070000010000003A07000020
:105CF8007607000002000000AE060000F90600006A
:105D080003000000AE060000DB06000004000000EF
:105D18003803000051030000050000007003000074
:105D28009303000008000000BB020000CC02000042
:105D38000C00000009030000130300000D00000020
:105D48002F0300003E030000120000003E03000085
:105D58004D03000013000000400300005E03000034
:105D6800140000003A0700007B070000190000003B
:105D78002E030000510300001A000000BF020000BB
:105D8800EC0200001C000000AE060000F406000053
:105D9800420000003E0800007A08000001000000F0
:105DA8008A070000C6070000020000000D07000077
:105DB80058070000030000003E0800006B080000C0
:105DC80004000000650300007E03000005000000D9
:105DD8009D030000C003000008000000D902000075
:105DE800EA0200000C000000EA020000F4020000D1
:105DF8000D0000006B0300007A0300001200000091
:105E08003E0300004D0300001300000017030000CC
:105E180035030000140000008A070000CB070000CB
:105E2800190000005B0300007E0300001A00000058
:105E3800F6020000230300001C0000003E080000DA
:105E4800980800004200000022676C6F62616C6471
:105E58006174612E696F742200000000226962611A
:105E68007369732E696F74220000000022686F6CDA
:105E78006F6772616D2200002262726F61646261F5
:105E88006E642200226D326D2E74656C75732E69F6
:105E98006F742200227465616C220000226D326DDD
:105EA8002E636F6D2E6174747A22000021212120E7
:105EB8005741524E3A204E42496F5420436F6D6D00
:105EC800206572726F720A00212121205741524EBB
:105ED8003A204E42496F54204669666F20657272B7
:105EE8006F720A004E42496F542053657269616CA3
:105EF800206D6F64756C6520696E697469616C6981
:105F08007A65640D0A00000073656E64696E672027
:105F180041542B4346554E3D300A000041542B4313
:105F280046554E3D300D0A005265706C79203D2073
:105F380025730A0073656E64696E672041542B43AC
:105F480046554E3F0A00000041542B4346554E3FEC
:105F58000D0A000073656E64696E67202041542540
:105F6800485756455253494F4E0A00004154254858
:105F78005756455253494F4E0D0A00004E52463966
:105F88003136302048572056657273696F6E206924
:105F980073203D2025730A00415425585359535402
:105FA800454D4D4F44453F0D0A0000004E524639BD
:105FB8003136302053595354454D204D4F444520D8
:105FC8006973203D2025730A0000000073656E6424
:105FD800696E67204154254E43454C4C4D4541530D
:105FE8000A0000004154254E43454C4C4D45415351
:105FF8000D0A000073656E64696E6720415423586A
:10600800544350434F4E4E3F0A000000415423581A
:10601800544350434F4E4E3F0D0A00002B585443F3
:1060280050434F4E4E3A20310D0A4F4B0D000000A1
:1060380073656E64696E672041542B434744434F30
:106048004E543F0A0000000041542B434744434F3D
:106058004E543F0D0A0000002C0000004E42496FCC
:106068005420436F6E6E656374656420746F204EB0
:106078006574776F726B3A2025730A0073656E64D6
:10608800696E672041542B4346554E3D310A000046
:1060980041542B4346554E3D310D0A0073656E64DD
:1060A800696E6720415423584750533D312C330AB9
:1060B80000000000415423584750533D312C330D04
:1060C8000A00000073656E64696E672041542358A6
:1060D800534F434B45543D312C320A004154235809
:1060E800534F434B45543D312C320D0A00000000FC
:1060F80073656E64696E672041542358534F434B50
:1061080045543D312C310A0041542358534F434BD9
:1061180045543D312C310D0A0000000073656E6452
:10612800696E672041542358534F434B45543D30C3
:106138000A000000436C6F73696E6720536F636BCE
:1061480065740A0041542358534F434B45543D301E
:106158000D0A00004154235842494E443D25730D11
:106168000A00000073656E64696E6720257300007D
:1061780041542358544350434F4E4E3D22257322D9
:106188002C25730D0A000000436F756C646E27742C
:1061980020636F6E6E65637420746F2054435020C3
:1061A800536572766572205265706C79203D2025A2
:1061B800730A0000436F6E6E656374656420746FC4
:1061C8002054435020536572766572205265706C76
:1061D80079203D2025730A0073656E64696E672017
:1061E8004154255853595354454D4D4F44453D311D
:1061F8002C312C302C300A00415425585359535413
:10620800454D4D4F44453D312C312C302C300D0A35
:106218000000000073656E64696E672041542B436B
:1062280052534D0A0000000041542B4352534D3D38
:106238003137362C31323235382C302C302C313045
:106248000D0A00005265706C79206973203D202585
:10625800730A000073656E64696E6720415425589F
:1062680049434349440A0000415425584943434996
:10627800440D0A0053494D2049434349442069735A
:10628800203D2025730A00004154255844454550B7
:106298005345415243483D310D0A00004E5246399C
:1062A80031363020584445455053454152434820E3
:1062B8006973203D2025730A0000000041542358CB
:1062C80055445053454E44544F3D2235302E3131BC
:1062D800362E392E313939222C323434322C2225BB
:1062E80073220D0A000000002D2D2D3E204E42493C
:1062F8006F542073656E64696E67207564702064DE
:106308006174613A20257300415423585544505311
:10631800454E44544F3D222573222C25732C2225AB
:1063280073220D0A0000000041542358544350536F
:10633800454E443D2225732573220D0A00000000B6
:106348002D2D2D3E204E42496F542073656E646991
:106358006E67207463702064617461203D2025732A
:106368000000000041542358544350524543563DC1
:1063780025732C25730D0A000A0000005265636519
:10638800697665205443502044617461204C656EE1
:10639800206973202564205265706C79203D202582
:1063A800730A0A002358544350524543563A200072
:1063B800526563656976696E67205544502064614B
:1063C80074612066726F6D20436C6F75640A0000FB
:1063D800415423585544505245435646524F4D3D1B
:1063E8002235302E3131362E392E313939222C32A0
:1063F8003434332C3130302C31300D0A0000000099
:106408005265636569766564205265706C79203DD4
:106418002025730A00000000415423585544505267
:1064280045435646524F4D3D222573222C25732C49
:1064380025732C257300000041542B434553510DFF
:106448000A0000005369676E616C205175616C69C0
:1064580074792069732025730A0000004E43454C67
:106468004C4D4541532072657475726E6564203DCC
:106478002025730A000000004552524F52000000C8
:1064880041542B43434C4B3F0D0A000043434C4BB4
:106498002072657475726E6564203D2025730A004C
:1064A800220000002F0000003A0000002D0000002C
:1064B80043656C6C2052657475726E65642054690E
:1064C8006D653A2025733A25733A25732C2044616B
:1064D80074653A2025735C25735C25730A000000F7
:1064E80041542B43455245473F0D0A0041542B4325
:1064F8004F50533F0D0A0000434F505320726574AC
:1065080075726E6564203D2025730A0025780000A9
:106518004E42496F5420436F6D6D616E6420526521
:1065280073706F6E736520427566666572204F766C
:106538006572666C6F770A0A000000004F4B0D0009
:106548002D2D2D2D2D2D3E204345524547205245BA
:1065580053502069730A000025730A0052582042DC
:10656800616E643A2025640A0000000041542558F1
:106578005246544553543D0025732C25732C2573DE
:106588002C25732C25732C312C342C302C302C30AA
:106598002C302C302C300D0A0000000025732C25DF
:1065A800732C25732C25732C25732C312C302C310E
:1065B8002C312C302C312C302C300D0A00000000EE
:1065C8002D2D2D3E204E42496F542073656E64690F
:1065D8006E672043572064617461203D2025730055
:1065E8003031323334353637383961626364656641
:1065F80030313233343536373839414243444546F1
:1066080021000000000020410000C84200401C4654
:1066180020BCBE4CCA1B0E5AAEC59D74286E756C44
:106628006C2900002D494E46000000002D696E6659
:10663800000000002B494E46000000002B696E66E2
:10664800000000004E414E006E616E000000000028
:1066580001000000000000000A0000000000000027
:106668006400000000000000E803000000000000D3
:106678001027000000000000A086010000000000B4
:1066880040420F00000000008096980000000000C3
:1066980000E1F5050000000000CA9A3B0000000078
:1066A80000E40B540200000000E8764817000000E0
:1066B8000010A5D4E800000000A0724E18090000E0
:1066C80000407A10F35A00000080C6A47E8D0300B3
:1066D8000000C16FF286230000008A5D78456301DF
:1066E800000064A7B3B6E00D0000E8890423C78A58
:1066F80000100140110004000000000000200040CC
:106708000000000000200040000000000090D003BE
:1067180008000000050000001400000000C06444E8
:1067280008000000CEFFFFFF17000000080000006F
:1067380081FFFFFFE7FFFFFF07000000590000008F
:1067480049540100603D00200100040000000000E1
:106758000000000000000000000000000000000031
:106768005433002000000000FFFF14000100020065
:106778000400000064000000E80300007017000037
:10678800E803000000010000000000000000000015
:1067980000000000B44200201F0000001F0000009D
:0C67A8003C00000004000000280000007D
:040000032000735D09
:00000001FF
