:020000022000DC
:10600000000001205D630200B9630200BB6302006F
:10601000BD630200BF630200C16302000000000014
:10602000000000000000000000000000C363020048
:10603000C563020000000000C7630200C9630200DC
:10604000A1900200CB6302007D9D020075A30200B7
:10605000BDC40200CB6302009D9A0200CB63020024
:10606000CB630200CB630200CB630200CB63020070
:10607000CB630200CB630200CB630200CB63020060
:10608000CB630200697B0200CB630200CB6302009A
:10609000CB630200CB63020041200300CB6302000C
:1060A000CB630200CB630200CB630200CB63020030
:1060B000CB630200CB630200000000000000000080
:1060C000CB630200CB630200CB630200CB63020010
:1060D000CB630200CB630200CB6302000000000030
:1060E00000000000000000000000000000000000B0
:1060F00000000000000000000000000000000000A0
:10610000000000000000000000000000000000008F
:10611000000000000000000000000000000000007F
:10612000000000000000000000000000000000006F
:10613000000000000000000000000000000000005F
:10614000000000000000000000000000000000004F
:10615000000000000000000000000000000000003F
:10616000000000000000000000000000000000002F
:10617000000000000000000000000000000000001F
:10618000000000000000000000000000000000000F
:1061900000000000000000000000000000000000FF
:1061A00000000000000000000000000000000000EF
:1061B00000000000000000000000000000000000DF
:1061C00000000000000000000000000000000000CF
:1061D00000000000000000000000000000000000BF
:1061E00000000000000000000000000000000000AF
:1061F000000000000000000000000000000000009F
:10620000354936480A1A02D0072291438D4634494F
:1062100034480A1A06D00722914381F309880222E2
:1062200082F3148830483149314A00F044F831484B
:106230003149324A00F03FF831483249324A00F0E1
:106240003AF832483249334A00F035F83248334997
:10625000334A00F030F833483349344A00F02BF821
:1062600033483449344A00F026F83448344900228F
:1062700000F02CF833483449002200F027F8334866
:106280003349091A082902DB002202604160314AC1
:1062900090471F481F49884205D00268043003B464
:1062A000904703BCF7E700208646EC46002000211B
:1062B000294A9047FEE7884207D0521A05D0037852
:1062C00001300B700131013AF9D17047884202D098
:1062D00002700130FAE770470000012000E0002062
:1062E0000000012000000120E8630300D82A0020FC
:1062F000942B0020D0630200D0630200A84003006A
:10630000E8630300D82A0020D82A00200C410300AB
:106310000C410300104103000C4103000C41030039
:106320000C4103001041030010410300E863030027
:10633000A4640300942B0020942B0020942B0020B5
:1063400078490020784900207C4900207C490020C1
:106350007C69002085630200ADE5020000F036B8DC
:106360000F484FF00701884385460E4880470E4886
:10637000016841F470010160BFF34F8FBFF36F8F6D
:10638000FFF73EBF09480A490A4A884207D0521A15
:1063900005D0037801300B700131013AF9D1704713
:1063A00000000120FD81020088ED00E00C410300A7
:1063B000D82A0020D82A0020FEE7FEE7FEE7FEE705
:1063C000FEE7FEE7FEE7FEE7FEE7FEE7FFF7C8BFF2
:1063D000004870477049002086B0039002910192F6
:1063E00001238DF817309DF81730214A039B136065
:1063F0001F4A029B53601E4A019B9360039B44F219
:106400000102934213D0039B44F20202934221D132
:10641000019B174AD360164BDB681B881A46144B46
:106420009A61134BDB685B68114AD36112E0019BF0
:106430000F4A13610E4B1B699B680D4A53610C4B4D
:106440001B691B680A4A9361094B1B695B68084A10
:10645000D36100BF72B600BF00BF9DF81730DBB23A
:10646000002BFAD162B600BF00BF06B0704700BF74
:10647000942B002000B583B002900091019244F269
:10648000010071466A4600F003F803B000BD00BF8A
:1064900000B587B003900291019272B600BF039BD2
:1064A00044F20202934217D0039B44F20202934249
:1064B00018D8039B44F20102934210D0039B44F28C
:1064C000010293420ED8039B012B0DD0039B41F296
:1064D000010293420AD005E0019B059307E0019B6E
:1064E000049304E000BF02E000BF00E000BF084BDF
:1064F0001B6803F00103002B00D000BE019A029933
:106500000398FFF769FF00BF07B05DF804FB00BF09
:10651000F0ED00E084B00190019B9B680393019B28
:10652000DA68039BD31A184604B0704782B0019012
:106530000B468DF80330019B1A68019BDB680199BB
:1065400089880B4013449DF803201A70019BDB6877
:106550005A1C019BDA6000BF02B0704784B0039000
:106560000B460192ADF80A30039B1A68039B9968A9
:10657000BDF80A300B44039989880B4013441A78FC
:10658000019B1A7000BF04B0704700B583B0019042
:106590000091009A00210198FFF7E0FF019B9B68A2
:1065A0005A1C019B9A6000BF03B05DF804FB84B0E5
:1065B000039002911346ADF80630029B002B01D1E7
:1065C0000E231DE0BDF80630002B07D0BDF80630C5
:1065D0005A1EBDF806301340002B01D009230FE0EE
:1065E000039B029A1A60BDF80630013B9AB2039BE6
:1065F0009A80039B00229A60039B0022DA600023AA
:10660000184604B0704700B583B001900B468DF872
:1066100003300198FFF77EFF0246019B9B889A4258
:1066200007D89DF8033019460198FFF77FFF002334
:1066300000E00423184603B05DF804FB00B583B006
:10664000019000910198FFF765FF0346002B05D0EC
:1066500000990198FFF799FF002300E005231846F1
:1066600003B05DF804FB82B00190019BDA68019BE6
:106670009A600023184602B070470000F0B583B05E
:10668000124801F057FA034618464FF00001104B2C
:10669000D3E90023861841EB0307CDE900670D4BD2
:1066A000D3E90023DDE90001994208BF904207D2F7
:1066B000DDE9002312F1807443F10005CDE90045C6
:1066C000DDE900231046194603B0F0BDD82A0020AA
:1066D000C02B0020C82B002088B001900091019BA6
:1066E0000793009B0693079BD3E90223CDE904237C
:1066F000069BD3E90223CDE90223DDE90423DDE98A
:106700000201994208BF90422CBF01230023DBB253
:10671000184608B07047000030B585B00190019B65
:106720005B69002B03D12B49A22006F029FB002333
:106730008DF80F30284B1B78002B45D0019B002B88
:1067400042D0019B1B7FDBB2002B3DD0FFF796FFB1
:10675000019BD3E90223994208BF90422CD3019BAD
:106760001B69002B02D1019B00221A77019B5B69F8
:10677000019A926910469847019B1B69002B23D010
:10678000019B1B7FDBB2002B1ED0019BD3E90201D2
:10679000019B1B691A464FF00003841841EB030567
:1067A000019BC3E90245019B19460C4801F060FCBE
:1067B00001238DF80F3007E0019B1946074801F0CF
:1067C00057FC01238DF80F309DF80F30184605B0A7
:1067D00030BD00BF1C410300B82B00201041030056
:1067E000F0B589B0019000910D230793009B002222
:1067F0001A70019BD3E90245FFF740FF02460B46A2
:10680000A61A65EB0307CDE90467DDE90423012A35
:1068100073F100031BDB049BB3F5350F05D300F0C8
:10682000B7FA0246154B134403E0019BD3E9022358
:10683000134603934FF49603039A0021104801F086
:106840007BF80790079B002B05D1012313E0002163
:106850000B4801F049F9079B0D2B07D10198FFF771
:106860005BFF03461A46009B1A7003E00549F520BA
:1068700006F086FA0023184609B0F0BDFFFFB40009
:10688000D82A00201C41030000B583B0044801F061
:1068900029FC0190019B184603B05DF804FB00BF82
:1068A0001041030000B583B0044801F03DFC0190A5
:1068B000019B184603B05DF804FB00BF10410300C4
:1068C00000B583B0FFF7E0FF0190019B002B02D0E1
:1068D000019B00221A77019B002BF3D100BF00BF60
:1068E00003B05DF804FB0000054BD3E9002312F16F
:1068F000807043F10001024BC3E9000100BF704703
:10690000C02B002000B583B00190134B1B68002BF7
:106910001DD0019801F00EF90F4B1B68D3E902233B
:10692000134623F07F43194600F026FA0346B3F5D9
:10693000960F04D309494FF4957006F021FA064BDF
:106940001B681846FFF7E8FE034B00221A6000BFE1
:1069500003B05DF804FB00BFB42B00201C41030012
:1069600000B583B00190FFF789FE02460B4603494C
:10697000C1E9002300BF03B05DF804FBC82B002071
:1069800000B587B00190FFF78DFF049000238DF8CC
:106990001730049B002B48D02B4B1B68002B03D1D6
:1069A00001238DF8173019E0049BD3E90201264B2F
:1069B0001B68D3E90223994208BF90420ED20123FB
:1069C0008DF81730204B1B681B7FDBB2002B05D0E6
:1069D0001D4B1B6819461D4801F04AFB9DF81730F6
:1069E000002B2AD0FFF750FF04900DF10F0319463A
:1069F0000498FFF7F5FE0346002B12D0124B1B68DC
:106A0000002B02D1019800F0A3FE0F4A049B1360F3
:106A10009DF80F3083F00103DBB2002BB3D000BF31
:106A20000EE0094B00221A60ADE7074B1B68002BF4
:106A300005D1019800F0A2FE01E000BF00E000BF18
:106A400000BF07B05DF804FBB42B00201041030029
:106A500000B587B001902C4A03AB1946104601F0EF
:106A600066F9059048E0059B1B78022B2ED0022B7F
:106A700032DC002B02D0012B14D02DE0059B5B688B
:106A80001B7FDBB283F00103DBB2002B26D0059B1A
:106A90005B6801221A77059B5B6819461B4801F069
:106AA000E7FA1BE0059B5A68194B1B689A4203D111
:106AB000174B00221A6012E0059B5B6819461348C9
:106AC00001F046FB03468DF8133008E0FFF7F8FEAF
:106AD000104B01221A7002E000BF00E000BF0A4A1A
:106AE00003AB1946104601F03BF9074A03AB1946C0
:106AF000104601F01CF90590059B002BB3D100BF97
:106B000000BF07B05DF804FB282C002010410300F3
:106B1000B42B0020B82B002000B583B00190019861
:106B200000F0D5FF0346002B01D0FFF7DDFE00216A
:106B3000019800F0EAFF0346002B02D00198FFF70E
:106B4000E1FE0121019800F0E0FF0346002B02D096
:106B50000198FFF705FF0198FFF77AFF0198FFF70B
:106B60000FFF00BF03B05DF804FB000008B502484A
:106B700000F0EDFF00BF08BDD82A002000B585B0A9
:106B8000034600918DF80730114A02AB19461046B2
:106B900001F0A0F80390039B002B13D0039B9DF8FA
:106BA00007201A70039B009A5A60094A02AB1946E3
:106BB000104601F0A8F80346002B01D0FFF7D6FFDE
:106BC000002300E00423184605B05DF804FB00BF75
:106BD000282C002000B583B0164B1B680093164884
:106BE00008235822154901F042F80190019B002B1F
:106BF00001D0019B19E06B46114A1946114800F07B
:106C000047FD0190019B002B01D0019B0DE001216C
:106C10000C4800F04BFF01230B4A0121094800F00A
:106C2000C3FD0A4B01221A70019B184603B05DF8A0
:106C300004FB00BF88410300282C0020D02B00203B
:106C4000196B0200D82A0020FFFF7F00B82B00201C
:106C500000B587B003900B4601928DF80B30039B73
:106C6000002B04D1134940F22E2006F089F8019B35
:106C7000002B04D10F4940F22F2006F081F8019B30
:106C8000002B01D1072310E0039B1B680593059B94
:106C9000019A5A619DF80B30012B0CBF0123002390
:106CA000DBB21A46059B1A610023184607B05DF84F
:106CB00004FB00BF1C41030030B587B00390029174
:106CC0000192039B002B04D1154940F23E2006F0AF
:106CD00057F8039B0593059B1B7FDBB2002B01D06C
:106CE00000231AE0059B019A9A61FFF7C7FC029BFB
:106CF0001A464FF00003841841EB0305059BC3E9D6
:106D00000245059B1B69002B02D0059B029A1A6164
:106D100005990020FFF732FF0346184607B030BD43
:106D20001C41030000B585B00190019B002B04D1EC
:106D300009494FF4157006F023F8019B0393039B58
:106D400000221A7703990120FFF718FF034618461F
:106D500005B05DF804FB00BF1C41030008B5054BFE
:106D600000221A7000210220FFF708FF0346184690
:106D700008BD00BFB82B002082B001900091019A9D
:106D8000009BD31A23F07F43184602B070470000DF
:106D900008B5034800F0CEFE0346184608BD00BF04
:106DA000D82A002000B583B00190019B1B781A46B9
:106DB0000C4B9B5C002B05D0019B0433184604F060
:106DC00011FE0BE0019B1B781A46064B9B5C002BC7
:106DD00004D1019B0C33184603F082FE00BF03B0C0
:106DE0005DF804FBAC2C002000B587B00390029145
:106DF00013468DF8073000230593039B1B781A4632
:106E0000114B9B5C002B09D0039B04339DF807209A
:106E10000299184604F03CFE05900FE0039B1B7896
:106E20001A46094B9B5C002B08D1039B0C339DF841
:106E300007200299184603F0CBFE0590059B1846E3
:106E400007B05DF804FB00BFAC2C002000B585B096
:106E5000019000238DF80F30019B1B781A46114BCF
:106E60009B5C002B08D0019B0433184604F0CEFE37
:106E700003468DF80F300EE0019B1B781A46094B34
:106E80009B5C002B07D1019B0C33184603F028FFB5
:106E900003468DF80F309DF80F30184605B05DF8A9
:106EA00004FB00BFAC2C002000B587B0039002911A
:106EB00013468DF8073000230593039B1B781A4671
:106EC000114B9B5C002B09D0039B04339DF80720DA
:106ED0000299184604F0B2FE05900FE0039B1B7860
:106EE0001A46094B9B5C002B08D1039B0C339DF881
:106EF00007200299184603F04BFF0590059B1846A2
:106F000007B05DF804FB00BFAC2C002084B00190FA
:106F1000019B9B680393019BDA68039BD31A184675
:106F200004B0704700B587B001900091019B1B78B9
:106F3000022B45D0022B6ADC002B52D0012B66D1EC
:106F4000019B1B7A002B05D1012233493348FFF7FF
:106F5000ABFF5DE0019B5B681B7819463048FFF78B
:106F600052FB0590059B002B0AD001238DF80C30B5
:106F7000059B04932B4B1B6803AA104698470DE012
:106F80002748FFF7C3FF0346002B07D000238DF8E7
:106F90000C30244B1B6803AA104698472048FFF783
:106FA000B5FF03461E4A9288934205D801221A492A
:106FB0001A48FFF779FF2BE01B4B01221A7027E0DC
:106FC00002238DF80C30019BDB68049301221249E7
:106FD0001248FFF769FF134B1B6803AA1046984736
:106FE00016E012491248FFF729FB0346002B05D192
:106FF00001220E490948FFF7F7FE09E003238DF847
:107000000C30084B1B6803AA1046984700E000BFED
:1070100000BF07B05DF804FB442C0020E02A0020EC
:10702000482C00203C2C0020452C0020402C002027
:10703000582C002030B591B00390029101928DF848
:1070400003303C4A019B1360029B002B01D10723B4
:107050006DE0029B1968029B5B689BB21A4636483A
:10706000FFF7A5FA0F900F9B0E930E9B002B01D0FC
:107070000E9B5CE0029B9968029BDB689BB21A4600
:107080002E48FFF794FA0F900F9B0D930D9B002B4A
:1070900001D00D9B4BE02A4B04AC1D460FCD0FC415
:1070A00095E80F0084E80F00039B5B690A93039B3C
:1070B0001B7C002B14BF01230023DBB28DF824308E
:1070C0009DF803308DF82C30039B5B7C002B01D0A6
:1070D0000E2300E000238DF82530039BDB68069328
:1070E000039B9B680793039B1B680593039B5B684B
:1070F000049304AB134A1946134801F0A7FD0F90FF
:107100000F9B0C930C9B002B01D00C9B0FE00F4BA3
:1071100000221A70039B1B68B3F1FF3F06D00122C7
:107120000B490948FFF7C0FE034600E0002318465C
:1071300011B030BD3C2C0020482C0020582C0020E1
:107140008C410300256F0200E02A0020452C00201E
:10715000442C002000B585B00D48FFF784FA039059
:10716000039B0293029B002B01D0029B0BE009487A
:10717000FFF779FA0390039B0193019B002B01D049
:10718000019B00E00023184605B05DF804FB00BF3A
:10719000482C0020582C002000B587B00190019B9E
:1071A000002B03D11449CA2005F0EAFD134B1B78CC
:1071B0008DF8173001991248FFF740FA04909DF8B6
:1071C0001730002B12D00D4B00221A7001220D49EE
:1071D0000D48FFF769FE0390039B0293029B002B6F
:1071E00004D0054AD6210298FFF744F9049B1846BB
:1071F00007B05DF804FB00BFAC410300452C002044
:10720000482C0020442C0020E02A002000B585B046
:1072100003468DF807309DF8073019461048FFF7F0
:10722000F2F90390039B002B15D10E48FFF70EFED9
:10723000034683F00103DBB2002B0CD00A49084857
:10724000FFF7FCF90346002B05D10122064905484A
:10725000FFF7CAFD0390039B184605B05DF804FBD9
:10726000582C0020E02A0020402C002008B50348BC
:10727000FFF74CFE0346184608BD00BF482C00200F
:1072800008B50348FFF78EFD0023184608BD00BF70
:10729000E02A002082B0EFF310830093009B01935B
:1072A00072B600BF019B184602B0704762B600BFBD
:1072B00000BF704700B585B00190FFF7EBFF03906A
:1072C000164B9B68002B1BD1144B01229A60144B68
:1072D000D3F88020134B1340104A1360104B114A0F
:1072E000C3F880200E4BD3F884300C4A53600C4B0B
:1072F0004FF0FF32C3F88420019B00221A7002E095
:10730000019B01221A70039B002B01D1FFF7CEFFD6
:107310000023184605B05DF804FB00BF682C002070
:1073200000E100E0FC06FFBD00B585B003468DF826
:107330000730104B9B68002B16D09DF80730002BB0
:1073400012D1FFF7A7FF03900B4A0A4B1B6813608B
:10735000094A084B5B685360064B00229A60039B06
:10736000002B01D1FFF7A2FF0023184605B05DF8FE
:1073700004FB00BF682C002000E100E000B583B0F2
:10738000019000F02BF80346012B03D00549432060
:1073900005F0F6FC0198FFF78DFF00BF03B05DF824
:1073A00004FB00BF1C42030000B583B003468DF808
:1073B000073000F013F80346012B03D00649512093
:1073C00005F0DEFC9DF807301846FFF7ADFF00BF63
:1073D00003B05DF804FB00BF1C42030084B0EFF370
:1073E00005830193019BC3F308030393039B002BC5
:1073F0000DD1EFF314830093009B0293029B03F0E3
:107400000103002B0CBF01230023DBB200E00123AA
:10741000184604B07047000082B003468DF807306C
:107420009DF8073003F01F0205499DF907305B09FD
:10743000012000FA02F241F8232000BF02B0704799
:1074400000E100E082B003468DF807309DF8073078
:1074500003F01F0206499DF907305B09012000FA7D
:1074600002F2403341F8232000BF02B0704700BF52
:1074700000E100E082B0034600918DF807309DF9ED
:107480000730002B0CDA009BDAB20C499DF807306C
:1074900003F00F03043B5201D2B20B441A7609E009
:1074A000009BDAB206499DF907305201D2B20B4473
:1074B00083F8002300BF02B0704700BF00ED00E07A
:1074C00000E100E000B583B003460A468DF80730BE
:1074D00013468DF806309DF80630012B03D99DF830
:1074E0000630032B0BD99DF80630042B03D99DF8E9
:1074F0000630072B03D908496B2005F041FC9DF8A5
:1075000006209DF9073011461846FFF7B3FF00BF6C
:1075100003B05DF804FB00BF9042030000B583B0E8
:1075200003468DF807309DF907301846FFF774FFC2
:1075300000BF03B05DF804FB00B585B00190019B6E
:10754000002B0AD0074B43F001030393019B9B01DF
:107550000293039B0298984700E000BF05B05DF8D6
:1075600004FB00BF7043030084B0039002910192BA
:10757000039B029A02F5A872019943F8221000BFFA
:1075800004B0704782B001900091019B009A02F50F
:10759000A87253F82230184602B0704782B00190AA
:1075A0000091019B009AC3F8042300BF02B070470A
:1075B00082B001900091019B009AC3F8082300BF9C
:1075C00002B0704782B001900B46ADF80230BDF8B2
:1075D0000230019A13441B68184602B0704784B009
:1075E00001900B46ADF80230BDF80230019A134409
:1075F00000221A60BDF80230019A13441B680393FD
:10760000039B00BF04B0704782B00190019BD3F888
:107610000435184602B0704700B583B00190009160
:10762000009BB3F5805F04D306494FF4BE7005F0AC
:10763000A7FB019B009AC3F8082500BF03B05DF8C3
:1076400004FB00BFC842030082B001900B468DF8D6
:1076500003309DF80320019B13441A460123136055
:1076600000BF02B0704782B001900091019B009A68
:10767000C3F8442300BF02B0704782B0019000916C
:10768000019B009AC3F8482300BF02B07047000076
:1076900000B587B0039002910192039B002B03D1A8
:1076A0002849552005F06CFB029B002B03D125498E
:1076B000562005F065FB019B002B03D12149572083
:1076C00005F05EFB039B5B7919461F4A019B42F85C
:1076D0002130039B5B791D4ADB0013441B79002B8F
:1076E00003D008230593059B27E0039B1A68029BA0
:1076F0001B8819461046FFF78FFF039B93F9042060
:10770000029B9B7819461046FFF7DCFE039B93F91A
:1077100004301846FFF702FF039B5B790B4ADB003E
:10772000134401221A71039B5B791946074A039B94
:1077300042F8313000230593059B184607B05DF8E9
:1077400004FB00BFFC420300742C0020782C0020B6
:1077500000B583B00190019B002B03D1064987201F
:1077600005F00EFB019B1B6800211846FFF76CFF1C
:1077700000BF03B05DF804FBFC42030000B583B01A
:107780000190019B002B03D106498D2005F0F8FAEA
:10779000019B1B6804211846FFF756FF00BF03B08A
:1077A0005DF804FBFC42030000B587B00390029132
:1077B00001928DF80330039B002B03D121499620C1
:1077C00005F0DEFA4FF48032029B02FA03F30593D0
:1077D000029B50339BB29B00ADF81230019B23F00B
:1077E0007F430193039B1B6805991846FFF7E0FE52
:1077F000039B1B6805991846FFF73FFF039B1B6817
:10780000BDF8122011461846FFF7E9FE039B1B68DE
:10781000019A02991846FFF7A7FE039B1B6805997A
:107820001846FFF720FF9DF80330002B05D0039B7F
:107830001B6805991846FFF7B1FE00BF07B05DF859
:1078400004FB00BFFC42030000B585B00390029129
:1078500013468DF80730039B002B03D10B49A92059
:1078600005F08EFA039B1B6802991846FFF7FBFE92
:107870009DF80730002B05D0039B1B680299184622
:10788000FFF78CFE00BF05B05DF804FBFC4203006F
:1078900000B583B001900091019B002B03D10A49F0
:1078A000B32005F06DFA019B1B6800991846FFF79D
:1078B000E4FE019B1B6800991846FFF779FE00BFA4
:1078C00003B05DF804FB00BFFC42030000B583B0C9
:1078D00001900B46ADF80230019B002B03D10F49FC
:1078E000BA2005F04DFA019B1B68BDF80220114635
:1078F0001846FFF767FE0346002B09D0019B1B6863
:10790000BDF8022011461846FFF769FE012300E08A
:107910000023184603B05DF804FB00BFFC420300DF
:1079200082B001900091019A009BD31A23F07F430B
:10793000184602B07047000000B58BB0039002916A
:1079400001920093039B002B03D15749CD2005F0F2
:1079500017FA4FF48032029B02FA03F30993029B59
:1079600050339BB29B00ADF82230019B23F07F4344
:10797000019309990398FFF78BFF039B1B68184637
:10798000FFF742FE0790039B1B6802991846FFF71A
:10799000F9FD0690039B1B68079A02991846FFF7AA
:1079A000E3FD039B1B68BDF8222011461846FFF734
:1079B00016FE07990698FFF7B3FF0346012B0AD17D
:1079C0001020FFF7B9FD039B1B68BDF8222011466C
:1079D0001846FFF704FE039B1B681846FFF714FECA
:1079E000079007990198FFF79BFF0590039B1B6881
:1079F00009991846FFF737FE059B012B15D1039B0C
:107A00001868019B01331A460299FFF7ADFD10205B
:107A1000FFF792FD039B1B681846FFF7F5FD024632
:107A2000079B934235D00D2339E0039B1B68019AD5
:107A300002991846FFF798FD039B1B681846FFF74D
:107A4000E3FD0790019B013B07991846FFF768FF8C
:107A50000590009BC3F1FF1303F57F43059A9A42FB
:107A600001D90D231BE0059B002B12D1039B186845
:107A7000019B01331A460299FFF776FD039B1B68B1
:107A80001846FFF7C1FD0246079B934201D00D2324
:107A900005E0012209990398FFF7D6FE0023184656
:107AA0000BB05DF804FB00BFFC42030000B583B0DF
:107AB00001900B468DF803309DF803301A460221E1
:107AC0000198FFF7C1FE00BF03B05DF804FB00B5ED
:107AD00083B001904FF482710198FFF7F7FE0346DF
:107AE000184603B05DF804FB00B583B00190009127
:107AF0004FF48032009B02FA03F319460198FFF716
:107B0000C7FE00BF03B05DF804FB00B585B001906F
:107B10000091009B50339BB29B00ADF80E30BDF836
:107B20000E3019460198FFF7D1FE0346184605B0FE
:107B30005DF804FB00B583B00190019B1B681846FB
:107B4000FFF762FD0346184603B05DF804FB00B57D
:107B500083B00190019B93F904301846FFF772FC43
:107B600000BF03B05DF804FB08B5044B1B68044A72
:107B700012681046984700BF08BD00BF742C002053
:107B8000782C002086B001900091019B53E8011FE2
:107B90008AB2D88902449889824228BF121A188969
:107BA000824202BFBFF32F8F002307E0C2EA010227
:107BB00043E801200028E9D14FF001038DF80F3090
:107BC000059002910492029A009B1A609DF80F3072
:107BD000DBB2184606B0704784B00190019951E8B5
:107BE000013FC3EA034341E80132002AF7D103927F
:107BF000029300BF04B0704786B001900091019BD2
:107C000053E8021F1FFAA1F2D888824202BFBFF3D5
:107C10002F8F00230DE0D88902449889824228BF23
:107C2000121AC1EA024243E802200028E8D14FF0CC
:107C300001038DF80F30059002910492029A009B87
:107C40001A609DF80F30DBB2184606B0704784B05A
:107C50000190019951E8023FC3EA234341E802320F
:107C6000002AF7D10392029300BF04B0704784B09A
:107C70000390029111461A460B46ADF806301346A2
:107C8000ADF80430029B002B01D10E231FE0BDF89C
:107C90000630BDF80420B3FBF2F102FB01F29B1A9F
:107CA0009BB2002B01D0092311E0039B029A1A60BA
:107CB000039B00225A60039B00229A60039BBDF83D
:107CC00006209A81039BBDF80420DA810023184620
:107CD00004B0704700B585B001900091009B194633
:107CE0000198FFF74FFF0346002B07D0019B1B684D
:107CF000009A128813440393039B00E00023184664
:107D000005B05DF804FB00B583B001900091009BC5
:107D10001A88009B5B889A4204D10198FFF75CFFA8
:107D2000012300E00023184603B05DF804FB00B512
:107D300085B001900091009B19460198FFF75CFF08
:107D40000346002B07D0019B1B68009A52881344FE
:107D50000393039B00E00023184605B05DF804FB85
:107D600000B583B001900091009B1A88009B5B884E
:107D70009A4204D10198FFF76AFF012300E0002333
:107D8000184603B05DF804FB00B585B00190009182
:107D9000009B5B099B00019A1A44009B03F01F03A0
:107DA000012101FA03F31946104600F036F803905A
:107DB00000BF05B05DF804FB00B585B001900091EF
:107DC000009B5B099B00019A1A44009B03F01F0370
:107DD000012101FA03F3DB431946104600F035F8A0
:107DE000039000BF05B05DF804FB82B001900091E4
:107DF000009B5B099B00019A13441A68009B03F0E7
:107E00001F0322FA03F303F00103002B14BF012325
:107E10000023DBB2184602B0704710B487B001905F
:107E20000091019B009A53E8004F44EA020043E8A6
:107E3000000191F0000FF6D1059404900391049B8A
:107E4000184607B05DF8044B704710B487B0019036
:107E50000091019B009A53E8004F04EA020043E8B6
:107E6000000191F0000FF6D1059404900391049B5A
:107E7000184607B05DF8044B7047000082B0034617
:107E80008DF807309DF8073003F01F0206499DF971
:107E900007305B09012000FA02F2603341F8232029
:107EA00000BF02B0704700BF00E100E000B583B042
:107EB0000190019B002B03D10649722004F060FF62
:107EC000019B00221A60BFF35F8F00BF00BF03B0A9
:107ED0005DF804FBD443030041DF704700BF184640
:107EE00000B585B000238DF803300DF1030318466B
:107EF000FFF744FAF1EE103A0193019B0393039BC1
:107F000023F09F030293029BE1EE103A00BFBFF300
:107F10005F8F00BF2620FFF7B1FF9DF803301846A2
:107F2000FFF742FA039B03F00703002B03D0044939
:107F30007D2004F025FF00BF05B05DF804FB00BF05
:107F40001444030008B5064B00221A700548FFF7D9
:107F5000ADFF0549054800F02FF80023184608BD7D
:107F6000842C0020802C002088440300882C0020D2
:107F700000B583B0FFF7B4FF0AF034F80346002BD6
:107F80000ED0FFF7A9FF0190019B002B0ED0019BA3
:107F9000022B0BD007494FF4B07004F0F1FE05E05E
:107FA00020BF00BF40BF00BF20BF00BF00BF03B065
:107FB0005DF804FB1444030000B583B00190009108
:107FC000019B002B03D11049502004F0D9FE009BE7
:107FD000002B03D10C49512004F0D2FE019B009AE2
:107FE0001A60019B1B681A68019B5A60019B5A68C2
:107FF000019B1B685B689A4202D1019B00225A6078
:1080000000BF03B05DF804FB9444030000B583B0E7
:108010000190019B002B03D11449632004F0B0FEB2
:10802000019B1B68002B03D11049642004F0A8FEBB
:10803000019B5B68002B14D0019B5B681A46019B77
:108040001B689B6813441A46019B5A60019B5A683F
:10805000019B1B685B689A4204D1019B00225A6015
:1080600000E000BF03B05DF804FB00BF94440300D0
:1080700000B585B001900091019B002B03D11849F8
:108080003A2004F07DFE009B002B03D114493B20D5
:1080900004F076FE019B5B6803930FE0019B9B68F5
:1080A000039A1268009910469847034683F001032B
:1080B000DBB2002B07D1039B1B680393039B1B6858
:1080C000002BEBD100E000BF039B1A68009B1A60F5
:1080D000039B009A1A6000BF05B05DF804FB00BF67
:1080E0001C45030000B585B00190019B002B03D116
:1080F0000C49512004F044FE019B5B681B6803930C
:10810000019B5B681B68002B06D0019B5B681A68AB
:10811000019B5B6812681A60039B184605B05DF806
:1081200004FB00BF1C45030000B583B00190019B18
:10813000002B03D105495D2004F022FE019B5B6802
:108140001B68184603B05DF804FB00BF1C45030024
:1081500000B585B001900091019B002B03D1164919
:10816000692004F00DFE009B002B03D112496A2008
:1081700004F006FE00238DF80F30019B5B6802932C
:108180000FE0029B1B68009A9A4207D1009B1A6875
:10819000029B1A6001238DF80F3006E0029B1B68DA
:1081A0000293029B1B68002BEBD19DF80F30184601
:1081B00005B05DF804FB00BF1C450300BFF34F8F03
:1081C00000BF074BDB6803F4E0620549054B13432E
:1081D000CB60BFF34F8F00BF00BF00BFFCE700BF05
:1081E00000ED00E00400FA05024B034A1A6000BFEC
:1081F000704700BFF42A00200090D00308B500F0BB
:1082000097F90346002B06D0B74B1B681B0AB74AE9
:1082100003F01F03136000F0B7F90346002B02D0F0
:10822000B34BB44A1A6000F0CBF90346002B06D0DA
:10823000B14B1B685B0BB14A03F00703136000F0FE
:10824000EBF90346002B05D0AD4BDB68AC4A23F0BD
:108250008073D36000F0FCF90346002B0ED04FF082
:1082600080430022C3F80C214FF080430022C3F862
:1082700010214FF080430022C3F8382500F014FA93
:108280000346002B02D09F4B03221A6000F028FA0D
:108290000346002B0BD09C4B05221A609B4B0122FE
:1082A0001A609B4B00221A609A4B3F221A6000F022
:1082B00033FA0346002B76D04FF08053964AD3F81A
:1082C0000434C2F820354FF08053934AD3F8083471
:1082D000C2F824354FF080538F4AD3F80C34C2F8DB
:1082E00028354FF080538C4AD3F81034C2F82C351F
:1082F0004FF08053884AD3F81434C2F830354FF029
:108300008053854AD3F81834C2F834354FF080537F
:10831000814AD3F81C34C2F840354FF080537E4A6E
:10832000D3F82034C2F844354FF080537A4AD3F85A
:108330002434C2F848354FF08053774AD3F82834B4
:10834000C2F84C354FF08053734AD3F82C34C2F83E
:1083500050354FF08053704AD3F83034C2F854355A
:108360004FF080536C4AD3F83434C2F860354FF084
:108370008053694AD3F83834C2F864354FF08053DB
:10838000654AD3F83C34C2F868354FF08053624AEE
:10839000D3F84034C2F86C354FF080535E4AD3F8BE
:1083A0004434C2F8703500F0D3F90346002B05D0F1
:1083B0005A4B1B685A4A03F04F03136000F0F4F95C
:1083C0000346002B0DD04FF08043D3F8003403F068
:1083D0000103002B05D04FF080436FF00102C3F87A
:1083E000002400F00DFA0346002B05D04D4B1B680E
:1083F0004C4A43F4806313604B4BD3F888304A4AAD
:1084000043F47003C2F88830BFF34F8F00BFBFF34F
:108410006F8F00BF4FF01023D3F80C3203F001032D
:10842000012B25D1414B0122C3F8042500BF3F4B4E
:10843000D3F80034002BFAD04FF01023D3F80C32CD
:108440004FF0102223F00103C2F80C3200BF374B6B
:10845000D3F80034002BFAD0344B0022C3F80425A3
:1084600000BF324BD3F80034002BFAD0FFF7A6FE42
:108470004FF01023D3F80032002B05DB4FF0102310
:10848000D3F80432002B2BDA284B0122C3F8042541
:1084900000BF264BD3F80034002BFAD04FF0102346
:1084A0001522C3F8002200BF204BD3F80034002B64
:1084B000FAD04FF010231522C3F8042200BF1B4B43
:1084C000D3F80034002BFAD0184B0022C3F804254F
:1084D00000BF164BD3F80034002BFAD0FFF76EFE26
:1084E000FFF782FE00BF08BD2403001040350140A5
:1084F00074C007400DF0ADBA440200103C050040C6
:10850000F0ED00E0A0050040105600408856004005
:10851000185600401456004000C000405802001099
:10852000E40E00403C17004000ED00E000E0014098
:10853000124B1B68DBB2062B1DD1114B1B6803F0DD
:108540000F03002B17D10F4B1B6803F0F003302BE8
:1085500001D1012310E00B4B1B6803F0F003402B0B
:1085600001D1012308E0074B1B6803F0F003502BF7
:1085700001D1012300E0002318467047E00F00F00E
:10858000E40F00F0E80F00F00A4B1B68DBB2062B8B
:108590000DD1094B1B6803F00F03002B07D1074BCC
:1085A0001B6803F0F003302B01D1012300E000230E
:1085B00018467047E00F00F0E40F00F0E80F00F0FD
:1085C000124B1B68DBB2062B1DD1114B1B6803F04D
:1085D0000F03002B17D10F4B1B6803F0F003302B58
:1085E00001D1012310E00B4B1B6803F0F003402B7B
:1085F00001D1012308E0074B1B6803F0F003502B67
:1086000001D1012300E0002318467047E00F00F07D
:10861000E40F00F0E80F00F00A4B1B68DBB2062BFA
:108620000DD1094B1B6803F00F03002B07D1074B3B
:108630001B6803F0F003302B01D1012300E000237D
:1086400018467047E00F00F0E40F00F0E80F00F06C
:10865000124B1B68DBB2062B1DD1114B1B6803F0BC
:108660000F03002B17D10F4B1B6803F0F003302BC7
:1086700001D1012310E00B4B1B6803F0F003402BEA
:1086800001D1012308E0074B1B6803F0F003502BD6
:1086900001D1012300E0002318467047E00F00F0ED
:1086A000E40F00F0E80F00F00A4B1B68DBB2062B6A
:1086B0000DD1094B1B6803F00F03002B07D1074BAB
:1086C0001B6803F0F003302B01D1012300E00023ED
:1086D00018467047E00F00F0E40F00F0E80F00F0DC
:1086E0000A4B1B68DBB2062B0DD1094B1B6803F04C
:1086F0000F03002B07D1074B1B6803F0F003302B4F
:1087000001D1012300E0002318467047E00F00F07C
:10871000E40F00F0E80F00F00A4B1B68DBB2062BF9
:108720000DD1094B1B6803F00F03002B07D1074B3A
:108730001B6803F0F003502B01D1012300E000235C
:1087400018467047E00F00F0E40F00F0E80F00F06B
:10875000124B1B68DBB2062B1DD1114B1B6803F0BB
:108760000F03002B17D10F4B1B6803F0F003302BC6
:1087700001D1012310E00B4B1B6803F0F003402BE9
:1087800001D1012308E0074B1B6803F0F003502BD5
:1087900001D1012300E0002318467047E00F00F0EC
:1087A000E40F00F0E80F00F0124B1B68DBB2062B61
:1087B0001DD1114B1B6803F00F03002B17D10F4B7A
:1087C0001B6803F0F003302B01D1012310E00B4BA9
:1087D0001B6803F0F003402B01D1012308E0074B95
:1087E0001B6803F0F003502B01D1012300E00023AC
:1087F00018467047E00F00F0E40F00F0E80F00F0BB
:10880000064B1B68062B05D1054B1B68062B01D1B7
:10881000012300E000231846704700BF300100101C
:108820003401001082B003468DF807309DF8073000
:1088300003F01F0206499DF907305B09012000FA89
:1088400002F2203341F8232000BF02B0704700BF7E
:1088500000E100E008B509F0C5FB034683F0010321
:10886000DBB2002B03D10549792004F089FA00F02E
:10887000FDFB034B00229A7000BF08BD904503002A
:10888000902C002000B583B000230193144B1B787B
:10889000002B02D0852301931CE0114B00229A602B
:1088A0000F4B00225A600E4B00221A610C4B002223
:1088B000DA600C4800F084FB019009F093FB03465A
:1088C00083F00103DBB2002B01D000F09FFB044BCF
:1088D00001221A70019B184603B05DF804FB00BF2B
:1088E000902C0020AD8A020084B001900091019B81
:1088F0001B68039306E0039A009B9A420DD0039BEA
:108900001B680393039B002BF5D1019B1A68009B06
:108910001A60019B009A1A6000E000BF04B0704723
:1089200084B00190019B1B680393039B002B03D031
:10893000039B1A68019B1A60039B184604B070479A
:1089400000B585B00190294B1B78002B03D1284935
:10895000E92004F015FA254B9B78DBB2002B19D0E7
:10896000019B002B03D0019B5B68012098470023EB
:108970008DF80F300DF10F031846FEF7FFFC1B4B6F
:10898000DB680133194AD3609DF80F301846FEF7B3
:108990000BFD1EE000238DF80E300DF10E0318467E
:1089A000FEF7ECFC019B002B03D001991148FFF767
:1089B0009BFF0E4BDB68002B01D100F03BFB0B4B08
:1089C000DB680133094AD3609DF80E301846FEF784
:1089D000EBFC064BDB68002B04D1054940F2051087
:1089E00004F0CEF900BF05B05DF804FB902C002028
:1089F00090450300A02C002000B583B0164B1B78D7
:108A0000002B04D115494FF4857004F0B9F9124BCD
:108A1000DB68002B04D1114940F20B1004F0B0F9CF
:108A200000238DF807300DF107031846FEF7A6FC6A
:108A3000094BDB68013B084AD360074BDB68002B1E
:108A400001D1FFF707FF9DF807301846FEF7ACFC91
:108A500000BF03B05DF804FB902C0020904503009C
:108A600000B585B003468DF807309DF80730002B20
:108A700002D10C4B039301E00B4B03930398FFF7D8
:108A80004FFF0290029B002B06D0029B5B689DF873
:108A9000072010469847F1E700BF00BF05B05DF81A
:108AA00004FB00BF982C0020A02C002000B583B050
:108AB00003468DF807309DF80730002B05D10A4B8F
:108AC00001225A700020FFF7CBFF9DF80730012BE1
:108AD00005D1054B01229A700120FFF7C1FF00BFAD
:108AE00003B05DF804FB00BF902C002000B583B0FC
:108AF00001900091019B002B05D1054B01225A707A
:108B00000020FFF7ADFF00BF03B05DF804FB00BF1E
:108B1000902C002000B585B0034600918DF80730F9
:108B20009DF80730032B29D0032B35DC002B02D016
:108B3000012B04D030E00020FFF774FE2DE000236D
:108B40008DF80F300DF10F031846FEF717FC154B8B
:108B50001B7883F00103DBB2002B01D0FFF792FEFC
:108B6000104BDB6801330F4AD3600E4B01229A7021
:108B70009DF80F301846FEF717FC0EE0094B1B78E6
:108B8000002B04D1084940F2452004F0F9F800F028
:108B90003DFAFFF731FF00E000BF00BF05B05DF810
:108BA00004FB00BF902C00209045030000B589B065
:108BB00001900091009B0793019B1B788DF80C306E
:108BC000019B5B680493019B9B68DBB28DF81430BA
:108BD000019BDB680693074A079B52F8233006493E
:108BE000079A51F8221003AA1046984700BF09B00F
:108BF0005DF804FBA42C0020A82C002000B589B04F
:108C000001900091009B0793019B1B788DF80C301D
:108C1000019B5B680493019B9B68DBB28DF8143069
:108C2000019BDB680693074A079B52F823300649ED
:108C3000079A51F8221003AA1046984700BF09B0BE
:108C40005DF804FBA42C0020A82C002030B58FB0C8
:108C5000039002910192039B1B780C9326490C9B75
:108C6000019A41F82320029B1A6924490C9B41F880
:108C70002320029B5B7F1946214A0C9B13440A4622
:108C80001A70029B04AC1D460FCD0FC495E80F006F
:108C900084E80F000C9B089300230D93039B1B7823
:108CA0001A46174B9B5C002B0DD0039B181D019B94
:108CB000002B01D0134A00E0002204AB194602F059
:108CC0002BFE0D9014E0039B1B781A460C4B9B5C0B
:108CD000002B0DD1039B03F10C00019B002B01D055
:108CE000094A00E0002204AB194601F08FFE0D9006
:108CF0000D9B18460FB030BDA42C0020A82C0020DE
:108D0000AC2C0020AD8B0200FD8B020082B003462C
:108D10008DF807309DF8073003F01F0205499DF9D3
:108D200007305B09012000FA02F241F8232000BF5E
:108D300002B0704700E100E082B0034600918DF878
:108D400007309DF90730002B0CDA009BDAB20C4992
:108D50009DF8073003F00F03043B5201D2B20B44DD
:108D60001A7609E0009BDAB206499DF907305201F4
:108D7000D2B20B4483F8002300BF02B0704700BF9B
:108D800000ED00E000E100E082B00190019B1B0BD0
:108D90005BB2184602B0704700B583B003460A467E
:108DA0008DF8073013468DF806309DF80630012BFC
:108DB00003D99DF80630032B0BD99DF80630042B00
:108DC00003D99DF80630072B03D908496B2003F01F
:108DD000D7FF9DF806209DF9073011461846FFF78A
:108DE000ABFF00BF03B05DF804FB00BFFC45030010
:108DF00000B583B003468DF807309DF9073018465B
:108E0000FFF784FF00BF03B05DF804FB82B00346A8
:108E10008DF807300F4A9DF90730002B00DA1F3319
:108E20005B115BB252F823209DF90730594203F0E1
:108E30001F0301F01F0158BF4B425BB222FA03F33C
:108E400003F00103002B14BF01230023DBB21846FB
:108E500002B0704700E100E082B001904FF0804224
:108E6000019BC2F8043300BF02B0704782B001908A
:108E70004FF08042019BC2F8083300BF02B0704738
:108E800082B003468DF807309DF8073003F1804328
:108E900001221A6000BF02B0704784B00346ADF8EB
:108EA0000630BDF8063003F1804300221A60BDF899
:108EB000063003F180431B680393039B00BF04B09B
:108EC000704782B00346ADF80630BDF8063003F1B6
:108ED00080431B68002B14BF01230023DBB218461C
:108EE00002B0704782B001904FF08042019BC2F8FF
:108EF000183500BF02B070474FF08043D3F81834E4
:108F00001B0C03F00103002B14BF01230023DBB271
:108F10001846704700B583B006238DF807304FF030
:108F20008040FFF731FF03461846FFF76FFF034607
:108F300083F00103DBB2002B13D04FF08040FFF72A
:108F400023FF03461A469DF8073019461046FFF7DF
:108F500023FF4FF08040FFF717FF03461846FFF747
:108F600047FF00BF03B05DF804FB000084B0124B64
:108F7000DB680393104A039B43F08073D3600F4B6D
:108F80001B6802930D4A029B43F0010313600B4BD5
:108F90005B68019300BF094B5A68019BD31AB3F574
:108FA0000A5FF8D3054A029B1360034A039BD36010
:108FB00000BF04B0704700BFF0ED00E0001000E01B
:108FC00000B585B00190019B002B03D10D49A42071
:108FD00003F0D6FE002303930B4B1B79002B02D02A
:108FE0008523039308E0084A019B1360064B012286
:108FF0001A71054B00225A71039B184605B05DF8A3
:1090000004FB00BF34460300B02C002008B5074B1A
:109010001B79002B03D10649BD2003F0B1FEFFF7F9
:1090200079FF0120FFF75EFF00BF08BDB02C0020D4
:109030003446030008B50B4B1B79002B03D10A49BA
:10904000EA2003F09DFE4FF48270FFF726FF022016
:10905000FFF702FFFFF78AFF0820FFF711FF00BFAD
:1090600008BD00BFB02C00203446030008B50A4BF1
:109070001B79002B03D10949F72003F081FE0C2056
:10908000FFF7FEFE00BFFFF737FF0346002BFAD1C4
:1090900000BF00BF08BD00BFB02C00203446030055
:1090A00008B54FF48070FFF70CFF0346002B14D077
:1090B0004FF48070FFF7F1FE0120FFF7D7FE114B50
:1090C0005B7983F00103DBB2002B06D00D4B01224C
:1090D0005A710C4B1B68002098474FF48270FFF7C1
:1090E000F0FE0346002B0AD04FF48270FFF7D5FE46
:1090F0000220FFF7BBFE034B1B680120984700BF0F
:1091000008BD00BFB02C002082B003468DF80730A8
:109110009DF8073003F01F0205499DF907305B09F0
:10912000012000FA02F241F8232000BF02B070478C
:1091300000E100E082B0034600918DF807309DF910
:109140000730002B0CDA009BDAB20C499DF807308F
:1091500003F00F03043B5201D2B20B441A7609E02C
:10916000009BDAB206499DF907305201D2B20B4496
:1091700083F8002300BF02B0704700BF00ED00E09D
:1091800000E100E000B583B003460A468DF80730E1
:1091900013468DF806309DF80630012B03D99DF853
:1091A0000630032B0BD99DF80630042B03D99DF80C
:1091B0000630072B03D908496B2003F0E1FD9DF829
:1091C00006209DF9073011461846FFF7B3FF00BF90
:1091D00003B05DF804FB00BFA046030000B583B0F8
:1091E00003468DF807309DF907301846FFF78CFFCE
:1091F00000BF03B05DF804FB00B583B00346ADF8D3
:109200000630BDF80630184600F026F803461B6805
:10921000012B0CBF01230023DBB2184603B05DF81D
:1092200004FB00B585B00346ADF80630BDF8063046
:10923000184600F011F803461A4600231360BDF8E3
:109240000630184600F008F803461B680393039B9A
:1092500000BF05B05DF804FB82B00346ADF80630F0
:10926000BDF8063003F1804303F5C043184602B051
:109270007047000082B00190034A019BC2F804339A
:1092800000BF02B0704700BF0060004082B0019094
:10929000034BD3F80423019B1340184602B07047D8
:1092A0000060004082B00190084A019B03F5A27360
:1092B00052F82330054943F00102019B03F5A273E4
:1092C00041F8232000BF02B0704700BF006000409B
:1092D00084B00390029113468DF80730144A039B23
:1092E00003F5A27352F82330114923F4473323F4D2
:1092F0004073039A02F5A27241F822300C4A039B94
:1093000003F5A27352F82320029B1B0203F4F851C9
:109310009DF807301B0403F440330B4304491A4300
:10932000039B03F5A27341F8232000BF04B07047EC
:109330000060004082B00190054A019B03F5A273D2
:1093400052F823301B0A03F01F03184602B070477F
:109350000060004082B00190064A019B03F5A273B1
:1093600052F823301B0C03F00303DBB2184602B0A3
:10937000704700BF0060004000B583B00190019BC2
:109380001B681F2B04D9054940F2CD1003F0F8FCEF
:109390004FF0A043184603B05DF804FBD846030025
:1093A00000B585B00190084611461A4603468DF86F
:1093B00003300B468DF8023013468DF8013001ABB7
:1093C0001846FFF7D9FF03909DF803209DF802305F
:1093D0005B001A439DF801309B001A439DF818303A
:1093E0001B0242EA03019DF81C301B04019A194339
:1093F000039B02F5E07243F8221000BF05B05DF850
:1094000004FB00B585B003900B468DF80B309DF83A
:109410000B300022019200220092002200210398CA
:10942000FFF7BEFF00BF05B05DF804FB00B585B0D7
:10943000019001AB1846FFF79FFF0390019A039B31
:1094400002F5E07253F8223023F002030293019AEE
:10945000039B02F5E072029943F8221000BF05B0A9
:109460005DF804FB00B585B001900B468DF8033024
:1094700001AB1846FFF780FF0390019A039B02F5AA
:10948000E07253F82230019A23F44031039B02F535
:10949000E07243F82210019A039B02F5E07253F840
:1094A00022309DF8032012041146019A1943039BB0
:1094B00002F5E07243F8221000BF05B05DF804FB2E
:1094C00000B585B0019001AB1846FFF755FF03903A
:1094D000039800F020F80246019B22FA03F303F000
:1094E0000103184605B05DF804FB00B585B0019096
:1094F00001AB1846FFF740FF0390019A039B02F56A
:10950000E07253F822301B0C03F00303DBB2184661
:1095100005B05DF804FB82B00190019BD3F81035D3
:10952000184602B07047000000B587B00390029162
:1095300001924FF0A0430493039A029B1344012B22
:1095400004D9124940F2FD2003F01AFC039B059355
:1095500011E0059B9B0006AA134453F8083C1846EB
:10956000FFF7D9FF0246019B1A60019B0433019368
:10957000059B01330593039A029B1344059A9A4273
:10958000E7D300BF00BF07B05DF804FBD846030077
:1095900084B001900091009B0393019BDB08029330
:1095A000019B03F0070301930122019B02FA03F3DD
:1095B0000399029A0A4412781340184604B070477F
:1095C00084B001900091009B0393019BDB08029300
:1095D000019B03F007030193039A029B13441B783A
:1095E0005AB20121019B01FA03F35BB2134359B252
:1095F000039A029B1344CAB21A7000BF04B07047AA
:1096000082B001900C4A019B1344303393F900302F
:10961000002B09DB084A019B1344303393F90030D7
:10962000072B01DC012300E0002303F00103DBB280
:10963000184602B0704700BFB82C002082B00190DD
:10964000064A019B1344303393F90030072BCCBFFB
:1096500001230023DBB2184602B07047B82C00206B
:1096600082B00190064A019B1344303393F90030D5
:10967000DB43DBB2DB09DBB2184602B0704700BF48
:10968000B82C002084B00390029101928DF8033031
:10969000029B59B20E4A039B134430330A461A7098
:1096A0000B49029B019A41F823209DF8033083F077
:1096B0000103DBB2002B08D0029B083B039A51B296
:1096C000034A13440A4683F8502000BF04B0704791
:1096D000B82C002082B00190044A019B134430331F
:1096E000FF221A7000BF02B0704700BFB82C0020E4
:1096F00000B583B0019004490198FFF761FF00BFF6
:1097000003B05DF804FB00BF0C2D002082B0019077
:10971000044A019B1344303393F90030184602B0D9
:10972000704700BFB82C002082B00190034A019B13
:1097300052F82330184602B0704700BFB82C002002
:1097400000B589B00390029113468DF80730FF23CE
:109750008DF81F309DF80730002B01D0002300E06A
:10976000082305939DF80730002B01D0082300E063
:109770000C230493059B069314E00F4A069B52F8B2
:109780002330B3F1FF3F0AD19DF80730029A0699C2
:109790000398FFF777FF069B8DF81F3006E0069BC6
:1097A00001330693069A049B9A42E6D39DF91F3033
:1097B000184609B05DF804FBB82C002082B00346BF
:1097C0008DF807309DF80730094A4FF0FF3142F815
:1097D00023109DF80730072B07D99DF80730083B69
:1097E000034A1344FF2283F8502000BF02B07047A1
:1097F000B82C002000B583B0254B93F85830002BCF
:1098000003D008230093009B3EE000238DF807302F
:1098100009E09DF807301846FFF75CFF9DF8073018
:1098200001338DF807309DF807301F2BF1D9002345
:109830008DF8073009E09DF807301846FFF7BEFFA6
:109840009DF8073001338DF807309DF807300B2B5A
:10985000F1D9042200210F4809F0A7FC06210620B7
:10986000FFF790FC0620FFF7B9FC4FF4BE70FFF73E
:10987000D8FC4FF00040FFF7FDFC054B012283F8B8
:10988000582000230093009B184603B05DF804FBAA
:10989000B82C00200C2D002000B587B00390029159
:1098A0000192039B1F2B04D9364940F2072003F095
:1098B00067FA002305930398FFF7D2FE0346002BB7
:1098C00002D00823059357E0029B9B78C3F3400323
:1098D000DBB21A4601990398FFF732FF03468DF871
:1098E00013309DF91330B3F1FF3F43D0029B9B78B7
:1098F000C3F38003DBB283F00103DBB2002B13D090
:10990000029B9B7803F00103DBB2002B03D003988A
:10991000FFF78CFD05E0029B5B7819460398FFF783
:1099200070FD0398FFF7E4FE029B9B7803F00203AF
:10993000DBB2002B08D09DF91300029B1B781A465E
:109940000399FFF7C5FC17E09DF91330083B0E4A59
:10995000134493F95010029B1B789B015AB29DF956
:109960001330083B0A4351B2074A13440A4683F8AE
:10997000502001E004230593059B184607B05DF8CD
:1099800004FB00BF10470300B82C002000B589B0CD
:1099900001900B468DF80330019B1F2B04D93D49E4
:1099A00040F2372003F0ECF90198FFF759FE034627
:1099B000002B04D137494FF40E7003F0E1F9019800
:1099C000FFF73CFE0346002B2FD00198FFF79EFEC9
:1099D0000346083B304A134493F950308DF80F305A
:1099E0009DF80F309B098DF80E309DF80E30032B3B
:1099F0000BD10198FFF764FD0346002B01D0032330
:109A000000E002238DF81F3008E09DF80E30012B96
:109A100001D1022300E003238DF81F309DF81F3091
:109A200019460198FFF71EFD30E00198FFF7E8FDA9
:109A30000346002B2AD00198FFF768FE03460693E1
:109A4000069B9BB240339BB29B00ADF81630069B41
:109A50001846FFF727FCBDF816301846FFF7E1FB64
:109A60009DF80330002B11D00198FFF74FFE0346FD
:109A70001846FFF759FE0490049B002B06D00122E4
:109A8000069B02FA03F31846FFF7F4FB00BF09B088
:109A90005DF804FB10470300B82C002000B595B01A
:109AA00000231393002303934FF48073ADF84630E3
:109AB000012310930023129321E0BDF8463018468D
:109AC000FFF79AFB0346002B0ED01098FFF7DEFB42
:109AD0000346002B08D0BDF846301846FFF7A1FB1F
:109AE000139A109B13431393109B5B001093BDF8C4
:109AF00046300433ADF84630129B01331293129B6B
:109B0000072BDAD94FF4BE70FFF776FB0346002B24
:109B10000DD04FF4BE70FFF784FB139B43F000435E
:109B2000139303AB1A4601210020FFF7FDFC139BA2
:109B3000DBB2002B29D0012310930023129321E0E4
:109B4000109A139B1340002B16D01298FFF7F2FBCC
:109B50000D901298FFF7FEFB03468DF833301298F4
:109B6000FFF7E2FD0B900B9B002B05D09DF83320F7
:109B70000B9B11460D989847109B5B001093129B0E
:109B800001331293129B072BDAD9139B002B80F21F
:109B9000EE8000238DF83B300023029300230F93C7
:109BA0000AE00F9B9B0014AA13444FF0FF3243F8C6
:109BB0004C2C0F9B01330F930F9B002BF1D00023F4
:109BC0008DF83B300023129378E06B4A129B1344CC
:109BD000503393F900308DF82B309DF82B3023F063
:109BE000C0030993644A129B1344503393F9003025
:109BF000B3F1FF3F5FD001AB19460998FFF7C8FCEE
:109C00000346002B57D09DF82B309B098DF823304D
:109C10000998FFF77BFD03461846FFF785FD07907F
:109C2000079B002B03D19DF82330032B43D19DF8D4
:109C30002330032B04D102AB19460998FFF7C0FC6F
:109C40000998FFF752FC03468DF81B3003AB194609
:109C50000998FFF79DFC0590059B002B03D09DF80C
:109C60001B30022B06D0059B002B24D19DF81B3006
:109C7000032B20D19DF82330032B13D19DF81B30EB
:109C8000022B01D1032300E002238DF813309DF84D
:109C9000133019460998FFF7E5FB9DF83B30013377
:109CA0008DF83B30079B002B05D09DF82320079BA8
:109CB000114609989847129B01331293129B032B6C
:109CC00083D99DF83B30002B4CD001238DF83A30DE
:109CD0006B461A4601210020FFF726FC00230F9354
:109CE00014E00F9B9B0014AA134453F8502C0F9BB5
:109CF0009B0014A90B4453F8443C9A4203D0002320
:109D00008DF83A3005E00F9B01330F930F9B002B2A
:109D1000E7D09DF83A30002B03D000238DF83B307C
:109D200020E000230F931AE00F9B9B0014AA13441A
:109D300053F8502C0F9B9B0014A90B4443F8442C60
:109D40000F9B9B0014AA134453F8482C0F9B9B00B5
:109D500014A90B4443F84C2C0F9B01330F930F9B1A
:109D6000002BE1D09DF83B30002B7FF428AF00BFE3
:109D700015B05DF804FB00BFB82C002008B5064BF9
:109D80001B68002B03D10549512002F0F9FF024B5B
:109D90001B68984700BF08BD142D00207C470300B6
:109DA00082B00190019B044A934201D1034B00E031
:109DB0000023184602B0704700200040142D0020F8
:109DC00000B587B001900091019B002B03D11C4985
:109DD000772002F0D5FF0198FFF7E2FF0490049B83
:109DE000002B25D000238DF8173000238DF80B3081
:109DF0000DF10B031846FDF7C1FA049B1B79002BEC
:109E000003D001238DF8173005E0049B009A1A60F7
:109E1000049B01221A719DF80B301846FDF7C4FA15
:109E20009DF81730002B03D011230393039B02E00E
:109E300000230393039B184607B05DF804FB00BFA3
:109E40007C47030000B585B00190019B002B03D136
:109E50000A499B2002F094FF0198FFF7A1FF0390AD
:109E6000039B002B05D0039B00221A60039B00225A
:109E70001A7100BF05B05DF804FB00BF7C4703000A
:109E800082B00190019B03F06043B3F1005F0CBF0F
:109E900001230023DBB2184602B0704782B0019064
:109EA0000B468DF803309DF80330019A13440122CC
:109EB0001A6000BF02B0704784B001900B46ADF845
:109EC0000230BDF80230019A134400221A60BDF836
:109ED0000230019A13441B680393039B00BF04B034
:109EE000704782B001900B46ADF80230BDF80230E9
:109EF000019A13441B68002B14BF01230023DBB21B
:109F0000184602B0704782B001900091019B009A00
:109F1000C3F8042300BF02B0704782B001900091E3
:109F2000019B009AC3F8082300BF02B0704784B0B9
:109F3000039002910192029A039BC3F84425039B6C
:109F4000019AC3F8482500BF04B0704784B003905D
:109F500002910192029A039BC3F83425039B019A54
:109F6000C3F8382500BF04B0704782B00190019B50
:109F70000122C3F8502500BF02B0704782B00190A3
:109F8000019B0022C3F8502500BF02B0704782B089
:109F90000190019B0122C3F8402500BF02B0704729
:109FA00082B00190019B0022C3F8402500BF02B09F
:109FB0007047000000B583B00190019B1B681F2B08
:109FC00004D9054940F2CD1002F0DAFE4FF0A0436B
:109FD000184603B05DF804FB2048030000B585B0C7
:109FE000019001AB1846FFF7E5FF0390019B0122AA
:109FF00002FA03F31946039800F018F800BF05B001
:10A000005DF804FB00B585B0019001AB1846FFF781
:10A01000D1FF0390019B012202FA03F31946039832
:10A0200000F00EF800BF05B05DF804FB82B00190AF
:10A030000091019B009AC3F8082500BF02B0704749
:10A0400082B001900091019B009AC3F80C2500BFDB
:10A0500002B0704700B583B00190019BDB7FFF2BFE
:10A060000ED0019B9B7F002B05D0019BDB7F184608
:10A07000FFF7C8FF04E0019BDB7F1846FFF7AEFF48
:10A08000019B00225A77019B00221A72019B1B68D8
:10A09000019A02F10800019A52681146984700BFE0
:10A0A00003B05DF804FB00B583B001900B468DF85A
:10A0B00003309DF8033083F00103DBB2002B04D0A2
:10A0C00040210198FFF729FF03E040210198FFF7A5
:10A0D0001AFF00BF03B05DF804FB00B583B0019028
:10A0E0000091009B03F00103002B03D00198FFF7C0
:10A0F0003CFF02E00198FFF741FF009B03F00203E1
:10A10000002B03D00198FFF742FF02E00198FFF710
:10A1100047FF00BF03B05DF804FB00B587B00390B4
:10A12000029101920093019B1B68002B0AD0019BB6
:10A130001B681846FFF7A4FE034683F00103DBB259
:10A14000002B0ED1019B9B68002B11D0019B9B68BB
:10A150001846FFF795FE034683F00103DBB2002BA0
:10A1600006D0029B00225A7710230593059B54E0EA
:10A17000019B1968019B5B681A460398FFF7D7FE9D
:10A18000019B9968019BDB681A460398FFF7DEFE86
:10A190004FF48C710398FFF78FFE00990398FFF737
:10A1A0009CFF009B03F00803002B03D110210398B0
:10A1B000FFF774FE029B1B68002B1FD100BF4FF4FA
:10A1C0008C710398FFF78DFE034683F00103DBB229
:10A1D000002BF4D1029BDB7FFF2B1BD0029B9B7FCC
:10A1E000002B05D0029BDB7F1846FFF70BFF11E029
:10A1F000029BDB7F1846FFF7F1FE0BE0009B03F0AC
:10A200000403002B0CBF01230023DBB21946039883
:10A21000FFF749FF00230593059B184607B05DF83B
:10A2200004FB000010B586B0039002910192039BDD
:10A230001B791A461346DB0013449B00394A13442A
:10A240000593059B1B7F002B04D1374940F2322038
:10A2500002F096FD029B1B68002B08D1029B5B68F5
:10A26000002B04D0304940F2332002F089FD029BDC
:10A270009B68002B08D1029BDB68002B04D02A4985
:10A280004FF40D7002F07CFD039B1B79002B07D16E
:10A29000029BDB68FF2B03D8029B5B68FF2B04D972
:10A2A000214940F2352002F06BFD00230493059B09
:10A2B0005B7FDBB2002B03D011230493049B2EE0C1
:10A2C000059B1B68002B07D0019B03F01403002B98
:10A2D00002D1059B01225A77059B029A03F10C04D7
:10A2E00013460FCB84E80F00059BDB7FFF2B0ED0BE
:10A2F000059B9B7F002B05D0059BDB7F1846FFF756
:10A300006DFE04E0059BDB7F1846FFF77BFE039B99
:10A310001868019B029A0599FFF7FFFE034618464D
:10A3200006B010BD1C2D00205848030000B583B0B6
:10A33000019000914FF48C710198FFF7D2FD034614
:10A34000002B10D04FF48C710198FFF7B5FD009BE6
:10A350001B68002B04D106494FF4277002F010FD52
:10A360000098FFF777FE00BF03B05DF804FB00BF65
:10A370005848030008B503490348FFF7D7FF00BF5B
:10A3800008BD00BF1C2D00200030004082B00346F5
:10A390008DF807309DF8073003F01F0205499DF93D
:10A3A00007305B09012000FA02F241F8232000BFC8
:10A3B00002B0704700E100E082B003468DF807303C
:10A3C0009DF8073003F01F0206499DF907305B092D
:10A3D000012000FA02F2203341F8232000BF02B02E
:10A3E000704700BF00E100E082B0034600918DF8A5
:10A3F00007309DF90730002B0CDA009BDAB20C49CC
:10A400009DF8073003F00F03043B5201D2B20B4416
:10A410001A7609E0009BDAB206499DF9073052012D
:10A42000D2B20B4483F8002300BF02B0704700BFD4
:10A4300000ED00E000E100E082B00190019B1B0B09
:10A440005BB2184602B0704700B583B003460A46B7
:10A450008DF8073013468DF806309DF80630012B35
:10A4600003D99DF80630032B0BD99DF80630042B39
:10A4700003D99DF80630072B03D908496B2002F059
:10A480007FFC9DF806209DF9073011461846FFF71E
:10A49000ABFF00BF03B05DF804FB00BFC44803007E
:10A4A00000B583B003468DF807309DF90730184694
:10A4B000FFF76CFF00BF03B05DF804FB00B583B08D
:10A4C00003468DF807309DF907301846FFF774FFF3
:10A4D00000BF03B05DF804FB84B001900B46ADF8FB
:10A4E0000230BDF80230019A134400221A60BDF810
:10A4F0000230019A13441B680393039B00BF04B00E
:10A50000704782B001900B46ADF80230BDF80230C2
:10A51000019A13441B68002B14BF01230023DBB2F4
:10A52000184602B0704782B001900091019B009ADA
:10A53000C3F8042300BF02B0704782B001900091BD
:10A54000019BD3F80423009B1340002B14BF01236D
:10A550000023DBB2184602B0704782B00190009130
:10A56000019B009AC3F8082300BF02B0704784B073
:10A570000190019BD3F880340393019B039AC3F8A5
:10A580008024039B184604B0704782B00190019B61
:10A590000422C3F8002500BF02B0704782B00190CA
:10A5A000019B0022C3F8002500BF02B0704784B0B1
:10A5B000039002910192039B019AC3F81425039B17
:10A5C000029AC3F80C2500BF04B0704700B583B0F1
:10A5D00001904FF0FF324FF0FF310198FFF7E7FF96
:10A5E00000BF03B05DF804FB82B00190019BD3F87B
:10A5F0000C35184602B0704782B00190019BD3F829
:10A600001435184602B0704782B00190019BD3F810
:10A610000835184602B0704782B00190019BD3F80C
:10A620001035184602B0704784B003900291019231
:10A63000039B029AC3F80825039B019AC3F81025CF
:10A6400000BF04B0704700B583B001904FF0FF32F7
:10A650004FF0FF310198FFF7E7FF00BF03B05DF84F
:10A6600004FB82B00190019BD3F81835DBB2184689
:10A6700002B0704782B001900B468DF803309DF810
:10A680000320019BC3F81C2500BF02B0704782B0B5
:10A6900001900B468DF803309DF80330019A134466
:10A6A00001221A6000BF02B0704782B001900B46D1
:10A6B0008DF8033013468DF802309DF803209DF885
:10A6C00002301343DBB21A46019BC3F86C2500BF6E
:10A6D00002B0704782B001900091019B009AC3F8CC
:10A6E000242500BF02B0704700B583B00190019BE4
:10A6F0001B681F2B04D9054940F2CD1002F040FB26
:10A700004FF0A043184603B05DF804FBFC4803007B
:10A7100000B585B00190084611461A4603468DF8EB
:10A7200003300B468DF8023013468DF8013001AB33
:10A730001846FFF7D9FF03909DF803209DF80230DB
:10A740005B001A439DF801309B001A439DF81830B6
:10A750001B0242EA03019DF81C301B04019A1943B5
:10A76000039B02F5E07243F8221000BF05B05DF8CC
:10A7700004FB00B585B003900023019300230093F0
:10A780000023012201210398FFF7C2FF00BF05B09B
:10A790005DF804FB00B585B003900B468DF80B30D7
:10A7A0009DF80B300022019200220092002200212D
:10A7B0000398FFF7ADFF00BF05B05DF804FB00B5DF
:10A7C00085B003900023019300230093002301220E
:10A7D00000210398FFF79CFF00BF05B05DF804FB64
:10A7E00000B585B0019001AB1846FFF77DFF0390DF
:10A7F000019B012202FA03F31946039800F004F8C2
:10A8000000BF05B05DF804FB82B001900091019B90
:10A81000009AC3F8082500BF02B0704700B583B0A6
:10A8200001900091009B1B68B3F1FF3F09D0009B92
:10A830001B681846FFF7D4FF009B1B681846FFF7FC
:10A8400098FF009B5B68B3F1FF3F05D0009B5B68FE
:10A8500000211846FFF79EFF019B1A68009B9B6929
:10A8600019461046FFF736FF019B1868009B597D7B
:10A87000009B1B7D1A46FFF718FF019B1868009B81
:10A880001968009B5B681A46FFF791FE009B1B7DD1
:10A89000012B22D1009B9B68B3F1FF3F05D0009BA9
:10A8A0009B6800211846FFF775FF009BDB68B3F13A
:10A8B000FF3F09D0009BDB681846FFF791FF009B24
:10A8C000DB681846FFF755FF019B1868009BD968A5
:10A8D000009B9B681A46FFF7A7FE00BF03B05DF818
:10A8E00004FB000000B583B001900B468DF80330E7
:10A8F000019B1B684FF48E711846FFF7EDFD019B1D
:10A900001B684FF4A2711846FFF7E6FD019B1B6818
:10A910000E491846FFF707FE019B1B681846FFF714
:10A920008BFD03461A469DF8033019461046FFF783
:10A930008BFD019B1B681846FFF77EFD03461846FA
:10A94000FFF7AEFD00BF03B05DF804FB800002001E
:10A9500000B583B00190019B1B6808491846FFF7BA
:10A96000FCFD019B1B681846FFF766FD0346184671
:10A97000FFF7A4FD00BF03B05DF804FB84020200F2
:10A9800000B587B00190019B1B681846FFF72CFEAD
:10A990000590019B1B681846FFF72EFE0490019B53
:10A9A0001B681846FFF730FE0390019B1B68184692
:10A9B000FFF732FE0290019B1B681846FFF706FE68
:10A9C000019B1B681846FFF73EFE059BB3F1FF3F56
:10A9D00002D00598FFF7F3FE049BB3F1FF3F02D0CE
:10A9E0000498FFF7ECFE029BB3F1FF3F02D0029800
:10A9F000FFF7E5FE039BB3F1FF3F02D00398FFF79B
:10AA0000DEFE00BF07B05DF804FB000000B587B0B4
:10AA1000039002910192029B002B03D12D49AA20A1
:10AA200002F0AEF9039B1B791A462C2303FB02F3B9
:10AA3000294A1344059300230493059B93F82A3075
:10AA4000002B03D008230493049B3EE0039B1A6869
:10AA5000039B1B791946214B53F8213019461046A8
:10AA6000FFF7AEF90346002B03D011230493049B98
:10AA70002BE002990398FFF7D1FE059B019A5A60DB
:10AA8000029B1A69059B1A60059B5B68002B05D029
:10AA9000029B1B7F19460398FFF724FF039B1B684B
:10AAA0001846FFF772FD059B00229A61059B002264
:10AAB000DA61059B002283F82920059B00225A6158
:10AAC000059B012283F82A20049B184607B05DF8F5
:10AAD00004FB00BF34490300402D0020A0490300BF
:10AAE00000B585B00190019B1B791A462C2303FB0E
:10AAF00002F3114A13440393019B1B681846FFF7A6
:10AB00004DFD039B5B68002B02D00198FFF720FFEF
:10AB10000198FFF735FF019B1B681846FFF792F974
:10AB2000039B002283F82A20039B00225A6000BF67
:10AB300005B05DF804FB00BF402D002000B585B0D6
:10AB4000019000914FF48E710198FFF7C5FC009BB6
:10AB50009A68009B1B6A13441B788DF80F30009B8A
:10AB60001B6A5A1C009B1A629DF80F301946019807
:10AB7000FFF780FD00BF05B05DF804FB00B585B0B0
:10AB800001900091009B5B69039316E0009B93F892
:10AB90002830DBB2002B01D0002314E04FF48E717B
:10ABA0000198FFF7AEFC034683F00103DBB2002BF4
:10ABB000ECD100990198FFF7C1FF009B1B6A039A33
:10ABC0009A42EBD80123184605B05DF804FB00005B
:10ABD00000B587B0039002910192039B1B791A463E
:10ABE0002C2303FB02F33C4A13440493049B93F885
:10ABF0002A30012B04D039494FF48C7002F0C0F890
:10AC0000029B002B04D1354940F2191002F0B8F82C
:10AC1000019B002B04D131494FF48D7002F0B0F844
:10AC2000039800F05DF80346002B03D01123059331
:10AC3000059B4CE0049B019A5A61049B029A9A601E
:10AC4000049B00221A62049B002283F82820002320
:10AC50000593039B1B684FF48E711846FFF73CFC6D
:10AC6000039B1B6808211846FFF711FD039B1B6817
:10AC700004991846FFF762FF049B5B68002B25D1FF
:10AC8000039B1B6804991846FFF778FF034683F07F
:10AC90000103DBB2002B02D00F23059313E000BFAA
:10ACA000039B1B684FF48E711846FFF72AFC03467E
:10ACB00083F00103DBB2002BF2D1039B1B680C2154
:10ACC0001846FFF7E4FC049B00225A61059B1846D6
:10ACD00007B05DF804FB00BF402D0020344903009D
:10ACE00082B00190019B1B791946074A2C2303FB74
:10ACF00001F3134414331B68002B14BF01230023FA
:10AD0000DBB2184602B07047402D002000B583B07A
:10AD10000190019B1B684FF492711846FFF7DCFB12
:10AD2000019B1B684FF484711846FFF7D5FB019B0C
:10AD30001B6800211846FFF7AAFC00BF03B05DF8AE
:10AD400004FB10B582B001900091009B9B69002B21
:10AD500008D14FF484710198FFF7BEFB0198FFF70B
:10AD600080FC13E04FF484710198FFF7B5FB009B62
:10AD7000DA68009B5B6AD4180198FFF772FC0346FF
:10AD80002370009B5B6A5A1C009B5A6202B010BD84
:10AD900000B589B0039002910192039B1B791A467A
:10ADA0002C2303FB02F37F4A13440693039B1B7976
:10ADB00019467C4A2C2303FB01F313442A331B78E6
:10ADC000012B04D078494FF4B67001F0D9FF029BF3
:10ADD000002B04D1744940F26D1001F0D1FF019BAA
:10ADE000002B04D170494FF4B77001F0C9FF002364
:10ADF0008DF81F30069B5B68002B06D0039B1B68F9
:10AE00004FF401711846FFF7A8FB069B9B69002BC6
:10AE100015D0069BDB69002B0ED0069B5B68002BD0
:10AE200006D0039B1B684FF401711846FFF77BFBAC
:10AE300011230593059BB0E001238DF81F309DF889
:10AE40001F3083F00103DBB2002B0CD0069B019A6C
:10AE50009A61069B029ADA60069B00225A62069B60
:10AE60000022DA6105E0069B029A1A61069B019AAC
:10AE7000DA61069B93F8293083F00103DBB2002BE3
:10AE800009D09DF81F3083F00103DBB2002B02D004
:10AE90000398FFF73BFF069B5B68002B73D1039B76
:10AEA0001B684FF4A2711846FFF716FB039B1B6843
:10AEB0004FF492711846FFF724FB03468DF81330C8
:10AEC000039B1B684FF484711846FFF71AFB034677
:10AED0008DF81230039B1B684FF4A2711846FFF7E0
:10AEE00010FB03468DF811309DF8123083F00103FA
:10AEF000DBB2002B0DD09DF8113083F00103DBB2E3
:10AF0000002B06D09DF8133083F00103DBB2002B39
:10AF1000CCD19DF81330002B0FD19DF81130002BB0
:10AF20000BD1039B1B6806991846FFF70AFF069B87
:10AF30009A69069B5B6A9A42B8D8069B00229A617E
:10AF40009DF81330002B03D003230593059B24E0C9
:10AF50009DF81130002B03D00F230593059B1CE0B7
:10AF6000069B93F82930002B06D0039B1B68002119
:10AF70001846FFF78CFB0DE0039B1B680421184665
:10AF8000FFF785FB06E0039B1B684FF40171184631
:10AF9000FFF7C9FA00230593059B184609B05DF831
:10AFA00004FB00BF402D00203449030000B589B0E8
:10AFB00003900291019201238DF81030029B0693B9
:10AFC000019B0593039B5B68039A116804AA1046D2
:10AFD000984700BF09B05DF804FB00B587B0019049
:10AFE000009100238DF80830009B0493019B9B681F
:10AFF0000393019B00225A61019B5B68019A1168CF
:10B0000002AA1046984700BF07B05DF804FB00B5E0
:10B010008BB0019000914FF400710198FFF78DFA09
:10B020000346002B39D04FF492710198FFF769FA6B
:10B030000346002B31D04FF492710198FFF74CFA80
:10B040004FF401710198FFF788FA009B93F82930BB
:10B0500083F00103DBB2002B03D004210198FFF73A
:10B0600016FB02238DF80C300198FFF780FA034697
:10B070000693009B9B690593009BDB680493009BF0
:10B0800000229A61009B0022DA61009B5B68009AB3
:10B09000116803AA1046984752E004210198FFF76F
:10B0A0004CFA0346002B4BD04FF484710198FFF704
:10B0B00028FA0346002B43D000990198FFF741FE80
:10B0C000009B9A69009B5B6A9A4239D1009BDB69BD
:10B0D000002B19D0009BDB680993009B5B6A0893E7
:10B0E000009BDA69009B9A61009B1A69009BDA60F9
:10B0F000009B0022DA61009B00225A62099A08999B
:10B100000098FFF753FF1BE0009B93F8293083F072
:10B110000103DBB2002B03D004210198FFF7B7FA3B
:10B120004FF401710198FFF718FA009B00229A6111
:10B13000009B596A009BDB681A460098FFF736FFB0
:10B140004FF48E710198FFF7DCF90346002B24D0F1
:10B15000009B5B690793009B1B6A079A9A420DD973
:10B16000009B93F82830DBB283F00103DBB2002BA5
:10B1700004D000990198FFF7E1FC0EE04FF48E71C6
:10B180000198FFF7A9F9009B5B69002B05D0009B94
:10B190005B6919460098FFF720FF4FF4A2710198F0
:10B1A000FFF7AFF90346002B1CD04FF4A2710198B2
:10B1B000FFF792F9009B93F82930002B03D0002170
:10B1C0000198FFF764FA009B9B69002B0AD0009B53
:10B1D00000229A61009B596A009BDB681A4600981E
:10B1E000FFF7E4FE00BF0BB05DF804FB08B50349B0
:10B1F0000348FFF70CFF00BF08BD00BF402D002033
:10B200000020004082B003468DF807309DF80730DB
:10B2100003F01F0205499DF907305B09012000FA80
:10B2200002F241F8232000BF02B0704700E100E0C5
:10B2300082B003468DF807309DF8073003F01F02F7
:10B2400006499DF907305B09012000FA02F220331C
:10B2500041F8232000BF02B0704700BF00E100E0CA
:10B2600082B0034600918DF807309DF90730002B1E
:10B270000CDA009BDAB20C499DF8073003F00F039B
:10B28000043B5201D2B20B441A7609E0009BDAB2B9
:10B2900006499DF907305201D2B20B4483F80023CE
:10B2A00000BF02B0704700BF00ED00E000E100E029
:10B2B00082B00190019B03F06043B3F1005F0CBFCB
:10B2C00001230023DBB2184602B0704782B0019020
:10B2D000019B1B0B5BB2184602B0704700B583B0F0
:10B2E00003460A468DF8073013468DF806309DF860
:10B2F0000630012B03D99DF80630032B0BD99DF89E
:10B300000630042B03D99DF80630072B03D90849D2
:10B310006B2001F035FD9DF806209DF907301146A0
:10B320001846FFF79DFF00BF03B05DF804FB00BFA8
:10B33000A449030000B583B003468DF807309DF99A
:10B3400007301846FFF75EFF00BF03B05DF804FB4F
:10B3500000B583B003468DF807309DF907301846D5
:10B36000FFF766FF00BF03B05DF804FB84B00190F7
:10B370000B46ADF80230BDF80230019A13440022AA
:10B380001A60BDF80230019A13441B680393039BB3
:10B3900000BF04B0704782B001900B46ADF8023098
:10B3A000BDF80230019A13441B68002B14BF01231F
:10B3B0000023DBB2184602B0704782B001900091C2
:10B3C000019BD3F80022009B1A43019BC3F8002283
:10B3D00000BF02B0704782B001900091019BD3F88A
:10B3E0000022009BDB431A40019BC3F8002200BFF0
:10B3F00002B0704782B001900091019B009AC3F89F
:10B40000042300BF02B0704782B001900091019BFD
:10B41000009AC3F8082300BF02B0704784B00190BF
:10B42000019BD3F880340393019B039AC3F88024D3
:10B43000039B184604B0704782B00190019B08221C
:10B44000C3F8002500BF02B0704782B00190019B95
:10B450000022C3F8002500BF02B0704784B00390FB
:10B4600002910192039B029AC3F80C25039B019A57
:10B47000C3F8142500BF04B0704700B583B0019035
:10B480004FF0FF324FF0FF310198FFF7E7FF00BFA9
:10B4900003B05DF804FB82B00190019BD3F80C353A
:10B4A000184602B0704782B00190019BD3F8143562
:10B4B000184602B0704782B00190019BD3F808355E
:10B4C000184602B0704782B00190019BD3F8103546
:10B4D000184602B0704784B0039002910192039B1A
:10B4E000029AC3F80825039B019AC3F8102500BFF0
:10B4F00004B0704700B583B001904FF0FF324FF0B9
:10B50000FF310198FFF7E7FF00BF03B05DF804FBD0
:10B5100082B001900B468DF803309DF80330019AFC
:10B52000134401221A6000BF02B0704782B001903C
:10B530000B468DF8033013468DF802309DF803203A
:10B540009DF802301343DBB21A46019BC3F86C2509
:10B5500000BF02B0704782B001900091019B009A39
:10B56000C3F8242500BF02B0704784B00390029155
:10B570000192029A039BC3F84425039B019AC3F8E6
:10B58000482500BF04B0704782B00190019BD3F8FA
:10B590004C35184602B0704784B003900291019276
:10B5A000029A039BC3F83425039B019AC3F83825FC
:10B5B00000BF04B0704782B00190019BD3F83C35C6
:10B5C000184602B07047000000B583B00190019B9F
:10B5D0001B681F2B04D9054940F2CD1001F0D0FBA8
:10B5E0004FF0A043184603B05DF804FBDC490300AC
:10B5F00000B585B00190084611461A4603468DF8FD
:10B6000003300B468DF8023013468DF8013001AB44
:10B610001846FFF7D9FF03909DF803209DF80230EC
:10B620005B001A439DF801309B001A439DF81830C7
:10B630001B0242EA03019DF81C301B04019A1943C6
:10B64000039B02F5E07243F8221000BF05B05DF8DD
:10B6500004FB00B585B00390002301930023009301
:10B660000023012201210398FFF7C2FF00BF05B0AC
:10B670005DF804FB00B585B003900B468DF80B30E8
:10B680009DF80B300022019200220092002200213E
:10B690000398FFF7ADFF00BF05B05DF804FB00B5F0
:10B6A00085B003900023019300230093002301221F
:10B6B00000210398FFF79CFF00BF05B05DF804FB75
:10B6C00000B585B0019001AB1846FFF77DFF0390F0
:10B6D000019B012202FA03F31946039800F004F8D3
:10B6E00000BF05B05DF804FB82B001900091019BA2
:10B6F000009AC3F8082500BF02B0704700B583B0B8
:10B7000001900091009B1B68B3F1FF3F09D0009BA3
:10B710001B681846FFF7D4FF009B1B681846FFF70D
:10B7200098FF009B5B68B3F1FF3F05D0009B5B680F
:10B7300000211846FFF79EFF019B1A68009B9B693A
:10B7400019461046FFF707FF019B1868009B597DBB
:10B75000009B1B7D1A46FFF7E9FE019B1868009BC2
:10B760001968009B5B681A46FFF778FE009B1B7DFB
:10B77000012B22D1009B9B68B3F1FF3F05D0009BBA
:10B780009B6800211846FFF775FF009BDB68B3F14B
:10B79000FF3F09D0009BDB681846FFF791FF009B35
:10B7A000DB681846FFF755FF019B1868009BD968B6
:10B7B000009B9B681A46FFF78EFE00BF03B05DF842
:10B7C00004FB000000B583B001900B468DF80330F8
:10B7D000019B1B684FF488711846FFF7C7FD019B5A
:10B7E0001B684FF490711846FFF7C0FD019B1B6862
:10B7F0004FF492711846FFF7B9FD019B1B684FF497
:10B80000A2711846FFF7B2FD019B1B684FF4AC71A3
:10B810001846FFF7ABFD019B1B680F491846FFF761
:10B82000E9FD019B1B681846FFF750FD03461A46C9
:10B830009DF8033019461046FFF750FD019B1B6829
:10B840001846FFF743FD03461846FFF773FD00BF98
:10B8500003B05DF804FB00BF1003420000B583B0E5
:10B860000190019B1B6808491846FFF7CDFD019B1D
:10B870001B681846FFF72AFD03461846FFF768FDC8
:10B8800000BF03B05DF804FB1003420000B587B0B1
:10B890000190019B1B681846FFF7FDFD0590019B79
:10B8A0001B681846FFF7FFFD0490019B1B681846B4
:10B8B000FFF701FE0390019B1B681846FFF703FE8C
:10B8C0000290019B1B681846FFF7D7FD019B1B6880
:10B8D0001846FFF70FFE059BB3F1FF3F02D0059816
:10B8E000FFF7DDFE049BB3F1FF3F02D00498FFF7A2
:10B8F000D6FE029BB3F1FF3F02D00298FFF7CFFEC6
:10B90000039BB3F1FF3F02D00398FFF7C8FE00BFCF
:10B9100007B05DF804FB000000B587B0039002910A
:10B920000192029B002B03D12B49CF2001F028FA72
:10B93000039B1B791A461346DB0013449B00274ADE
:10B940001344059300230493059B93F82030002BA8
:10B9500003D008230493049B3AE0039B1A68039BDB
:10B960001B7919461E4B53F8213019461046FEF735
:10B9700027FA0346002B03D011230493049B27E0EE
:10B9800002990398FFF7BAFE059B019A5A60029B41
:10B990001A69059B1A60059B5B68002B05D0029B0A
:10B9A0001B7F19460398FFF70DFF039B1B68184682
:10B9B000FFF742FD059B00229A61059B0022DA6198
:10B9C000059B00225A61059B012283F82020049BDD
:10B9D000184607B05DF804FB144A03006C2D0020E4
:10B9E000804A030000B585B00190019B1B791A467F
:10B9F0001346DB0013449B00244A13440393039B28
:10BA00005B68002B02D00198FFF728FF019B1B68A1
:10BA100020211846FFF7DFFC019B1B680421184614
:10BA2000FFF776FD019B1B684FF4AC711846FFF7DA
:10BA30009DFC019B1B680C211846FFF769FD00BFA8
:10BA4000019B1B684FF4AC711846FFF7A4FC03463A
:10BA500083F00103DBB2002BF2D1019B1B68184677
:10BA6000FFF7F3FC0198FFF711FF019B1B681846D5
:10BA7000FEF7E8F9039B002283F82020039B0022B5
:10BA80005A6000BF05B05DF804FB00BF6C2D0020BC
:10BA900000B589B0039002910192039B1B791A466D
:10BAA0001346DB0013449B00564A13440693069B3F
:10BAB00093F82030012B04D0534940F22D1001F0AF
:10BAC0005FF9029B002B04D14F494FF4977001F0AE
:10BAD00057F9019B002B04D14B4940F22F1001F084
:10BAE0004FF9039B1B79002B02D1019BFF2B04D93B
:10BAF00045494FF4987001F043F90298FFF7D8FBDD
:10BB0000034683F00103DBB2002B03D0102307931D
:10BB1000079B73E0039800F079F80346002B03D0ED
:10BB200011230793079B69E0069B019A5A61069BC4
:10BB3000029A9A6000230793039B1B684FF490714D
:10BB40001846FFF713FC039B1B684FF4AC711846B3
:10BB5000FFF70CFC039B1868069B9968069B5B69C2
:10BB60001A46FFF702FD039B1B6808211846FFF7E2
:10BB7000CFFC069B5B68002B3FD1039B1B684FF4F7
:10BB800090711846FFF707FC03468DF81730039BAA
:10BB90001B684FF4AC711846FFF7FDFB03468DF8A8
:10BBA00016309DF8173083F00103DBB2002B06D06E
:10BBB0009DF8163083F00103DBB2002BDDD19DF838
:10BBC0001630002B02D00F23079313E0039B1B6852
:10BBD0000C211846FFF79CFC00BF039B1B684FF429
:10BBE000AC711846FFF7D7FB034683F00103DBB2C5
:10BBF000002BF2D1069B00225A61079B184609B020
:10BC00005DF804FB6C2D0020144A030082B0019003
:10BC1000019B1B791946084A0B46DB000B449B002D
:10BC2000134414331B68002B14BF01230023DBB221
:10BC3000184602B0704700BF6C2D002000B589B0D7
:10BC4000039002910192039B1B791A461346DB0075
:10BC500013449B00864A13440593039B1B791946A2
:10BC6000834A0B46DB000B449B00134420331B78B4
:10BC7000012B04D07F494FF4C07001F081F8029B82
:10BC8000002B04D17B4940F2811001F079F8019B2F
:10BC9000002B04D177494FF4C17001F071F8039B78
:10BCA0001B79002B02D1019BFF2B04D9714940F273
:10BCB000831001F065F80298FFF7FAFA034683F063
:10BCC0000103DBB2002B03D010230793079BCAE0CC
:10BCD00000238DF81B30059B5B68002B06D0039B6F
:10BCE0001B684FF404711846FFF78EFB059B9B6998
:10BCF000002B15D0059BDB69002B0ED0059B5B68E4
:10BD0000002B06D0039B1B684FF404711846FFF705
:10BD100071FB11230793079BA5E001238DF81B30CE
:10BD20009DF81B3083F00103DBB2002B09D0059B8B
:10BD3000019A9A61059B029ADA60059B0022DA61FA
:10BD400005E0059B029A1A61059B019ADA610023BE
:10BD50000793039B1B684FF488711846FFF706FB97
:10BD6000039B1B684FF4A2711846FFF7FFFA039B71
:10BD70001B68019A02991846FFF70EFC9DF81B30CC
:10BD800083F00103DBB2002B06D0039B1B6800216C
:10BD90001846FFF7BDFB05E0039B1B6820211846F2
:10BDA000FFF70BFB039B1B791946314A0B46DB005F
:10BDB0000B449B00134404331B68002B4BD1039BA3
:10BDC0001B684FF488711846FFF7E5FA03468DF8B3
:10BDD0001330039B1B684FF4A2711846FFF7DBFA80
:10BDE00003468DF81230039B1B684FF4927118467E
:10BDF000FFF7D1FA03468DF811309DF8133083F028
:10BE00000103DBB2002B0DD09DF8123083F001034B
:10BE1000DBB2002B06D09DF8113083F00103DBB2BA
:10BE2000002BCCD1039B1B791946114A0B46DB0032
:10BE30000B449B001344183300221A609DF8113004
:10BE4000002B01D0032307939DF81230002B09D05B
:10BE50000F23079306E0039B1B684FF404711846F9
:10BE6000FFF7C8FA079B184609B05DF804FB00BF4E
:10BE70006C2D0020144A030000B589B00390029194
:10BE8000019201238DF81030029B0693019B0593CC
:10BE9000039B5B68039A116804AA1046984700BF89
:10BEA00009B05DF804FB00B587B001900091002354
:10BEB0008DF80830009B0493019B9B680393019BC2
:10BEC00000225A61019B5B68019A116802AA104620
:10BED000984700BF07B05DF804FB00B589B001903A
:10BEE00000914FF492710198FFF755FA0346002B29
:10BEF00022D04FF492710198FFF738FA02238DF89F
:10BF000008300198FFF78AFA034605930198FFF776
:10BF100052FB03460493009BDB680393009B0022C3
:10BF20009A61009B0022DA61009B5B68009A1168AD
:10BF300002AA104698473BE04FF488710198FFF73A
:10BF40002AFA0346002B33D04FF488710198FFF78B
:10BF50000DFA0198FFF72FFB0790009B9B69079A4A
:10BF60009A4225D1009BDB69002B17D0009BDB6830
:10BF7000069320210198FFF72EFA009BDA69009BB7
:10BF80009A61009B1A69009BDA60009B0022DA61CB
:10BF9000069A07990098FFF76FFF09E0009B0022BF
:10BFA0009A61009BDB681A4607990098FFF764FFC7
:10BFB0004FF4A2710198FFF7EEF90346002B18D059
:10BFC0004FF4A2710198FFF7D1F9009B9B69002BF8
:10BFD0000FD0009B00229A61009B0022DA61019839
:10BFE000FFF7E9FA0146009BDB681A460098FFF765
:10BFF00043FF4FF490710198FFF7CDF90346002BF2
:10C0000014D04FF490710198FFF7B0F90C2101980A
:10C01000FFF77EFA009B5B69002B07D00198FFF7C2
:10C02000B3FA034619460098FFF73DFF4FF4AC7191
:10C030000198FFF7B0F90346002B10D04FF4AC7114
:10C040000198FFF793F9009B5B69002B07D00198DB
:10C05000FFF79AFA034619460098FFF724FF00BF3E
:10C0600009B05DF804FB000008B503490348FFF779
:10C0700034FF00BF08BD00BF6C2D00200020004031
:10C0800082B001900B468DF803309DF80330019A81
:10C09000134401221A6000BF02B0704784B00190BF
:10C0A0000B46ADF80230BDF80230019A134400226D
:10C0B0001A60BDF80230019A13441B680393039B76
:10C0C00000BF04B0704782B001900B46ADF802305B
:10C0D000BDF80230019A13441B68002B14BF0123E2
:10C0E0000023DBB2184602B0704782B00190009185
:10C0F000019B009AC3F8042300BF02B0704782B0CE
:10C1000001900091019B009AC3F8082300BF02B080
:10C11000704782B00190019B0622C3F8002500BF42
:10C1200002B0704782B00190019B0022C3F8002545
:10C1300000BF02B0704784B00190019BD3F8C434B3
:10C140000393019B039AC3F8C424039B184604B0CD
:10C15000704782B001900091019B009AC3F80022C1
:10C1600000BF02B0704782B00190019BD3F84C35FC
:10C17000184602B0704782B00190019BD3F83C355D
:10C18000184602B07047000000B585B001900091DC
:10C1900001238DF80F30009B1B7B032B55D801A288
:10C1A00052F823F01BC2020033C20200F3C10200A6
:10C1B000B5C10200009B9B68324A934207D10198A7
:10C1C000FFF7D1FF0246009B1B699A420DD1009BED
:10C1D0009B6840F20222934239D10198FFF7C3FFD6
:10C1E0000246009B5B699A4231D000238DF80F30E4
:10C1F0002DE00198FFF7B7FF0246009B1B699A42AA
:10C2000007D10198FFF7B7FF0246009B5B699A428E
:10C210001FD000238DF80F301BE00198FFF7A3FF1C
:10C220000246009B1B699A4215D000238DF80F30FF
:10C2300011E00198FFF79FFF0246009B1B699A429D
:10C240000BD000238DF80F3007E000BF06E000BFE1
:10C2500004E000BF02E000BF00E000BF9DF80F3027
:10C2600083F00103DBB2002B05D00198FFF75AFFE2
:10C270000198FFF74EFF9DF80F30184605B05DF8A6
:10C2800004FB00BF0002040030B58BB001900091A8
:10C29000009B1B68002B04D1864940F2862000F0E9
:10C2A0006FFD4FF492710198FFF70DFF0346002BCD
:10C2B0002BD04FF492710198FFF7F0FE4FF482718A
:10C2C0000198FFF700FF034683F00103DBB2002B68
:10C2D0001BD0009B9B6819460198FFF710FF009B3D
:10C2E00002229A60009B9B6819460198FFF7FDFEA9
:10C2F00020210198FFF7C4FE14210198FFF7C0FE2A
:10C30000009B012283F82E20D1E04FF48271019826
:10C31000FFF7D9FE0346002B4AD04FF482710198F3
:10C32000FFF7BCFE009B04AC03F10C050FCD0FC45E
:10C330002B682360009B93F82E3083F00103DBB25F
:10C34000002B12D000990198FFF71EFF0346002B27
:10C3500014BF01230023DBB283F00103DBB203F03F
:10C360000103DAB2009B83F82E204FF4B0710198DC
:10C37000FFF794FE4FF4AE710198FFF78FFE009B1C
:10C3800093F8303083F00103DBB2002B04D1009B23
:10C3900093F82E30002B4CD000210198FFF7D9FEE6
:10C3A000009B00229A6044490198FFF7A8FE40E0F4
:10C3B0004FF4A4710198FFF771FE009B1B7B002BCB
:10C3C0001BD1009B04AC03F10C050FCD0FC42B68EF
:10C3D0002360009B93F8303083F00103DBB2002B25
:10C3E00027D000210198FFF7B4FE009B00229A603D
:10C3F00031490198FFF783FE1BE04FF4007101986B
:10C40000FFF7A7FE009B40F202229A602A4901989A
:10C41000FFF775FE009B9B6819460198FFF765FEC4
:10C4200008210198FFF72CFE20210198FFF728FE34
:10C430003DE00198FFF77FFE0990099B03F002039E
:10C44000002B03D001238DF80C301DE0099B03F075
:10C450000403002B03D002238DF80C3014E0099B59
:10C4600003F00103002B03D002238DF80C300BE006
:10C47000009B93F82E30002B03D004238DF80C3052
:10C4800002E000238DF80C30009B93F8303083F0ED
:10C490000103DBB2002B03D0009B002283F82F2086
:10C4A000009B1B68009A516803AA104698470BB07E
:10C4B00030BD00BFF44A030002029C0108B50349E5
:10C4C0004FF04020FFF7E0FE00BF08BD902D002098
:10C4D00082B003468DF807309DF8073003F01F0245
:10C4E00006499DF907305B09012000FA02F260332A
:10C4F00041F8232000BF02B0704700BF00E100E018
:10C50000BFF34F8F00BF074BDB6803F4E0620549C0
:10C51000054B1343CB60BFF34F8F00BF00BF00BF7D
:10C52000FCE700BF00ED00E00400FA0500B585B0AF
:10C530000190019B002B0CD0084B43F001030393A7
:10C54000019B9B010293054B43F00103029898471E
:10C5500000E000BF05B05DF804FB00BF604B0300C6
:10C5600000B583B00190019B1B681F2B04D90549BE
:10C5700040F2CD1000F004FC4FF0A043184603B089
:10C580005DF804FB684B030000B585B001900846D8
:10C5900011461A4603468DF803300B468DF80230DB
:10C5A00013468DF8013001AB1846FFF7D9FF039011
:10C5B0009DF803209DF802305B001A439DF801307E
:10C5C0009B001A439DF818301B0242EA03019DF8B4
:10C5D0001C301B04019A1943039B02F5E07243F8D7
:10C5E000221000BF05B05DF804FB00B585B00390D4
:10C5F00000230193002300930023012201210398CB
:10C60000FFF7C2FF00BF05B05DF804FB00B585B0C1
:10C6100003900B468DF80B309DF80B3000220192F1
:10C6200000220092002200210398FFF7ADFF00BF17
:10C6300005B05DF804FB00B585B0039000230193BD
:10C64000002300930023012200210398FFF79CFFA1
:10C6500000BF05B05DF804FB00B585B0019001ABEB
:10C660001846FFF77DFF0390019B012202FA03F3B6
:10C670001946039800F018F800BF05B05DF804FBF8
:10C6800000B585B0019001AB1846FFF769FF039034
:10C69000019B012202FA03F31946039800F00EF8F9
:10C6A00000BF05B05DF804FB82B001900091019BD2
:10C6B000009AC3F8082500BF02B0704782B001900D
:10C6C0000091019B009AC3F80C2500BF02B070478F
:10C6D00074DF704700BF184676DF704700BF18460A
:10C6E0007ADF704700BF18467CDF704700BF1846EE
:10C6F0008ADF704700BF18468BDF704700BF1846BF
:10C700008FDF704700BF184600B583B00190019BD2
:10C71000002B0FD04FF47A70FFF708FF019B013B0D
:10C720000193019B002B14BF01230023DBB2002BDC
:10C7300001D0EFE700BF03B05DF804FB014B1B68BD
:10C74000184670471034002082B00190034B1B68DC
:10C750000133024A136000BF02B07047103400205A
:10C7600000B585B003468DF807309DF80730032BE0
:10C770001AD801A252F823F091C7020089C702001B
:10C7800099C70200A1C70200114802F003FB0BE0A9
:10C79000104802F0FFFA07E00F4802F0FBFA03E04E
:10C7A0000E4802F0F7FA00BFFAF7D8FA0390039B9D
:10C7B0000293029B002B05D0094A40F27521029892
:10C7C000F9F758FE0123184605B05DF804FB00BFD9
:10C7D000A04B0300C04B0300E04B03000C4C0300D4
:10C7E0002C4C030070B58CB0059000230893059B7A
:10C7F0000333784A1360059B9B69774A1360059B56
:10C800009A8B764B1A80764B1B7883F00103DBB250
:10C81000002B00F0F980704B1B6805331A78714BC0
:10C820001B789A4240F09C816B4B1B6806331A7848
:10C830006C4B5B789A4240F09381674B1B680733DF
:10C840001A78694B1B789A4240F08A81624B1B68C8
:10C8500008331A78644B5B789A4240F081815F4BD1
:10C860001A88624B1B889A4240F07A814FF0FF335E
:10C870000893089BB3F1FF3F40F095805C4B00228A
:10C880001A70544B1B681B781C46524B1B680133B3
:10C890001B781D464F4B1B6802331B781E464D4BC1
:10C8A0001B6803331B781A464A4B1B6804331B78FA
:10C8B0001946484B1B6805331B781846059B93F9AE
:10C8C0001330039302900191009233462A46214689
:10C8D000484802F05FFA05230B930B9B002B15DBF6
:10C8E0003C4B1A680B9B1344434A12781046197844
:10C8F000424A342303FB00F31A440B9B134448338E
:10C900000A461A700B9B013B0B93E6E73A4B1B78E8
:10C91000184601F079FF304B1B6809331A78364B03
:10C920001B78184651B2354A342303FB00F31344F5
:10C9300057330A461A70304B1B7819462F4A342356
:10C9400003FB01F31344573393F9003019462C4885
:10C9500002F020FA204B1B680A331A78264B1B780A
:10C96000194607EE902AF8EE677A244A342303FB2F
:10C9700001F313446433C3ED007A1F4B1B7819464F
:10C980001E4A342303FB01F3134464331B68184627
:10C9900006F0D4F802460B461A4802F0FBF9164B93
:10C9A00000221A70DCE0089801F02EFF124B1B7871
:10C9B0000A930A9B002B00F3D380104A0A9B342170
:10C9C00001FB03F31344683300221A800A9B0133EE
:10C9D0000A93EEE7EC3A0020F03A0020F43A002007
:10C9E00077350020242B0020282B0020842B0020CA
:10C9F0002A2B0020704C030070350020F83A0020EC
:10CA00009C4C0300A84C0300584B1B6807331A7852
:10CA1000574B1B789A4240F0A380544B1B68083355
:10CA20001A78534B5B789A4240F09A80514B1B68BE
:10CA30000021184601F02CFF0346B3F1FF3F0CBF65
:10CA400001230023DBB2002B00F08A80494B1B68D6
:10CA50001B781C46474B1B6801331B781D46454B12
:10CA60001B6802331B781E46424B1B6803331B783E
:10CA70001A46404B1B6804331B7819463D4B1B6814
:10CA800005331B781846059B93F9133003930290E6
:10CA90000191009233462A462146374802F07AF93E
:10CAA00005230993099B002B15DB324B1A68099B60
:10CAB0001344324A127810461978314A342303FB62
:10CAC00000F31A44099B134448330A461A70099B21
:10CAD000013B0993E6E7294B1B781846059B93F920
:10CAE0001310274A342303FB00F3134457330A4639
:10CAF0001A70224B1B781946214A342303FB01F399
:10CB00001344573393F9003019461E4802F042F996
:10CB1000164B1B680A331A78184B1B78194607EE18
:10CB2000902AF8EE677A164A342303FB01F3134484
:10CB30006433C3ED007A114B1B781946104A342335
:10CB400003FB01F3134464331B68184605F0F6FF3A
:10CB500002460B460C4802F01DF9084B00221A70E1
:10CB600000F0D2FA00BF0CB070BD00BFF03A002058
:10CB7000282B0020EC3A0020704C03007035002078
:10CB8000F83A00209C4C0300A84C030000B585B087
:10CB900001900091019B04330393019B1B881D2B83
:10CBA00004D1039B04331846FFF71CFE00BF05B0F9
:10CBB0005DF804FB00B583B00023009305F07CF919
:10CBC00001906B461946012005F070FA01906B4602
:10CBD000184605F0F9FA019000BF03B05DF804FBB8
:10CBE00000B583B00190184B01221A60174B1B68E7
:10CBF000012B24D1164B1B68002B09DC154B01229D
:10CC00001A60124B00221A60134B01221A7016E0B0
:10CC1000124B1B684FF47A7202FB03F3184600F0C4
:10CC200021F80B4B1B68013B094A1360084B1B683A
:10CC300019460B4802F0AEF8074B00221A7000BFED
:10CC400003B05DF804FB00BFE83C0020F03C00208E
:10CC5000F43C0020EC3C0020F83C0020882B002015
:10CC6000B44C030030B583B00190154A002115483B
:10CC7000F9F7EEFF019B18464FEAE0714FF0000212
:10CC80004FF00003CB0343EA5043C20312F57A741A
:10CC900043F100054FF4FA624FF0000320462946A5
:10CCA00006F0D2F802460B46134600221946064803
:10CCB000FAF702F8054B00221A6000BF03B030BD3E
:10CCC000E1CB020078560300B0330020E83C00209E
:10CCD00008B5064A01210648F9F7BAFF00221021DB
:10CCE0000448F9F7E9FF00BF08BD00BF49C70200CB
:10CCF0007C560300D033002000B583B0002300939E
:10CD000005F0DAF801906B461946012005F0CEF9DE
:10CD10006B46184605F058FA019000BF03B05DF865
:10CD200004FB08B5FFF746FF00F0EEF900BF08BDB1
:10CD300008B5F42200210D4806F037FA0B4B4122CA
:10CD40001A700A4B43225A70084B4B229A70074BB9
:10CD50003122DA70064B1B88064A0449064804F063
:10CD6000A5FE064802F016F800BF08BDD039002025
:10CD7000502B0020582B0020342B0020C84C0300DF
:10CD800000B583B003460091ADF80630064802F0C6
:10CD900001F8BDF80630009A19460448F9F76AFB15
:10CDA00000BF03B05DF804FBDC4C0300EFBEADDE5A
:10CDB00000B589B00190019B1B78002B40F0928058
:10CDC000019B9B8A1946494801F0E4FF0023079321
:10CDD000019B9B8A1A46079B93420CD2019B1A69BE
:10CDE000079B13441B781946414801F0D3FF079B6A
:10CDF00001330793ECE73F4801F0CCFF019B1B692F
:10CE000002331B78012B0CD13B4B01221A704FF0DF
:10CE10008043B122C3F81C256420FFF775FCFFF79F
:10CE20006FFB019B1B6904331A78344B1A70019B0A
:10CE30001B6905331A78324B1A70019B1B69063344
:10CE40001B781A464FF47A7303FB02F32D4A1360E2
:10CE5000019B1B6907331B785AB22B4B1A70019B3D
:10CE60001B6908331B781A464FF47A7303FB02F3ED
:10CE7000264A1360019B1B6909331B781A464FF43D
:10CE80007A7303FB02F3224A1360019B1B690A3386
:10CE90001A78204B1A70002306930B230593059BE9
:10CEA0000E2B0FDC019B1A69059B1A44069B591C2B
:10CEB0000691127808A90B4403F8102C059B013346
:10CEC0000593ECE704A903AB0422184606F044F9E5
:10CED000DDED037AFDEEE77A17EE902A0E4B1A602D
:10CEE000FFF726FF00BF09B05DF804FBF44C030018
:10CEF000204D0300284D0300F93C0020153400208C
:10CF000016340020602B0020202B0020682B0020EE
:10CF1000642B0020FA3C0020902B002000B585B047
:10CF20009DF80430012262F303038DF804309DF86C
:10CF30000430012262F307138DF80430124806F022
:10CF400089F903469AB201AB0F491846FFF7CCFBAB
:10CF500002AB08220021184606F027F91023ADF88D
:10CF600008303C23ADF80A300023ADF80C304FF404
:10CF7000C873ADF80E3002AB1846FFF7B1FB00BF27
:10CF800005B05DF804FB00BF2C4D030000B583B075
:10CF900000230093002300936B461946094804F0D0
:10CFA0009DFA01AB04220021184606F0FEF8064B5C
:10CFB000019301AB1946054804F0D2FC00BF03B051
:10CFC0005DF804FB90350020B1CD0200342B002029
:10CFD00000B583B00190019B1B78002B05D1054B58
:10CFE0001B883B211846FFF777FB00BF03B05DF8B5
:10CFF00004FB00BF502B002000B589B001AB1C2200
:10D000000021184606F0D1F8002301934FF4A03315
:10D0100002934FF4F023039303238DF81030002381
:10D02000ADF8123000238DF81430064B0693002320
:10D03000079301AB184603F079FA00BF09B05DF819
:10D0400004FB00BFD1CF020000B585B00190009174
:10D05000019B1B88562B42D0562B47DC3B2B37D0ED
:10D060003B2B43DC212B25D0212B3FDC102B02D086
:10D07000112B0ED03AE0019B9A881F4B1A801E4B51
:10D080001B8819461D4804F04BFA1D4B01221A70EB
:10D090002DE0194B4FF6FF721A80174B1B883B216E
:10D0A0001846FFF719FB164B00221A70154B012288
:10D0B0001A601CE000238DF80D3000238DF80C3031
:10D0C000019B9B8803AA11461846FFF719FB0EE047
:10D0D000019B9B8813211846FFF7FEFA07E0019B8E
:10D0E0009B8813211846FFF7F7FA00E000BF00BF46
:10D0F00005B05DF804FB00BF502B002090350020E8
:10D1000076350020E83C002008B5FFF7F5FA034922
:10D110000348FFF7EDFA00BF08BD00BF7C2B0020DD
:10D120006C2B002000B585B00023039304F0C4FEEF
:10D13000039003991D4801F02DFE039B0293029B6F
:10D14000002B05D01A4A40F214410298F9F792F9DF
:10D150000023019301AB184604F096FF0390039956
:10D16000144801F017FE019B1946134801F012FE06
:10D1700001AB1946012004F099FF0346002B14BFB0
:10D1800001230023DBB2002B02D00C4801F002FE89
:10D1900001AB184605F018F803900399034801F015
:10D1A000F9FD00BF05B05DF804FB00BF384D03007A
:10D1B0002C4C0300484D03005C4D0300704D0300F0
:10D1C00000B5ADB001ABAC220021184605F0EDFF73
:10D1D00002238DF8043000238DF8063005238DF8E6
:10D1E00007300123ADF850300C4B159301238DF817
:10D1F00080304023239344F25063249300232A93E6
:10D2000001AB1946064802F02FFE0121044802F046
:10D210001EFE00BF2DB05DF804FB00BF542B0020A4
:10D220009C35002000B583B001900091009B5A8886
:10D23000124B1B889A4214D1009B1B8840F6772220
:10D2400093420ED1009B9B88033B9AB20C4B1A80F1
:10D250000B4B1B8819460A4B1B881A46094801F0DC
:10D2600099FD019B5B881946019B1B881A4606485D
:10D2700001F090FD00BF03B05DF804FB502B0020CF
:10D28000522B00207C4D03009C4D030008B505493E
:10D29000054804F03CF8F721034804F063F800BFA8
:10D2A00008BD00BF25D202007C35002008B503214F
:10D2B000024802F0B1FE00BF08BD00BF9C3500204F
:10D2C00008B5FFF72FFFFFF729FEFFF7DFFFFFF796
:10D2D0005DFEFFF775FFFFF78FFEFFF7E7FF044BDB
:10D2E00000221A70034801F055FD00BF08BD00BFC1
:10D2F00076350020D84D030082B00190019B082BA9
:10D3000038D801A252F823F02DD3020035D3020001
:10D310003DD3020045D302004DD3020055D3020095
:10D320005DD3020065D302006DD30200154BD822F5
:10D330001A7023E0134BFF221A701FE0114BEC22EE
:10D340001A701BE00F4BF0221A7017E00D4BF422FD
:10D350001A7013E00B4BF8221A700FE0094BFC22F5
:10D360001A700BE0074B00221A7007E0054B0422ED
:10D370001A7003E0034B00221A7000BF00BF02B016
:10D38000704700BF043E0020124B0022C3F8002269
:10D39000104B0022C3F810210E4B00221A600D4BD7
:10D3A0000122DA600B4B01221A610A4B0122C3F8F9
:10D3B0000C21084BD3F81031002B0CBF01230023A4
:10D3C000DBB2002B00D0F4E7024B0022C3F810219F
:10D3D00000BF70470010004008B5114B0122C3F890
:10D3E000FC2F0F4B0122C3F800220E4B93F90030A3
:10D3F0001846FFF781FF0C4B1A78094BC3F80C2530
:10D400000A4B1A78064BC3F81025054A084B1B68CF
:10D41000C2F80835024B01221A6000BF08BD00BFE8
:10D4200000100040202B0020043E00208C2B002008
:10D43000902B002000B583B0384B04221A70384B73
:10D44000D3F85036364A23F00103C2F85036344B35
:10D45000344AC3F81825324B0022C3F83425304B28
:10D460000022C3F82C252E4B0122C3F830252C4B6B
:10D47000CC22C3F824252A4B4FF0CC32C3F81C250C
:10D48000274B294AC3F81425284BFF221A70002382
:10D490008DF807309DF80730FF2B0BD09DF8073033
:10D4A0000133224ACC21D1549DF8073001338DF845
:10D4B0000730EFE71A4B1D4AC3F80425184B212209
:10D4C000C3F800221A4B93F900301846FFF714FFF7
:10D4D000184B1A78124BC3F80C25104B1A78104BC6
:10D4E000C3F810250E4A144B1B68C2F808350C4BC4
:10D4F0000022C3F80C210A4B01221A60084BD3F812
:10D500000C31002B0CBF01230023DBB2002B00D019
:10D51000F4E700BF03B05DF804FB00BF8C2B0020D4
:10D5200000100040FF00040308000001043D00203B
:10D53000202B0020043E0020902B002010B584B04A
:10D540000390FFF7FBF80346744A1360734B1B68A4
:10D550001946734801F01EFCFFF7B2FE0398FFF76F
:10D5600081FB704801F016FC6F4B1B68002B03D049
:10D570006E4B1B78002B01D0012300E00023002B11
:10D5800002D0FAF7F5FCEFE7694801F003FC694BBC
:10D5900093F854301846FFF79BF84FF47A70FFF772
:10D5A000B3F804F0DDFC4FF47A70FFF7ADF801F04A
:10D5B000C9F9614B93F90030082B02DD5E4B07225D
:10D5C0001A705E4B1B68642B06D95D4B1B78002BD1
:10D5D00002D15A4B11221A60574B93F900301C4666
:10D5E000584B1968584B1A68584B1868584B1B68A9
:10D5F00000930346204600F085F903465AB2554B86
:10D600001A704E4B1B6803F5617307EE903AF8EE03
:10D61000677A514BC3ED007A474B93F900301C46B3
:10D620004E4B19684E4B1A684E4B18684E4B1B6890
:10D6300000930346204600F065F903465AB24B4B6F
:10D640001A703D4B93F900301C46494B1968494B01
:10D650001A68494B1868494B1B68009303462046DB
:10D6600000F050F903465AB2454B1A70454B1B78EF
:10D670001946454801F08EFB444B1B681946444847
:10D6800001F088FB2C4B93F900301946414801F01A
:10D6900081FB414B1B681946404801F07BFB404B26
:10D6A0001B6819463F4801F075FB3F4B1B78194634
:10D6B0003E4801F06FFB214B1B6819463C4801F0C6
:10D6C00069FB1F4B1B7819463A4801F063FB1B4B63
:10D6D0001B681946384801F05DFB244B93F9003074
:10D6E0001946364801F056FB254B93F90030194690
:10D6F000334801F04FFB234B1B78002B09D04FF030
:10D700008043B122C3F81C256420FEF7FDFFFEF71D
:10D71000F7FEFFF7F1FA00BF04B010BDFC3C00209B
:10D72000C44F0300D04F0300E83C002076350020B2
:10D73000E84F03009C350020202B0020902B002078
:10D74000163400209C330020F82A0020FC2A0020F8
:10D75000002B0020A0330020042B0020A433002045
:10D76000082B00200C2B0020102B0020A1330020C0
:10D77000AC330020142B0020182B00201C2B002081
:10D78000A8330020F93C002000500300602B00204B
:10D790000C5003001C500300642B00203050030089
:10D7A000682B002040500300FA3C00205450030036
:10D7B00060500300785003009C500300B4500300F5
:10D7C000D450030008B5FBF75DF80020FBF7B8F86C
:10D7D000FAF7B8FB00BF08BD30B587B04FF08053F3
:10D7E000D3F8A8301B0ADBB263F03F03DBB28DF83D
:10D7F00010304FF08053D3F8A830DBB28DF81130E1
:10D800004FF08053D3F8A4301B0EDBB28DF81230EA
:10D810004FF08053D3F8A4301B0CDBB28DF81330DB
:10D820004FF08053D3F8A4301B0ADBB28DF81430CC
:10D830004FF08053D3F8A430DBB28DF815309DF84B
:10D8400010301C469DF811301D469DF812309DF891
:10D8500013209DF814109DF8150003900291019279
:10D8600000932B4622460549054805F006FC04496D
:10D87000044801F08FFA00BF07B030BDF450030038
:10D88000D83C00201851030010B584B04FF08053ED
:10D89000D3F80431029302AB03934FF08053D3F8D3
:10D8A0000011039B03331B781846039B02331B783C
:10D8B0001C46039B01331B781A46039B1B7801937C
:10D8C0000092234602460C4801F064FA4FF0805360
:10D8D000D3F808311946094801F05CFA4FF080533B
:10D8E0001B6E4FF08052526E1946054801F052FAF5
:10D8F00000BF04B010BD00BF3851030054510300F5
:10D900006451030084B00390029101920093039A42
:10D91000029BD31A0499009A8A1A02FB03F2019916
:10D92000029BCB1A92FBF3F2009B1344184604B0FF
:10D930007047000082B00190024B01221A6000BFC4
:10D9400002B070476432002008B50248F9F7EAF9DE
:10D9500000BF08BDF033002030B585B00190002332
:10D960000393FFF7F1FF164A00211648F9F770F903
:10D97000019B18464FF000014FF000024FF00003EA
:10D98000CB0343EA5043C20312F57A7443F1000516
:10D990004FF4FA624FF000032046294605F054FA8E
:10D9A00002460B461346002219460748F9F784F948
:10D9B0000390064B00221A6000BF05B030BD00BFC7
:10D9C00035D9020080560300F03300206432002075
:10D9D00000B583B00A4801F0DDF90A4B00930A4B09
:10D9E0000F221021094804F011FE4FF4FA60FEF7EF
:10D9F0008BFE064804F084FE00BF03B05DF804FB14
:10DA0000E85203006432002059D902005C2E002045
:10DA100008B5054801F0BEF90448F9F783F9044B4D
:10DA200000221A7000BF08BD28530300C82D002033
:10DA3000E82D002000B583B001900C4801F0AAF950
:10DA40000B4B1B78DBB2092B94BF01230023DBB205
:10DA5000002B05D0074801F09DF9054B00221A70F4
:10DA6000FFF7D6FF00BF03B05DF804FB445303008B
:10DA7000E92D00206853030030B585B00190FFF711
:10DA8000C7FF01991E4801F085F91E4A00211E4872
:10DA9000F9F7DEF80390039B002B03D003991B4892
:10DAA00001F078F91A4B01221A70019B18464FF0C9
:10DAB00000014FF000024FF00003CB0343EA504354
:10DAC000C20312F57A7443F100054FF4FA624FF085
:10DAD00000032046294605F0B7F902460B461346D7
:10DAE000002219460B48F9F7E7F80390039B002B37
:10DAF00003D00399084801F04DF900BF05B030BDCF
:10DB00007C53030035DA020074560300AC53030063
:10DB1000E82D0020C82D0020E053030008B50021A7
:10DB20001120FEF773FD00BF08BD000000B583B0F3
:10DB300001900B468DF80330134801F02BF9134B7D
:10DB40001B78DBB20133DAB2104B1A70104B1B7822
:10DB5000DBB2002B0CBF01230023DBB2002B03D070
:10DB60004FF4FA50FFF788FF084B1B78DBB2092B04
:10DB70008CBF01230023DBB2002B01D0FEF7C0FCD9
:10DB800000BF03B05DF804FB14540300E92D00202E
:10DB9000E82D002000B583B09DF806306FF3000338
:10DBA0008DF806309DF806306FF341038DF806308E
:10DBB0009DF806306FF382038DF8063003238DF84D
:10DBC00004309DF8063043F002038DF80630002340
:10DBD0008DF8053001AB0C4A19461120FBF75CFEAD
:10DBE0000346002B14BF01230023DBB2002B02D01D
:10DBF000064801F0CFF801211120FBF7C7FE00BF56
:10DC000003B05DF804FB00BF2DDB020024540300C9
:10DC100000B583B0FBF7EEFD0190019B0093009BE4
:10DC2000002B05D00A4A40F6A6010098F8F722FC1E
:10DC3000FFF7C8FDFFF7D0FDFFF726FE00F07DFEE1
:10DC4000FFF746F80123184603B05DF804FB00BF58
:10DC50002C4C030008B5FFF761FFFFF79BFF1D2069
:10DC6000FEF7C3FC1D20FEF70BFD4FF47A70FEF7A4
:10DC70004BFD0320FEF7B9FC4FF4FA70FEF744FDAC
:10DC80000320FEF7FDFC0D20FEF7AFFC4FF4FA7009
:10DC9000FEF73AFD0D20FEF7F3FC0223184608BDFF
:10DCA00008B504F05DF91F4B01221A604FF0804364
:10DCB0000022C3F800214FF0804301221A604FF088
:10DCC0008043D3F80031002B0CBF01230023DBB2CB
:10DCD000002B00D0F3E7144B0022C3F80022124BB4
:10DCE0000022C3F81021104B00221A600E4B0122B3
:10DCF000DA600D4B01221A610B4B0122C3F80C2193
:10DD0000094BD3F81031002B0CBF01230023DBB2E9
:10DD1000002B00D0F4E7044B0022C3F8102100BF11
:10DD200008BD00BF00D000400010004008B58C487E
:10DD3000FFF704FC8B4B1B78002B08D01D20FEF74F
:10DD40008BFC4FF4FA60FEF7DFFCFFF741FE864BD9
:10DD50001B78022B11D1834B1B78002B0DD1834BE9
:10DD60001B68002B09D1824B1B68002B05D1814B0E
:10DD70001B68002B01D1042341E17B4B1B78002B56
:10DD800011D1784B1B78002B0DD1784B1B68002BE1
:10DD900009D1774B1B68002B05D1764B1B68002BF4
:10DDA00001D103232BE1704B1B78032B11D16D4B59
:10DDB0001B78002B0DD16D4B1B68002B09D16C4BD0
:10DDC0001B68002B05D16B4B1B68002B01D1052371
:10DDD00015E1654B1B78022B11D1624B1B78002B90
:10DDE0000DD1624B1B68002B09D1614B1B68002BC6
:10DDF00005DD604B1B68002B01D10623FFE05A4B69
:10DE00001B78022B11D1574B1B78002B0DD1574B90
:10DE10001B68002B09DD564B1B68002B05D1554BA9
:10DE20001B68002B01DD0723E9E04F4B1B78032B18
:10DE300011D14C4B1B78002B0DD14C4B1B68002B88
:10DE400009DD4B4B1B68002B05D14A4B1B68002B8F
:10DE500001DD0823D3E0444B1B78022B11D1414B49
:10DE60001B78002B0DD1414B1B68002B09D1404B77
:10DE70001B68002B05DD3F4B1B68002B01DD0923D0
:10DE8000BDE0394B1B78022B11D1364B1B78002B90
:10DE90000DD1364B1B68002B09DD354B1B68002B61
:10DEA00005DD344B1B68002B01DD0A23A7E02E4B58
:10DEB0001B78032B11D12B4B1B78002B0DD12B4B37
:10DEC0001B68002B09DD2A4B1B68002B05DD294B45
:10DED0001B68002B01DD0B2391E0234B1B78022BE9
:10DEE00011D1204B1B78012B0DD1204B1B68002B2F
:10DEF00009D11F4B1B68002B05D11E4B1B68002B43
:10DF000001D10C237BE0184B1B78032B11D1154B4F
:10DF10001B78012B0DD1154B1B68002B09D1144B1D
:10DF20001B68002B05D1134B1B68002B01D10D235F
:10DF300065E00D4B1B78022B1ED10A4B1B78022B80
:10DF40001AD10A4B1B68002B16D1094B1B68002BFA
:10DF500012D1084B1B68002B0ED10E234FE000BFDF
:10DF6000C0D4010016340020FA3C0020602B0020B1
:10DF7000682B0020642B0020224B1B78022B11D130
:10DF8000214B1B78012B0DD1204B1B68002B09DD89
:10DF90001F4B1B68002B05D11E4B1B68002B01DD9E
:10DFA0000F232CE0174B1B78032B11D1164B1B783A
:10DFB000012B0DD1154B1B68002B09DD144B1B6881
:10DFC000002B05D1134B1B68002B01DD102316E03D
:10DFD0000C4B1B78022B11D10B4B1B78022B0DD154
:10DFE0000A4B1B68002B09D1094B1B68002B05DD70
:10DFF000084B1B68002B01DD112300E003231846AA
:10E0000008BD00BFFA3C002016340020602B002021
:10E01000682B0020642B002008B5FFF741FEFFF7B6
:10E02000DBF90323184608BD08B5FFF739FEFFF7F3
:10E0300001FA0323184608BD08B5044B1B681846AF
:10E0400000F08EFC0623184608BD00BF682B002098
:10E0500008B5FFF725FEFFF7BFF9144B1B681846FC
:10E06000FEF700FE124B1B68002B0CBF01230023A0
:10E07000DBB2002B02D0F9F77BFFF3E700F062FC84
:10E08000FFF782F90B4B1B681846FEF7EBFD084BB8
:10E090001B68002B0CBF01230023DBB2002B02D036
:10E0A000F9F766FFF3E700F04DFCD4E7602B0020A2
:10E0B000E83C0020642B002008B5FFF7F1FDFFF7D6
:10E0C000B9F9144B1B681846FEF7CCFD124B1B68C0
:10E0D000002B0CBF01230023DBB2002B02D0F9F789
:10E0E00047FFF3E700F02EFCFFF74EF90B4B1B68E0
:10E0F0001846FEF7B7FD084B1B68002B0CBF012329
:10E100000023DBB2002B02D0F9F732FFF3E700F077
:10E1100019FCD4E7602B0020E83C0020642B002091
:10E1200008B5FFF7BDFD0C4B1B68184600F018FC46
:10E130000A4B1B681846FEF795FD094B1B68002B20
:10E140000CBF01230023DBB2002B02D0F9F710FF34
:10E15000F3E700F0F7FBE6E7682B0020642B0020D4
:10E16000E83C002008B5FFF79BFDFFF735F9174B9A
:10E170001B681846FEF776FD154B1B68002B0CBF7D
:10E1800001230023DBB2002B02D0F9F7F1FEF3E705
:10E1900000F0D8FBFFF7F8F80E4B1B681846FEF7A7
:10E1A00061FD0B4B1B68002B0CBF01230023DBB26E
:10E1B000002B02D0F9F7DCFEF3E700F0C3FB064BBF
:10E1C0001B68184600F0CCFBCFE700BF602B002097
:10E1D000E83C0020642B0020682B002008B5FFF7E6
:10E1E0005FFDFFF727F9174B1B681846FEF73AFD4E
:10E1F000154B1B68002B0CBF01230023DBB2002B47
:10E2000002D0F9F7B5FEF3E700F09CFBFFF7BCF88E
:10E210000E4B1B681846FEF725FD0B4B1B68002BA9
:10E220000CBF01230023DBB2002B02D0F9F7A0FEC4
:10E23000F3E700F087FB064B1B68184600F090FBE5
:10E24000CFE700BF602B0020E83C0020642B0020BB
:10E25000682B002000B583B0094B1B681946094B99
:10E2600093F900301A460023019300920B460122D5
:10E270000121054804F04EFBF9F77AFEFCE700BFE8
:10E28000902B0020A13300205C2E002000B583B02D
:10E29000094B1B681946094B93F900301A460123B4
:10E2A000019300920B4601220121054804F032FB44
:10E2B000F9F75EFEFCE700BF902B0020A1330020A1
:10E2C0005C2E002000B583B0094B1B681946094B32
:10E2D00093F900301A460023019300920B46012265
:10E2E0000021054804F016FBF9F742FEFCE700BFE9
:10E2F000902B0020A83300205C2E002000B583B0B6
:10E30000234B1B681946234B93F900301A46002310
:10E31000019300920B46012201211F4804F0FAFAF2
:10E320001E4B1B681846FEF79DFC1D4B1B68002BFF
:10E330000CBF01230023DBB2002B02D0F9F718FE3B
:10E34000F3E700F0FFFA124B1B681946114B93F9E3
:10E3500000301A460023019300920B46002201214F
:10E360000D4804F0D7FA0F4B1B681846FEF77AFCED
:10E370000B4B1B68002B0CBF01230023DBB2002BCF
:10E3800002D0F9F7F5FDF3E700F0DCFAB8E700BFDB
:10E39000902B0020A13300205C2E0020602B002059
:10E3A000E83C0020642B002000B583B0234B1B68A1
:10E3B0001946234B93F900301A460123019300922A
:10E3C0000B46012201211F4804F0A4FA1E4B1B68D2
:10E3D0001846FEF747FC1D4B1B68002B0CBF0123A2
:10E3E0000023DBB2002B02D0F9F7C2FDF3E700F007
:10E3F000A9FA124B1B681946114B93F900301A46C3
:10E400000123019300920B46002201210D4804F0E4
:10E4100081FA0F4B1B681846FEF724FC0B4B1B6858
:10E42000002B0CBF01230023DBB2002B02D0F9F735
:10E430009FFDF3E700F086FAB8E700BF902B0020BD
:10E44000A13300205C2E0020602B0020E83C00203F
:10E45000642B002000B583B0234B1B681946234B67
:10E4600093F900301A460023019300920B460122D3
:10E4700000211F4804F04EFA1E4B1B681846FEF799
:10E48000F1FB1D4B1B68002B0CBF01230023DBB2EB
:10E49000002B02D0F9F76CFDF3E700F053FA124BB2
:10E4A0001B681946114B93F900301A46002301935B
:10E4B00000920B46002200210D4804F02BFA0F4B6E
:10E4C0001B681846FEF7CEFB0B4B1B68002B0CBFDE
:10E4D00001230023DBB2002B02D0F9F749FDF3E75B
:10E4E00000F030FAB8E700BF902B0020A1330020E5
:10E4F0005C2E0020602B0020E83C0020642B0020D4
:10E50000032318467047000008B5254B1B78002BE5
:10E5100006D0C820FEF7F8F8224804F0D1F803E04E
:10E52000F8F718FEF8F7ACFE2620FDF7D1FF06201D
:10E53000FDF7CEFF0720FDF7CBFF0C20FDF7C8FF4E
:10E540002320FDF7C5FF0420FDF7C2FF0120FDF7E2
:10E55000BFFF0220FDF7BCFF0820FDF7B9FF09202F
:10E56000FDF7B6FF0A20FDF7B3FF0F4B02221A603A
:10E570000620FDF7ADFFC820FEF7C6F81D20FEF708
:10E580007FF80320FEF77CF80D20FEF779F80720CE
:10E59000FEF751F80820FEF74EF8F9F7E9FCFCE722
:10E5A000163400205C2E002084AC074008B5794B5F
:10E5B00000221A70774B1B78122B00F2E38001A225
:10E5C00052F823F011E6020025E6020039E60200C7
:10E5D0004DE6020059E602006DE6020081E6020007
:10E5E00095E60200A9E60200BDE60200D1E60200BF
:10E5F000E5E60200F9E602000DE7020021E702006D
:10E6000035E7020049E702005DE7020071E702001A
:10E61000614800F0BFFBFFF7FBFA03461A465D4B6B
:10E620001A70B5E05D4800F0B5FBFFF713FB034639
:10E630001A46584B1A70ABE0594800F0ABFBFFF795
:10E6400075FB03461A46534B1A70A1E0554800F07B
:10E65000A1FBFFF759FF9BE0534800F09BFBFFF73E
:10E66000DBFC03461A464B4B1A7091E04F4800F012
:10E6700091FBFFF7D9FC03461A46464B1A7087E018
:10E680004B4800F087FBFFF7D7FC03461A46414B87
:10E690001A707DE0474800F07DFBFFF7D9FC034688
:10E6A0001A463C4B1A7073E0434800F073FBFFF7C7
:10E6B00003FD03461A46374B1A7069E03F4800F0E5
:10E6C00069FBFFF72DFD03461A46324B1A705FE0D7
:10E6D0003B4800F05FFBFFF745FD03461A462D4B14
:10E6E0001A7055E0374800F055FBFFF777FD0346F9
:10E6F0001A46284B1A704BE0334800F04BFBFFF7EB
:10E70000A9FD03461A46234B1A7041E02F4800F03A
:10E7100041FBFFF7BBFD03461A461E4B1A7037E05C
:10E720002B4800F037FBFFF7CDFD03461A46194B87
:10E730001A702DE0274800F02DFBFFF7DFFD0346A0
:10E740001A46144B1A7023E0234800F023FBFFF70E
:10E750002BFE03461A460F4B1A7019E01F4800F0B3
:10E7600019FBFFF777FE03461A460A4B1A700FE0B3
:10E770001B4800F00FFBFFF7C3FE03461A46054B8C
:10E780001A7005E0174800F005FBFFF7BDFE00BF5B
:10E7900010E700BFC42D0020585403006854030044
:10E7A0007C54030090540300A0540300B8540300A9
:10E7B000D0540300E4540300FC5403001455030038
:10E7C00028550300405503005C55030074550300B1
:10E7D0008C550300A0550300B8550300D055030025
:10E7E000E4550300F455030082B00190054BB3F8E3
:10E7F000E0301A46019B42FA03F303F00103184686
:10E8000002B07047F83A002000B583B0019001983B
:10E81000FFF7EAFF0346002B0CBF01230023DBB206
:10E82000002B22D0174BB3F8E0301AB20121019B24
:10E8300001FA03F31BB213431BB29AB2114BA3F8B4
:10E84000E020FDF77BFF02460F4B1B68D31A0F4AEF
:10E85000A2FB03239B0998B20A4A019B342101FBC6
:10E8600003F31344743302461A80064A019B342191
:10E8700001FB03F31344683300221A8000BF03B086
:10E880005DF804FBF83A0020FC3C0020D34D6210F8
:10E8900000B585B00190009100230393039B002BEA
:10E8A00020DC039B342202FB03F1009A13461B0178
:10E8B0009B1ADB000B4440330D4A134408330622F5
:10E8C0001946019800F016F80346002B14BF0123E7
:10E8D0000023DBB2002B01D0039B05E0039B013337
:10E8E0000393DBE74FF0FF33184605B05DF804FBF8
:10E8F000F83A002086B0039002910192002305931C
:10E90000059A019B9A420FDA059B039A13441A78E1
:10E91000059B02990B441B789A4201D0002304E026
:10E92000059B01330593EBE70123184606B07047BA
:10E9300008B5FDF7E1FE00BF08BD08B5F8F74AF9D4
:10E9400000BF08BD08B50448F8F7ECF9034B0022F6
:10E950001A6000BF08BD00BFB0330020E83C0020B3
:10E9600000B583B001901A4B00221A70194B002297
:10E970001A70194B00221A70174B00221A70174B8D
:10E9800000221A70164B00221A70164B00221A70C1
:10E99000FEF7C7F90198FEF765F9134B1B68002BCA
:10E9A00005D1124B1B78002B01D1012300E000237D
:10E9B000002B02D0F9F7DCFAEFE7FFF7B9FFFFF71A
:10E9C000C1FF03F0CDFA00BF03B05DF804FB00BF48
:10E9D0007135002072350020733500207435002019
:10E9E00075350020003D0020E83C002070350020F7
:10E9F00000B585B003900291039B012B32D1029B9D
:10EA00004FF6FF7293422DD1184804F059F84FF099
:10EA1000CC730093022307220821154804F056F80E
:10EA2000134804F071F803461946124804F073F8CD
:10EA3000114803F0B3FC114803F088FC104B1B682D
:10EA40006433104A13600F4B1B689AB20E4B5A8006
:10EA50000B4B1B689AB20C4B9A800C4B1B689AB2FA
:10EA6000094BDA8000BF05B05DF804FBEC2D0020F7
:10EA7000F02D0020082E00206832002018340020DD
:10EA80005C2B0020C43A00206C2B0020C83A0020E8
:10EA900008B54FF6FF710120FFF7AAFF08BD00007F
:10EAA00000B583B01F4B0193019B02221A61019BA9
:10EAB00002225A61019B1C4A9A61019B1B4ADA613E
:10EAC000019B4FF400721A62019B00229A62019B23
:10EAD00000225A62019B0022DA62019B124A9A6468
:10EAE000019B134ADA64019B10221A65019B0022E4
:10EAF0009A65019B00225A65019B0022DA65019B01
:10EB000007330C49184604F083FB019B0A49184659
:10EB100004F07EFB019B20229A7100BF03B05DF8D8
:10EB200004FB00BF083E002084560300803E002006
:10EB300080400020905603009456030000B589B031
:10EB400003900291019200230693039BDB680593D7
:10EB5000039B1B690493049A059B9A4205D9049A66
:10EB6000059BD31A013B079307E0039B9A6804991E
:10EB7000059BCB1A1344013B0793039B9A68059BA3
:10EB8000D31A079A934228BF13460793079A019B0B
:10EB9000934228BF13460793039B5A68059B13446F
:10EBA000079A0299184604F0D7FA069A079B13446D
:10EBB0000693029A079B13440293019A079BD31A68
:10EBC0000193059A079B13440593039B9B68059A41
:10EBD0009A4201D100230593039B059ADA60019BB9
:10EBE000002BB5D1069B184609B05DF804FB00B5B3
:10EBF00089B0039002910192039BDB680793039B0A
:10EC00009A68079BD31A0693069A019B9A420ED9DB
:10EC1000039B5A68079B1344019A0299184604F013
:10EC20009BFA079A019B1A44039BDA601AE0069B41
:10EC30000593039B5A68079B1344059A029918464B
:10EC400004F08AFA019A069BD31A0593039B58682D
:10EC5000029A069B1344059A194604F07DFA039B19
:10EC6000059ADA6000BF09B05DF804FB86B0019038
:10EC7000019B1B690493019BDB680393049A039B2C
:10EC80009A4208D8019B9A68039BD21A049B1344AA
:10EC9000013B059304E0049A039BD31A013B0593BF
:10ECA000059B184606B0704700B589B003900291E5
:10ECB0000192029B0693039B5A1C13465B0013446C
:10ECC000DB00204A13440593059B5B69022B29D086
:10ECD000022B2ED8002B02D0012B13D029E005984F
:10ECE000FFF7C4FF0490049A019B9A4202D20023CA
:10ECF000079321E0019B0793019A06990598FFF776
:10ED000076FF19E00598FFF7B1FF0490019A049B84
:10ED1000934228BF13460793079A06990598FFF771
:10ED200066FF09E0019A06990598FFF707FF07902B
:10ED300002E00023079300BF079B184609B05DF867
:10ED400004FB00BF083E002000B587B0039002918D
:10ED500001920F4B1B78002B01D1FFF7A1FE00237E
:10ED60008DF813300DF113031846F8F707FB019ADD
:10ED700002990398FFF798FF05909DF81330184605
:10ED8000F8F712FB059B184607B05DF804FB00BFBF
:10ED9000083E00200FB400B5A3B025AB009301A836
:10EDA000009B249A802104F0C9F92190219B802B9B
:10EDB00006DD01AB802219460020FFF7C5FF08E001
:10EDC000219B002B05DD219A01AB19460020FFF79E
:10EDD000BBFF219B184623B05DF804EB04B07047DD
:10EDE0006DDF704700BF184679DF704700BF1846D7
:10EDF0007DDF704700BF184664DF704700BF1846CC
:10EE000082B003460091ADF80630BDF80630DAB2A4
:10EE1000009B1A70BDF806301B0A9AB2009B0133A2
:10EE2000D2B21A700223184602B0704700B589B0FA
:10EE3000039002911346ADF80630029B1B8803F144
:10EE40000902BDF806309A4201D90C2353E004AB05
:10EE50001846FFF7C5FF0790079B0693069B002BFC
:10EE600001D0069B47E0029B1B881A46039B134474
:10EE700008221A70029B1B8801339AB2029B1A80E7
:10EE8000029B1B881A46039B13441B221A70029B89
:10EE90001B8801339AB2029B1A80029B1B881A4678
:10EEA000039B981804AB01330622194604F054F969
:10EEB000029B1B8806339AB2029B1A809DF8103081
:10EEC00023F00103DBB2002B07D1029B1B881A46FB
:10EED000039B134400221A7006E0029B1B881A460B
:10EEE000039B134401221A70029B1B8801339AB2C0
:10EEF000029B1A800023184609B05DF804FB00B598
:10EF000089B0039002910192ADF80230039B1B7807
:10EF1000012B05D1039B5B78002B01D1072392E0E5
:10EF2000019B1B889A1CBDF802309A420ED8039BA5
:10EF30001B78012B0CD1019B1B881A46039B5B7825
:10EF400013449A1CBDF802309A4201D90C237AE08E
:10EF5000019B1B88BDF80220D31A9BB2023BADF87F
:10EF60001C30BDF81C30ADF81230019B1B880233F9
:10EF7000029A13440DF1120211461846FFF738FFAA
:10EF80000690069B0593059B002B01D0059B5AE03C
:10EF9000039B1B78022B06D0039B5B789AB2BDF8CB
:10EFA00012309A4209D3BDF81230BDF81C209A42A3
:10EFB00003D309238DF81F3017E008238DF81F3085
:10EFC000039B1B78012B0CD1039B5B789BB2BDF894
:10EFD0001C209A4205D3039B5B789BB2ADF812309C
:10EFE00003E0BDF81C30ADF81230BDF81230FE2B36
:10EFF00001D90C2327E0BDF81230DAB2019B1B883F
:10F000001946029B0B440132D2B21A70019B1B8835
:10F0100001339AB2019B1A80019B1B881A46029BFE
:10F0200013449DF81F201A70019B1B8801339AB26C
:10F03000019B1A80019B1A88BDF8123013449AB2C2
:10F04000019B1A800023184609B05DF804FB00B547
:10F0500089B0039002911346ADF80630029B1B88DD
:10F060001A1DBDF806309A4201D90C233BE00DF180
:10F0700016031846FFF7B8FE0790079B0693069BFA
:10F08000002B01D0069B2EE0029B1B881A46039B97
:10F09000134403221A70029B1B8801339AB2029B0D
:10F0A0001A80029B1B881A46039B134419221A706C
:10F0B000029B1B8801339AB2029B1A80BDF816206E
:10F0C000029B1B881946039B0B4419461046FFF709
:10F0D00097FE03461946029B1A888BB213449AB2D4
:10F0E000029B1A800023184609B05DF804FB84B027
:10F0F000029101921A4603468DF80F301346ADF87F
:10F100000C30019B1B88DA1CBDF80C309A4201D9E7
:10F110000C2328E0019B1B881A46029B1344022201
:10F120001A70019B1B8801339AB2019B1A80019BC4
:10F130001B881A46029B134401221A70019B1B88EC
:10F1400001339AB2019B1A80019B1B881A46029BCD
:10F1500013449DF80F201A70019B1B8801339AB24B
:10F16000019B1A800023184604B0704784B00291B6
:10F1700001921A4603468DF80F301346ADF80C3055
:10F18000019B1B88DA1CBDF80C309A4201D90C2374
:10F1900028E0019B1B881A46029B134402221A7026
:10F1A000019B1B8801339AB2019B1A80019B1B882B
:10F1B0001A46029B13440A221A70019B1B880133D2
:10F1C0009AB2019B1A80019B1B881A46029B13442A
:10F1D0009DF80F201A70019B1B8801339AB2019B86
:10F1E0001A800023184604B0704700B58FB0039012
:10F1F00001930B468DF80B3013468DF80A3000232F
:10F200008DF83330109B1B88ADF8303000230D9300
:10F2100071E0039B5A680D9B9B001A4405AB106874
:10F2200018600DF11B0105AB00221846FFF7E4FD45
:10F230000A900A9B0993099B002B01D0099B7CE053
:10F240009DF81B309DF80A209A4251D19DF8333029
:10F25000002B01D0002300E002238DF82330109B07
:10F260001B881A469DF81B301A449DF823301A4417
:10F27000BDF844309A4201DD0C235EE09DF8333046
:10F2800083F00103DBB2002B16D0109B1B880133E7
:10F290009AB2109B1A80109B1B881A46019B13443C
:10F2A0009DF80B201A70109B1B8801339AB2109B9B
:10F2B0001A8001238DF83330109B1B881A46019B5E
:10F2C0001A440DF11B0105AB1846FFF795FD0A9096
:10F2D0000A9B0793079B002B01D0079B2DE0109BF7
:10F2E0001A889DF81B309BB213449AB2109B1A8067
:10F2F0000D9B01330D93039B1B881A460D9B934274
:10F3000087DB9DF83330002B16D0109B1A88BDF890
:10F310003030D31A9BB2013BADF82E30BDF82E3001
:10F32000FF2B01D90C2308E0BDF83030019A1344BB
:10F33000BDF82E20D2B21A70002318460FB05DF827
:10F3400004FB00B58BB0059003930B468DF813308A
:10F3500013468DF812309DF81310BDF83430019328
:10F360000C9B0093039B02220598FFF73EFF099038
:10F37000099B0893089B002B01D0089B14E09DF883
:10F380001210BDF8343001930C9B0093039B1022A4
:10F390000598FFF72AFF0990099B0793079B002B0D
:10F3A00001D0079B00E0002318460BB05DF804FB7A
:10F3B00082B00190019B1B88052B0AD9019B1B88F9
:10F3C000B3F5486F07D9019B1B884FF6FF72934234
:10F3D00001D0072325E0019B5B88052B0AD9019BFF
:10F3E0005B88B3F5486F07D9019B5B884FF6FF72C6
:10F3F000934201D0072314E0019B1B884FF6FF7254
:10F4000093420DD0019B5B884FF6FF72934207D069
:10F41000019B1A88019B5B889A4201D9072300E06F
:10F420000023184602B0704700B587B003900291E0
:10F430000192ADF80230019B1B889A1DBDF8023085
:10F440009A4201D90C234DE00398FFF7B1FF0590D4
:10F45000059B0493049B002B01D0049B42E0019B7D
:10F460001B881A46029B134405221A70019B1B88B5
:10F4700001339AB2019B1A80019B1B881A46029B9A
:10F48000134412221A70019B1B8801339AB2019B0C
:10F490001A80039B1A88019B1B881946029B0B4408
:10F4A00019461046FFF7ACFC03461946019B1A8823
:10F4B0008BB213449AB2019B1A80039B5A88019B1A
:10F4C0001B881946029B0B4419461046FFF798FC0F
:10F4D00003461946019B1A888BB213449AB2019BCA
:10F4E0001A800023184607B05DF804FB00B587B00A
:10F4F000039002910192ADF80230039B9B88023386
:10F500000593019B1B881A46059B13449A1CBDF862
:10F5100002309A4201D90C2354E0059BFE2B01D9FD
:10F520000C234FE0059BDAB2019B1B881946029B16
:10F530000B440132D2B21A70019B1B8801339AB27C
:10F54000019B1A80019B1B881A46029B1344FF22D1
:10F550001A70019B1B8801339AB2019B1A80039B8E
:10F560001A88019B1B881946029B0B4419461046BA
:10F57000FFF746FC03461946019B1A888BB21344D9
:10F580009AB2019B1A80039B9B88002B19D0039B86
:10F590009B68002B01D1072314E0019B1B881A46AE
:10F5A000029B9818039B9968039B9B881A4603F05B
:10F5B000D3FD019B1A88039B9B8813449AB2019B3D
:10F5C0001A800023184607B05DF804FB00B589B027
:10F5D000039002910192ADF80230039B9B6A002BCD
:10F5E00001D1072372E000238DF81F3066E0039BF2
:10F5F000996A9DF81F2013465B0013449B000B443F
:10F600000693069B9B8802330593059BFE2B01D92D
:10F610000C235BE0059BDAB2019B1B881946029B19
:10F620000B440132D2B21A70019B1B8801339AB28B
:10F63000019B1A80019B1B881A46029B13441622C9
:10F640001A70019B1B8801339AB2019B1A80069B9A
:10F650001A88019B1B881946029B0B4419461046C9
:10F66000FFF7CEFB03461946019B1A888BB2134461
:10F670009AB2019B1A80069B9B88002B19D0069B8F
:10F680009B68002B01D1072320E0019B1B881A46B1
:10F69000029B9818069B9968069B9B881A4603F064
:10F6A0005BFD019B1A88069B9B8813449AB2019BC1
:10F6B0001A809DF81F3001338DF81F30039B93F89B
:10F6C0002C309DF81F209A4291D30023184609B090
:10F6D0005DF804FB00B595B00590049103920023FA
:10F6E0001393039B1B88ADF84A30039B00221A80BA
:10F6F000059B93F82D30002B0ED0BDF84A301A46EA
:10F7000003990498FFF792FB1390139B1193119B9D
:10F71000002B01D0119BD8E0059B9B78002B0ED0CD
:10F72000BDF84A301A4603990498FFF790FC1390ED
:10F73000139B1093109B002B01D0109BC5E0059BE1
:10F74000DB78002B10D0059BDB7858B2BDF84A302F
:10F75000039A0499FFF7CBFC1390139B0F930F9B15
:10F76000002B01D00F9BB0E0059B5B68002B11D0F4
:10F77000059B5B6893F90000BDF84A30039A049931
:10F78000FFF7F4FC1390139B0E930E9B002B01D0FC
:10F790000E9B9AE0059B1B89002B14D0059B03F15F
:10F7A0000800BDF84A300193039B0093049B062296
:10F7B0000221FFF7C6FD1390139B0D930D9B002BA9
:10F7C00001D00D9B81E0059B1B8A002B14D0059B6B
:10F7D00003F11000BDF84A300193039B0093049B92
:10F7E00007220321FFF7ADFD1390139B0C930C9B95
:10F7F000002B01D00C9B68E0059B1B8B002B14D0C9
:10F80000059B03F11800BDF84A300193039B009358
:10F81000049B15221421FFF794FD1390139B0B9367
:10F820000B9B002B01D00B9B4FE0059B1B6A002B11
:10F830000FD0059B186ABDF84A30039A0499FFF768
:10F84000F3FD1390139B0A930A9B002B01D00A9B94
:10F850003BE0059B5B6A002B0FD0059B586ABDF807
:10F860004A30039A0499FFF741FE1390139B0993C2
:10F87000099B002B01D0099B27E0059B93F82C30B6
:10F88000002B0ED0BDF84A30039A04990598FFF773
:10F890009DFE1390139B0893089B002B01D0089B9F
:10F8A00013E0059B1B78002B0ED0BDF84A30039A5D
:10F8B00004990598FFF723FB1390139B0793079B6D
:10F8C000002B01D0079B00E0139B184615B05DF894
:10F8D00004FB86B0039001921A460B46ADF80A303D
:10F8E00013468DF80930039B002B02D0019B002B9F
:10F8F00001D100234DE00023ADF816300CE0BDF837
:10F900001630039A13441B789AB2BDF8163013448C
:10F910009BB20133ADF81630019B1B88BDF8162051
:10F920009A4209D3BDF816300133039A13441B7869
:10F930009DF809209A4205D0BDF81620BDF80A307E
:10F940009A42DCD3BDF81620BDF80A309A4201D3A2
:10F9500000231EE0BDF816300233ADF81430BDF8B8
:10F960001630039A13441B789BB2013BADF812305A
:10F97000BDF81420BDF812301A44BDF80A309A427E
:10F9800001DD002305E0019BBDF814201A80BDF8BD
:10F990001230184606B0704700B585B001900B468E
:10F9A000ADF8023013468DF801300023ADF80C306D
:10F9B0009DF8013003AABDF802100198FFF789FFF6
:10F9C0000346ADF80E30BDF80E30002B01D10023F8
:10F9D00004E0BDF80C301A46019B1344184605B0EC
:10F9E0005DF804FB72DF704700BF184673DF704795
:10F9F00000BF184682B00190019B93F8303418463E
:10FA000002B0704784B00190002303930AE0019A8A
:10FA1000039B13441B78002B01D0012306E0039BBA
:10FA200001330393039B052BF1D90023184604B03F
:10FA30007047000082B003468DF807309DF807300C
:10FA40005A1C074B83FB02135910D317C91A0B46D4
:10FA50009B000B44D11ACBB2184602B0704700BFCE
:10FA60006766666682B001900091009BDB7B012B8C
:10FA700004D1009B9A88019BA3F8242400BF02B004
:10FA8000704700B585B001900091019B002283F87A
:10FA90002E24009B9A88019BB3F824349A4216D1F5
:10FAA000019B1B7983F00103DBB2002B0FD00121F6
:10FAB000019800F0B1FA0390039B002B07D0019B43
:10FAC0009B6B002B03D0019B9B6B0398984700BF57
:10FAD00005B05DF804FB00B585B001900091009B76
:10FAE0001B88262B1ED1009B1B7A012B03D0009B69
:10FAF0001B7A022B17D1019B9B781846FFF79AFFC0
:10FB000003461946019800F087FA0390039B002BE7
:10FB100009D0019B9B6B002B05D0019B9B6B03982D
:10FB2000984700E000BF05B05DF804FB00B585B064
:10FB300001900B468DF80330019B03F227431846D2
:10FB4000FFF760FF03468DF80F309DF80330013B4F
:10FB5000032B33D801A252F823F000BF6DFB020043
:10FB600091FB0200A5FB0200B1FB0200019B9B7907
:10FB7000002B0DD0019B93F8243083F00103DBB2FE
:10FB8000002B05D09DF80F30002B01D0012316E08B
:10FB9000019BDB79002B05D09DF80F30002B01D0A5
:10FBA00002230CE0019B1B7A002B01D0032306E00B
:10FBB000019B5B7A002B01D0042300E00023184650
:10FBC00005B05DF804FB00BF82B001900091019B7D
:10FBD000012283F83120019B0022C3F82024019BDD
:10FBE00003F22642009B5A60009B00229A60009B11
:10FBF00002221A70009B80229A810023184602B0CC
:10FC0000704782B001900091019B022283F831205D
:10FC1000019B93F82430002B03D0009B07221A701D
:10FC200002E0009B03221A70019B1B699AB2009BA1
:10FC30009A81019B0022C3F82024019B03F22642F3
:10FC4000009B5A60019BDA68009B9A60002318466B
:10FC500002B0704700B583B00190019B5B79002B27
:10FC60000FD0019B93F82E3483F00103DBB2002BFD
:10FC700007D00198FFF7BEFE0346002B01D00123F9
:10FC800000E0002303F00103DBB2184603B05DF887
:10FC900004FB00B585B001900B468DF80330019B45
:10FCA000D3F81004019BB3F8143401221946FFF76E
:10FCB00073FE0390039B002B03D0039B9DF803204E
:10FCC0001A70019B03F15400019B03F58261019BB3
:10FCD0003C331A46FFF786FE0346184605B05DF82A
:10FCE00004FB00B585B001900091019B5A69009B0F
:10FCF0009A60019B9B699AB2009B9A81019B93F841
:10FD00002430002B04D0019B062283F83C2003E022
:10FD1000019B012283F83C200198FFF79BFF0346DB
:10FD2000002B13D0009B02221A7504210198FFF7C3
:10FD3000B0FF0390039B0293029B002B01D0029B18
:10FD40000FE0019B052283F8312003E0019B032291
:10FD500083F83120019B03F58262019BC3F82024C4
:10FD60000023184605B05DF804FB00B585B001908E
:10FD70000091019BDA69009B9A60019B1B6A9AB211
:10FD8000009B9A81019B93F82430002B04D0019BA7
:10FD9000062283F83C2003E0019B012283F83C20EB
:10FDA0000198FFF757FF0346002B13D0009B022258
:10FDB0001A7504210198FFF76CFF0390039B0293CF
:10FDC000029B002B01D0029B0FE0019B062283F8CF
:10FDD000312003E0019B042283F83120019B03F5CD
:10FDE0008262019BC3F820240023184605B05DF809
:10FDF00004FB82B00190019B9B78002B06D0019BF5
:10FE000093F82030002B01D000230AE0019B9B6A6D
:10FE1000042B03D0019B5B6A042B01D1002300E07B
:10FE20000123184602B0704784B00190019B93F8FB
:10FE30002430002B03D0EE23ADF80E3002E01F2358
:10FE4000ADF80E30BDF80E30184604B0704782B0E1
:10FE500001900B468DF80330019B9DF8032083F839
:10FE6000302000BF02B0704730B587B001900091DC
:10FE7000009B002B02D0019B002B01D10E23B8E088
:10FE8000009B78331846FFF7B4FF034683F0010365
:10FE9000DBB2002B01D00723ABE0019B00229A705C
:10FEA000019A009B141D03F178050FCD0FC40FCDEF
:10FEB0000FC495E8070084E80700019B002283F83F
:10FEC0003020009BD3F8A420019B5A63009BD3F8F9
:10FED000A820019B9A63019B4FF6FF72A3F824248C
:10FEE000019B03F58262019BC3F82024019B03F26E
:10FEF000264307220021184603F057F9019B1B787F
:10FF000083F00103DBB2002B03D0019BFF2283F8B7
:10FF10005420019B03F15502019BC3F81024019862
:10FF2000FFF782FF03461A46019BA3F814240098AA
:10FF3000019B03F15501019B03F214431A46FFF79D
:10FF4000C9FB0590059B0493049B002B01D0049BE7
:10FF50004FE0019B03F23122019BC3F81824019862
:10FF6000FFF762FF03461A46019BA3F81C24009B7F
:10FF700003F13C00019BD3F81814019B03F21C43CE
:10FF80001A46FFF7A7FB0590059B0393039B002BE5
:10FF900001D0039B2DE0019B012283F85120019B9E
:10FFA0009B699AB2019BA3F84820019B012283F828
:10FFB0003C20019B00221A64019B002283F8502000
:10FFC000019B5A69019B5A64019B03F15400019BF8
:10FFD0003C331A460021FFF705FD0590059B02936F
:10FFE000029B002B01D0029B03E0019B01221A70AF
:10FFF000059B184607B030BD82B00190019B1B687D
:020000023000CC
:10000000012B03D0019B1B68022B01D1012300E0CF
:100010000023184602B0704700B585B001900B462A
:100020008DF80330019B1B7883F00103DBB2002BBA
:1000300001D0082309E1019B9DF803209A70019BE0
:1000400003F2264307220021184603F0AEF8019B75
:100050009B79002B03D0019B9B78012B0FD0019B38
:10006000DB79002B03D0019B9B78012B07D0019BF0
:10007000DB79002B14D0019B9B78022B10D1019BC4
:100080005B6B002B08D0019B012283F82D24019B80
:100090005B6B0820984703E0019B002283F82D2426
:1000A0009DF8033019460198FFF740FD03461A46B4
:1000B000019B9A70019B5B6B002B20D0019B9B786E
:1000C000032B03D0019B9B78042B18D1019B5B79F8
:1000D000002B14D0019B93F82E3483F00103DBB284
:1000E000002B0CD0019B002283F83024019B0122BD
:1000F00083F82F24019B5B6B0720984703E0019B4B
:10010000002283F82F24019B3C331822002118463B
:1001100003F04BF8019B012283F83C20019B2C3318
:100120001846FFF769FF0346002B06D0019BDB6AE8
:10013000DAB2019B83F8512003E0019B012283F88E
:100140005120019B93F82430002B12D0019B2833BF
:100150001846FFF751FF0346002B06D0019B9B6A10
:10016000DAB2019B83F8522003E0019B012283F85D
:100170005220019B002283F85020019B9B78042B86
:1001800031D801A252F823F0DD0103009D010300E4
:10019000AD010300BD010300CD010300019B3C3311
:1001A00019460198FFF710FD03901DE0019B3C33B9
:1001B00019460198FFF725FD039015E0019B3C339C
:1001C00019460198FFF78DFD03900DE0019B3C332C
:1001D00019460198FFF7C9FD039005E0019B002235
:1001E00083F8312000E000BF019B9B78002B20D0DA
:1001F000019B03F15400019BD3F82014019B3C3375
:100200001A46FFF7EFFB0390039B002B01D0039BE3
:100210001BE0019B93F85420019B93F83030194662
:100220001046FFF7E3FB0390039B002B01D0039BD9
:100230000BE0019B5B6B002B06D0019B5B6B019A73
:1002400092F83120104698470023184605B05DF813
:1002500004FB00BF00B585B001900091009B0393A3
:10026000019B1B88262B10D0262B13DC102B02D0D1
:10027000112B05D00EE001990398FFF7F3FB0AE07C
:1002800001990398FFF7FDFB05E001990398FFF73B
:1002900022FC00E000BF00BF05B05DF804FB75DF85
:1002A000704700BF184676DF704700BF18467ADFF8
:1002B000704700BF18467BDF704700BF184600003C
:1002C00084B00346ADF806300023039316E00F49CF
:1002D000039A13469B0013449B000B441B88BDF8F4
:1002E00006209A4207D1039A13469B0013449B00B1
:1002F000064A134406E0039B01330393039B002B40
:10030000E5D00023184604B0704700BFB04000207D
:1003100082B001900B46ADF80230019BBDF802207F
:100320001A80019B00221A72019B054903F10A02FF
:100330000B4603CB1060516000BF02B0704700BF96
:10034000E040002082B00190019B4FF6FF721A80BE
:1003500000BF02B0704788B00390029111461A4660
:100360000B46ADF806301346ADF80430039B9B886E
:100370001A46BDF8063013440793039B9B88194621
:10038000039B9B88BDF80620934228BF13469BB26F
:10039000CB1A0693039BDB881A46BDF8043013443E
:1003A0000593039BDB881946039BDB88BDF804207B
:1003B000934228BF13469BB2CB1A0493029B5A88E0
:1003C000039B1B889A4205D3029B5A88039B5B8838
:1003D0009A4201D900231CE0029B9B881A46069B87
:1003E000934205D8029B9B881A46079B934201D2F1
:1003F00000230EE0029BDB881A46049B934205D83B
:10040000029BDB881A46059B934201D2002300E041
:100410000123184608B0704700B583B00190064B21
:100420009B69002B03D0044B9B690198984700BF40
:1004300003B05DF804FB00BFC440002000B585B0E8
:1004400003460091ADF80630BDF806300099184615
:10045000FFF725FF0390039B002B05D0039B112B77
:1004600002D00398FFF7D8FF039B002B0CBF01239A
:100470000023DBB2184605B05DF804FB00B589B077
:100480000190019B0793079B9BB21846FFF718FF4B
:100490000690069B002B42D0069B1A7A224B1B7BB0
:1004A0009A4215D2079B9AB2069B0A331946104608
:1004B000FFF7C4FF03468DF813309DF81330002B6F
:1004C0002DD0069B1B7A0133DAB2069B1A7226E006
:1004D000069B00221A72144B1B7C002B0FD0079B2B
:1004E0009BB23B211846FFF7DEFE0590059B002BD3
:1004F00005D0059B082B02D00598FFF78DFF0A4B0E
:100500005B69002B0BD000238DF80C30079B9BB24E
:10051000ADF80E30044B5B6903AA1046984700BF44
:1005200009B05DF804FB00BFC440002030B587B0BF
:100530000190019B002B01D10E2353E02B4A019B1C
:1005400014461D460FCD0FC495E8070084E8070048
:10055000264B274A1A60019B1B68002B11D0019B78
:100560001B681846FFF7A3FE0490049B002B01D0E4
:10057000049B37E0019B1A681D4B1068516803C348
:1005800008E01B48FFF797FE0490049B002B01D066
:10059000049B27E00023059320E0059A13469B0067
:1005A00013449B00134A134403930398FFF7CAFEB6
:1005B000059B5B01104A1A44039B5A60039B04335A
:1005C0000E4A00211846F6F743FB0490049B002BCB
:1005D00001D0032306E0059B01330593059B002B07
:1005E000DBD00023184607B030BD00BFC440002058
:1005F000E0400020B0400020904000207D04030037
:1006000000B587B003460091ADF80630009B5B7AD9
:10061000002B1AD1009B1B7A002B03D1164B5B6871
:10062000059302E0144B9B680593009B5B68BDF843
:10063000062005991846F6F73FFB0490049B002B13
:1006400016D00498FFF7E8FE12E0009B00221A7211
:10065000094B5B69002B0BD001238DF80C30BDF8E2
:100660000630ADF80E30044B5B6903AA104698477C
:1006700000BF07B05DF804FBC440002000B585B0A2
:100680000190019BDB7B8DF80F30019B9B88ADF8BF
:100690000C309DF80F30012B2CD14FF6FF70FFF777
:1006A0000FFE0290029B002B03D10420FFF7B4FE43
:1006B00021E0BDF80C3019460298FFF729FE029B95
:1006C00003F10A00019B03F110014FF6FF7340F2A2
:1006D000F312FFF740FE03461A46029B5A72074B7D
:1006E000DB89002B07D1BDF80C3002991846FFF7C3
:1006F00087FF00E000BF05B05DF804FBC4400020A8
:1007000000B587B00190019B9B88ADF81630BDF80D
:1007100016301846FFF7D4FD0490049B002B0ED032
:10072000049B5B681846F6F7FDFA0390039B002BC9
:1007300002D00398FFF770FE0498FFF703FE00BF96
:1007400007B05DF804FB000000B587B00190019B85
:1007500006330593059B1A88194BDB899A422BD1E6
:10076000059B5B89022B27D1019B9B88ADF812303A
:10077000BDF812301846FFF7A3FD0390039B002B32
:100780001AD0059B0C33184600F074FA0346002B70
:1007900006D0BDF8123003991846FFF731FF0BE081
:1007A000039B5B681846F6F7BDFA0290029B002B8C
:1007B00002D00298FFF730FE00BF07B05DF804FBDF
:1007C000C440002000B585B00190019B9B88ADF826
:1007D0000E30BDF80E301846FFF772FD0290029BF6
:1007E000002B15D0029B03F10A00019B03F10801C5
:1007F0004FF6FF7340F2F312FFF7ADFD03461A46C2
:10080000029B5A72BDF80E3002991846FFF7F8FEA7
:1008100000BF05B05DF804FB00B583B00190009106
:10082000019B1B88502B12D0502B18DC122B12D09E
:10083000122B14DC102B02D0112B04D00FE00198E6
:10084000FFF71CFF0CE00198FFF75AFF08E0019842
:10085000FFF77AFF04E00198FFF7B4FF00E000BF64
:1008600000BF03B05DF804FB30B58FB0019000917C
:1008700000230293009B002B1AD000230D9314E059
:100880006B460D991846F7F7B0FA0346002B09D0CE
:10089000029B5A1C02920D9A92B25B000EA90B4465
:1008A00023F82C2C0D9B01330D930D9B132BE7D9B3
:1008B000019B1D4602AC0FCC0FC50FCC0FC594E8B1
:1008C000070085E8070001980FB030BD00B583B080
:1008D0000346ADF80630BDF80630132B01D90023CE
:1008E0000CE0BDF8063019460648F7F74DFABDF89A
:1008F000063019460448F7F747FA0123184603B0B3
:100900005DF804FBF0400020EC40002000B585B00D
:100910000346ADF80630002303930DE0039B9B00D4
:10092000094A13440433BDF8062011461846F7F768
:1009300043FA039B01330393039B1D2BEED900BFA6
:1009400000BF05B05DF804FBE840002000B583B0AF
:100950000346ADF80630BDF8063019460348F7F7F0
:100960002BFA00BF03B05DF804FB00BFF04000208D
:1009700030B59BB0184B9B68DB431893164B5A68F5
:1009800018AB11461846F7F760FA189A6B461146ED
:100990001846FFF769FF0DAC6D460FCD0FC40FCDA4
:1009A0000FC495E8070084E80700002319930BE0C3
:1009B000199B5B001AAA134433F8303C1846FFF722
:1009C000A5FF199B013319930D9B199A9A42EFD3F6
:1009D00000BF00BF1BB030BDE840002000B583B0B1
:1009E00001900B46ADF8023013468DF801309DF8AA
:1009F0000130002B06D0BDF8023019460198F7F7F8
:100A0000C3F905E0BDF8023019460198F7F7D4F9AB
:100A100000BF03B05DF804FB00B585B00190009104
:100A2000019B9B88ADF80E30019B1B88103B0A2B65
:100A300000F2888001A252F823F000BF690A030087
:100A4000A50A0300450B0300450B0300450B0300FB
:100A5000450B0300450B0300450B0300450B03004A
:100A60000F0B0300B10A0300FFF782FFBDF80E3041
:100A70001846FFF72BFF034683F00103DBB2002B80
:100A800005D0324AF0210420F5F7F4FC57E0019B31
:100A9000DB7B012B53D0BDF80E3019462C48F7F7FD
:100AA00073F94CE0BDF80E301846FFF74FFF49E0F0
:100AB000019B1B7AC3F30313DBB28DF80D309DF855
:100AC0000D30032B8CBF01230023DAB2BDF80E30AA
:100AD00019462048FFF782FF9DF80D30022B8CBF8E
:100AE00001230023DAB2BDF80E3019461A48FFF789
:100AF00075FF9DF80D30012B8CBF01230023DAB266
:100B0000BDF80E3019461548FFF768FF1AE0019B43
:100B10001B7A002B15D1019B5B7AC3F3C003DBB2B8
:100B2000002B14BF012300238DF80C309DF80C20FE
:100B3000BDF80E3019460748FFF750FF01E000BF2F
:100B400000E000BF00BF05B05DF804FB9C56030049
:100B5000F440002000410020FC400020F84000202C
:100B600000B583B00346ADF80630BDF80630132B50
:100B700001D9002306E0BDF8063019460348F7F70F
:100B800034F90346184603B05DF804FBEC4000203E
:100B900000B583B00346ADF80630BDF80630184600
:100BA000FFF7DEFF0346002B02D0BDF8063000E061
:100BB0001423184603B05DF804FB00B587B003901A
:100BC0000B460192ADF80A30019B002B01D10E2398
:100BD00038E0019B00221A60039B002B01D10E23F9
:100BE00030E0039B1B68002B01D10E232AE0039BFE
:100BF000DB8803F003039BB2002B01D0072321E025
:100C0000BDF80A301846FFF7C3FF03468DF81730CA
:100C10009DF81730142B01D1052313E0039B1B799A
:100C20009DF817209A4201D304230BE0039B1B6815
:100C30009DF817200399C98801FB02F21A44019B11
:100C40001A600023184607B05DF804FB82B00190DB
:100C5000019B1B781AB2019B01331B781B021BB24C
:100C600013431BB29BB2184602B07047AADF70470D
:100C700000BF184600B585B001900198FFF7E6FF68
:100C80000346ADF80E30BDF80E3003F00103002B23
:100C900014BF01230023DBB2184605B05DF804FB46
:100CA00082B0034600918DF80730009A13786FF3F5
:100CB00003031370009A13786FF3071313709DF8F2
:100CC0000730052B5BD801A252F823F0E50C030096
:100CD000FB0C0300150D03002F0D0300490D03004D
:100CE000630D0300009A13786FF303031370009AE7
:100CF00013786FF30713137040E0009A1378012103
:100D000061F303031370009A1378012161F3071351
:100D1000137033E0009A1378012161F30303137019
:100D2000009A1378022161F30713137026E0009AEA
:100D30001378012161F303031370009A13780321E0
:100D400061F30713137019E0009A1378022161F31D
:100D500003031370009A1378012161F307131370D2
:100D60000CE0009A1378022161F303031370009AD8
:100D70001378022161F30713137000BF00BF00BF97
:100D800002B0704700B595B0034602910192ADF8EC
:100D90000E30029B9B78002B03D101238DF81E306F
:100DA00003E0029B9B788DF81E30029B1B88ADF8F8
:100DB0001C3006AB03220021184602F0F6F9029B14
:100DC0005B7C06AA11461846FFF76AFF029B9A7CD5
:100DD00006AB013319461046FFF762FF029BDA7B30
:100DE0009DF81A3062F3C3038DF81A30029B1A7C07
:100DF0009DF81A3062F304138DF81A30029B1A7BA7
:100E00009DF81A3062F300038DF81A30029B1B7DA7
:100E1000002B01D0022200E001229DF81A3062F37B
:100E200042038DF81A300DAB1C220021184602F047
:100E3000BCF9029B5B7B03F01003DBB2002B06D1F5
:100E4000029B5B7B03F02003DBB2002B24D004ABBE
:100E500003220021184602F0A8F9029BDA7C04ABB9
:100E6000013319461046FFF71BFF9DF81030012291
:100E700062F303038DF810309DF81030012262F305
:100E800007138DF810309DF81230012262F34203EF
:100E90008DF8123004AB1293029B5B7B8DF83430DB
:100EA000029B9B7B8DF8353008AB1422002118463D
:100EB00002F07BF907AB089306AB0993029B9B8872
:100EC000ADF82C30029B9B68002B06D0029BDB8880
:100ED000ADF82830029B9B680C93029B9B69002B0A
:100EE0004FD005AB03220021184602F05EF9029BA9
:100EF0009B691B88ADF83C30029B9B695B88ADF811
:100F00003E30029B9B695B680E9305AB1193029B7D
:100F10009B691B7B05AA11461846FFF7C1FE029B81
:100F20009B695A7B05AB013319461046FFF7B8FEA3
:100F3000029B9B699A7A9DF8163062F3C3038DF881
:100F40001630029B9B69DA7A9DF8163062F304131F
:100F50008DF81630029B9B691A7A9DF8163062F361
:100F600000038DF81630029B9B699B7B002B01D000
:100F7000022200E001229DF8163062F342038DF850
:100F80001630029BDB69002B02D0029BDB691093B9
:100F900008AA0DA9BDF80E00019BFFF767FE0346E6
:100FA000184615B05DF804FB90DF704700BF184687
:100FB000A5DF704700BF1846B5DF704700BF184671
:100FC00082B00190019BF7221A80019B17225A8060
:100FD000019B00221A71019B00225A71019BFB2286
:100FE0009A71019B1B22DA7100BF02B0704700B5F5
:100FF00089B003460A46ADF806301346ADF8043012
:10100000BDF80430ADF81430BDF80430ADF816303A
:101010000023ADF818300023ADF81A3003AB0022DE
:101020001A609A8003AA05A9BDF806301846FFF792
:10103000BBFF0790079B002B02D0BDF80C30002BA4
:10104000079B184609B05DF804FB00B587B0019016
:101050000091009B9B88ADF81630BDF81630DB0080
:10106000019A134406330493019B1A79049B9A71E5
:10107000009BDB7B012B02D0022B05D009E0019BFA
:101080001A88049B1A8004E0019B5A88049B1A80EA
:1010900000BF049B1A88049B5B889A4215D9049B65
:1010A0001A88BDF8163011461846FFF781FF0390E5
:1010B000039B002B03D1049B01225A7105E0039B83
:1010C000112B02D1049B01221A71049B9A79049B73
:1010D000DB799A4208D9049B9B799AB2BDF8163005
:1010E00011461846FFF783FF00BF07B05DF804FB09
:1010F00000B583B001900091009B9B88DB00019AB2
:10110000134406331846FFF75BFF00BF03B05DF8DA
:1011100004FB00B587B001900091009B9B88ADF85F
:101120001630009B5B89ADF81430BDF81630DB003B
:10113000019A134406330493049B1B88BDF81420C2
:10114000934228BF13469AB2049B5A80049B5B8843
:10115000172B38BF17239AB2049B5A80019B1B6937
:10116000002B15D0049B5B79002B11D040F6772320
:10117000ADF80830BDF81630ADF80A30049B5B8836
:10118000ADF80C30019B1B6902AA114601989847E3
:10119000049B00225A71049B00221A7100BF07B001
:1011A0005DF804FB00B589B001900091009B9B881D
:1011B000ADF81E30009BDB88ADF81C30BDF81E304A
:1011C000DB00019A134406330693BDF81C30172B3D
:1011D00038BF1723ADF81C30069B1B88BDF81C20B8
:1011E000934228BF13469AB2069B5A80069B002260
:1011F0001A71069B1A88BDF81E3011461846FFF773
:10120000DBFE0590069B5B79002B16D1019B1B69C9
:10121000002B13D040F67723ADF80C30BDF81E300C
:10122000ADF80E30069B5B88ADF81030019B1B6952
:1012300003AA11460198984700E000BF09B05DF885
:1012400004FB30B591B001900091009B04AC1D1DD2
:101250000FCD0FC40FCD0FC495E8070084E8070039
:10126000BDF81030ADF83E30BDF81420BDF83E306A
:10127000D1B2019ADB0013440A465A73019B1B69E1
:10128000002B19D002AB00221A609A804DF67A2307
:10129000ADF80830BDF83E30ADF80A30BDF83E304C
:1012A000019ADB0013445B7B8DF80C30019B1B69BA
:1012B00002AA11460198984700BF11B030BD00B591
:1012C00087B001900091009B04330593059B1B8818
:1012D000DB00019A134406330493059B9B888DF829
:1012E0000F30049B9B799DF80F20934228BF134633
:1012F0008DF80E30059B1B889DF80E2092B211468A
:101300001846FFF774FE00BF07B05DF804FB00B598
:1013100085B001900091019B002B01D10E231DE0AF
:10132000019B009A1A61019BF7221A80019BF72208
:101330005A80019BFB221A71002303930AE0039B4E
:10134000DB00019A134406331846FFF739FE039B6E
:1013500001330393039B002BF1D00023184605B003
:101360005DF804FB82B001900B46ADF80230019BA2
:10137000002B01D10E230EE0BDF80230162B03D94D
:10138000BDF80230F72B01D9072304E0019BBDF81B
:1013900002201A800023184602B0704700B587B0BB
:1013A00001900091009B0593019B9B88ADF8123042
:1013B000BDF81230002B40F08480019B1B88552B18
:1013C00048D0552B55DC242B32DC102B51DB103B45
:1013D000142B4ED801A252F823F000BF371403009B
:1013E0004114030073140300731403007314030007
:1013F00073140300731403007314030073140300C5
:1014000073140300731403007314030073140300B4
:1014100073140300731403007314030073140300A4
:101420007314030073140300691403005F140300B2
:101430003A2B0AD01DE001990598FFF706FE19E046
:1014400001990598FFF754FE14E001990598FFF7FC
:1014500060FE0FE001990598FFF7A4FE0AE00199EC
:101460000598FFF7EEFE05E001990598FFF727FFC5
:1014700000E000BFBDF81230059ADB0013449B7AF0
:10148000002B1FD0BDF81230059ADB001344DA8818
:10149000BDF8123011461846FFF78AFD0390039BF2
:1014A000002B0FD1BDF81230059ADB001344002247
:1014B0009A72BDF81230059ADB0013440122DA72E9
:1014C00000E000BF07B05DF804FB00BFB0DF70476D
:1014D00000BF184666DF704700BF184682B0019013
:1014E0000091019B002B01D10E2316E0009B002BE5
:1014F00001D10E2311E0019B1B78DE2B01D10823C3
:101500000BE0009B1A68019B5A60019BDE221A7057
:10151000019B4FF6FF725A800023184602B07047B5
:1015200082B001900B46ADF80230019B002B01D137
:101530000E230AE0019B1B78DE2B01D0082304E078
:10154000019BBDF802205A800023184602B0704764
:1015500000B585B00190019B1B7A002B18D0019B30
:101560005B8800211846FFF7B5FF0390039B002B13
:1015700003D1019B00221A720AE0039B112B03D1B5
:10158000019B01221A7203E0019B5B680398984754
:1015900000BF05B05DF804FB00B583B00190009179
:1015A000009B1B79012B0BD1009B1A88019B5B8848
:1015B0009A4205D1019B01221A720198FFF7C8FFD8
:1015C00000BF03B05DF804FB82B00190009100BF42
:1015D00002B0704700B589B001900091009B1A8855
:1015E000019B5B889A4236D1009B02330793079B8D
:1015F0001B78022B31D1079B1B7A042B07D0079B4A
:101600001B7A062B03D0079B1B7A052B27D102AB35
:1016100000221A605A609A60DA6002238DF808305E
:101620004FF4C073ADF80C30079B1B7A052B02D129
:101630000023ADF80C30009B1B8802AA1146184607
:10164000FFF744FF0690069B002B09D0019B5B68C7
:101650000698984704E000BF02E000BF00E000BF2A
:1016600009B05DF804FB00B585B001900091009BC6
:10167000002B40D0019B002B3FD0009B0393039B8A
:101680001B78DE2B3BD1019B9A88039B5B889A4297
:1016900002D10398FFF75CFF019B1B88512B18D0E8
:1016A000512B2EDC112B1BD0112B2ADC012B02D04D
:1016B000022B07D025E0019B043319460398FFF75E
:1016C0006BFF21E0019B043319460398FFF77CFF71
:1016D0001AE0019B043319460398FFF77BFF13E0E0
:1016E000019B9A88039B5B889A420CD1039B4FF61F
:1016F000FF725A8007E000BF06E000BF04E000BFB1
:1017000002E000BF00E000BF05B05DF804FBA8DF09
:10171000704700BF1846ADDF704700BF1846AEDF08
:10172000704700BF184662DF704700BF184600B51B
:101730008FB00190009100230393019B5869009B97
:101740009B8803AA1946FFF738FA0D9005AB0822CB
:101750000021184601F029FD04AB06930223ADF8E1
:1017600014300023ADF81630009B9888019B1B892C
:1017700005AA1946FFF7CFFF0D900D9B002B26D130
:10178000019B9B69002B22D0069B1846FFF772FA3B
:101790000346002B1BD0039B002B02D0039B01228E
:1017A0001A7007AB18220021184601F0FEFC022334
:1017B0008DF81C30019B0893009B9B88ADF824306A
:1017C000039B0A93019B9B6907AA1046984700BF99
:1017D0000FB05DF804FB00B58DB001900091009B47
:1017E00006330B93019B5869009B9B8803AA1946FB
:1017F000FFF7E3F90A9004AB18220021184601F024
:10180000D4FC019B0593009B9B88ADF81830039B8B
:1018100007930B9B1A88019B1B899A4225D10B9B2E
:101820005B89022B21D1039B002B38D00B9B0C33FF
:101830001846FFF71FFA0346002B06D0039B012230
:101840001A7002238DF8103005E0039B00221A70F5
:1018500003238DF81030019B9B69002B1FD0019B47
:101860009B6904AA1046984719E00B9B1A88019BB4
:101870009B899A4214D1019B9B69002B10D00023B5
:101880008DF810300B9B0C3308930B9B5B89ADF8E4
:101890002430019B9B6904AA1046984700E000BFD2
:1018A00000BF0DB05DF804FB00B58BB00190009156
:1018B000019B5869009B9B8802AA1946FFF77DF996
:1018C0000990099B002B1AD1029B1B78002B17D083
:1018D00003AB18220021184601F067FC01238DF8A4
:1018E0000C30019B0493009B9B88ADF81430029B45
:1018F0000693019B9B6903AA1046984700E000BF2E
:101900000BB05DF804FB00B585B001900091009B21
:10191000002B1ED0019B002B1BD0009B0393019B2F
:101920001B88572B10D0572B15DC102B02D0502BB7
:1019300005D010E001990398FFF7F9FE0CE001993A
:101940000398FFF748FF07E001990398FFF7ACFF02
:1019500002E000BF00E000BF05B05DF804FB00003E
:1019600010B592B0019000914F4B0AAC0FCB84E8B8
:101970000F00019B002B01D10E2391E0009B002B57
:1019800001D10E238CE0009B1A68019B9A61019A99
:101990000AAB11461846FFF7C6FE1190119B109333
:1019A000109B002B01D0109B7AE0019B1B788DF8D7
:1019B0003A300123ADF83830019B9A1C0EAB194622
:1019C0000120FFF7A4FE1190119B0F930F9B002B9A
:1019D00001D00F9B64E002AB20220021184601F0E9
:1019E000E4FB0223ADF80830019B1B788DF80A3028
:1019F000F423ADF80C300123ADF80E3001238DF83F
:101A000014309DF8153043F008038DF815309DF81B
:101A1000153043F004038DF8153001238DF819308B
:101A200001238DF81A30019B5888019B03F10C02A9
:101A300002AB1946FFF7A6F91190119B002B01D0BC
:101A4000119B2DE002AB20220021184601F0ADFBD6
:101A50000323ADF80830019B1B788DF80A30F4237E
:101A6000ADF80C300123ADF80E3001238DF81430A1
:101A70009DF8153043F010038DF8153001238DF8D3
:101A8000193001238DF81A3001238DF81B30019B8A
:101A90005888019B1A1D02AB1946FFF773F90346DC
:101AA000184612B010BD00BF0857030000B58DB036
:101AB000039002910192ADF80230039B002B01D1FB
:101AC0000E2342E0039B5B6905AABDF8021018468D
:101AD000FFF773F80B900B9B0A930A9B002B01D026
:101AE0000A9B32E0BDF802304FF6FF72934202D0FB
:101AF000059B002B01D1052327E0059B1B7883F074
:101B00000103DBB2002B01D008231EE0019B1B88E0
:101B1000F42B01D9072318E006AB10220021184648
:101B200001F043FB039B9B88ADF81830029B09939F
:101B3000019B089301238DF81A3006AABDF80230E4
:101B400011461846FFF7EBFD034618460DB05DF849
:101B500004FB000082B003468DF807309DF8073083
:101B600003F01F0205499DF907305B09012000FAC7
:101B700002F241F8232000BF02B0704700E100E00C
:101B800082B003468DF807309DF8073003F01F023E
:101B900006499DF907305B09012000FA02F2203363
:101BA00041F8232000BF02B0704700BF00E100E011
:101BB00082B003468DF807309DF90730002B0BDA11
:101BC0000B4A9DF8073003F00F03043B13441B7EC0
:101BD000DBB25B09DBB208E0064A9DF9073013442B
:101BE00093F80033DBB25B09DBB2184602B07047F2
:101BF00000ED00E000E100E000B583B00190019B42
:101C0000002B03D10449C420FBF7BAF8019B5B68A1
:101C1000184603B05DF804FB1857030010DF704747
:101C200000BF184611DF704700BF184682B0034658
:101C30008DF807309DF907301F2B0CDC9DF907301C
:101C40000F4A22FA03F303F00103002B14BF012310
:101C50000023DBB210E09DF907303F2B0BDC9DF930
:101C60000730203B012202FA03F3002B14BF0123AB
:101C70000023DBB200E00123184602B0704700BF2A
:101C8000FC06FFBD82B00190019B072B07D8EC2218
:101C9000019B42FA03F303F00103002B01D100235F
:101CA00000E00123184602B07047000000B583B081
:101CB00003468DF807309DF907301846FFF7B6FF49
:101CC0000346002B02D142F201032EE09DF90730BA
:101CD0001846FFF76DFF03461846FFF7D3FF03468C
:101CE000002B02D142F202031FE0124B9B68002B33
:101CF00015D09DF907305B090E4A52F823209DF854
:101D0000073003F01F03012101FA03F319469DF97F
:101D100007305B090A43074941F8232004E09DF995
:101D200007301846FFF716FF0023184603B05DF88A
:101D300004FB00BF682C002000B583B003468DF87B
:101D400007309DF907301846FFF770FF0346002B58
:101D500002D142F201031FE0114B9B68002B15D00A
:101D60009DF907305B090E4A52F823109DF80730A1
:101D700003F01F03012202FA03F3DA439DF907304F
:101D80005B090A40064941F8232004E09DF9073029
:101D90001846FFF7F5FE0023184603B05DF804FB74
:101DA000682C002000B587B003468DF8073002ABE1
:101DB00014491846F6F700F917E002AB1846FFF78A
:101DC0001BFF0590059B1B680493059B59689DF8B4
:101DD0000720049B104698470346002B01D111238E
:101DE0000BE002AB1846F6F711F902AB1846FFF705
:101DF00003FF0346002BE0D10023184607B05DF82F
:101E000004FB00BFE457030000B587B003468DF81C
:101E1000073002AB11491846F6F7CEF812E002ABD4
:101E20001846FFF7E9FE0590059B1B680493059B88
:101E300059689DF80720049B1046984702AB184646
:101E4000F6F7E4F802AB1846FFF7D6FE0346002B80
:101E5000E5D100BF00BF07B05DF804FBF0570300F9
:101E600000B583B01620FFF721FF0190019B00937E
:101E7000009B002B04D0044AA1210098F4F7FAFA41
:101E800000BF03B05DF804FB7457030000B583B0D6
:101E90001620FFF751FF0190019B0093009B002B40
:101EA00004D0044AAD210098F4F7E4FA00BF03B06F
:101EB0005DF804FB7457030000B585B0234B1B7815
:101EC000002B01D008233CE0214B01221A70002096
:101ED000FFF768FF0346112B01D1002331E00020FA
:101EE000FFF792FF1B4B1B68029300238DF807300E
:101EF0000DF107031846F5F741FA02AB16491846EB
:101F0000FFF78CFE0390039B002B0CBF01230023E3
:101F1000DAB20E4B1A709DF807301846F5F744FAFE
:101F2000039B002B01D0039B0BE0094B00221A708E
:101F30000A4B00221A70FFF793FF0120FFF764FF9E
:101F40000023184605B05DF804FB00BF6441002083
:101F500066410020E05703009164020065410020C3
:101F600000B583B01D4B1B7883F00103DBB2002B5F
:101F700001D008232EE01A4B01221A700120FFF72E
:101F800011FF0346112B01D1002323E00220FFF7AC
:101F90003BFF00238DF803300DF103031846F5F7DE
:101FA000EDF9FFF73FFE01900C4B00221A709DF8EF
:101FB00003301846F5F7F8F9019B002B01D0019B7F
:101FC00008E0074B00221A70FFF760FF0320FFF7BD
:101FD0001BFF0023184603B05DF804FB644100209A
:101FE00066410020014B1B78184670476441002071
:101FF00000B585B06B4611491846F5F7DDFF10E0D6
:102000006B461846FFF7F8FD0390039B1B6802938D
:10201000039B5A68029B104698476B461846F5F793
:10202000F5FF6B461846FFF7E7FD0346002BE7D1A7
:1020300000BF00BF05B05DF804FB00BFFC57030004
:1020400008B5FFF7D5FF00BF08BD60DF704700BFD0
:10205000184669DF704700BF184661DF704700BF50
:102060001846000000B583B00190019B002B03D1FE
:102070000449C420FAF784FE019B5B68184603B04C
:102080005DF804FB0858030082B00190019B002B0F
:1020900001D10E2304E0044B1A46019B1A60002371
:1020A000184602B0704700BFD82A002000B587B09C
:1020B000034600918DF807300098FFF7E5FF059083
:1020C000059B002B01D0059B7AE002AB0C2200217E
:1020D000184601F06AF89DF807308DF808300123A2
:1020E0008DF80A300623ADF80C30009B1A6802AB5D
:1020F00019462020FFF7ADFF059002AB0C2200210E
:10210000184601F052F801238DF8093000238DF8AC
:102110000A3000238DF80B30009B1A6802AB194679
:102120004020FFF796FF059002AB0C2200211846D5
:1021300001F03BF89DF807308DF80830F723ADF833
:102140000A30009B1A6802AB19462320FFF781FF73
:10215000059002AB0C220021184601F026F801235D
:102160008DF80830009B1A6802AB19460120FFF772
:1021700070FF059002AB0C220021184601F015F803
:102180004FF4B0630293009B1A6802AB1946A1207A
:10219000FFF75FFF059002AB0C220021184601F00B
:1021A00004F89DF808306FF300038DF80830009BA9
:1021B0001A6802AB1946A020FFF74BFF05900023D9
:1021C000184607B05DF804FB00B585B00190019B8F
:1021D0001B6803930198FFF738FF0290019B1B686F
:1021E000039A9A42029B002B02D1044B01221A70DF
:1021F000029B184605B05DF804FB00BF6741002054
:1022000000B5ADF5077D01AB1860244B1B7883F05A
:102210000103DBB2002B3BD14FF4FA73ADF8063269
:102220000DF2062202AB11461846FFF716FF859005
:10223000859B002B03D0859B052B22D129E002AB87
:1022400084937FAB16491846F5F7B6FE11E07FABD5
:102250001846FFF707FF8390839B1B688293839B3D
:102260005A68829B1146849898477FAB1846F5F7C9
:10227000CDFE7FAB1846FFF7F5FE0346002BE6D1F7
:10228000CAE7084A40F239118598F4F7F3F800E0FC
:1022900000BF0DF5077D5DF804FB00BF674100201E
:1022A000D45803006458030000B583B00190019B2B
:1022B000002B03D10449C420FAF762FD019B5B683F
:1022C000184603B05DF804FBE05803004BDF70478D
:1022D00000BF184600B589B0019004AB1846FFF75F
:1022E000F5FF0790079B002B03D0079B052B20D100
:1022F00024E002AB13491846F5F75EFE11E002AB8D
:102300001846FFF7D1FF0690069B1B680593049AB9
:10231000069B5968059B1046984702AB1846F5F78F
:1023200075FE02AB1846FFF7BFFF0346002BE6D150
:10233000D3E7054A6B210798F4F79CF800BF09B072
:102340005DF804FBAC5903003C59030082B00190D6
:10235000019B184602B0704700B58FB00390029100
:10236000009313468DF8073000230D93029B0993C9
:102370009DF807300A93009B0B939DF840300C9317
:10238000039B043309A900221846F7F74BFF0D9071
:102390000D9B18460FB05DF804FB000082B0019061
:1023A000034A019B1A60019B184602B0704700BFA8
:1023B000C059030082B00190FB23184602B0704759
:1023C00000B583B00190019B93F82030DBB2012B64
:1023D00014BF01230023DBB2002B08D0002201210F
:1023E000019800F039F8019B012283F82020012395
:1023F000184603B05DF804FB00B583B00190019B63
:1024000093F82030DBB2052B14BF01230023DBB28D
:10241000002B0DD007220121019800F01DF8802229
:102420004021019800F018F8019B052283F8202034
:10243000019B93F82030DBB2052B0CBF0123002356
:10244000DBB2002B00D0F3E7019B9B7EDBB218468A
:1024500003B05DF804FB000000B589B003900B46A3
:102460008DF80B3013468DF80A309DF80B3063F071
:102470007F03DBB28DF818309DF80A308DF81930E3
:10248000104B00221A70039B186905AB06A90222A3
:1024900000920222FFF760FF0790079B002B01D0FC
:1024A000079B0BE0074B1B78DBB2002B0CBF012313
:1024B0000023DBB2002B00D0F4E7079B184609B0DD
:1024C0005DF804FB1434002000B585B00190019B39
:1024D000002B0CD0084B43F001030393019B9B019D
:1024E0000293054B43F001030298984700E000BFB8
:1024F00005B05DF804FB00BFD059030000B583B000
:102500000190019B002B0FD04FF47A70FFF7DCFF96
:10251000019B013B0193019B002B14BF012300236E
:10252000DBB2002B01D0EFE700BF03B05DF804FB86
:1025300000B583B00190F4F799FE0346002B14BF59
:1025400001230023DBB2002B01D0012300E0002394
:10255000184603B05DF804FB00B585B0019000910A
:10256000009800F077FE029000230393039B029AE9
:102570009A4213D9039B009A13441B781846F4F728
:1025800045FE0346002B14BF01230023DBB2002BC2
:1025900000D0EFE7039B01330393E7E76420FFF7E5
:1025A000ADFF00BF05B05DF804FB00B585B001903C
:1025B0000DF10F031846F4F7EFFD0346002B14BF8F
:1025C00001230023DBB2002B00D0F1E79DF80F3090
:1025D000184605B05DF804FB00B583B00190019B7F
:1025E0001B78022B03D10748FCF7D4FB06E0019BC4
:1025F0001B78012B02D10448FCF7CCFB00BF03B0D1
:102600005DF804FBA45B0300C05B030000B585B06C
:102610000390029101920093019A0299039800F0AD
:1026200011F8F4F797FD054A009B1360044A069BD6
:10263000136000BF05B05DF804FB00BF6C410020D3
:102640007041002000B58FB003900291019208AB59
:1026500000221A605A609A60DA601A615A610A238D
:102660000A930B230B93104B0D93029B0893019B32
:1026700009930E4B04934FF4806305930C4B069320
:102680004FF48063079304A908A80223094AF4F7CA
:10269000D1FC0346DAB2084B1A700848FCF77AFB03
:1026A00000BF0FB05DF804FB00E0D70174410020CB
:1026B00074450020D925030068410020DC5B03003D
:1026C00000B583B001900B48FCF764FB002344F68F
:1026D00020620949019800F05BF8019B1946074800
:1026E000FCF758FBF4F736FDF4F7CAFD00BF03B062
:1026F0005DF804FB005C0300145C0300205C030035
:1027000000B583B001901A48FCF744FB002344F65F
:1027100020621849019800F03BF8019B19461648C1
:10272000FCF738FB0A20FFF7E9FE1448FCF732FB00
:10273000002344F620621249019800F029F8019B19
:1027400019461048FCF726FB0A20FFF7D7FE0023A6
:1027500044F620620C49019800F01AF8019B1946D2
:102760000A48FCF717FB00BF03B05DF804FB00BF8D
:102770002C5C0300405C0300205C03004C5C030005
:10278000645C0300745C0300905C0300A45C0300C1
:1027900000B587B00390029101920093029B002B39
:1027A00005D0F4F7D7FC02990398FFF7D5FE039BF9
:1027B0004FF480620021184600F0F7FC274B1B689D
:1027C00000221A60264B1B68019898470023059346
:1027D000224B1B681B68002B0CBF01230023DBB2BC
:1027E000002B35D00398FFF7A3FE0346002BEFD054
:1027F0000398FFF7DAFE03468DF81330059B40F28D
:10280000FD32934208DD1748FCF7C4FA039B00220F
:1028100083F8FF2300231CE0059B5A1C0592039AB2
:102820009DF81310D154039A009B002B01D0009BFC
:1028300000E00D4B1946104600F060FC0346002BEB
:1028400014BF01230023DBB2002BC1D0012300E021
:102850000023184607B05DF804FB00BF704100205C
:102860006C410020086203003462030088B00190CC
:102870000091114B0693104B0793104B0593079A49
:10288000059B9A4212D0079A02AB07CA83E8070059
:10289000029B009A9A4205DD039B009A9A4201DC52
:1028A000049B05E0079B0C330793E8E74FF0FF33E9
:1028B000184608B0704700BFD85903008C5A03006F
:1028C00088B001900091114B0693104B0793104B69
:1028D0000593079A059B9A4212D0079A02AB07CA42
:1028E00083E80700029B009A9A4205DD039B009A49
:1028F0009A4201DC049B05E0079B0C330793E8E751
:102900004FF0FF33184608B0704700BF8C5A0300E1
:10291000405B030010B5ADF5046D07AC206006A860
:10292000016005A90A6004AA13600DF63C0106AB1C
:102930000A22186800F080FB0DF6380105AB0A2268
:10294000186800F079FB04AB1A6813469B00134427
:102950005B00043B0DF62C010A22184600F06CFBCC
:102960000DF624030A221946DDF8480800F064FB3E
:1029700006AB1B68012B0CD104AA07AB11681868C1
:10298000FFF774FF0DF634030A22194600F054FBDA
:102990001AE006AB1B68002B16D104AA07AB11681E
:1029A0001868FFF78DFF034619463F48FCF7F2F918
:1029B00004AA07AB11681868FFF782FF0DF634030D
:1029C0000A22194600F038FB0DF224434FF48062CE
:1029D0000021184600F0E9FB09AB4FF480620021AA
:1029E000184600F0E2FB314800F034FC02460DF2DC
:1029F00024432E49184600F0AFFB9DF84C38002BBD
:102A000015D10DF63C0209A80DF6240303930DF62B
:102A10002C0302930DF6340301930DF63803009353
:102A20001346234A4FF4806100F013FB18E09DF831
:102A30004C38012B14D10DF63C0209A80DF62403E5
:102A400003930DF62C0302930DF6340301930DF658
:102A5000380300931346174A4FF4806100F0F9FAE7
:102A600009A90DF224434FF48062184600F01AFBC6
:102A70000DF2244319461048FCF78CF9C820FFF7E3
:102A80003DFD0DF2244107A8002344F620620068B2
:102A9000FFF77EFE07AB1B6819460848FCF77AF97A
:102AA00000BF0DF5046D10BD5462030064620300A5
:102AB0007062030094620300B8620300205C0300AC
:102AC00082B00190019B184602B0704784B0039019
:102AD000029101928DF80330039B029A1A60039BC6
:102AE000019A5A60039B9DF803201A72039B049A73
:102AF000DA60039B4FF040221A61039B00221A7593
:102B0000039B184604B0704782B00190019B1033BC
:102B1000184602B0704782B001900091019B009A64
:102B20001A60019B00225A72019B0022DA72019BFB
:102B300000229A71019B184602B07047C0F3C7513A
:102B400091B142004FEA40704FEAD2014FEA3101A1
:102B500001F16051B2F17F4F38BF704701F1605110
:102B600018BF41F40021704710F000410020704769
:102B700001F000428B1AA3F16051B1F5801F0ADB0E
:102B8000B1F17F6F09D242EAC102C10071F1004187
:102B900042EB507070471046704701285B4113F5B7
:102BA000001F04D842F0FE4040F400007047C90006
:102BB00041EA507040EA020040F4800040F080405A
:102BC000704700BF10EE100A4FEA4000B0F17F4F8F
:102BD0000CBF01200020704710EE100A41000020B9
:102BE000B1F17F4F18BF50EB0000704710EE100A94
:102BF00000F00040704700BFB0EEC00A704700BF51
:102C000000B510EE100A00F003F800EE100A00BD47
:102C10004FF07F43B3EB400F22D9410008BF70470C
:102C200003EA4002120E7F3A14DB172AA8BF70474E
:102C30004FF6FF73C0F27F03D340184220EA03002F
:102C400018BF10F0004F08BF70474FF40001D1408B
:102C50004018704710F0004F0CBF0020024870472A
:102C600018BF024870470000000080BF0000C07F0E
:102C700000B5014610EE100A00F003F800EE100A4D
:102C800000BD4FF07F43B3EB400F98BF704713EA8E
:102C9000400207D0120E7E3A0A6020EA530040F04C
:102CA0007C5070470A6000F00040704700B5014654
:102CB00010EE100A00F003F800EE100A00BD4FF00D
:102CC0007F43B3EB400F98BF704713EA400204BF45
:102CD00000F00040704711EB1262DCBF00F00040D2
:102CE0007047FF2A3CBF00EBC150704740004FEADD
:102CF00033007047DFED137AB4EE670AF1EE10FA95
:102D000012D010EE102AC2F3C7537F3B11D4162BFA
:102D100012DC0D4921FA03F322EA030207EE902A9E
:102D2000026030EE670A7047C0ED007AB0EE670AC5
:102D30007047C0ED007A704780ED000AB0EE670A78
:102D4000704700BF00000000FFFF7F0000B52DEDC1
:102D5000028BF5EE400AF1EE10FA83B04BD0B0EEE4
:102D6000608AF0EE408AFFF737FF30B1B0EE680AB4
:102D700003B0BDEC028B5DF804FBB0EE480AFFF730
:102D80002BFF002843D1F5EE408AF1EE10FAEDD08A
:102D9000B0EE680AFFF716FF00283FD1B0EE480AF0
:102DA000FFF710FF0028E1D1B0EE480AFFF724FF3B
:102DB000B0EE408A88EE880A01A8FFF79BFFDDEDA0
:102DC000017AF5EEC08AB0EE680AF1EE10FAA8EECC
:102DD000670AB1EE487A24DDB4EEC08AF1EE10FA4B
:102DE00098BF30EE480AB5EEC00AF1EE10FABFD532
:102DF00030EE080ABCE700F015F9114B9FED110AFF
:102E00001B68036003B0BDEC028B5DF804FBB0EE01
:102E1000480A03B0BDEC028B5DF804FB9FED090A84
:102E2000A6E7B4EEC70AF1EE10FA98BF30EE080A32
:102E3000B5EEC00AF1EE10FA9ADD30EE480A97E7D7
:102E4000F86203000000C07F53EA020C61D02DE954
:102E5000F04BB3FA83F51E0007BFB2FA82F502FA0F
:102E600005F403FA05F41646C5F120051EBF22FA43
:102E700005F73C43203556EA044C4FEA144418BF8A
:102E80000134A3464FF00009C846904271EB030C91
:102E900039D3094207BFB0FA80F700FA07F6B1FA52
:102EA00081F701FA07F6C7F120071EBF20FA07FCD9
:102EB00046EA0C062037B6FBFBFC7F1B103F07F0F1
:102EC0001F04C4F120060CFA04F42CFA06F644BFE1
:102ED00034460026202FA4BF2646002454EA060CC0
:102EE00008BF012418EB040849EB0609A4FB027C87
:102EF000C01B06FB02CC04FB03CC71EB0C0190421F
:102F000071EB030CC5D20B46024649464046BDE86C
:102F1000F08BB2FBF3F20000002816DB002817DD6F
:102F20000022B7EE000A0C4B10F0010F1CBFD3EDCE
:102F3000007A20EE270A401004330028F4DC4AB15E
:102F4000F7EE007A87EE800A704740420122E8E7F8
:102F5000B7EE000A704700BFFC62030038B50446B4
:102F60000846A26842B1236861685D1C8D4208BFB3
:102F700000208B4208D2D054E3682BB121686268EC
:102F8000914201D22146984723680133236038BD1E
:102F900070B54C1E09D41646C5B229463046FFF717
:102FA000DDFF013CB4F1FF3FF7D170BD10F0100F11
:102FB00008D108B510F4007F14BF30202020FFF79F
:102FC000E7FF08BD7047F0B40546084633B10E462A
:102FD0002D2306F8013B6D42344602E00E46FBE726
:102FE0003C46B5FBF2F702FB175329463D46092B39
:102FF0008CBF57333033DBB2274607F8013B914291
:10300000EED200233B702378327804F8012906F8C9
:10301000013BB442F7D8F0BC70470028B8BF40422B
:103020007047000000B5F3F7D3F9024B18445DF880
:1030300004FB00BF0800000008B50A2A01D10028DF
:1030400003DB0023FFF7BFFF08BD0123FFF7BBFF32
:10305000FAE70CB400B587B008AA52F8043B059211
:103060000390002004900291194601A800F022F973
:1030700007B05DF804EB02B070470EB400B586B03F
:1030800007AA52F8041B05920390002304936FF0E3
:103090000043029301A800F00DF906B05DF804EBBF
:1030A00003B0704710B4037883B1044614F8013FAD
:1030B000002BFBD1234614441A46A34208D011F832
:1030C000012B03F8012B002AF6D103E00446F1E7B7
:1030D000002313705DF8044B7047037853B159B166
:1030E0000144034613F8012F12B18B42FAD10B466B
:1030F000181A70470346FBE70346F9E770B40E78E9
:10310000C6B1037833B9002014E0237893B110F8E6
:10311000013F8BB10378002BF9D04C1C0546324699
:103120009A42F4D115F8013F002BEED014F8012B90
:10313000002AF5D170BC70470020FBE710B584B0C1
:103140000C46114602900022039201941A466846EA
:1031500000F0B0F804B010BD844640EA010313F05B
:10316000030F18D18446202A0BD32DE9F007B1E8CC
:10317000F807A0E8F807A2F12002202AF7D2BDE85C
:10318000F007042A07D351F8043B40F8043BA2F1AE
:103190000402042AF7D2002A05D011F8013B00F8F6
:1031A000013B013AF9D1604670478446002A2DD090
:1031B00010F0030F04D000F8011B013A26D0F7E706
:1031C000C9B241EA012141EA0141202A12D3A2F108
:1031D00020022DE9F0030B460C460D460E460F4625
:1031E00088468946A0E8FA03203AFBD2BDE8F003FE
:1031F00020320BD0042A05D340F8041B043A05D032
:10320000042AF9D200F8011B013AFBD1604670474D
:10321000024610F0030F16D111F0030F13D12DE960
:10322000F0004FF001374FF0803351F8044BA4EB1E
:10323000070525EA04051D4002D142F8044BF4E7D6
:10324000A1F10401F0BC11F8013B02F8013B002B95
:10325000F9D1704700F1010110F0030F11D010F8FF
:10326000012B002A23D010F0030F0AD010F8012BF5
:10327000002A1CD010F0030F03D010F8012B002AF5
:1032800015D02DE970004FF001324FF0803350F827
:10329000044BA4EB020525EA04051D4000D1F6E726
:1032A000A0F1040070BC10F8012B002AFBD1A0EBA8
:1032B000010070472DE9F04F2DED048B89B0834656
:1032C0000392002303600D4615F8011B002900F04E
:1032D000BF86DFEDA48A00F0ABBE002607E05E28C3
:1032E00066D146F4805601E046F0400615462A466F
:1032F00012F8010B3028F2D81F2838D9A0F120038A
:10330000102B34D801A151F823F000BFE93203009B
:103310006F3303006F330300513303006F33030037
:103320006F3303006F330300573303006F33030021
:103330006F3303006F3303005D3303006F3303000B
:10334000633303006F3303006F33030069330300FB
:1033500046F08006CAE746F40046C7E746F0200676
:10336000C4E746F01006C1E746F40076BEE72A2817
:103370001ED1039B191D03911F68002FBCBF7F4204
:1033800046F010061078AA1C27EAE7752E2824D0EC
:103390000027742845D07A2843D06C2800F0C280DA
:1033A0004C2800F0C580682800F0D38091463BE0AF
:1033B000A0F13003DBB2092B88BF0027E4D8002737
:1033C00007EB8707303800EB470712F8010BA0F135
:1033D0003003DBB2092BF3D9D6E710782A280AD1BB
:1033E000039B191D03911F6850780232002FD0DB18
:1033F00046F48076CDE70132A0F13003DBB2092B31
:1034000088BF0027F4D8002707EB8707303800EB88
:10341000470712F8010BA0F13003DBB2092BF3D9F7
:10342000E4E7914619F8010B782800F28480DFE880
:1034300010F0210682008200820082008200820059
:10344000820082008200820082008200820082006C
:10345000820082008200820082008200820082005C
:10346000820082008200820082008200820082004C
:10347000820082008200820082008200A30082001B
:10348000820082008200820082008200820082002C
:10349000820082008200820082008200820082001C
:1034A000820082008200820082008200820082000C
:1034B000820082008200820082008200C401E10159
:1034C000E601820082008200820082008200820087
:1034D00082008200820082008200820082008200DC
:1034E00082001E018200820082008200820082002F
:1034F0008200820082008200A9005301C601E3011C
:10350000E801820053018200820082008200B9003B
:103510004101040182008200CE0082004C01820041
:1035200082002001914619F8010B46F001067BE765
:1035300046F0010691460C4B1C68002C00F0748587
:1035400003AB019300972B4632465946A04700F043
:103550006BBD1078682809D002F1010946F0040615
:1035600062E700BF0000C8427449002046F0080628
:1035700002F10209507857E725215846FFF7EEFC83
:1035800000F052BD039B1A1D03921C78013D5A4660
:1035900029463046FFF70AFD21465846FFF7DEFC74
:1035A000B0463AE016F0080F08D0DBF80020039B85
:1035B000191D03911B681A7000F036BD039B1A1D7C
:1035C00003921B68DBF800201A6000F02DBD039BFE
:1035D0001A1D03921C688C4B002C08BF1C4626F455
:1035E000007816F4807F23D039462046FFF775FD1A
:1035F0000646AD1B5A4629464046FFF7D7FC06F162
:10360000FF3A56B12746344417F8011B5846FFF7D6
:10361000A5FCBC42F8D14FF0FF3A18F0100F00F0B3
:1036200003855A4629462020FFF7B2FC00F0FCBC77
:103630002046FFF70FFE0646DBE7039B1A1D0392A9
:103640001B6816F0800F0CBF0024232446F48076FC
:1036500008271A46002B00F0B58404AB4FF0000891
:1036600006F40050DFF8A4C1A64600F068BC46F49A
:10367000005616F0800F1BD043F2780443F2580333
:10368000782818BF1C4616F4807F01D026F40076F7
:1036900016F4804F32D0039B1A1D03921B6816F05C
:1036A000040F1FD01BB2002B20DA5B422D242DE02B
:1036B0000024E8E716F0800F0CBF0024302416F435
:1036C000807FE5D026F40076E2E716F4807F07D00D
:1036D00026F400760024DBE746F480460024D7E792
:1036E0000024D5E716F0080FDDD0DBB216F0200F6E
:1036F00061D116F0400F18BF202407E0039B1A1D6C
:1037000003921B6816F0040F50D09BB216F4807F12
:1037100000F0E48326F400765838202800F239843B
:1037200001A252F820F000BF53360300933F03007C
:10373000933F0300933F0300933F0300933F030035
:10374000933F0300933F0300933F0300933F030025
:10375000933F0300933F0300093F0300933F03009F
:10376000933F0300933F0300933F0300093F03008F
:10377000933F0300933F0300933F0300933F0300F5
:10378000933F0300E13E030053360300933F0300E1
:10379000933F0300933F0300933F0300093F03005F
:1037A000933F0300933F03005336030016F0080FC6
:1037B000ACD0DBB2AAE72B24A8E746F4005646F4C7
:1037C0008066039B073323F0070303F1080203928B
:1037D000D3E90001FFF7CCF908EE100A16F4807F58
:1037E00016D0B7B906F44067B7F5406F14BF00278D
:1037F00001270EE046F4005646F40066E1E746F481
:10380000005646F44066DCE714630300E8620300F8
:103810000627B0EE480AFFF7D5F9002840F0B98036
:10382000B0EE480AFFF7D8F98046002840F0CA8079
:10383000B0EE480AFFF7DAF9002840F0CC8018EE25
:10384000103A08EE103A07A800EE103AFFF710FA07
:10385000079B03EB4303C94A82FB0312DB17C3EB4D
:10386000A2030793B5EE408AF1EE10FA40F0BD8056
:1038700006F44064B4F5806F0AD0B4F5406F40F0B0
:103880006C81079BBB4203DA13F1040F80F2658160
:1038900007984042FFF740FB28EE008A8DED028A30
:1038A000B5EE408AF1EE10FA34D0B0EE480AFFF7D8
:1038B00089F9002840F0AF80F2EE047AB4EEE78A8E
:1038C000F1EE10FA0DDB079BF2EE047A013388EE7D
:1038D000278AB4EEE78AF1EE10FAF7DA8DED028A64
:1038E0000793DDED027AB7EE007AF4EEC77AF1EED7
:1038F00010FA0FD5079B013BF2EE046A1A4667EEF9
:10390000A67A013BF4EEC77AF1EE10FAF6D4CDEDCB
:10391000027A079227B1B4F5406F08BF07F1FF376D
:103920007842FFF7F9FAF6EE007A60EE277A9DED1D
:10393000027A77EE877AB2EE047AF4EEC77AF1EE85
:1039400010FA80F28180B0EE678A002F00F091803B
:1039500006F40863B3F5006F7ED026F4006302938B
:103960007B1DED1A013D16F4805F00F0F380079A8D
:10397000834B83FB0213A3EBE27303EB4303D31AE2
:103980000233042B00F2E480DFE803F099DA969921
:10399000DA00B5EEC08AF1EE10FA0CD416F4005F2E
:1039A000784C794B08BF1C4616F0200F08BF013435
:1039B00026F4807613E616F4005F744C744B08BF4F
:1039C0001C46F5E716F4005F724C734B08BF1C46AB
:1039D00026F4807603E646F06006F1EE487A17EEAC
:1039E000903A2EE7079B0133079307980130FFF7C2
:1039F00093FAB4EEC08AF1EE10FAF3DC02E0079B12
:103A0000013B07930798FFF787FAB4EEC08AF1EEFF
:103A100010FAF4D42CE7B5EEC08AF1EE10FA0CD40B
:103A200016F4005F574C584B08BF1C4616F0200F89
:103A300008BF013426F48076D1E516F4005F534CBC
:103A4000534B08BF1C46F5E7079B01330793B2EEC3
:103A5000047A87EE878A78E7092FA8BF09273846B6
:103A6000FFF75AFA60EE087AFCEEE77A17EE903A22
:103A70004BB926F400630293053D16F080073FF42E
:103A800072AF47466EE7454AA2FB0312D20802EB2B
:103A90008202B3EB420F7FF460AF4049A1FB0323E6
:103AA000DB08013FE5D0A1FB0302D20802EB820252
:103AB000B3EB420FF2D050E74FF0010808E0F2EE0E
:103AC000047A27EE888A013A0792013D4FF00208F6
:103AD00027EAE77716F0600F18BF05F1FF35079862
:103AE000FFF79BFA6328C8BF05F1FF35F0EE487A6F
:103AF000BCEEC87A17EE104AB8EE478A37EEC88A8D
:103B000025EAE57A029B13F4047F00F0D580029B3E
:103B100013F0200F00F0DE8013F0400F14BF2D21B2
:103B20002B215846FFF71AFA029B13F0100F00F0F2
:103B3000DB801B4E08F10055013D06EBC505EAE0B0
:103B400028EE888A023A0792023D4FF00308BFE749
:103B5000D046BDE74FF00108BCE716F4806F3ED0B9
:103B6000079B0E2B3ADC0133FC1A092CA8BF092451
:103B700016F0800F16D0274631E000BF67666666F4
:103B8000565555552C630300346303001C63030032
:103B9000246303003C63030040630300CDCCCCCC22
:103BA00048630300BB426BD0F6EE009AB2EE049A73
:103BB0002046FFF7B1F928EE000A30EE290AFFF798
:103BC0001FF8F0EE490AFFF7C1F8B5EE400AF1EE32
:103BD00010FA57D1013CEBD1274600E0474626F4C6
:103BE00080630293079B7842A3F108028242C8BF18
:103BF000A3F10900FFF790F94FF0FF30FFF756F8F7
:103C000038EE008AB0EE489A07980130FFF784F941
:103C1000B4EEC08AF1EE10FA02DD079B0133079380
:103C20000798002840DB09282EDCFCEEC97A17EE45
:103C3000904AB8EE678A39EE488A002307932046F7
:103C40000021092C35D9DFF858C44FF0010808F1DC
:103C50000108FCE90223994208BF9042F7D207EB22
:103C60000803079A1344ED1A06F080033B4318BF7C
:103C700005F1FF3516F0600F18BF05F1FF353FE77E
:103C80002746ACE72746AAE7A0F109030793C0F14E
:103C90000900FFF741F929EE009AFCEEC97A17EE08
:103CA000904A08EE108ACAE7002407944FF00108F2
:103CB000D5E74FF00108D2E7002D7FF728AF202588
:103CC0005646013E29465846FFF748F9002EF8D1DE
:103CD000B2461CE7029B13F0400F3FF425AF2021B2
:103CE0005846FFF73BF91FE7BAF1000F3FF421AF49
:103CF00030255646013E29465846FFF72FF9002E3B
:103D0000F8D1B24615E74FF0300C61465846FFF740
:103D100025F9B04515D0D5E90023A846083D002176
:103D2000994208BF9442EED34FF0300C0CF1010CD5
:103D30005FFA8CFCA41A0021994208BF9442F5D284
:103D4000E3E7029B13F4006449D1002F55D1029B95
:103D500013F0800F40F09181029B13F4806F2FD0FD
:103D600013F4005F14BF452165215846FFF7F6F8AC
:103D7000079B002BC0F294802B215846FFF7EEF8EA
:103D80000799632900F394800799C14C84FB0132A1
:103D9000C917C1EBA2013031C9B25846FFF7DEF8AE
:103DA000079B84FB0324D917C1EBA40101EB81011C
:103DB000A3EB410303F13001C9B25846FFF7CEF837
:103DC000BAF1000F00F0308120245546013D214614
:103DD0005846FFF7C3F8002DF8D1AA4624E1079B07
:103DE000002BB2DD3025013B079329465846FFF7EB
:103DF000B5F8079B002BF6DCA7E72E215846FFF706
:103E0000ADF83D46092FA8BF092525EAE5757F1BBA
:103E10008CB10798281AFFF77FF820EE088AFCEE8D
:103E2000C87A17EE904A7DB305F10055013D994BD4
:103E300003EBC50519E02846FFF76EF820EE088A67
:103E4000FCEEC87A17EE904AEDE70CF1010C5FFA30
:103E50008CFCA41A0021994208BF9442F5D2614615
:103E60005846FFF77BF8B0450ED0D5E90023A846A9
:103E7000083D0021994208BF944202D34FF0300C14
:103E8000E3E74FF0300CEAE7002F3FF465AF302452
:103E9000013F21465846FFF761F8002FF8D15BE754
:103EA0002D215846FFF75AF8079B5B42079367E7B7
:103EB000794C84FB0132C917C1EB62113031C9B2B0
:103EC0005846FFF74BF8079A84FB0231D317C3EB30
:103ED0006113642101FB1323079355E701271BE4BA
:103EE0001A464FF00008002B55D004A94FF00008E7
:103EF00003F00703303301F8013B08F10108D20851
:103F00001346002AF4D146E019464FF00008002B72
:103F100041D04FF0000806F4004E4FF02C0ADFF8B5
:103F200084C17346A6461C4624E002F00F015B4C98
:103F3000615C03F8011B08F10108120906D0002892
:103F4000F3D002F00F011CF80110F2E7744622E0F2
:103F500008AB03EB0800ACFB0132D20802EB820392
:103F6000A1EB4303303300F8103C08F101080929A4
:103F70000DD91146002CEBD008F00303032BE7D139
:103F800008AB434403F810AC08F10108E0E77446BD
:103F900001E04FF00008A7EB080727EAE777ED1BE1
:103FA000A5EB0805FF2C10D9023D16F4007F11D0B7
:103FB000C4F307215846FEF7D1FFE1B25846FEF799
:103FC000CDFF12E04FF00008E5E7002C5BD116F4BE
:103FD000007F0AD15A4629463046FEF7E7FFFF2CFC
:103FE00098BF00252CD8002CE7D15A4629463046E8
:103FF000FEF7DCFF5A4639463020FEF7C9FFB8F11C
:10400000010A0ED404AB54461C4498462178274636
:104010005846FEF7A3FF444504F1FF34F6D14FF0B4
:10402000FF3A16F0100F0DD14D4615F8011B79B16E
:1040300025293FF452A95846FEF790FFA946F3E719
:104040000025B5E75A4629462020FEF7A1FFEBE7F9
:10405000DBF808303BB1DBF80020DBF804108A42C3
:104060003CBF00219954DBF8000009B0BDEC048B83
:10407000BDE8F08F4FF0FF30F7E72E215846FEF7EE
:104080006DFF3D46C3E6013D16F4007FABD1A1E7CD
:1040900067666666486303001F85EB51D8620300BC
:0840A00050630300CDCCCCCC31
:0840A800ED8A02000000000097
:1040B000190A0300000000009D1303007C35002056
:1040C000550203009C350020190803000000000081
:1040D00007190300342B00206716030090350020D9
:1040E0008DCB02000000000049D00200000000005B
:0440F00061C70200A2
:0840F400158B02000000000022
:1040FC000122030000000000D52203000000000094
:04410C0091EA020032
:1041100000000000382C0020D9660200433A5C55AC
:10412000736572735C507572766573685C446F6317
:10413000756D656E74735C4769744875625C547222
:1041400061636B46575F4643435C3372645F7061E3
:104150007274795C6E5246355F53444B5F31365C06
:10416000636F6D706F6E656E74735C6C69627261A3
:10417000726965735C74696D65725C6170705F749F
:10418000696D6572322E630001000600FFFFFFFFBC
:10419000FFFFFFFFFFFFFFFFFFFFFFFF000000002B
:1041A000000000000000D60106010000433A5C5503
:1041B000736572735C507572766573685C446F6387
:1041C000756D656E74735C4769744875625C547292
:1041D00061636B46575F4643435C3372645F706153
:1041E0007274795C6E5246355F53444B5F31365C76
:1041F000636F6D706F6E656E74735C6C6962726113
:10420000726965735C756172745C6170705F756111
:1042100072745F6669666F2E63000000433A5C55F6
:10422000736572735C507572766573685C446F6316
:10423000756D656E74735C4769744875625C547221
:1042400061636B46575F4643435C3372645F7061E2
:104250007274795C6E5246355F53444B5F31365C05
:10426000636F6D706F6E656E74735C6C69627261A2
:10427000726965735C7574696C5C6170705F75748C
:10428000696C5F706C6174666F726D2E6300000004
:104290002E2E2F3372645F70617274792F6E5246C6
:1042A000355F53444B5F31362F696E7465677261B9
:1042B00074696F6E2F6E7266782F6E7266785F67A4
:1042C0006C75652E680000002E2E2F3372645F70AF
:1042D000617274792F6E5246355F53444B5F3136AD
:1042E0002F6D6F64756C65732F6E7266782F6861C1
:1042F0006C2F6E72665F7274632E6800433A5C5571
:10430000736572735C507572766573685C446F6335
:10431000756D656E74735C4769744875625C547240
:1043200061636B46575F4643435C3372645F706101
:104330007274795C6E5246355F53444B5F31365C24
:10434000636F6D706F6E656E74735C6C69627261C1
:10435000726965735C74696D65725C6472765F72B4
:1043600074632E63000000000000000000000000E5
:104370000338FDD8704700002E2E2F3372645F7013
:10438000617274792F6E5246355F53444B5F3136FC
:104390002F636F6D706F6E656E74732F6C696272D0
:1043A00061726965732F6578706572696D656E7489
:1043B000616C5F73656374696F6E5F766172732F92
:1043C0006E72665F73656374696F6E5F6974657240
:1043D0002E6800002E2E2F3372645F706172747924
:1043E0002F6E5246355F53444B5F31362F636F6DEE
:1043F000706F6E656E74732F6C696272617269653D
:10440000732F6D757465782F6E72665F6D74782E7C
:1044100068000000433A5C55736572735C507572B6
:10442000766573685C446F63756D656E74735C4725
:1044300069744875625C547261636B46575F4643AA
:10444000435C3372645F70617274795C6E5246359E
:104450005F53444B5F31365C636F6D706F6E656E9A
:1044600074735C6C69627261726965735C70777297
:104470005F6D676D745C6E72665F7077725F6D679B
:104480006D742E6300000000F0400300F440030050
:1044900004000000433A5C55736572735C5075729A
:1044A000766573685C446F63756D656E74735C47A5
:1044B00069744875625C547261636B46575F46432A
:1044C000435C3372645F70617274795C6E5246351E
:1044D0005F53444B5F31365C636F6D706F6E656E1A
:1044E00074735C6C69627261726965735C65787023
:1044F0006572696D656E74616C5F73656374696F15
:104500006E5F766172735C6E72665F736563746909
:104510006F6E5F697465722E63000000433A5C55EC
:10452000736572735C507572766573685C446F6313
:10453000756D656E74735C4769744875625C54721E
:1045400061636B46575F4643435C3372645F7061DF
:104550007274795C6E5246355F53444B5F31365C02
:10456000636F6D706F6E656E74735C6C696272619F
:10457000726965735C736F72746C6973745C6E726C
:10458000665F736F72746C6973742E630000000051
:10459000433A5C55736572735C50757276657368E7
:1045A0005C446F63756D656E74735C4769744875C0
:1045B000625C547261636B46575F4643435C33727F
:1045C000645F70617274795C6E5246355F53444B20
:1045D0005F31365C696E746567726174696F6E5CB9
:1045E0006E7266785C6C65676163795C6E72665F3B
:1045F0006472765F636C6F636B2E63002E2E2F33B5
:1046000072645F70617274792F6E5246355F5344E5
:104610004B5F31362F696E746567726174696F6EB6
:104620002F6E7266782F6E7266785F676C75652E76
:1046300068000000433A5C55736572735C50757294
:10464000766573685C446F63756D656E74735C4703
:1046500069744875625C547261636B46575F464388
:10466000435C3372645F70617274795C6E5246357C
:104670005F53444B5F31365C6D6F64756C65735C82
:104680006E7266785C647269766572735C7372636D
:104690005C6E7266785F636C6F636B2E6300000004
:1046A0002E2E2F3372645F70617274792F6E5246B2
:1046B000355F53444B5F31362F696E7465677261A5
:1046C00074696F6E2F6E7266782F6E7266785F6790
:1046D0006C75652E680000002E2E2F3372645F709B
:1046E000617274792F6E5246355F53444B5F313699
:1046F0002F6D6F64756C65732F6E7266782F6861AD
:104700006C2F6E72665F6770696F2E680000000024
:10471000433A5C55736572735C5075727665736865
:104720005C446F63756D656E74735C47697448753E
:10473000625C547261636B46575F4643435C3372FD
:10474000645F70617274795C6E5246355F53444B9E
:104750005F31365C6D6F64756C65735C6E72667824
:104760005C647269766572735C7372635C6E7266A8
:10477000785F6770696F74652E630000433A5C551B
:10478000736572735C507572766573685C446F63B1
:10479000756D656E74735C4769744875625C5472BC
:1047A00061636B46575F4643435C3372645F70617D
:1047B0007274795C6E5246355F53444B5F31365CA0
:1047C0006D6F64756C65735C6E7266785C6472693B
:1047D000766572735C7372635C7072735C6E726622
:1047E000785F7072732E63002E2E2F3372645F70A9
:1047F000617274792F6E5246355F53444B5F313688
:104800002F696E746567726174696F6E2F6E726660
:10481000782F6E7266785F676C75652E6800000091
:104820002E2E2F3372645F70617274792F6E524630
:10483000355F53444B5F31362F6D6F64756C657314
:104840002F6E7266782F68616C2F6E72665F67706C
:10485000696F2E6800000000433A5C5573657273FF
:104860005C507572766573685C446F63756D656ED8
:1048700074735C4769744875625C547261636B461B
:10488000575F4643435C3372645F70617274795C56
:104890006E5246355F53444B5F31365C6D6F6475C5
:1048A0006C65735C6E7266785C647269766572734F
:1048B0005C7372635C6E7266785F7370696D2E6391
:1048C000000000002E2E2F3372645F7061727479C5
:1048D0002F6E5246355F53444B5F31362F696E74ED
:1048E0006567726174696F6E2F6E7266782F6E7273
:1048F00066785F676C75652E680000002E2E2F337A
:1049000072645F70617274792F6E5246355F5344E2
:104910004B5F31362F6D6F64756C65732F6E7266E9
:10492000782F68616C2F6E72665F6770696F2E6892
:1049300000000000433A5C55736572735C507572F9
:10494000766573685C446F63756D656E74735C4700
:1049500069744875625C547261636B46575F464385
:10496000435C3372645F70617274795C6E52463579
:104970005F53444B5F31365C6D6F64756C65735C7F
:104980006E7266785C647269766572735C7372636A
:104990005C6E7266785F756172742E630000000051
:1049A000EDB102002E2E2F3372645F706172747944
:1049B0002F6E5246355F53444B5F31362F696E740C
:1049C0006567726174696F6E2F6E7266782F6E7292
:1049D00066785F676C75652E680000002E2E2F3399
:1049E00072645F70617274792F6E5246355F534402
:1049F0004B5F31362F6D6F64756C65732F6E726609
:104A0000782F68616C2F6E72665F6770696F2E68B1
:104A100000000000433A5C55736572735C50757218
:104A2000766573685C446F63756D656E74735C471F
:104A300069744875625C547261636B46575F4643A4
:104A4000435C3372645F70617274795C6E52463598
:104A50005F53444B5F31365C6D6F64756C65735C9E
:104A60006E7266785C647269766572735C73726389
:104A70005C6E7266785F75617274652E630000000B
:104A800069C002002E2E2F3372645F7061727479D8
:104A90002F6E5246355F53444B5F31362F696E742B
:104AA0006567726174696F6E2F6E7266782F6E72B1
:104AB00066785F676C75652E680000002E2E2F33B8
:104AC00072645F70617274792F6E5246355F534421
:104AD0004B5F31362F6D6F64756C65732F6E726628
:104AE000782F68616C2F6E72665F6770696F2E68D1
:104AF00000000000433A5C55736572735C50757238
:104B0000766573685C446F63756D656E74735C473E
:104B100069744875625C547261636B46575F4643C3
:104B2000435C3372645F70617274795C6E524635B7
:104B30005F53444B5F31365C6D6F64756C65735CBD
:104B40006E7266785C647269766572735C737263A8
:104B50005C6E7266785F7477696D2E63000000008A
:104B60000338FDD8704700002E2E2F3372645F701B
:104B7000617274792F6E5246355F53444B5F313604
:104B80002F6D6F64756C65732F6E7266782F686118
:104B90006C2F6E72665F6770696F2E680000000090
:104BA0004E52465F5057525F4D474D545F455654E5
:104BB0005F505245504152455F5359534F4646004E
:104BC0004E52465F5057525F4D474D545F455654C5
:104BD0005F505245504152455F57414B455550003B
:104BE000456E746572696E67204446552C20796F56
:104BF00075206D6179206861766520746F20666923
:104C000078207468697320636F6465004E52465F54
:104C10005057525F4D474D545F4556545F50524573
:104C2000504152455F52455345540000433A5C554C
:104C3000736572735C507572766573685C446F63FC
:104C4000756D656E74735C4769744875625C547207
:104C500061636B46575F4643435C6663635F6F6E99
:104C600079785F325C6D61696E2E63707000000050
:104C70000A46524F4D3A20253032783A2530327864
:104C80003A253032783A253032783A253032783A3F
:104C9000253032782025640A0000000052737369C1
:104CA0003A25640A00000000424154543A25660A3D
:104CB00000000000736B69707065642073656E643A
:104CC000696E672025640A004E6F746966696564C1
:104CD00020776974682041434B0A0000536F667463
:104CE00064657669636520617373657274656421B8
:104CF0000A0000000A526563656976656420646194
:104D00007461202825642062797465732920667295
:104D10006F6D20424C45204E55533A200000000054
:104D2000253032583A0000000A000000434F4E463A
:104D300049475F44555400006572726F7220636F7B
:104D400064653A2025640A0072616D206572726F95
:104D50007220636F64653A2025640A0072616D5F9A
:104D600073746172743A2030782025780A0000004C
:104D70007564206661696C0A00000000446174611A
:104D8000206C656E2069732073657420746F203009
:104D9000782558282564290A000000004154542031
:104DA0004D54552065786368616E676520636F6D4B
:104DB000706C657465642E2063656E7472616C201E
:104DC00030782578207065726970686572616C2032
:104DD000307825780A00000055445F53746172747E
:104DE0002E2E2E210A0000001B5B33346D424C45F1
:104DF00020526164696F2053656C65637465640A51
:104E00001B5B306D000000001B5B33326D43656C33
:104E10006C20526164696F2053656C6563746564CE
:104E20000A1B5B306D0000001B5B33326D43656C09
:104E30006C20435720526164696F205472616E7315
:104E40006D69740A1B5B306D000000001B5B33341E
:104E50006D424C4520526164696F205472616E73DB
:104E60006D69740A1B5B306D000000001B5B3333FF
:104E70006D43656C6C2F424C4520526164696F2014
:104E8000536C6565700A1B5B306D00001B5B333231
:104E90006D43454C4C20496E74657276616C2052AE
:104EA0006164696F20726563656976650A1B5B30B2
:104EB0006D0000001B5B33356D2D2D2D2D2D2D2DFF
:104EC0007363616E4475726174696F6E3A20256414
:104ED0000A1B5B306D0000001B5B33346D424C4598
:104EE00020526164696F205363616E0A1B5B306DF1
:104EF00000000000446F206E6F74206D6561737553
:104F000072652074656D70657261747572650A00F2
:104F10001B5B33326D4C6F526120526164696F20AC
:104F20005472616E736D69740A1B5B306D00000012
:104F30001B5B33326D43656C6C20496E7465727611
:104F4000616C20526164696F207265636569766582
:104F50000A1B5B306D0000001B5B33326D43656CD8
:104F60006C204D6F64756C61746564205261646976
:104F70006F205472616E736D69740A1B5B306D0033
:104F80001B5B33326D43656C6C204D6F64756C61D7
:104F900074656420526164696F2052656365697647
:104FA000650A1B5B306D00005273736954483A25E3
:104FB0003032582C2042617474563A253032580AE7
:104FC000000000006D696C6C69732025640A0000A4
:104FD000706F776572206D676D742D3E20656E74FD
:104FE00072696E670A000000706F776572206D67E6
:104FF0006D742D3E2065786974696E670A00000043
:105000004F54413A2025640A000000006164765440
:10501000696D653A2025640A00000000626C6574C1
:10502000786C6576656C2864293A2025640A00004E
:10503000736C65657054696D653A2025640A0000DB
:105040007363616E4475726174696F6E3A20256492
:105050000A0000004D4F44453A2025640A00000034
:105060001B5B33346D6368616E6E656C3A2025643A
:105070000A1B5B306D0000001B5B33356D43656CB4
:105080006C20526164696F205458206F722052580E
:105090003A2025640A1B5B306D0000001B5B333532
:1050A0006D6368616E6E656C3A2025640A1B5B3027
:1050B0006D0000001B5B33356D63656C6C706F7742
:1050C00065726C6576656C3A2025640A1B5B306DF1
:1050D000000000001B5B33356D63656C6C7278708B
:1050E0006F7765726C6576656C3A2025640A1B5B88
:1050F000306D00004D4143203D20253032583A2587
:105100003032583A253032583A253032583A253024
:1051100032583A253032580025730A005363616EC5
:105120003A202564094164763A20256409536C6568
:1051300065703A2025640A006E5246257820566133
:105140007269616E743A2025632563256325630ABD
:10515000000000007061636B6167653A2025780A82
:105160000000000044657649443A20257825780AF5
:10517000000000001B5B33326D4C6F526120352004
:105180007365636F6E64204357205472616E736D54
:1051900069740A1B5B306D001B5B33326D4C6F52C0
:1051A0006120436F6E74696E756F7573204357206D
:1051B0005472616E736D69740A1B5B306D00000080
:1051C000FFFFFFFF02FF00000000004000000000A2
:1051D0004C6F526120726164696F20696E6974203E
:1051E0006661696C65640A00545820706F77657257
:1051F000206368616E67656420746F3A2025640AD5
:10520000000000001B5B33326D4C6F526120436F16
:105210006E74696E756F7573205472616E736D690B
:10522000740A1B5B306D000069643D25732D2D2DC4
:105230002D2D68656C6C6F001B5B33326D4C6F52AB
:105240006120496E74657276616C205472616E7370
:105250006D69740A1B5B306D000000001B5B33320C
:105260006D4C6F526120496E74657276616C20548A
:1052700072616E736D6974310A1B5B306D000000E2
:105280001B5B33326D4C6F526120436F6E74696EDD
:10529000756F757320526563656976650A1B5B30AF
:1052A0006D0000001B5B33326D4C6F526120496E04
:1052B00074657276616C20526563656976650A1B58
:1052C0005B306D002D2D2D2D3E2046696E616C20CA
:1052D000544D503131372054656D70203D202533B9
:1052E0002E32662025430A001B5B34366D496E69F9
:1052F0007469616C697A696E67206D6F64656D0AA7
:105300001B5B306D000000001B5B33356D63656C0B
:105310006C20496E74657276616C205265636569B4
:1053200076650A1B5B306D0053746F7070696E6731
:105330002068616C6C206566666563742074696DB5
:1053400065720A0048616C6C20656666656374204E
:1053500074696D6572206576656E742068616E642F
:105360006C65720A000000004E6F7420656E6F75E8
:105370006768207377697065730A000053746172FF
:1053800074696E672068616C6C206566666563741D
:105390002074696D657220666F72202564206D69C6
:1053A0006C6C697365636F6E64730A006170705F23
:1053B00074696D65725F63726561746520666F7292
:1053C0002068616C6C206566666563742074696D25
:1053D0006572206661696C65643A2025640A000084
:1053E0006170705F74696D65725F7374617274204F
:1053F000666F722068616C6C2065666665637420F8
:1054000074696D6572206661696C65643A20256413
:105410000A00000068616C6C2074726967676572CD
:1054200065640A006E7266785F6770696F74655FA5
:10543000696E5F696E6974206661696C6564206677
:105440006F722068616C6C2065666665637420739A
:10545000656E736F720A000053544154455F534F99
:10546000435F494E49540A0053544154455F424FEB
:105470004152445F494E49540A000000535441547C
:10548000455F474154545F5345525645520A000008
:1054900053544154455F534C4545500A00000000A9
:1054A00053544154455F424C455F434F4E545F4314
:1054B000575F54580A00000053544154455F424C12
:1054C000455F434F4E545F4D43575F54580A0000A9
:1054D00053544154455F424C455F434F4E545F52D5
:1054E000580A000053544154455F424C455F494EB1
:1054F000545F43575F54580A00000000535441540E
:10550000455F424C455F494E545F4D43575F545889
:105510000A00000053544154455F424C455F494ED8
:10552000545F52580A00000053544154455F424CA6
:10553000455F494E545F43575F54585F52580A00C5
:1055400053544154455F424C455F494E545F4D436F
:10555000575F54585F52580A00000000535441549A
:10556000455F4C54455F434F4E545F43575F54581B
:105570000A00000053544154455F4C54455F434F6B
:105580004E545F4D43575F54580A000053544154E2
:10559000455F4C54455F434F4E545F52580A0000DC
:1055A00053544154455F4C54455F494E545F4357F3
:1055B0005F54580A0000000053544154455F4C5456
:1055C000455F494E545F4D43575F54580A000000F1
:1055D00053544154455F4C54455F494E545F5258B3
:1055E0000A00000053544154455F44454255470A60
:1055F0000000000044454641554C543A2053544164
:1056000054455F534C4545500A0000004C6F5261B1
:1056100020726164696F20696E69742073756363B9
:105620006573730A00000000667265713A20256494
:105630000A0000007077723A2025640A000000001A
:1056400048656C6C6F20576F726C642C20546869CD
:1056500073206973204C6F7261204D6F64756C61AB
:105660007465642043617272696572205761766562
:105670000A0D0000C82D0020B0330020D0330020D8
:10568000F03300205465726D696E616C000000009B
:10569000525454005345474745520000433A5C5525
:1056A000736572735C507572766573685C446F6382
:1056B000756D656E74735C4769744875625C54728D
:1056C00061636B46575F4643435C3372645F70614E
:1056D0007274795C6E5246355F53444B5F31365C71
:1056E000636F6D706F6E656E74735C626C655C6326
:1056F0006F6D6D6F6E5C626C655F636F6E6E5F7316
:10570000746174652E6300009ECADC240EE5A9E076
:1057100093F3A3B50000406E2E2E2F3372645F709A
:10572000617274792F6E5246355F53444B5F313648
:105730002F636F6D706F6E656E74732F6C6962721C
:1057400061726965732F6578706572696D656E74D5
:10575000616C5F73656374696F6E5F766172732FDE
:105760006E72665F73656374696F6E5F697465728C
:105770002E680000433A5C55736572735C50757215
:10578000766573685C446F63756D656E74735C47B2
:1057900069744875625C547261636B46575F464337
:1057A000435C3372645F70617274795C6E5246352B
:1057B0005F53444B5F31365C636F6D706F6E656E27
:1057C00074735C736F66746465766963655C636F3C
:1057D0006D6D6F6E5C6E72665F7364682E63000041
:1057E000010000070C4103000C4103000800000009
:1057F000F4400300FC40030008000000FC400300EC
:105800000C410300080000002E2E2F3372645F70DD
:10581000617274792F6E5246355F53444B5F313657
:105820002F636F6D706F6E656E74732F6C6962722B
:1058300061726965732F6578706572696D656E74E4
:10584000616C5F73656374696F6E5F766172732FED
:105850006E72665F73656374696F6E5F697465729B
:105860002E680000433A5C55736572735C50757224
:10587000766573685C446F63756D656E74735C47C1
:1058800069744875625C547261636B46575F464346
:10589000435C3372645F70617274795C6E5246353A
:1058A0005F53444B5F31365C636F6D706F6E656E36
:1058B00074735C736F66746465766963655C636F4B
:1058C0006D6D6F6E5C6E72665F7364685F626C654F
:1058D0002E630000B0400300F04003000800000009
:1058E0002E2E2F3372645F70617274792F6E524660
:1058F000355F53444B5F31362F636F6D706F6E654C
:105900006E74732F6C69627261726965732F65784A
:10591000706572696D656E74616C5F7365637469DF
:105920006F6E5F766172732F6E72665F73656374FC
:10593000696F6E5F697465722E680000433A5C554A
:10594000736572735C507572766573685C446F63DF
:10595000756D656E74735C4769744875625C5472EA
:1059600061636B46575F4643435C3372645F7061AB
:105970007274795C6E5246355F53444B5F31365CCE
:10598000636F6D706F6E656E74735C736F66746455
:1059900065766963655C636F6D6D6F6E5C6E726674
:1059A0005F7364685F736F632E630000A840030039
:1059B000B0400300080000000000000000000000EC
:1059C000B5230300C1230300F923030000000000F6
:1059D0000338FDD87047000080070000BC070000B6
:1059E000010000003A0700007607000002000000F6
:1059F000AE060000F906000003000000AE0600003D
:105A0000DB06000004000000380300005103000022
:105A10000500000070030000930300000800000070
:105A2000BB020000CC0200000C00000009030000D3
:105A3000130300000D0000002F0300003E030000D0
:105A4000120000003E0300004D03000013000000A0
:105A5000400300005E030000140000003A0700004D
:105A60007B070000190000002E0300005103000016
:105A70001A000000BF020000EC0200001C00000041
:105A8000AE060000F4060000420000003E080000E0
:105A90007A080000010000008A070000C607000025
:105AA000020000000D07000058070000030000007E
:105AB0003E0800006B0800000400000065030000C1
:105AC0007E030000050000009D030000C0030000ED
:105AD00008000000D9020000EA0200000C000000EB
:105AE000EA020000F40200000D0000006B03000059
:105AF0007A030000120000003E0300004D03000086
:105B0000130000001703000035030000140000001C
:105B10008A070000CB070000190000005B030000AB
:105B20007E0300001A000000F602000023030000BC
:105B30001C0000003E080000980800004200000021
:105B400022676C6F62616C646174612E696F74228C
:105B500000000000226962617369732E696F74220C
:105B60000000000022686F6C6F6772616D22000098
:105B70002262726F616462616E642200226D326D16
:105B80002E74656C75732E696F74220022746561C2
:105B90006C220000226D326D2E636F6D2E61747465
:105BA0007A220000212121205741524E3A204E42B4
:105BB000496F5420436F6D6D206572726F720A00D9
:105BC000212121205741524E3A204E42496F542004
:105BD0004669666F206572726F720A004E42496FA5
:105BE000542053657269616C206D6F64756C65201B
:105BF000696E697469616C697A65640D0A000000F8
:105C000073656E64696E672041542B4346554E3D63
:105C1000300A000041542B4346554E3D300D0A00DA
:105C20005265706C79203D2025730A0073656E649F
:105C3000696E672041542B4346554E3F0A000000D1
:105C400041542B4346554E3F0D0A000073656E6468
:105C5000696E672020415425485756455253494F95
:105C60004E0A0000415425485756455253494F4E5D
:105C70000D0A00004E524639313630204857205622
:105C8000657273696F6E206973203D2025730A0069
:105C90004154255853595354454D4D4F44453F0D9C
:105CA0000A0000004E5246393136302053595354C1
:105CB000454D204D4F4445206973203D2025730AF2
:105CC0000000000073656E64696E67204154254EC4
:105CD00043454C4C4D4541530A0000004154254E6C
:105CE00043454C4C4D4541530D0A000073656E64AD
:105CF000696E672041542358544350434F4E4E3FE2
:105D00000A00000041542358544350434F4E4E3F25
:105D10000D0A00002B58544350434F4E4E3A203149
:105D20000D0A4F4B0D00000073656E64696E6720AD
:105D300041542B434744434F4E543F0A0000000058
:105D400041542B434744434F4E543F0D0A0000003B
:105D50002C0000004E42496F5420436F6E6E656305
:105D600074656420746F204E6574776F726B3A208F
:105D700025730A0073656E64696E672041542B4376
:105D800046554E3D310A000041542B4346554E3D89
:105D9000310D0A0073656E64696E672041542358A3
:105DA0004750533D312C330A000000004154235822
:105DB0004750533D312C330D0A00000073656E646B
:105DC000696E672041542358534F434B45543D312E
:105DD0002C320A0041542358534F434B45543D3114
:105DE0002C320D0A0000000073656E64696E672036
:105DF00041542358534F434B45543D312C310A00F5
:105E000041542358534F434B45543D312C310D0AD7
:105E10000000000073656E64696E6720415423586A
:105E2000534F434B45543D300A000000436C6F73A1
:105E3000696E6720536F636B65740A004154235881
:105E4000534F434B45543D300D0A000041542358F5
:105E500042494E443D25730D0A00000073656E648F
:105E6000696E672025730000415423585443504302
:105E70004F4E4E3D222573222C25730D0A00000043
:105E8000436F756C646E277420636F6E6E65637408
:105E900020746F20544350205365727665722052EF
:105EA00065706C79203D2025730A0000436F6E6E8B
:105EB000656374656420746F205443502053657289
:105EC000766572205265706C79203D2025730A003A
:105ED00073656E64696E6720415425585359535455
:105EE000454D4D4F44453D312C312C302C300A006E
:105EF0004154255853595354454D4D4F44453D3118
:105F00002C312C302C300D0A0000000073656E64BB
:105F1000696E672041542B4352534D0A0000000024
:105F200041542B4352534D3D3137362C31323235AB
:105F3000382C302C302C31300D0A00005265706C3A
:105F400079206973203D2025730A000073656E6413
:105F5000696E67204154255849434349440A00006B
:105F60004154255849434349440D0A0053494D20A3
:105F70004943434944206973203D2025730A0000AA
:105F800041542558444545505345415243483D31BD
:105F90000D0A00004E5246393136302058444545EE
:105FA00050534541524348206973203D2025730AD0
:105FB000000000004154235855445053454E44546A
:105FC0004F3D2235302E3131362E392E313939229E
:105FD0002C323434322C222573220D0A00000000AA
:105FE0002D2D2D3E204E42496F542073656E6469FD
:105FF0006E672075647020646174613A20257300B7
:106000004154235855445053454E44544F3D222546
:1060100073222C25732C222573220D0A0000000008
:106020004154235854435053454E443D2225732533
:1060300073220D0A000000002D2D2D3E204E4249F6
:106040006F542073656E64696E672074637020649A
:10605000617461203D2025730000000041542358E5
:10606000544350524543563D25732C25730D0A0069
:106070000A0000005265636569766520544350202C
:1060800044617461204C656E206973202564205240
:1060900065706C79203D2025730A0A00235854430B
:1060A00050524543563A2000526563656976696EE1
:1060B000672055445020646174612066726F6D20C2
:1060C000436C6F75640A0000415423585544505284
:1060D00045435646524F4D3D2235302E3131362EF6
:1060E000392E313939222C323434332C3130302CA2
:1060F00031300D0A00000000526563656976656401
:10610000205265706C79203D2025730A0000000044
:10611000415423585544505245435646524F4D3DE5
:10612000222573222C25732C25732C257300000047
:1061300041542B434553510D0A0000005369676ECB
:10614000616C205175616C697479206973202573C5
:106150000A0000004E43454C4C4D454153207265AA
:106160007475726E6564203D2025730A000000007E
:106170004552524F5200000041542B43434C4B3F79
:106180000D0A000043434C4B2072657475726E65B6
:1061900064203D2025730A00220000002F0000002B
:1061A0003A0000002D00000043656C6C20526574BD
:1061B00075726E65642054696D653A2025733A25C1
:1061C000733A25732C20446174653A2025735C254D
:1061D000735C25730A00000041542B434552454728
:1061E0003F0D0A0041542B434F50533F0D0A00000E
:1061F000434F50532072657475726E6564203D2064
:1062000025730A00257800004E42496F5420436FE1
:106210006D6D616E6420526573706F6E73652042A0
:106220007566666572204F766572666C6F770A0ACE
:10623000000000004F4B0D002D2D2D2D2D2D3E204B
:10624000434552454720524553502069730A000088
:1062500025730A0052582042616E643A2025640A70
:1062600000000000415425585246544553543D0007
:1062700025732C25732C25732C25732C25732C3119
:106280002C342C302C302C302C302C302C300D0A6F
:106290000000000025732C25732C25732C25732CEE
:1062A00025732C312C302C312C312C302C312C30CE
:1062B0002C300D0A000000002D2D2D3E204E4249AD
:1062C0006F542073656E64696E6720435720646164
:1062D0007461203D20257300303132333435363738
:1062E000383961626364656630313233343536374C
:1062F0003839414243444546210000000000204116
:106300000000C84200401C4620BCBE4CCA1B0E5AAE
:10631000AEC59D74286E756C6C2900002D494E46E3
:10632000000000002D696E66000000002B494E46FB
:10633000000000002B696E66000000004E414E0018
:106340006E616E000000000001000000000000000F
:106350000A000000000000006400000000000000CF
:10636000E80300000000000010270000000000000B
:10637000A08601000000000040420F000000000065
:10638000809698000000000000E1F5050000000084
:1063900000CA9A3B0000000000E40B540200000019
:1063A00000E87648170000000010A5D4E8000000BF
:1063B00000A0724E1809000000407A10F35A000045
:1063C0000080C6A47E8D03000000C16FF28623000A
:1063D00000008A5D78456301000064A7B3B6E00D54
:0863E0000000E8890423C78ACC
:1063E80000100140110004000000000000200040DF
:1063F8000000000000200040000000000090D003D2
:1064080008000000050000001400000000C06444FB
:1064180008000000CEFFFFFF170000000800000082
:1064280081FFFFFFE7FFFFFF0700000059000000A2
:1064380049540100783500200100040000000000E4
:106448000000000000000000000000000000000044
:106458002C2B002000000000FFFF140001000200A8
:106468000400000064000000E8030000701700004A
:10647800E803000000010000000000000000000028
:1064880000000000CC3A00201F0000001F000000A0
:0C6498003C000000040000002800000090
:040000032000635D19
:00000001FF
