:020000022000DC
:10600000000001205D630200B9630200BB6302006F
:10601000BD630200BF630200C16302000000000014
:10602000000000000000000000000000C363020048
:10603000C563020000000000C7630200C9630200DC
:10604000A1900200CB6302007D9D020075A30200B7
:10605000B5CF0200CB6302009D9A0200CB63020021
:10606000CB630200CB630200CB630200CB63020070
:10607000CB630200CB630200CB630200CB63020060
:10608000CB630200697B0200CB630200CB6302009A
:10609000CB630200CB63020069300300CB630200D4
:1060A000CB630200CB630200CB630200CB63020030
:1060B000CB630200CB630200000000000000000080
:1060C000CB630200CB630200CB630200CB63020010
:1060D000CB630200CB630200CB6302000000000030
:1060E00000000000000000000000000000000000B0
:1060F00000000000000000000000000000000000A0
:10610000000000000000000000000000000000008F
:10611000000000000000000000000000000000007F
:10612000000000000000000000000000000000006F
:10613000000000000000000000000000000000005F
:10614000000000000000000000000000000000004F
:10615000000000000000000000000000000000003F
:10616000000000000000000000000000000000002F
:10617000000000000000000000000000000000001F
:10618000000000000000000000000000000000000F
:1061900000000000000000000000000000000000FF
:1061A00000000000000000000000000000000000EF
:1061B00000000000000000000000000000000000DF
:1061C00000000000000000000000000000000000CF
:1061D00000000000000000000000000000000000BF
:1061E00000000000000000000000000000000000AF
:1061F000000000000000000000000000000000009F
:10620000354936480A1A02D0072291438D4634494F
:1062100034480A1A06D00722914381F309880222E2
:1062200082F3148830483149314A00F044F831484B
:106230003149324A00F03FF831483249324A00F0E1
:106240003AF832483249334A00F035F83248334997
:10625000334A00F030F833483349344A00F02BF821
:1062600033483449344A00F026F83448344900228F
:1062700000F02CF833483449002200F027F8334866
:106280003349091A082902DB002202604160314AC1
:1062900090471F481F49884205D00268043003B464
:1062A000904703BCF7E700208646EC46002000211B
:1062B000294A9047FEE7884207D0521A05D0037852
:1062C00001300B700131013AF9D17047884202D098
:1062D00002700130FAE770470000012000E0002062
:1062E0000000012000000120C8A40300D82A0020DB
:1062F000C82B0020D0630200D0630200707C030032
:10630000C8A40300D82A0020D82A0020D47C030087
:10631000D47C0300D87C0300D47C0300D47C03002D
:10632000D47C0300D87C0300D87C0300C8A40300FD
:10633000B8A50300C82B0020C82B0020C82B0020C4
:10634000A84A0020A84A0020B04A0020B04A0020F5
:10635000B06A00208563020051F5020000F036B8F3
:106360000F484FF00701884385460E4880470E4886
:10637000016841F470010160BFF34F8FBFF36F8F6D
:10638000FFF73EBF09480A490A4A884207D0521A15
:1063900005D0037801300B700131013AF9D1704713
:1063A00000000120FD81020088ED00E0D47C0300A4
:1063B000D82A0020D82A0020FEE7FEE7FEE7FEE705
:1063C000FEE7FEE7FEE7FEE7FEE7FEE7FFF7C8BFF2
:1063D00000487047A04A002086B0039002910192C5
:1063E00001238DF817309DF81730214A039B136065
:1063F0001F4A029B53601E4A019B9360039B44F219
:106400000102934213D0039B44F20202934221D132
:10641000019B174AD360164BDB681B881A46144B46
:106420009A61134BDB685B68114AD36112E0019BF0
:106430000F4A13610E4B1B699B680D4A53610C4B4D
:106440001B691B680A4A9361094B1B695B68084A10
:10645000D36100BF72B600BF00BF9DF81730DBB23A
:10646000002BFAD162B600BF00BF06B0704700BF74
:10647000C82B002000B583B002900091019244F235
:10648000010071466A4600F003F803B000BD00BF8A
:1064900000B587B003900291019272B600BF039BD2
:1064A00044F20202934217D0039B44F20202934249
:1064B00018D8039B44F20102934210D0039B44F28C
:1064C000010293420ED8039B012B0DD0039B41F296
:1064D000010293420AD005E0019B059307E0019B6E
:1064E000049304E000BF02E000BF00E000BF084BDF
:1064F0001B6803F00103002B00D000BE019A029933
:106500000398FFF769FF00BF07B05DF804FB00BF09
:10651000F0ED00E084B00190019B9B680393019B28
:10652000DA68039BD31A184604B0704782B0019012
:106530000B468DF80330019B1A68019BDB680199BB
:1065400089880B4013449DF803201A70019BDB6877
:106550005A1C019BDA6000BF02B0704784B0039000
:106560000B460192ADF80A30039B1A68039B9968A9
:10657000BDF80A300B44039989880B4013441A78FC
:10658000019B1A7000BF04B0704700B583B0019042
:106590000091009A00210198FFF7E0FF019B9B68A2
:1065A0005A1C019B9A6000BF03B05DF804FB84B0E5
:1065B000039002911346ADF80630029B002B01D1E7
:1065C0000E231DE0BDF80630002B07D0BDF80630C5
:1065D0005A1EBDF806301340002B01D009230FE0EE
:1065E000039B029A1A60BDF80630013B9AB2039BE6
:1065F0009A80039B00229A60039B0022DA600023AA
:10660000184604B0704700B583B001900B468DF872
:1066100003300198FFF77EFF0246019B9B889A4258
:1066200007D89DF8033019460198FFF77FFF002334
:1066300000E00423184603B05DF804FB00B583B006
:10664000019000910198FFF765FF0346002B05D0EC
:1066500000990198FFF799FF002300E005231846F1
:1066600003B05DF804FB82B00190019BDA68019BE6
:106670009A600023184602B070470000F0B583B05E
:10668000124801F057FA034618464FF00001104B2C
:10669000D3E90023861841EB0307CDE900670D4BD2
:1066A000D3E90023DDE90001994208BF904207D2F7
:1066B000DDE9002312F1807443F10005CDE90045C6
:1066C000DDE900231046194603B0F0BDD82A0020AA
:1066D000F02B0020F82B002088B001900091019B46
:1066E0000793009B0693079BD3E90223CDE904237C
:1066F000069BD3E90223CDE90223DDE90423DDE98A
:106700000201994208BF90422CBF01230023DBB253
:10671000184608B07047000030B585B00190019B65
:106720005B69002B03D12B49A22007F0C1F800239D
:106730008DF80F30284B1B78002B45D0019B002B88
:1067400042D0019B1B7FDBB2002B3DD0FFF796FFB1
:10675000019BD3E90223994208BF90422CD3019BAD
:106760001B69002B02D1019B00221A77019B5B69F8
:10677000019A926910469847019B1B69002B23D010
:10678000019B1B7FDBB2002B1ED0019BD3E90201D2
:10679000019B1B691A464FF00003841841EB030567
:1067A000019BC3E90245019B19460C4801F060FCBE
:1067B00001238DF80F3007E0019B1946074801F0CF
:1067C00057FC01238DF80F309DF80F30184605B0A7
:1067D00030BD00BFE47C0300EC2B0020D87C03001C
:1067E000F0B589B0019000910D230793009B002222
:1067F0001A70019BD3E90245FFF740FF02460B46A2
:10680000A61A65EB0307CDE90467DDE90423012A35
:1068100073F100031BDB049BB3F5350F05D300F0C8
:10682000B7FA0246154B134403E0019BD3E9022358
:10683000134603934FF49603039A0021104801F086
:106840007BF80790079B002B05D1012313E0002163
:106850000B4801F049F9079B0D2B07D10198FFF771
:106860005BFF03461A46009B1A7003E00549F520BA
:1068700007F01EF80023184609B0F0BDFFFFB40072
:10688000D82A0020E47C030000B583B0044801F05E
:1068900029FC0190019B184603B05DF804FB00BF82
:1068A000D87C030000B583B0044801F03DFC0190A2
:1068B000019B184603B05DF804FB00BFD87C0300C1
:1068C00000B583B0FFF7E0FF0190019B002B02D0E1
:1068D000019B00221A77019B002BF3D100BF00BF60
:1068E00003B05DF804FB0000054BD3E9002312F16F
:1068F000807043F10001024BC3E9000100BF704703
:10690000F02B002000B583B00190134B1B68002BC7
:106910001DD0019801F00EF90F4B1B68D3E902233B
:10692000134623F07F43194600F026FA0346B3F5D9
:10693000960F04D309494FF4957006F0B9FF064B42
:106940001B681846FFF7E8FE034B00221A6000BFE1
:1069500003B05DF804FB00BFE82B0020E47C0300DB
:1069600000B583B00190FFF789FE02460B4603494C
:10697000C1E9002300BF03B05DF804FBF82B002041
:1069800000B587B00190FFF78DFF049000238DF8CC
:106990001730049B002B48D02B4B1B68002B03D1D6
:1069A00001238DF8173019E0049BD3E90201264B2F
:1069B0001B68D3E90223994208BF90420ED20123FB
:1069C0008DF81730204B1B681B7FDBB2002B05D0E6
:1069D0001D4B1B6819461D4801F04AFB9DF81730F6
:1069E000002B2AD0FFF750FF04900DF10F0319463A
:1069F0000498FFF7F5FE0346002B12D0124B1B68DC
:106A0000002B02D1019800F0A3FE0F4A049B1360F3
:106A10009DF80F3083F00103DBB2002BB3D000BF31
:106A20000EE0094B00221A60ADE7074B1B68002BF4
:106A300005D1019800F0A2FE01E000BF00E000BF18
:106A400000BF07B05DF804FBE82B0020D87C0300F2
:106A500000B587B001902C4A03AB1946104601F0EF
:106A600066F9059048E0059B1B78022B2ED0022B7F
:106A700032DC002B02D0012B14D02DE0059B5B688B
:106A80001B7FDBB283F00103DBB2002B26D0059B1A
:106A90005B6801221A77059B5B6819461B4801F069
:106AA000E7FA1BE0059B5A68194B1B689A4203D111
:106AB000174B00221A6012E0059B5B6819461348C9
:106AC00001F046FB03468DF8133008E0FFF7F8FEAF
:106AD000104B01221A7002E000BF00E000BF0A4A1A
:106AE00003AB1946104601F03BF9074A03AB1946C0
:106AF000104601F01CF90590059B002BB3D100BF97
:106B000000BF07B05DF804FB582C0020D87C0300C0
:106B1000E82B0020EC2B002000B583B001900198F9
:106B200000F0D5FF0346002B01D0FFF7DDFE00216A
:106B3000019800F0EAFF0346002B02D00198FFF70E
:106B4000E1FE0121019800F0E0FF0346002B02D096
:106B50000198FFF705FF0198FFF77AFF0198FFF70B
:106B60000FFF00BF03B05DF804FB000008B502484A
:106B700000F0EDFF00BF08BDD82A002000B585B0A9
:106B8000034600918DF80730114A02AB19461046B2
:106B900001F0A0F80390039B002B13D0039B9DF8FA
:106BA00007201A70039B009A5A60094A02AB1946E3
:106BB000104601F0A8F80346002B01D0FFF7D6FFDE
:106BC000002300E00423184605B05DF804FB00BF75
:106BD000582C002000B583B0164B1B680093164854
:106BE00008235822154901F042F80190019B002B1F
:106BF00001D0019B19E06B46114A1946114800F07B
:106C000047FD0190019B002B01D0019B0DE001216C
:106C10000C4800F04BFF01230B4A0121094800F00A
:106C2000C3FD0A4B01221A70019B184603B05DF8A0
:106C300004FB00BF507D0300582C0020002C0020D6
:106C4000196B0200D82A0020FFFF7F00EC2B0020E8
:106C500000B587B003900B4601928DF80B30039B73
:106C6000002B04D1134940F22E2006F021FE019B97
:106C7000002B04D10F4940F22F2006F019FE019B92
:106C8000002B01D1072310E0039B1B680593059B94
:106C9000019A5A619DF80B30012B0CBF0123002390
:106CA000DBB21A46059B1A610023184607B05DF84F
:106CB00004FB00BFE47C030030B587B00390029171
:106CC0000192039B002B04D1154940F23E2006F0AF
:106CD000EFFD039B0593059B1B7FDBB2002B01D0CF
:106CE00000231AE0059B019A9A61FFF7C7FC029BFB
:106CF0001A464FF00003841841EB0305059BC3E9D6
:106D00000245059B1B69002B02D0059B029A1A6164
:106D100005990020FFF732FF0346184607B030BD43
:106D2000E47C030000B585B00190019B002B04D1E9
:106D300009494FF4157006F0BBFD019B0393039BBB
:106D400000221A7703990120FFF718FF034618461F
:106D500005B05DF804FB00BFE47C030008B5054BFB
:106D600000221A7000210220FFF708FF0346184690
:106D700008BD00BFEC2B002082B001900091019A69
:106D8000009BD31A23F07F43184602B070470000DF
:106D900008B5034800F0CEFE0346184608BD00BF04
:106DA000D82A002000B583B00190019B1B781A46B9
:106DB0000C4B9B5C002B05D0019B0433184604F060
:106DC00011FE0BE0019B1B781A46064B9B5C002BC7
:106DD00004D1019B0C33184603F082FE00BF03B0C0
:106DE0005DF804FBDC2C002000B587B00390029115
:106DF00013468DF8073000230593039B1B781A4632
:106E0000114B9B5C002B09D0039B04339DF807209A
:106E10000299184604F03CFE05900FE0039B1B7896
:106E20001A46094B9B5C002B08D1039B0C339DF841
:106E300007200299184603F0CBFE0590059B1846E3
:106E400007B05DF804FB00BFDC2C002000B585B066
:106E5000019000238DF80F30019B1B781A46114BCF
:106E60009B5C002B08D0019B0433184604F0CEFE37
:106E700003468DF80F300EE0019B1B781A46094B34
:106E80009B5C002B07D1019B0C33184603F028FFB5
:106E900003468DF80F309DF80F30184605B05DF8A9
:106EA00004FB00BFDC2C002000B587B003900291EA
:106EB00013468DF8073000230593039B1B781A4671
:106EC000114B9B5C002B09D0039B04339DF80720DA
:106ED0000299184604F0B2FE05900FE0039B1B7860
:106EE0001A46094B9B5C002B08D1039B0C339DF881
:106EF00007200299184603F04BFF0590059B1846A2
:106F000007B05DF804FB00BFDC2C002084B00190CA
:106F1000019B9B680393019BDA68039BD31A184675
:106F200004B0704700B587B001900091019B1B78B9
:106F3000022B45D0022B6ADC002B52D0012B66D1EC
:106F4000019B1B7A002B05D1012233493348FFF7FF
:106F5000ABFF5DE0019B5B681B7819463048FFF78B
:106F600052FB0590059B002B0AD001238DF80C30B5
:106F7000059B04932B4B1B6803AA104698470DE012
:106F80002748FFF7C3FF0346002B07D000238DF8E7
:106F90000C30244B1B6803AA104698472048FFF783
:106FA000B5FF03461E4A9288934205D801221A492A
:106FB0001A48FFF779FF2BE01B4B01221A7027E0DC
:106FC00002238DF80C30019BDB68049301221249E7
:106FD0001248FFF769FF134B1B6803AA1046984736
:106FE00016E012491248FFF729FB0346002B05D192
:106FF00001220E490948FFF7F7FE09E003238DF847
:107000000C30084B1B6803AA1046984700E000BFED
:1070100000BF07B05DF804FB742C0020E02A0020BC
:10702000782C00206C2C0020752C0020702C002067
:10703000882C002030B591B00390029101928DF818
:1070400003303C4A019B1360029B002B01D10723B4
:107050006DE0029B1968029B5B689BB21A4636483A
:10706000FFF7A5FA0F900F9B0E930E9B002B01D0FC
:107070000E9B5CE0029B9968029BDB689BB21A4600
:107080002E48FFF794FA0F900F9B0D930D9B002B4A
:1070900001D00D9B4BE02A4B04AC1D460FCD0FC415
:1070A00095E80F0084E80F00039B5B690A93039B3C
:1070B0001B7C002B14BF01230023DBB28DF824308E
:1070C0009DF803308DF82C30039B5B7C002B01D0A6
:1070D0000E2300E000238DF82530039BDB68069328
:1070E000039B9B680793039B1B680593039B5B684B
:1070F000049304AB134A1946134801F0A7FD0F90FF
:107100000F9B0C930C9B002B01D00C9B0FE00F4BA3
:1071100000221A70039B1B68B3F1FF3F06D00122C7
:107120000B490948FFF7C0FE034600E0002318465C
:1071300011B030BD6C2C0020782C0020882C002051
:10714000547D0300256F0200E02A0020752C0020EA
:10715000742C002000B585B00D48FFF784FA039029
:10716000039B0293029B002B01D0029B0BE009487A
:10717000FFF779FA0390039B0193019B002B01D049
:10718000019B00E00023184605B05DF804FB00BF3A
:10719000782C0020882C002000B587B00190019B3E
:1071A000002B03D11449CA2006F082FB134B1B7835
:1071B0008DF8173001991248FFF740FA04909DF8B6
:1071C0001730002B12D00D4B00221A7001220D49EE
:1071D0000D48FFF769FE0390039B0293029B002B6F
:1071E00004D0054AD6210298FFF744F9049B1846BB
:1071F00007B05DF804FB00BF747D0300752C002010
:10720000782C0020742C0020E02A002000B585B0E6
:1072100003468DF807309DF8073019461048FFF7F0
:10722000F2F90390039B002B15D10E48FFF70EFED9
:10723000034683F00103DBB2002B0CD00A49084857
:10724000FFF7FCF90346002B05D10122064905484A
:10725000FFF7CAFD0390039B184605B05DF804FBD9
:10726000882C0020E02A0020702C002008B503485C
:10727000FFF74CFE0346184608BD00BF782C0020DF
:1072800008B50348FFF78EFD0023184608BD00BF70
:10729000E02A002082B0EFF310830093009B01935B
:1072A00072B600BF019B184602B0704762B600BFBD
:1072B00000BF704700B585B00190FFF7EBFF03906A
:1072C000164B9B68002B1BD1144B01229A60144B68
:1072D000D3F88020134B1340104A1360104B114A0F
:1072E000C3F880200E4BD3F884300C4A53600C4B0B
:1072F0004FF0FF32C3F88420019B00221A7002E095
:10730000019B01221A70039B002B01D1FFF7CEFFD6
:107310000023184605B05DF804FB00BF982C002040
:1073200000E100E0FC06FFBD00B585B003468DF826
:107330000730104B9B68002B16D09DF80730002BB0
:1073400012D1FFF7A7FF03900B4A0A4B1B6813608B
:10735000094A084B5B685360064B00229A60039B06
:10736000002B01D1FFF7A2FF0023184605B05DF8FE
:1073700004FB00BF982C002000E100E000B583B0C2
:10738000019000F02BF80346012B03D00549432060
:1073900006F08EFA0198FFF78DFF00BF03B05DF88D
:1073A00004FB00BFE47D030000B583B003468DF805
:1073B000073000F013F80346012B03D00649512093
:1073C00006F076FA9DF807301846FFF7ADFF00BFCC
:1073D00003B05DF804FB00BFE47D030084B0EFF36D
:1073E00005830193019BC3F308030393039B002BC5
:1073F0000DD1EFF314830093009B0293029B03F0E3
:107400000103002B0CBF01230023DBB200E00123AA
:10741000184604B07047000082B003468DF807306C
:107420009DF8073003F01F0205499DF907305B09FD
:10743000012000FA02F241F8232000BF02B0704799
:1074400000E100E082B003468DF807309DF8073078
:1074500003F01F0206499DF907305B09012000FA7D
:1074600002F2403341F8232000BF02B0704700BF52
:1074700000E100E082B0034600918DF807309DF9ED
:107480000730002B0CDA009BDAB20C499DF807306C
:1074900003F00F03043B5201D2B20B441A7609E009
:1074A000009BDAB206499DF907305201D2B20B4473
:1074B00083F8002300BF02B0704700BF00ED00E07A
:1074C00000E100E000B583B003460A468DF80730BE
:1074D00013468DF806309DF80630012B03D99DF830
:1074E0000630032B0BD99DF80630042B03D99DF8E9
:1074F0000630072B03D908496B2006F0D9F99DF80F
:1075000006209DF9073011461846FFF7B3FF00BF6C
:1075100003B05DF804FB00BF587E030000B583B0E4
:1075200003468DF807309DF907301846FFF774FFC2
:1075300000BF03B05DF804FB00B585B00190019B6E
:10754000002B0AD0074B43F001030393019B9B01DF
:107550000293039B0298984700E000BF05B05DF8D6
:1075600004FB00BF307F030084B0039002910192BE
:10757000039B029A02F5A872019943F8221000BFFA
:1075800004B0704782B001900091019B009A02F50F
:10759000A87253F82230184602B0704782B00190AA
:1075A0000091019B009AC3F8042300BF02B070470A
:1075B00082B001900091019B009AC3F8082300BF9C
:1075C00002B0704782B001900B46ADF80230BDF8B2
:1075D0000230019A13441B68184602B0704784B009
:1075E00001900B46ADF80230BDF80230019A134409
:1075F00000221A60BDF80230019A13441B680393FD
:10760000039B00BF04B0704782B00190019BD3F888
:107610000435184602B0704700B583B00190009160
:10762000009BB3F5805F04D306494FF4BE7006F0AB
:107630003FF9019B009AC3F8082500BF03B05DF82D
:1076400004FB00BF907E030082B001900B468DF8D2
:1076500003309DF80320019B13441A460123136055
:1076600000BF02B0704782B001900091019B009A68
:10767000C3F8442300BF02B0704782B0019000916C
:10768000019B009AC3F8482300BF02B07047000076
:1076900000B587B0039002910192039B002B03D1A8
:1076A0002849552006F004F9029B002B03D12549F7
:1076B000562006F0FDF8019B002B03D121495720ED
:1076C00006F0F6F8039B5B7919461F4A019B42F8C6
:1076D0002130039B5B791D4ADB0013441B79002B8F
:1076E00003D008230593059B27E0039B1A68029BA0
:1076F0001B8819461046FFF78FFF039B93F9042060
:10770000029B9B7819461046FFF7DCFE039B93F91A
:1077100004301846FFF702FF039B5B790B4ADB003E
:10772000134401221A71039B5B791946074A039B94
:1077300042F8313000230593059B184607B05DF8E9
:1077400004FB00BFC47E0300A42C0020A82C002052
:1077500000B583B00190019B002B03D1064987201F
:1077600006F0A6F8019B1B6800211846FFF76CFF86
:1077700000BF03B05DF804FBC47E030000B583B016
:107780000190019B002B03D106498D2006F090F853
:10779000019B1B6804211846FFF756FF00BF03B08A
:1077A0005DF804FBC47E030000B587B0039002912E
:1077B00001928DF80330039B002B03D121499620C1
:1077C00006F076F84FF48032029B02FA03F3059339
:1077D000029B50339BB29B00ADF81230019B23F00B
:1077E0007F430193039B1B6805991846FFF7E0FE52
:1077F000039B1B6805991846FFF73FFF039B1B6817
:10780000BDF8122011461846FFF7E9FE039B1B68DE
:10781000019A02991846FFF7A7FE039B1B6805997A
:107820001846FFF720FF9DF80330002B05D0039B7F
:107830001B6805991846FFF7B1FE00BF07B05DF859
:1078400004FB00BFC47E030000B585B00390029125
:1078500013468DF80730039B002B03D10B49A92059
:1078600006F026F8039B1B6802991846FFF7FBFEFB
:107870009DF80730002B05D0039B1B680299184622
:10788000FFF78CFE00BF05B05DF804FBC47E03006B
:1078900000B583B001900091019B002B03D10A49F0
:1078A000B32006F005F8019B1B6800991846FFF706
:1078B000E4FE019B1B6800991846FFF779FE00BFA4
:1078C00003B05DF804FB00BFC47E030000B583B0C5
:1078D00001900B46ADF80230019B002B03D10F49FC
:1078E000BA2005F0E5FF019B1B68BDF80220114698
:1078F0001846FFF767FE0346002B09D0019B1B6863
:10790000BDF8022011461846FFF769FE012300E08A
:107910000023184603B05DF804FB00BFC47E0300DB
:1079200082B001900091019A009BD31A23F07F430B
:10793000184602B07047000000B58BB0039002916A
:1079400001920093039B002B03D15749CD2005F0F2
:10795000AFFF4FF48032029B02FA03F30993029BBC
:1079600050339BB29B00ADF82230019B23F07F4344
:10797000019309990398FFF78BFF039B1B68184637
:10798000FFF742FE0790039B1B6802991846FFF71A
:10799000F9FD0690039B1B68079A02991846FFF7AA
:1079A000E3FD039B1B68BDF8222011461846FFF734
:1079B00016FE07990698FFF7B3FF0346012B0AD17D
:1079C0001020FFF7B9FD039B1B68BDF8222011466C
:1079D0001846FFF704FE039B1B681846FFF714FECA
:1079E000079007990198FFF79BFF0590039B1B6881
:1079F00009991846FFF737FE059B012B15D1039B0C
:107A00001868019B01331A460299FFF7ADFD10205B
:107A1000FFF792FD039B1B681846FFF7F5FD024632
:107A2000079B934235D00D2339E0039B1B68019AD5
:107A300002991846FFF798FD039B1B681846FFF74D
:107A4000E3FD0790019B013B07991846FFF768FF8C
:107A50000590009BC3F1FF1303F57F43059A9A42FB
:107A600001D90D231BE0059B002B12D1039B186845
:107A7000019B01331A460299FFF776FD039B1B68B1
:107A80001846FFF7C1FD0246079B934201D00D2324
:107A900005E0012209990398FFF7D6FE0023184656
:107AA0000BB05DF804FB00BFC47E030000B583B0DB
:107AB00001900B468DF803309DF803301A460221E1
:107AC0000198FFF7C1FE00BF03B05DF804FB00B5ED
:107AD00083B001904FF482710198FFF7F7FE0346DF
:107AE000184603B05DF804FB00B583B00190009127
:107AF0004FF48032009B02FA03F319460198FFF716
:107B0000C7FE00BF03B05DF804FB00B585B001906F
:107B10000091009B50339BB29B00ADF80E30BDF836
:107B20000E3019460198FFF7D1FE0346184605B0FE
:107B30005DF804FB00B583B00190019B1B681846FB
:107B4000FFF762FD0346184603B05DF804FB00B57D
:107B500083B00190019B93F904301846FFF772FC43
:107B600000BF03B05DF804FB08B5044B1B68044A72
:107B700012681046984700BF08BD00BFA42C002023
:107B8000A82C002086B001900091019B53E8011FB2
:107B90008AB2D88902449889824228BF121A188969
:107BA000824202BFBFF32F8F002307E0C2EA010227
:107BB00043E801200028E9D14FF001038DF80F3090
:107BC000059002910492029A009B1A609DF80F3072
:107BD000DBB2184606B0704784B00190019951E8B5
:107BE000013FC3EA034341E80132002AF7D103927F
:107BF000029300BF04B0704786B001900091019BD2
:107C000053E8021F1FFAA1F2D888824202BFBFF3D5
:107C10002F8F00230DE0D88902449889824228BF23
:107C2000121AC1EA024243E802200028E8D14FF0CC
:107C300001038DF80F30059002910492029A009B87
:107C40001A609DF80F30DBB2184606B0704784B05A
:107C50000190019951E8023FC3EA234341E802320F
:107C6000002AF7D10392029300BF04B0704784B09A
:107C70000390029111461A460B46ADF806301346A2
:107C8000ADF80430029B002B01D10E231FE0BDF89C
:107C90000630BDF80420B3FBF2F102FB01F29B1A9F
:107CA0009BB2002B01D0092311E0039B029A1A60BA
:107CB000039B00225A60039B00229A60039BBDF83D
:107CC00006209A81039BBDF80420DA810023184620
:107CD00004B0704700B585B001900091009B194633
:107CE0000198FFF74FFF0346002B07D0019B1B684D
:107CF000009A128813440393039B00E00023184664
:107D000005B05DF804FB00B583B001900091009BC5
:107D10001A88009B5B889A4204D10198FFF75CFFA8
:107D2000012300E00023184603B05DF804FB00B512
:107D300085B001900091009B19460198FFF75CFF08
:107D40000346002B07D0019B1B68009A52881344FE
:107D50000393039B00E00023184605B05DF804FB85
:107D600000B583B001900091009B1A88009B5B884E
:107D70009A4204D10198FFF76AFF012300E0002333
:107D8000184603B05DF804FB00B585B00190009182
:107D9000009B5B099B00019A1A44009B03F01F03A0
:107DA000012101FA03F31946104600F036F803905A
:107DB00000BF05B05DF804FB00B585B001900091EF
:107DC000009B5B099B00019A1A44009B03F01F0370
:107DD000012101FA03F3DB431946104600F035F8A0
:107DE000039000BF05B05DF804FB82B001900091E4
:107DF000009B5B099B00019A13441A68009B03F0E7
:107E00001F0322FA03F303F00103002B14BF012325
:107E10000023DBB2184602B0704710B487B001905F
:107E20000091019B009A53E8004F44EA020043E8A6
:107E3000000191F0000FF6D1059404900391049B8A
:107E4000184607B05DF8044B704710B487B0019036
:107E50000091019B009A53E8004F04EA020043E8B6
:107E6000000191F0000FF6D1059404900391049B5A
:107E7000184607B05DF8044B7047000082B0034617
:107E80008DF807309DF8073003F01F0206499DF971
:107E900007305B09012000FA02F2603341F8232029
:107EA00000BF02B0704700BF00E100E000B583B042
:107EB0000190019B002B03D10649722005F0F8FCCC
:107EC000019B00221A60BFF35F8F00BF00BF03B0A9
:107ED0005DF804FB947F030041DF704700BF184644
:107EE00000B585B000238DF803300DF1030318466B
:107EF000FFF744FAF1EE103A0193019B0393039BC1
:107F000023F09F030293029BE1EE103A00BFBFF300
:107F10005F8F00BF2620FFF7B1FF9DF803301846A2
:107F2000FFF742FA039B03F00703002B03D0044939
:107F30007D2005F0BDFC00BF05B05DF804FB00BF6F
:107F4000D47F030008B5064B00221A700548FFF7DE
:107F5000ADFF0549054800F02FF80023184608BD7D
:107F6000B42C0020B02C002048800300B82C002046
:107F700000B583B0FFF7B4FF0BF048F80346002BC1
:107F80000ED0FFF7A9FF0190019B002B0ED0019BA3
:107F9000022B0BD007494FF4B07005F089FC05E0C7
:107FA00020BF00BF40BF00BF20BF00BF00BF03B065
:107FB0005DF804FBD47F030000B583B0019000910D
:107FC000019B002B03D11049502005F071FC009B50
:107FD000002B03D10C49512005F06AFC019B009A4B
:107FE0001A60019B1B681A68019B5A60019B5A68C2
:107FF000019B1B685B689A4202D1019B00225A6078
:1080000000BF03B05DF804FB5480030000B583B0EB
:108010000190019B002B03D11449632005F048FC1B
:10802000019B1B68002B03D11049642005F040FC24
:10803000019B5B68002B14D0019B5B681A46019B77
:108040001B689B6813441A46019B5A60019B5A683F
:10805000019B1B685B689A4204D1019B00225A6015
:1080600000E000BF03B05DF804FB00BF54800300D4
:1080700000B585B001900091019B002B03D11849F8
:108080003A2005F015FC009B002B03D114493B203E
:1080900005F00EFC019B5B6803930FE0019B9B685E
:1080A000039A1268009910469847034683F001032B
:1080B000DBB2002B07D1039B1B680393039B1B6858
:1080C000002BEBD100E000BF039B1A68009B1A60F5
:1080D000039B009A1A6000BF05B05DF804FB00BF67
:1080E000DC80030000B585B00190019B002B03D11B
:1080F0000C49512005F0DCFB019B5B681B68039376
:10810000019B5B681B68002B06D0019B5B681A68AB
:10811000019B5B6812681A60039B184605B05DF806
:1081200004FB00BFDC80030000B583B00190019B1D
:10813000002B03D105495D2005F0BAFB019B5B686C
:108140001B68184603B05DF804FB00BFDC80030029
:1081500000B585B001900091019B002B03D1164919
:10816000692005F0A5FB009B002B03D112496A2072
:1081700005F09EFB00238DF80F30019B5B68029396
:108180000FE0029B1B68009A9A4207D1009B1A6875
:10819000029B1A6001238DF80F3006E0029B1B68DA
:1081A0000293029B1B68002BEBD19DF80F30184601
:1081B00005B05DF804FB00BFDC800300BFF34F8F08
:1081C00000BF074BDB6803F4E0620549054B13432E
:1081D000CB60BFF34F8F00BF00BF00BFFCE700BF05
:1081E00000ED00E00400FA05024B034A1A6000BFEC
:1081F000704700BFF42A00200090D00308B500F0BB
:1082000097F90346002B06D0B74B1B681B0AB74AE9
:1082100003F01F03136000F0B7F90346002B02D0F0
:10822000B34BB44A1A6000F0CBF90346002B06D0DA
:10823000B14B1B685B0BB14A03F00703136000F0FE
:10824000EBF90346002B05D0AD4BDB68AC4A23F0BD
:108250008073D36000F0FCF90346002B0ED04FF082
:1082600080430022C3F80C214FF080430022C3F862
:1082700010214FF080430022C3F8382500F014FA93
:108280000346002B02D09F4B03221A6000F028FA0D
:108290000346002B0BD09C4B05221A609B4B0122FE
:1082A0001A609B4B00221A609A4B3F221A6000F022
:1082B00033FA0346002B76D04FF08053964AD3F81A
:1082C0000434C2F820354FF08053934AD3F8083471
:1082D000C2F824354FF080538F4AD3F80C34C2F8DB
:1082E00028354FF080538C4AD3F81034C2F82C351F
:1082F0004FF08053884AD3F81434C2F830354FF029
:108300008053854AD3F81834C2F834354FF080537F
:10831000814AD3F81C34C2F840354FF080537E4A6E
:10832000D3F82034C2F844354FF080537A4AD3F85A
:108330002434C2F848354FF08053774AD3F82834B4
:10834000C2F84C354FF08053734AD3F82C34C2F83E
:1083500050354FF08053704AD3F83034C2F854355A
:108360004FF080536C4AD3F83434C2F860354FF084
:108370008053694AD3F83834C2F864354FF08053DB
:10838000654AD3F83C34C2F868354FF08053624AEE
:10839000D3F84034C2F86C354FF080535E4AD3F8BE
:1083A0004434C2F8703500F0D3F90346002B05D0F1
:1083B0005A4B1B685A4A03F04F03136000F0F4F95C
:1083C0000346002B0DD04FF08043D3F8003403F068
:1083D0000103002B05D04FF080436FF00102C3F87A
:1083E000002400F00DFA0346002B05D04D4B1B680E
:1083F0004C4A43F4806313604B4BD3F888304A4AAD
:1084000043F47003C2F88830BFF34F8F00BFBFF34F
:108410006F8F00BF4FF01023D3F80C3203F001032D
:10842000012B25D1414B0122C3F8042500BF3F4B4E
:10843000D3F80034002BFAD04FF01023D3F80C32CD
:108440004FF0102223F00103C2F80C3200BF374B6B
:10845000D3F80034002BFAD0344B0022C3F80425A3
:1084600000BF324BD3F80034002BFAD0FFF7A6FE42
:108470004FF01023D3F80032002B05DB4FF0102310
:10848000D3F80432002B2BDA284B0122C3F8042541
:1084900000BF264BD3F80034002BFAD04FF0102346
:1084A0001522C3F8002200BF204BD3F80034002B64
:1084B000FAD04FF010231522C3F8042200BF1B4B43
:1084C000D3F80034002BFAD0184B0022C3F804254F
:1084D00000BF164BD3F80034002BFAD0FFF76EFE26
:1084E000FFF782FE00BF08BD2403001040350140A5
:1084F00074C007400DF0ADBA440200103C050040C6
:10850000F0ED00E0A0050040105600408856004005
:10851000185600401456004000C000405802001099
:10852000E40E00403C17004000ED00E000E0014098
:10853000124B1B68DBB2062B1DD1114B1B6803F0DD
:108540000F03002B17D10F4B1B6803F0F003302BE8
:1085500001D1012310E00B4B1B6803F0F003402B0B
:1085600001D1012308E0074B1B6803F0F003502BF7
:1085700001D1012300E0002318467047E00F00F00E
:10858000E40F00F0E80F00F00A4B1B68DBB2062B8B
:108590000DD1094B1B6803F00F03002B07D1074BCC
:1085A0001B6803F0F003302B01D1012300E000230E
:1085B00018467047E00F00F0E40F00F0E80F00F0FD
:1085C000124B1B68DBB2062B1DD1114B1B6803F04D
:1085D0000F03002B17D10F4B1B6803F0F003302B58
:1085E00001D1012310E00B4B1B6803F0F003402B7B
:1085F00001D1012308E0074B1B6803F0F003502B67
:1086000001D1012300E0002318467047E00F00F07D
:10861000E40F00F0E80F00F00A4B1B68DBB2062BFA
:108620000DD1094B1B6803F00F03002B07D1074B3B
:108630001B6803F0F003302B01D1012300E000237D
:1086400018467047E00F00F0E40F00F0E80F00F06C
:10865000124B1B68DBB2062B1DD1114B1B6803F0BC
:108660000F03002B17D10F4B1B6803F0F003302BC7
:1086700001D1012310E00B4B1B6803F0F003402BEA
:1086800001D1012308E0074B1B6803F0F003502BD6
:1086900001D1012300E0002318467047E00F00F0ED
:1086A000E40F00F0E80F00F00A4B1B68DBB2062B6A
:1086B0000DD1094B1B6803F00F03002B07D1074BAB
:1086C0001B6803F0F003302B01D1012300E00023ED
:1086D00018467047E00F00F0E40F00F0E80F00F0DC
:1086E0000A4B1B68DBB2062B0DD1094B1B6803F04C
:1086F0000F03002B07D1074B1B6803F0F003302B4F
:1087000001D1012300E0002318467047E00F00F07C
:10871000E40F00F0E80F00F00A4B1B68DBB2062BF9
:108720000DD1094B1B6803F00F03002B07D1074B3A
:108730001B6803F0F003502B01D1012300E000235C
:1087400018467047E00F00F0E40F00F0E80F00F06B
:10875000124B1B68DBB2062B1DD1114B1B6803F0BB
:108760000F03002B17D10F4B1B6803F0F003302BC6
:1087700001D1012310E00B4B1B6803F0F003402BE9
:1087800001D1012308E0074B1B6803F0F003502BD5
:1087900001D1012300E0002318467047E00F00F0EC
:1087A000E40F00F0E80F00F0124B1B68DBB2062B61
:1087B0001DD1114B1B6803F00F03002B17D10F4B7A
:1087C0001B6803F0F003302B01D1012310E00B4BA9
:1087D0001B6803F0F003402B01D1012308E0074B95
:1087E0001B6803F0F003502B01D1012300E00023AC
:1087F00018467047E00F00F0E40F00F0E80F00F0BB
:10880000064B1B68062B05D1054B1B68062B01D1B7
:10881000012300E000231846704700BF300100101C
:108820003401001082B003468DF807309DF8073000
:1088300003F01F0206499DF907305B09012000FA89
:1088400002F2203341F8232000BF02B0704700BF7E
:1088500000E100E008B50AF0D9FB034683F001030C
:10886000DBB2002B03D10549792005F021F800F097
:10887000FDFB034B00229A7000BF08BD508103002E
:10888000C02C002000B583B000230193144B1B784B
:10889000002B02D0852301931CE0114B00229A602B
:1088A0000F4B00225A600E4B00221A610C4B002223
:1088B000DA600C4800F084FB01900AF0A7FB034645
:1088C00083F00103DBB2002B01D000F09FFB044BCF
:1088D00001221A70019B184603B05DF804FB00BF2B
:1088E000C02C0020AD8A020084B001900091019B51
:1088F0001B68039306E0039A009B9A420DD0039BEA
:108900001B680393039B002BF5D1019B1A68009B06
:108910001A60019B009A1A6000E000BF04B0704723
:1089200084B00190019B1B680393039B002B03D031
:10893000039B1A68019B1A60039B184604B070479A
:1089400000B585B00190294B1B78002B03D1284935
:10895000E92004F0ADFF254B9B78DBB2002B19D04A
:10896000019B002B03D0019B5B68012098470023EB
:108970008DF80F300DF10F031846FEF7FFFC1B4B6F
:10898000DB680133194AD3609DF80F301846FEF7B3
:108990000BFD1EE000238DF80E300DF10E0318467E
:1089A000FEF7ECFC019B002B03D001991148FFF767
:1089B0009BFF0E4BDB68002B01D100F03BFB0B4B08
:1089C000DB680133094AD3609DF80E301846FEF784
:1089D000EBFC064BDB68002B04D1054940F2051087
:1089E00004F066FF00BF05B05DF804FBC02C00205A
:1089F00050810300D02C002000B583B0164B1B78AB
:108A0000002B04D115494FF4857004F051FF124B2F
:108A1000DB68002B04D1114940F20B1004F048FF31
:108A200000238DF807300DF107031846FEF7A6FC6A
:108A3000094BDB68013B084AD360074BDB68002B1E
:108A400001D1FFF707FF9DF807301846FEF7ACFC91
:108A500000BF03B05DF804FBC02C00205081030070
:108A600000B585B003468DF807309DF80730002B20
:108A700002D10C4B039301E00B4B03930398FFF7D8
:108A80004FFF0290029B002B06D0029B5B689DF873
:108A9000072010469847F1E700BF00BF05B05DF81A
:108AA00004FB00BFC82C0020D02C002000B583B0F0
:108AB00003468DF807309DF80730002B05D10A4B8F
:108AC00001225A700020FFF7CBFF9DF80730012BE1
:108AD00005D1054B01229A700120FFF7C1FF00BFAD
:108AE00003B05DF804FB00BFC02C002000B583B0CC
:108AF00001900091019B002B05D1054B01225A707A
:108B00000020FFF7ADFF00BF03B05DF804FB00BF1E
:108B1000C02C002000B585B0034600918DF80730C9
:108B20009DF80730032B29D0032B35DC002B02D016
:108B3000012B04D030E00020FFF774FE2DE000236D
:108B40008DF80F300DF10F031846FEF717FC154B8B
:108B50001B7883F00103DBB2002B01D0FFF792FEFC
:108B6000104BDB6801330F4AD3600E4B01229A7021
:108B70009DF80F301846FEF717FC0EE0094B1B78E6
:108B8000002B04D1084940F2452004F091FE00F08A
:108B90003DFAFFF731FF00E000BF00BF05B05DF810
:108BA00004FB00BFC02C00205081030000B589B039
:108BB00001900091009B0793019B1B788DF80C306E
:108BC000019B5B680493019B9B68DBB28DF81430BA
:108BD000019BDB680693074A079B52F8233006493E
:108BE000079A51F8221003AA1046984700BF09B00F
:108BF0005DF804FBD42C0020D82C002000B589B0EF
:108C000001900091009B0793019B1B788DF80C301D
:108C1000019B5B680493019B9B68DBB28DF8143069
:108C2000019BDB680693074A079B52F823300649ED
:108C3000079A51F8221003AA1046984700BF09B0BE
:108C40005DF804FBD42C0020D82C002030B58FB068
:108C5000039002910192039B1B780C9326490C9B75
:108C6000019A41F82320029B1A6924490C9B41F880
:108C70002320029B5B7F1946214A0C9B13440A4622
:108C80001A70029B04AC1D460FCD0FC495E80F006F
:108C900084E80F000C9B089300230D93039B1B7823
:108CA0001A46174B9B5C002B0DD0039B181D019B94
:108CB000002B01D0134A00E0002204AB194602F059
:108CC0002BFE0D9014E0039B1B781A460C4B9B5C0B
:108CD000002B0DD1039B03F10C00019B002B01D055
:108CE000094A00E0002204AB194601F08FFE0D9006
:108CF0000D9B18460FB030BDD42C0020D82C00207E
:108D0000DC2C0020AD8B0200FD8B020082B00346FC
:108D10008DF807309DF8073003F01F0205499DF9D3
:108D200007305B09012000FA02F241F8232000BF5E
:108D300002B0704700E100E082B0034600918DF878
:108D400007309DF90730002B0CDA009BDAB20C4992
:108D50009DF8073003F00F03043B5201D2B20B44DD
:108D60001A7609E0009BDAB206499DF907305201F4
:108D7000D2B20B4483F8002300BF02B0704700BF9B
:108D800000ED00E000E100E082B00190019B1B0BD0
:108D90005BB2184602B0704700B583B003460A467E
:108DA0008DF8073013468DF806309DF80630012BFC
:108DB00003D99DF80630032B0BD99DF80630042B00
:108DC00003D99DF80630072B03D908496B2004F01E
:108DD0006FFD9DF806209DF9073011461846FFF7F4
:108DE000ABFF00BF03B05DF804FB00BFBC81030014
:108DF00000B583B003468DF807309DF9073018465B
:108E0000FFF784FF00BF03B05DF804FB82B00346A8
:108E10008DF807300F4A9DF90730002B00DA1F3319
:108E20005B115BB252F823209DF90730594203F0E1
:108E30001F0301F01F0158BF4B425BB222FA03F33C
:108E400003F00103002B14BF01230023DBB21846FB
:108E500002B0704700E100E082B001904FF0804224
:108E6000019BC2F8043300BF02B0704782B001908A
:108E70004FF08042019BC2F8083300BF02B0704738
:108E800082B003468DF807309DF8073003F1804328
:108E900001221A6000BF02B0704784B00346ADF8EB
:108EA0000630BDF8063003F1804300221A60BDF899
:108EB000063003F180431B680393039B00BF04B09B
:108EC000704782B00346ADF80630BDF8063003F1B6
:108ED00080431B68002B14BF01230023DBB218461C
:108EE00002B0704782B001904FF08042019BC2F8FF
:108EF000183500BF02B070474FF08043D3F81834E4
:108F00001B0C03F00103002B14BF01230023DBB271
:108F10001846704700B583B006238DF807304FF030
:108F20008040FFF731FF03461846FFF76FFF034607
:108F300083F00103DBB2002B13D04FF08040FFF72A
:108F400023FF03461A469DF8073019461046FFF7DF
:108F500023FF4FF08040FFF717FF03461846FFF747
:108F600047FF00BF03B05DF804FB000084B0124B64
:108F7000DB680393104A039B43F08073D3600F4B6D
:108F80001B6802930D4A029B43F0010313600B4BD5
:108F90005B68019300BF094B5A68019BD31AB3F574
:108FA0000A5FF8D3054A029B1360034A039BD36010
:108FB00000BF04B0704700BFF0ED00E0001000E01B
:108FC00000B585B00190019B002B03D10D49A42071
:108FD00004F06EFC002303930B4B1B79002B02D093
:108FE0008523039308E0084A019B1360064B012286
:108FF0001A71054B00225A71039B184605B05DF8A3
:1090000004FB00BFF4810300E02C002008B5074BEF
:109010001B79002B03D10649BD2004F049FCFFF762
:1090200079FF0120FFF75EFF00BF08BDE02C0020A4
:10903000F481030008B50B4B1B79002B03D10A49BF
:10904000EA2004F035FC4FF48270FFF726FF02207F
:10905000FFF702FFFFF78AFF0820FFF711FF00BFAD
:1090600008BD00BFE02C0020F481030008B50A4BC6
:109070001B79002B03D10949F72004F019FC0C20BF
:10908000FFF7FEFE00BFFFF737FF0346002BFAD1C4
:1090900000BF00BF08BD00BFE02C0020F48103002A
:1090A00008B54FF48070FFF70CFF0346002B14D077
:1090B0004FF48070FFF7F1FE0120FFF7D7FE114B50
:1090C0005B7983F00103DBB2002B06D00D4B01224C
:1090D0005A710C4B1B68002098474FF48270FFF7C1
:1090E000F0FE0346002B0AD04FF48270FFF7D5FE46
:1090F0000220FFF7BBFE034B1B680120984700BF0F
:1091000008BD00BFE02C002082B003468DF8073078
:109110009DF8073003F01F0205499DF907305B09F0
:10912000012000FA02F241F8232000BF02B070478C
:1091300000E100E082B0034600918DF807309DF910
:109140000730002B0CDA009BDAB20C499DF807308F
:1091500003F00F03043B5201D2B20B441A7609E02C
:10916000009BDAB206499DF907305201D2B20B4496
:1091700083F8002300BF02B0704700BF00ED00E09D
:1091800000E100E000B583B003460A468DF80730E1
:1091900013468DF806309DF80630012B03D99DF853
:1091A0000630032B0BD99DF80630042B03D99DF80C
:1091B0000630072B03D908496B2004F079FB9DF892
:1091C00006209DF9073011461846FFF7B3FF00BF90
:1091D00003B05DF804FB00BF6082030000B583B0FC
:1091E00003468DF807309DF907301846FFF78CFFCE
:1091F00000BF03B05DF804FB00B583B00346ADF8D3
:109200000630BDF80630184600F026F803461B6805
:10921000012B0CBF01230023DBB2184603B05DF81D
:1092200004FB00B585B00346ADF80630BDF8063046
:10923000184600F011F803461A4600231360BDF8E3
:109240000630184600F008F803461B680393039B9A
:1092500000BF05B05DF804FB82B00346ADF80630F0
:10926000BDF8063003F1804303F5C043184602B051
:109270007047000082B00190034A019BC2F804339A
:1092800000BF02B0704700BF0060004082B0019094
:10929000034BD3F80423019B1340184602B07047D8
:1092A0000060004082B00190084A019B03F5A27360
:1092B00052F82330054943F00102019B03F5A273E4
:1092C00041F8232000BF02B0704700BF006000409B
:1092D00084B00390029113468DF80730144A039B23
:1092E00003F5A27352F82330114923F4473323F4D2
:1092F0004073039A02F5A27241F822300C4A039B94
:1093000003F5A27352F82320029B1B0203F4F851C9
:109310009DF807301B0403F440330B4304491A4300
:10932000039B03F5A27341F8232000BF04B07047EC
:109330000060004082B00190054A019B03F5A273D2
:1093400052F823301B0A03F01F03184602B070477F
:109350000060004082B00190064A019B03F5A273B1
:1093600052F823301B0C03F00303DBB2184602B0A3
:10937000704700BF0060004000B583B00190019BC2
:109380001B681F2B04D9054940F2CD1004F090FA58
:109390004FF0A043184603B05DF804FB9882030029
:1093A00000B585B00190084611461A4603468DF86F
:1093B00003300B468DF8023013468DF8013001ABB7
:1093C0001846FFF7D9FF03909DF803209DF802305F
:1093D0005B001A439DF801309B001A439DF818303A
:1093E0001B0242EA03019DF81C301B04019A194339
:1093F000039B02F5E07243F8221000BF05B05DF850
:1094000004FB00B585B003900B468DF80B309DF83A
:109410000B300022019200220092002200210398CA
:10942000FFF7BEFF00BF05B05DF804FB00B585B0D7
:10943000019001AB1846FFF79FFF0390019A039B31
:1094400002F5E07253F8223023F002030293019AEE
:10945000039B02F5E072029943F8221000BF05B0A9
:109460005DF804FB00B585B001900B468DF8033024
:1094700001AB1846FFF780FF0390019A039B02F5AA
:10948000E07253F82230019A23F44031039B02F535
:10949000E07243F82210019A039B02F5E07253F840
:1094A00022309DF8032012041146019A1943039BB0
:1094B00002F5E07243F8221000BF05B05DF804FB2E
:1094C00000B585B0019001AB1846FFF755FF03903A
:1094D000039800F020F80246019B22FA03F303F000
:1094E0000103184605B05DF804FB00B585B0019096
:1094F00001AB1846FFF740FF0390019A039B02F56A
:10950000E07253F822301B0C03F00303DBB2184661
:1095100005B05DF804FB82B00190019BD3F81035D3
:10952000184602B07047000000B587B00390029162
:1095300001924FF0A0430493039A029B1344012B22
:1095400004D9124940F2FD2004F0B2F9039B0593BF
:1095500011E0059B9B0006AA134453F8083C1846EB
:10956000FFF7D9FF0246019B1A60019B0433019368
:10957000059B01330593039A029B1344059A9A4273
:10958000E7D300BF00BF07B05DF804FB988203007B
:1095900084B001900091009B0393019BDB08029330
:1095A000019B03F0070301930122019B02FA03F3DD
:1095B0000399029A0A4412781340184604B070477F
:1095C00084B001900091009B0393019BDB08029300
:1095D000019B03F007030193039A029B13441B783A
:1095E0005AB20121019B01FA03F35BB2134359B252
:1095F000039A029B1344CAB21A7000BF04B07047AA
:1096000082B001900C4A019B1344303393F900302F
:10961000002B09DB084A019B1344303393F90030D7
:10962000072B01DC012300E0002303F00103DBB280
:10963000184602B0704700BFE82C002082B00190AD
:10964000064A019B1344303393F90030072BCCBFFB
:1096500001230023DBB2184602B07047E82C00203B
:1096600082B00190064A019B1344303393F90030D5
:10967000DB43DBB2DB09DBB2184602B0704700BF48
:10968000E82C002084B00390029101928DF8033001
:10969000029B59B20E4A039B134430330A461A7098
:1096A0000B49029B019A41F823209DF8033083F077
:1096B0000103DBB2002B08D0029B083B039A51B296
:1096C000034A13440A4683F8502000BF04B0704791
:1096D000E82C002082B00190044A019B13443033EF
:1096E000FF221A7000BF02B0704700BFE82C0020B4
:1096F00000B583B0019004490198FFF761FF00BFF6
:1097000003B05DF804FB00BF3C2D002082B0019047
:10971000044A019B1344303393F90030184602B0D9
:10972000704700BFE82C002082B00190034A019BE3
:1097300052F82330184602B0704700BFE82C0020D2
:1097400000B589B00390029113468DF80730FF23CE
:109750008DF81F309DF80730002B01D0002300E06A
:10976000082305939DF80730002B01D0082300E063
:109770000C230493059B069314E00F4A069B52F8B2
:109780002330B3F1FF3F0AD19DF80730029A0699C2
:109790000398FFF777FF069B8DF81F3006E0069BC6
:1097A00001330693069A049B9A42E6D39DF91F3033
:1097B000184609B05DF804FBE82C002082B003468F
:1097C0008DF807309DF80730094A4FF0FF3142F815
:1097D00023109DF80730072B07D99DF80730083B69
:1097E000034A1344FF2283F8502000BF02B07047A1
:1097F000E82C002000B583B0254B93F85830002B9F
:1098000003D008230093009B3EE000238DF807302F
:1098100009E09DF807301846FFF75CFF9DF8073018
:1098200001338DF807309DF807301F2BF1D9002345
:109830008DF8073009E09DF807301846FFF7BEFFA6
:109840009DF8073001338DF807309DF807300B2B5A
:10985000F1D9042200210F480DF063FA06210620F9
:10986000FFF790FC0620FFF7B9FC4FF4BE70FFF73E
:10987000D8FC4FF00040FFF7FDFC054B012283F8B8
:10988000582000230093009B184603B05DF804FBAA
:10989000E82C00203C2D002000B587B003900291F9
:1098A0000192039B1F2B04D9364940F2072003F095
:1098B000FFFF002305930398FFF7D2FE0346002B1A
:1098C00002D00823059357E0029B9B78C3F3400323
:1098D000DBB21A4601990398FFF732FF03468DF871
:1098E00013309DF91330B3F1FF3F43D0029B9B78B7
:1098F000C3F38003DBB283F00103DBB2002B13D090
:10990000029B9B7803F00103DBB2002B03D003988A
:10991000FFF78CFD05E0029B5B7819460398FFF783
:1099200070FD0398FFF7E4FE029B9B7803F00203AF
:10993000DBB2002B08D09DF91300029B1B781A465E
:109940000399FFF7C5FC17E09DF91330083B0E4A59
:10995000134493F95010029B1B789B015AB29DF956
:109960001330083B0A4351B2074A13440A4683F8AE
:10997000502001E004230593059B184607B05DF8CD
:1099800004FB00BFD0820300E82C002000B589B0A2
:1099900001900B468DF80330019B1F2B04D93D49E4
:1099A00040F2372003F084FF0198FFF759FE034689
:1099B000002B04D137494FF40E7003F079FF019862
:1099C000FFF73CFE0346002B2FD00198FFF79EFEC9
:1099D0000346083B304A134493F950308DF80F305A
:1099E0009DF80F309B098DF80E309DF80E30032B3B
:1099F0000BD10198FFF764FD0346002B01D0032330
:109A000000E002238DF81F3008E09DF80E30012B96
:109A100001D1022300E003238DF81F309DF81F3091
:109A200019460198FFF71EFD30E00198FFF7E8FDA9
:109A30000346002B2AD00198FFF768FE03460693E1
:109A4000069B9BB240339BB29B00ADF81630069B41
:109A50001846FFF727FCBDF816301846FFF7E1FB64
:109A60009DF80330002B11D00198FFF74FFE0346FD
:109A70001846FFF759FE0490049B002B06D00122E4
:109A8000069B02FA03F31846FFF7F4FB00BF09B088
:109A90005DF804FBD0820300E82C002000B595B0EF
:109AA00000231393002303934FF48073ADF84630E3
:109AB000012310930023129321E0BDF8463018468D
:109AC000FFF79AFB0346002B0ED01098FFF7DEFB42
:109AD0000346002B08D0BDF846301846FFF7A1FB1F
:109AE000139A109B13431393109B5B001093BDF8C4
:109AF00046300433ADF84630129B01331293129B6B
:109B0000072BDAD94FF4BE70FFF776FB0346002B24
:109B10000DD04FF4BE70FFF784FB139B43F000435E
:109B2000139303AB1A4601210020FFF7FDFC139BA2
:109B3000DBB2002B29D0012310930023129321E0E4
:109B4000109A139B1340002B16D01298FFF7F2FBCC
:109B50000D901298FFF7FEFB03468DF833301298F4
:109B6000FFF7E2FD0B900B9B002B05D09DF83320F7
:109B70000B9B11460D989847109B5B001093129B0E
:109B800001331293129B072BDAD9139B002B80F21F
:109B9000EE8000238DF83B300023029300230F93C7
:109BA0000AE00F9B9B0014AA13444FF0FF3243F8C6
:109BB0004C2C0F9B01330F930F9B002BF1D00023F4
:109BC0008DF83B300023129378E06B4A129B1344CC
:109BD000503393F900308DF82B309DF82B3023F063
:109BE000C0030993644A129B1344503393F9003025
:109BF000B3F1FF3F5FD001AB19460998FFF7C8FCEE
:109C00000346002B57D09DF82B309B098DF823304D
:109C10000998FFF77BFD03461846FFF785FD07907F
:109C2000079B002B03D19DF82330032B43D19DF8D4
:109C30002330032B04D102AB19460998FFF7C0FC6F
:109C40000998FFF752FC03468DF81B3003AB194609
:109C50000998FFF79DFC0590059B002B03D09DF80C
:109C60001B30022B06D0059B002B24D19DF81B3006
:109C7000032B20D19DF82330032B13D19DF81B30EB
:109C8000022B01D1032300E002238DF813309DF84D
:109C9000133019460998FFF7E5FB9DF83B30013377
:109CA0008DF83B30079B002B05D09DF82320079BA8
:109CB000114609989847129B01331293129B032B6C
:109CC00083D99DF83B30002B4CD001238DF83A30DE
:109CD0006B461A4601210020FFF726FC00230F9354
:109CE00014E00F9B9B0014AA134453F8502C0F9BB5
:109CF0009B0014A90B4453F8443C9A4203D0002320
:109D00008DF83A3005E00F9B01330F930F9B002B2A
:109D1000E7D09DF83A30002B03D000238DF83B307C
:109D200020E000230F931AE00F9B9B0014AA13441A
:109D300053F8502C0F9B9B0014A90B4443F8442C60
:109D40000F9B9B0014AA134453F8482C0F9B9B00B5
:109D500014A90B4443F84C2C0F9B01330F930F9B1A
:109D6000002BE1D09DF83B30002B7FF428AF00BFE3
:109D700015B05DF804FB00BFE82C002008B5064BC9
:109D80001B68002B03D10549512003F091FD024BC4
:109D90001B68984700BF08BD442D00203C8303008A
:109DA00082B00190019B044A934201D1034B00E031
:109DB0000023184602B0704700200040442D0020C8
:109DC00000B587B001900091019B002B03D11C4985
:109DD000772003F06DFD0198FFF7E2FF0490049BEC
:109DE000002B25D000238DF8173000238DF80B3081
:109DF0000DF10B031846FDF7C1FA049B1B79002BEC
:109E000003D001238DF8173005E0049B009A1A60F7
:109E1000049B01221A719DF80B301846FDF7C4FA15
:109E20009DF81730002B03D011230393039B02E00E
:109E300000230393039B184607B05DF804FB00BFA3
:109E40003C83030000B585B00190019B002B03D13A
:109E50000A499B2003F02CFD0198FFF7A1FF039016
:109E6000039B002B05D0039B00221A60039B00225A
:109E70001A7100BF05B05DF804FB00BF3C8303000E
:109E800082B00190019B03F06043B3F1005F0CBF0F
:109E900001230023DBB2184602B0704782B0019064
:109EA0000B468DF803309DF80330019A13440122CC
:109EB0001A6000BF02B0704784B001900B46ADF845
:109EC0000230BDF80230019A134400221A60BDF836
:109ED0000230019A13441B680393039B00BF04B034
:109EE000704782B001900B46ADF80230BDF80230E9
:109EF000019A13441B68002B14BF01230023DBB21B
:109F0000184602B0704782B001900091019B009A00
:109F1000C3F8042300BF02B0704782B001900091E3
:109F2000019B009AC3F8082300BF02B0704784B0B9
:109F3000039002910192029A039BC3F84425039B6C
:109F4000019AC3F8482500BF04B0704784B003905D
:109F500002910192029A039BC3F83425039B019A54
:109F6000C3F8382500BF04B0704782B00190019B50
:109F70000122C3F8502500BF02B0704782B00190A3
:109F8000019B0022C3F8502500BF02B0704782B089
:109F90000190019B0122C3F8402500BF02B0704729
:109FA00082B00190019B0022C3F8402500BF02B09F
:109FB0007047000000B583B00190019B1B681F2B08
:109FC00004D9054940F2CD1003F072FC4FF0A043D4
:109FD000184603B05DF804FBE083030000B585B0CC
:109FE000019001AB1846FFF7E5FF0390019B0122AA
:109FF00002FA03F31946039800F018F800BF05B001
:10A000005DF804FB00B585B0019001AB1846FFF781
:10A01000D1FF0390019B012202FA03F31946039832
:10A0200000F00EF800BF05B05DF804FB82B00190AF
:10A030000091019B009AC3F8082500BF02B0704749
:10A0400082B001900091019B009AC3F80C2500BFDB
:10A0500002B0704700B583B00190019BDB7FFF2BFE
:10A060000ED0019B9B7F002B05D0019BDB7F184608
:10A07000FFF7C8FF04E0019BDB7F1846FFF7AEFF48
:10A08000019B00225A77019B00221A72019B1B68D8
:10A09000019A02F10800019A52681146984700BFE0
:10A0A00003B05DF804FB00B583B001900B468DF85A
:10A0B00003309DF8033083F00103DBB2002B04D0A2
:10A0C00040210198FFF729FF03E040210198FFF7A5
:10A0D0001AFF00BF03B05DF804FB00B583B0019028
:10A0E0000091009B03F00103002B03D00198FFF7C0
:10A0F0003CFF02E00198FFF741FF009B03F00203E1
:10A10000002B03D00198FFF742FF02E00198FFF710
:10A1100047FF00BF03B05DF804FB00B587B00390B4
:10A12000029101920093019B1B68002B0AD0019BB6
:10A130001B681846FFF7A4FE034683F00103DBB259
:10A14000002B0ED1019B9B68002B11D0019B9B68BB
:10A150001846FFF795FE034683F00103DBB2002BA0
:10A1600006D0029B00225A7710230593059B54E0EA
:10A17000019B1968019B5B681A460398FFF7D7FE9D
:10A18000019B9968019BDB681A460398FFF7DEFE86
:10A190004FF48C710398FFF78FFE00990398FFF737
:10A1A0009CFF009B03F00803002B03D110210398B0
:10A1B000FFF774FE029B1B68002B1FD100BF4FF4FA
:10A1C0008C710398FFF78DFE034683F00103DBB229
:10A1D000002BF4D1029BDB7FFF2B1BD0029B9B7FCC
:10A1E000002B05D0029BDB7F1846FFF70BFF11E029
:10A1F000029BDB7F1846FFF7F1FE0BE0009B03F0AC
:10A200000403002B0CBF01230023DBB21946039883
:10A21000FFF749FF00230593059B184607B05DF83B
:10A2200004FB000010B586B0039002910192039BDD
:10A230001B791A461346DB0013449B00394A13442A
:10A240000593059B1B7F002B04D1374940F2322038
:10A2500003F02EFB029B1B68002B08D1029B5B685E
:10A26000002B04D0304940F2332003F021FB029B45
:10A270009B68002B08D1029BDB68002B04D02A4985
:10A280004FF40D7003F014FB039B1B79002B07D1D7
:10A29000029BDB68FF2B03D8029B5B68FF2B04D972
:10A2A000214940F2352003F003FB00230493059B72
:10A2B0005B7FDBB2002B03D011230493049B2EE0C1
:10A2C000059B1B68002B07D0019B03F01403002B98
:10A2D00002D1059B01225A77059B029A03F10C04D7
:10A2E00013460FCB84E80F00059BDB7FFF2B0ED0BE
:10A2F000059B9B7F002B05D0059BDB7F1846FFF756
:10A300006DFE04E0059BDB7F1846FFF77BFE039B99
:10A310001868019B029A0599FFF7FFFE034618464D
:10A3200006B010BD4C2D00201884030000B583B08A
:10A33000019000914FF48C710198FFF7D2FD034614
:10A34000002B10D04FF48C710198FFF7B5FD009BE6
:10A350001B68002B04D106494FF4277003F0A8FABC
:10A360000098FFF777FE00BF03B05DF804FB00BF65
:10A370001884030008B503490348FFF7D7FF00BF5F
:10A3800008BD00BF4C2D00200030004082B00346C5
:10A390008DF807309DF8073003F01F0205499DF93D
:10A3A00007305B09012000FA02F241F8232000BFC8
:10A3B00002B0704700E100E082B003468DF807303C
:10A3C0009DF8073003F01F0206499DF907305B092D
:10A3D000012000FA02F2203341F8232000BF02B02E
:10A3E000704700BF00E100E082B0034600918DF8A5
:10A3F00007309DF90730002B0CDA009BDAB20C49CC
:10A400009DF8073003F00F03043B5201D2B20B4416
:10A410001A7609E0009BDAB206499DF9073052012D
:10A42000D2B20B4483F8002300BF02B0704700BFD4
:10A4300000ED00E000E100E082B00190019B1B0B09
:10A440005BB2184602B0704700B583B003460A46B7
:10A450008DF8073013468DF806309DF80630012B35
:10A4600003D99DF80630032B0BD99DF80630042B39
:10A4700003D99DF80630072B03D908496B2003F058
:10A4800017FA9DF806209DF9073011461846FFF788
:10A49000ABFF00BF03B05DF804FB00BF8484030082
:10A4A00000B583B003468DF807309DF90730184694
:10A4B000FFF76CFF00BF03B05DF804FB00B583B08D
:10A4C00003468DF807309DF907301846FFF774FFF3
:10A4D00000BF03B05DF804FB84B001900B46ADF8FB
:10A4E0000230BDF80230019A134400221A60BDF810
:10A4F0000230019A13441B680393039B00BF04B00E
:10A50000704782B001900B46ADF80230BDF80230C2
:10A51000019A13441B68002B14BF01230023DBB2F4
:10A52000184602B0704782B001900091019B009ADA
:10A53000C3F8042300BF02B0704782B001900091BD
:10A54000019BD3F80423009B1340002B14BF01236D
:10A550000023DBB2184602B0704782B00190009130
:10A56000019B009AC3F8082300BF02B0704784B073
:10A570000190019BD3F880340393019B039AC3F8A5
:10A580008024039B184604B0704782B00190019B61
:10A590000422C3F8002500BF02B0704782B00190CA
:10A5A000019B0022C3F8002500BF02B0704784B0B1
:10A5B000039002910192039B019AC3F81425039B17
:10A5C000029AC3F80C2500BF04B0704700B583B0F1
:10A5D00001904FF0FF324FF0FF310198FFF7E7FF96
:10A5E00000BF03B05DF804FB82B00190019BD3F87B
:10A5F0000C35184602B0704782B00190019BD3F829
:10A600001435184602B0704782B00190019BD3F810
:10A610000835184602B0704782B00190019BD3F80C
:10A620001035184602B0704784B003900291019231
:10A63000039B029AC3F80825039B019AC3F81025CF
:10A6400000BF04B0704700B583B001904FF0FF32F7
:10A650004FF0FF310198FFF7E7FF00BF03B05DF84F
:10A6600004FB82B00190019BD3F81835DBB2184689
:10A6700002B0704782B001900B468DF803309DF810
:10A680000320019BC3F81C2500BF02B0704782B0B5
:10A6900001900B468DF803309DF80330019A134466
:10A6A00001221A6000BF02B0704782B001900B46D1
:10A6B0008DF8033013468DF802309DF803209DF885
:10A6C00002301343DBB21A46019BC3F86C2500BF6E
:10A6D00002B0704782B001900091019B009AC3F8CC
:10A6E000242500BF02B0704700B583B00190019BE4
:10A6F0001B681F2B04D9054940F2CD1003F0D8F890
:10A700004FF0A043184603B05DF804FBBC8403007F
:10A7100000B585B00190084611461A4603468DF8EB
:10A7200003300B468DF8023013468DF8013001AB33
:10A730001846FFF7D9FF03909DF803209DF80230DB
:10A740005B001A439DF801309B001A439DF81830B6
:10A750001B0242EA03019DF81C301B04019A1943B5
:10A76000039B02F5E07243F8221000BF05B05DF8CC
:10A7700004FB00B585B003900023019300230093F0
:10A780000023012201210398FFF7C2FF00BF05B09B
:10A790005DF804FB00B585B003900B468DF80B30D7
:10A7A0009DF80B300022019200220092002200212D
:10A7B0000398FFF7ADFF00BF05B05DF804FB00B5DF
:10A7C00085B003900023019300230093002301220E
:10A7D00000210398FFF79CFF00BF05B05DF804FB64
:10A7E00000B585B0019001AB1846FFF77DFF0390DF
:10A7F000019B012202FA03F31946039800F004F8C2
:10A8000000BF05B05DF804FB82B001900091019B90
:10A81000009AC3F8082500BF02B0704700B583B0A6
:10A8200001900091009B1B68B3F1FF3F09D0009B92
:10A830001B681846FFF7D4FF009B1B681846FFF7FC
:10A8400098FF009B5B68B3F1FF3F05D0009B5B68FE
:10A8500000211846FFF79EFF019B1A68009B9B6929
:10A8600019461046FFF736FF019B1868009B597D7B
:10A87000009B1B7D1A46FFF718FF019B1868009B81
:10A880001968009B5B681A46FFF791FE009B1B7DD1
:10A89000012B22D1009B9B68B3F1FF3F05D0009BA9
:10A8A0009B6800211846FFF775FF009BDB68B3F13A
:10A8B000FF3F09D0009BDB681846FFF791FF009B24
:10A8C000DB681846FFF755FF019B1868009BD968A5
:10A8D000009B9B681A46FFF7A7FE00BF03B05DF818
:10A8E00004FB000000B583B001900B468DF80330E7
:10A8F000019B1B684FF48E711846FFF7EDFD019B1D
:10A900001B684FF4A2711846FFF7E6FD019B1B6818
:10A910000E491846FFF707FE019B1B681846FFF714
:10A920008BFD03461A469DF8033019461046FFF783
:10A930008BFD019B1B681846FFF77EFD03461846FA
:10A94000FFF7AEFD00BF03B05DF804FB800002001E
:10A9500000B583B00190019B1B6808491846FFF7BA
:10A96000FCFD019B1B681846FFF766FD0346184671
:10A97000FFF7A4FD00BF03B05DF804FB84020200F2
:10A9800000B587B00190019B1B681846FFF72CFEAD
:10A990000590019B1B681846FFF72EFE0490019B53
:10A9A0001B681846FFF730FE0390019B1B68184692
:10A9B000FFF732FE0290019B1B681846FFF706FE68
:10A9C000019B1B681846FFF73EFE059BB3F1FF3F56
:10A9D00002D00598FFF7F3FE049BB3F1FF3F02D0CE
:10A9E0000498FFF7ECFE029BB3F1FF3F02D0029800
:10A9F000FFF7E5FE039BB3F1FF3F02D00398FFF79B
:10AA0000DEFE00BF07B05DF804FB000000B587B0B4
:10AA1000039002910192029B002B03D12D49AA20A1
:10AA200002F046FF039B1B791A462C2303FB02F31B
:10AA3000294A1344059300230493059B93F82A3075
:10AA4000002B03D008230493049B3EE0039B1A6869
:10AA5000039B1B791946214B53F8213019461046A8
:10AA6000FFF7AEF90346002B03D011230493049B98
:10AA70002BE002990398FFF7D1FE059B019A5A60DB
:10AA8000029B1A69059B1A60059B5B68002B05D029
:10AA9000029B1B7F19460398FFF724FF039B1B684B
:10AAA0001846FFF772FD059B00229A61059B002264
:10AAB000DA61059B002283F82920059B00225A6158
:10AAC000059B012283F82A20049B184607B05DF8F5
:10AAD00004FB00BFF4840300702D00206085030098
:10AAE00000B585B00190019B1B791A462C2303FB0E
:10AAF00002F3114A13440393019B1B681846FFF7A6
:10AB00004DFD039B5B68002B02D00198FFF720FFEF
:10AB10000198FFF735FF019B1B681846FFF792F974
:10AB2000039B002283F82A20039B00225A6000BF67
:10AB300005B05DF804FB00BF702D002000B585B0A6
:10AB4000019000914FF48E710198FFF7C5FC009BB6
:10AB50009A68009B1B6A13441B788DF80F30009B8A
:10AB60001B6A5A1C009B1A629DF80F301946019807
:10AB7000FFF780FD00BF05B05DF804FB00B585B0B0
:10AB800001900091009B5B69039316E0009B93F892
:10AB90002830DBB2002B01D0002314E04FF48E717B
:10ABA0000198FFF7AEFC034683F00103DBB2002BF4
:10ABB000ECD100990198FFF7C1FF009B1B6A039A33
:10ABC0009A42EBD80123184605B05DF804FB00005B
:10ABD00000B587B0039002910192039B1B791A463E
:10ABE0002C2303FB02F33C4A13440493049B93F885
:10ABF0002A30012B04D039494FF48C7002F058FEF2
:10AC0000029B002B04D1354940F2191002F050FE8E
:10AC1000019B002B04D131494FF48D7002F048FEA6
:10AC2000039800F05DF80346002B03D01123059331
:10AC3000059B4CE0049B019A5A61049B029A9A601E
:10AC4000049B00221A62049B002283F82820002320
:10AC50000593039B1B684FF48E711846FFF73CFC6D
:10AC6000039B1B6808211846FFF711FD039B1B6817
:10AC700004991846FFF762FF049B5B68002B25D1FF
:10AC8000039B1B6804991846FFF778FF034683F07F
:10AC90000103DBB2002B02D00F23059313E000BFAA
:10ACA000039B1B684FF48E711846FFF72AFC03467E
:10ACB00083F00103DBB2002BF2D1039B1B680C2154
:10ACC0001846FFF7E4FC049B00225A61059B1846D6
:10ACD00007B05DF804FB00BF702D0020F484030072
:10ACE00082B00190019B1B791946074A2C2303FB74
:10ACF00001F3134414331B68002B14BF01230023FA
:10AD0000DBB2184602B07047702D002000B583B04A
:10AD10000190019B1B684FF492711846FFF7DCFB12
:10AD2000019B1B684FF484711846FFF7D5FB019B0C
:10AD30001B6800211846FFF7AAFC00BF03B05DF8AE
:10AD400004FB10B582B001900091009B9B69002B21
:10AD500008D14FF484710198FFF7BEFB0198FFF70B
:10AD600080FC13E04FF484710198FFF7B5FB009B62
:10AD7000DA68009B5B6AD4180198FFF772FC0346FF
:10AD80002370009B5B6A5A1C009B5A6202B010BD84
:10AD900000B589B0039002910192039B1B791A467A
:10ADA0002C2303FB02F37F4A13440693039B1B7976
:10ADB00019467C4A2C2303FB01F313442A331B78E6
:10ADC000012B04D078494FF4B67002F071FD029B5C
:10ADD000002B04D1744940F26D1002F069FD019B13
:10ADE000002B04D170494FF4B77002F061FD0023CD
:10ADF0008DF81F30069B5B68002B06D0039B1B68F9
:10AE00004FF401711846FFF7A8FB069B9B69002BC6
:10AE100015D0069BDB69002B0ED0069B5B68002BD0
:10AE200006D0039B1B684FF401711846FFF77BFBAC
:10AE300011230593059BB0E001238DF81F309DF889
:10AE40001F3083F00103DBB2002B0CD0069B019A6C
:10AE50009A61069B029ADA60069B00225A62069B60
:10AE60000022DA6105E0069B029A1A61069B019AAC
:10AE7000DA61069B93F8293083F00103DBB2002BE3
:10AE800009D09DF81F3083F00103DBB2002B02D004
:10AE90000398FFF73BFF069B5B68002B73D1039B76
:10AEA0001B684FF4A2711846FFF716FB039B1B6843
:10AEB0004FF492711846FFF724FB03468DF81330C8
:10AEC000039B1B684FF484711846FFF71AFB034677
:10AED0008DF81230039B1B684FF4A2711846FFF7E0
:10AEE00010FB03468DF811309DF8123083F00103FA
:10AEF000DBB2002B0DD09DF8113083F00103DBB2E3
:10AF0000002B06D09DF8133083F00103DBB2002B39
:10AF1000CCD19DF81330002B0FD19DF81130002BB0
:10AF20000BD1039B1B6806991846FFF70AFF069B87
:10AF30009A69069B5B6A9A42B8D8069B00229A617E
:10AF40009DF81330002B03D003230593059B24E0C9
:10AF50009DF81130002B03D00F230593059B1CE0B7
:10AF6000069B93F82930002B06D0039B1B68002119
:10AF70001846FFF78CFB0DE0039B1B680421184665
:10AF8000FFF785FB06E0039B1B684FF40171184631
:10AF9000FFF7C9FA00230593059B184609B05DF831
:10AFA00004FB00BF702D0020F484030000B589B0BD
:10AFB00003900291019201238DF81030029B0693B9
:10AFC000019B0593039B5B68039A116804AA1046D2
:10AFD000984700BF09B05DF804FB00B587B0019049
:10AFE000009100238DF80830009B0493019B9B681F
:10AFF0000393019B00225A61019B5B68019A1168CF
:10B0000002AA1046984700BF07B05DF804FB00B5E0
:10B010008BB0019000914FF400710198FFF78DFA09
:10B020000346002B39D04FF492710198FFF769FA6B
:10B030000346002B31D04FF492710198FFF74CFA80
:10B040004FF401710198FFF788FA009B93F82930BB
:10B0500083F00103DBB2002B03D004210198FFF73A
:10B0600016FB02238DF80C300198FFF780FA034697
:10B070000693009B9B690593009BDB680493009BF0
:10B0800000229A61009B0022DA61009B5B68009AB3
:10B09000116803AA1046984752E004210198FFF76F
:10B0A0004CFA0346002B4BD04FF484710198FFF704
:10B0B00028FA0346002B43D000990198FFF741FE80
:10B0C000009B9A69009B5B6A9A4239D1009BDB69BD
:10B0D000002B19D0009BDB680993009B5B6A0893E7
:10B0E000009BDA69009B9A61009B1A69009BDA60F9
:10B0F000009B0022DA61009B00225A62099A08999B
:10B100000098FFF753FF1BE0009B93F8293083F072
:10B110000103DBB2002B03D004210198FFF7B7FA3B
:10B120004FF401710198FFF718FA009B00229A6111
:10B13000009B596A009BDB681A460098FFF736FFB0
:10B140004FF48E710198FFF7DCF90346002B24D0F1
:10B15000009B5B690793009B1B6A079A9A420DD973
:10B16000009B93F82830DBB283F00103DBB2002BA5
:10B1700004D000990198FFF7E1FC0EE04FF48E71C6
:10B180000198FFF7A9F9009B5B69002B05D0009B94
:10B190005B6919460098FFF720FF4FF4A2710198F0
:10B1A000FFF7AFF90346002B1CD04FF4A2710198B2
:10B1B000FFF792F9009B93F82930002B03D0002170
:10B1C0000198FFF764FA009B9B69002B0AD0009B53
:10B1D00000229A61009B596A009BDB681A4600981E
:10B1E000FFF7E4FE00BF0BB05DF804FB08B50349B0
:10B1F0000348FFF70CFF00BF08BD00BF702D002003
:10B200000020004082B003468DF807309DF80730DB
:10B2100003F01F0205499DF907305B09012000FA80
:10B2200002F241F8232000BF02B0704700E100E0C5
:10B2300082B003468DF807309DF8073003F01F02F7
:10B2400006499DF907305B09012000FA02F220331C
:10B2500041F8232000BF02B0704700BF00E100E0CA
:10B2600082B0034600918DF807309DF90730002B1E
:10B270000CDA009BDAB20C499DF8073003F00F039B
:10B28000043B5201D2B20B441A7609E0009BDAB2B9
:10B2900006499DF907305201D2B20B4483F80023CE
:10B2A00000BF02B0704700BF00ED00E000E100E029
:10B2B00082B00190019B03F06043B3F1005F0CBFCB
:10B2C00001230023DBB2184602B0704782B0019020
:10B2D000019B1B0B5BB2184602B0704700B583B0F0
:10B2E00003460A468DF8073013468DF806309DF860
:10B2F0000630012B03D99DF80630032B0BD99DF89E
:10B300000630042B03D99DF80630072B03D90849D2
:10B310006B2002F0CDFA9DF806209DF9073011460A
:10B320001846FFF79DFF00BF03B05DF804FB00BFA8
:10B330006485030000B583B003468DF807309DF99E
:10B3400007301846FFF75EFF00BF03B05DF804FB4F
:10B3500000B583B003468DF807309DF907301846D5
:10B36000FFF766FF00BF03B05DF804FB84B00190F7
:10B370000B46ADF80230BDF80230019A13440022AA
:10B380001A60BDF80230019A13441B680393039BB3
:10B3900000BF04B0704782B001900B46ADF8023098
:10B3A000BDF80230019A13441B68002B14BF01231F
:10B3B0000023DBB2184602B0704782B001900091C2
:10B3C000019BD3F80022009B1A43019BC3F8002283
:10B3D00000BF02B0704782B001900091019BD3F88A
:10B3E0000022009BDB431A40019BC3F8002200BFF0
:10B3F00002B0704782B001900091019B009AC3F89F
:10B40000042300BF02B0704782B001900091019BFD
:10B41000009AC3F8082300BF02B0704784B00190BF
:10B42000019BD3F880340393019B039AC3F88024D3
:10B43000039B184604B0704782B00190019B08221C
:10B44000C3F8002500BF02B0704782B00190019B95
:10B450000022C3F8002500BF02B0704784B00390FB
:10B4600002910192039B029AC3F80C25039B019A57
:10B47000C3F8142500BF04B0704700B583B0019035
:10B480004FF0FF324FF0FF310198FFF7E7FF00BFA9
:10B4900003B05DF804FB82B00190019BD3F80C353A
:10B4A000184602B0704782B00190019BD3F8143562
:10B4B000184602B0704782B00190019BD3F808355E
:10B4C000184602B0704782B00190019BD3F8103546
:10B4D000184602B0704784B0039002910192039B1A
:10B4E000029AC3F80825039B019AC3F8102500BFF0
:10B4F00004B0704700B583B001904FF0FF324FF0B9
:10B50000FF310198FFF7E7FF00BF03B05DF804FBD0
:10B5100082B001900B468DF803309DF80330019AFC
:10B52000134401221A6000BF02B0704782B001903C
:10B530000B468DF8033013468DF802309DF803203A
:10B540009DF802301343DBB21A46019BC3F86C2509
:10B5500000BF02B0704782B001900091019B009A39
:10B56000C3F8242500BF02B0704784B00390029155
:10B570000192029A039BC3F84425039B019AC3F8E6
:10B58000482500BF04B0704782B00190019BD3F8FA
:10B590004C35184602B0704784B003900291019276
:10B5A000029A039BC3F83425039B019AC3F83825FC
:10B5B00000BF04B0704782B00190019BD3F83C35C6
:10B5C000184602B07047000000B583B00190019B9F
:10B5D0001B681F2B04D9054940F2CD1002F068F911
:10B5E0004FF0A043184603B05DF804FB9C850300B0
:10B5F00000B585B00190084611461A4603468DF8FD
:10B6000003300B468DF8023013468DF8013001AB44
:10B610001846FFF7D9FF03909DF803209DF80230EC
:10B620005B001A439DF801309B001A439DF81830C7
:10B630001B0242EA03019DF81C301B04019A1943C6
:10B64000039B02F5E07243F8221000BF05B05DF8DD
:10B6500004FB00B585B00390002301930023009301
:10B660000023012201210398FFF7C2FF00BF05B0AC
:10B670005DF804FB00B585B003900B468DF80B30E8
:10B680009DF80B300022019200220092002200213E
:10B690000398FFF7ADFF00BF05B05DF804FB00B5F0
:10B6A00085B003900023019300230093002301221F
:10B6B00000210398FFF79CFF00BF05B05DF804FB75
:10B6C00000B585B0019001AB1846FFF77DFF0390F0
:10B6D000019B012202FA03F31946039800F004F8D3
:10B6E00000BF05B05DF804FB82B001900091019BA2
:10B6F000009AC3F8082500BF02B0704700B583B0B8
:10B7000001900091009B1B68B3F1FF3F09D0009BA3
:10B710001B681846FFF7D4FF009B1B681846FFF70D
:10B7200098FF009B5B68B3F1FF3F05D0009B5B680F
:10B7300000211846FFF79EFF019B1A68009B9B693A
:10B7400019461046FFF707FF019B1868009B597DBB
:10B75000009B1B7D1A46FFF7E9FE019B1868009BC2
:10B760001968009B5B681A46FFF778FE009B1B7DFB
:10B77000012B22D1009B9B68B3F1FF3F05D0009BBA
:10B780009B6800211846FFF775FF009BDB68B3F14B
:10B79000FF3F09D0009BDB681846FFF791FF009B35
:10B7A000DB681846FFF755FF019B1868009BD968B6
:10B7B000009B9B681A46FFF78EFE00BF03B05DF842
:10B7C00004FB000000B583B001900B468DF80330F8
:10B7D000019B1B684FF488711846FFF7C7FD019B5A
:10B7E0001B684FF490711846FFF7C0FD019B1B6862
:10B7F0004FF492711846FFF7B9FD019B1B684FF497
:10B80000A2711846FFF7B2FD019B1B684FF4AC71A3
:10B810001846FFF7ABFD019B1B680F491846FFF761
:10B82000E9FD019B1B681846FFF750FD03461A46C9
:10B830009DF8033019461046FFF750FD019B1B6829
:10B840001846FFF743FD03461846FFF773FD00BF98
:10B8500003B05DF804FB00BF1003420000B583B0E5
:10B860000190019B1B6808491846FFF7CDFD019B1D
:10B870001B681846FFF72AFD03461846FFF768FDC8
:10B8800000BF03B05DF804FB1003420000B587B0B1
:10B890000190019B1B681846FFF7FDFD0590019B79
:10B8A0001B681846FFF7FFFD0490019B1B681846B4
:10B8B000FFF701FE0390019B1B681846FFF703FE8C
:10B8C0000290019B1B681846FFF7D7FD019B1B6880
:10B8D0001846FFF70FFE059BB3F1FF3F02D0059816
:10B8E000FFF7DDFE049BB3F1FF3F02D00498FFF7A2
:10B8F000D6FE029BB3F1FF3F02D00298FFF7CFFEC6
:10B90000039BB3F1FF3F02D00398FFF7C8FE00BFCF
:10B9100007B05DF804FB000000B587B0039002910A
:10B920000192029B002B03D12B49CF2001F0C0FFD5
:10B93000039B1B791A461346DB0013449B00274ADE
:10B940001344059300230493059B93F82030002BA8
:10B9500003D008230493049B3AE0039B1A68039BDB
:10B960001B7919461E4B53F8213019461046FEF735
:10B9700027FA0346002B03D011230493049B27E0EE
:10B9800002990398FFF7BAFE059B019A5A60029B41
:10B990001A69059B1A60059B5B68002B05D0029B0A
:10B9A0001B7F19460398FFF70DFF039B1B68184682
:10B9B000FFF742FD059B00229A61059B0022DA6198
:10B9C000059B00225A61059B012283F82020049BDD
:10B9D000184607B05DF804FBD48503009C2D0020B9
:10B9E0004086030000B585B00190019B1B791A4683
:10B9F0001346DB0013449B00244A13440393039B28
:10BA00005B68002B02D00198FFF728FF019B1B68A1
:10BA100020211846FFF7DFFC019B1B680421184614
:10BA2000FFF776FD019B1B684FF4AC711846FFF7DA
:10BA30009DFC019B1B680C211846FFF769FD00BFA8
:10BA4000019B1B684FF4AC711846FFF7A4FC03463A
:10BA500083F00103DBB2002BF2D1019B1B68184677
:10BA6000FFF7F3FC0198FFF711FF019B1B681846D5
:10BA7000FEF7E8F9039B002283F82020039B0022B5
:10BA80005A6000BF05B05DF804FB00BF9C2D00208C
:10BA900000B589B0039002910192039B1B791A466D
:10BAA0001346DB0013449B00564A13440693069B3F
:10BAB00093F82030012B04D0534940F22D1001F0AF
:10BAC000F7FE029B002B04D14F494FF4977001F011
:10BAD000EFFE019B002B04D14B4940F22F1001F0E7
:10BAE000E7FE039B1B79002B02D1019BFF2B04D99E
:10BAF00045494FF4987001F0DBFE0298FFF7D8FB40
:10BB0000034683F00103DBB2002B03D0102307931D
:10BB1000079B73E0039800F079F80346002B03D0ED
:10BB200011230793079B69E0069B019A5A61069BC4
:10BB3000029A9A6000230793039B1B684FF490714D
:10BB40001846FFF713FC039B1B684FF4AC711846B3
:10BB5000FFF70CFC039B1868069B9968069B5B69C2
:10BB60001A46FFF702FD039B1B6808211846FFF7E2
:10BB7000CFFC069B5B68002B3FD1039B1B684FF4F7
:10BB800090711846FFF707FC03468DF81730039BAA
:10BB90001B684FF4AC711846FFF7FDFB03468DF8A8
:10BBA00016309DF8173083F00103DBB2002B06D06E
:10BBB0009DF8163083F00103DBB2002BDDD19DF838
:10BBC0001630002B02D00F23079313E0039B1B6852
:10BBD0000C211846FFF79CFC00BF039B1B684FF429
:10BBE000AC711846FFF7D7FB034683F00103DBB2C5
:10BBF000002BF2D1069B00225A61079B184609B020
:10BC00005DF804FB9C2D0020D485030082B00190D8
:10BC1000019B1B791946084A0B46DB000B449B002D
:10BC2000134414331B68002B14BF01230023DBB221
:10BC3000184602B0704700BF9C2D002000B589B0A7
:10BC4000039002910192039B1B791A461346DB0075
:10BC500013449B00864A13440593039B1B791946A2
:10BC6000834A0B46DB000B449B00134420331B78B4
:10BC7000012B04D07F494FF4C07001F019FE029BE4
:10BC8000002B04D17B4940F2811001F011FE019B91
:10BC9000002B04D177494FF4C17001F009FE039BDA
:10BCA0001B79002B02D1019BFF2B04D9714940F273
:10BCB000831001F0FDFD0298FFF7FAFA034683F0C6
:10BCC0000103DBB2002B03D010230793079BCAE0CC
:10BCD00000238DF81B30059B5B68002B06D0039B6F
:10BCE0001B684FF404711846FFF78EFB059B9B6998
:10BCF000002B15D0059BDB69002B0ED0059B5B68E4
:10BD0000002B06D0039B1B684FF404711846FFF705
:10BD100071FB11230793079BA5E001238DF81B30CE
:10BD20009DF81B3083F00103DBB2002B09D0059B8B
:10BD3000019A9A61059B029ADA60059B0022DA61FA
:10BD400005E0059B029A1A61059B019ADA610023BE
:10BD50000793039B1B684FF488711846FFF706FB97
:10BD6000039B1B684FF4A2711846FFF7FFFA039B71
:10BD70001B68019A02991846FFF70EFC9DF81B30CC
:10BD800083F00103DBB2002B06D0039B1B6800216C
:10BD90001846FFF7BDFB05E0039B1B6820211846F2
:10BDA000FFF70BFB039B1B791946314A0B46DB005F
:10BDB0000B449B00134404331B68002B4BD1039BA3
:10BDC0001B684FF488711846FFF7E5FA03468DF8B3
:10BDD0001330039B1B684FF4A2711846FFF7DBFA80
:10BDE00003468DF81230039B1B684FF4927118467E
:10BDF000FFF7D1FA03468DF811309DF8133083F028
:10BE00000103DBB2002B0DD09DF8123083F001034B
:10BE1000DBB2002B06D09DF8113083F00103DBB2BA
:10BE2000002BCCD1039B1B791946114A0B46DB0032
:10BE30000B449B001344183300221A609DF8113004
:10BE4000002B01D0032307939DF81230002B09D05B
:10BE50000F23079306E0039B1B684FF404711846F9
:10BE6000FFF7C8FA079B184609B05DF804FB00BF4E
:10BE70009C2D0020D485030000B589B00390029169
:10BE8000019201238DF81030029B0693019B0593CC
:10BE9000039B5B68039A116804AA1046984700BF89
:10BEA00009B05DF804FB00B587B001900091002354
:10BEB0008DF80830009B0493019B9B680393019BC2
:10BEC00000225A61019B5B68019A116802AA104620
:10BED000984700BF07B05DF804FB00B589B001903A
:10BEE00000914FF492710198FFF755FA0346002B29
:10BEF00022D04FF492710198FFF738FA02238DF89F
:10BF000008300198FFF78AFA034605930198FFF776
:10BF100052FB03460493009BDB680393009B0022C3
:10BF20009A61009B0022DA61009B5B68009A1168AD
:10BF300002AA104698473BE04FF488710198FFF73A
:10BF40002AFA0346002B33D04FF488710198FFF78B
:10BF50000DFA0198FFF72FFB0790009B9B69079A4A
:10BF60009A4225D1009BDB69002B17D0009BDB6830
:10BF7000069320210198FFF72EFA009BDA69009BB7
:10BF80009A61009B1A69009BDA60009B0022DA61CB
:10BF9000069A07990098FFF76FFF09E0009B0022BF
:10BFA0009A61009BDB681A4607990098FFF764FFC7
:10BFB0004FF4A2710198FFF7EEF90346002B18D059
:10BFC0004FF4A2710198FFF7D1F9009B9B69002BF8
:10BFD0000FD0009B00229A61009B0022DA61019839
:10BFE000FFF7E9FA0146009BDB681A460098FFF765
:10BFF00043FF4FF490710198FFF7CDF90346002BF2
:10C0000014D04FF490710198FFF7B0F90C2101980A
:10C01000FFF77EFA009B5B69002B07D00198FFF7C2
:10C02000B3FA034619460098FFF73DFF4FF4AC7191
:10C030000198FFF7B0F90346002B10D04FF4AC7114
:10C040000198FFF793F9009B5B69002B07D00198DB
:10C05000FFF79AFA034619460098FFF724FF00BF3E
:10C0600009B05DF804FB000008B503490348FFF779
:10C0700034FF00BF08BD00BF9C2D00200020004001
:10C0800082B003468DF807309DF8073003F01F0299
:10C0900005499DF907305B09012000FA02F241F8D9
:10C0A000232000BF02B0704700E100E082B00346E9
:10C0B0008DF807309DF8073003F01F0206499DF9FF
:10C0C00007305B09012000FA02F2203341F82320F7
:10C0D00000BF02B0704700BF00E100E082B003463D
:10C0E00000918DF807309DF90730002B0CDA009B8A
:10C0F000DAB20C499DF8073003F00F03043B5201FC
:10C10000D2B20B441A7609E0009BDAB206499DF9D7
:10C1100007305201D2B20B4483F8002300BF02B0B3
:10C12000704700BF00ED00E000E100E082B0019048
:10C13000019B03F06043B3F1005F0CBF01230023B8
:10C14000DBB2184602B0704782B00190019B1B0B16
:10C150005BB2184602B0704700B583B003460A468A
:10C160008DF8073013468DF806309DF80630012B08
:10C1700003D99DF80630032B0BD99DF80630042B0C
:10C1800003D99DF80630072B03D908496B2001F02D
:10C190008FFB9DF806209DF9073011461846FFF7E2
:10C1A0009DFF00BF03B05DF804FB00BF44860300A1
:10C1B00000B583B003468DF807309DF90730184667
:10C1C000FFF75EFF00BF03B05DF804FB00B583B06E
:10C1D00003468DF807309DF907301846FFF766FFD4
:10C1E00000BF03B05DF804FB82B001900B468DF8F0
:10C1F00003309DF80330019A134401221A6000BFF6
:10C2000002B0704784B001900B46ADF80230BDF823
:10C210000230019A134400221A60BDF80230019ADC
:10C2200013441B680393039B00BF04B0704782B0A4
:10C2300001900B46ADF80230BDF80230019A13446C
:10C240001B68002B14BF01230023DBB2184602B089
:10C25000704782B001900091019BD3F80022009BAF
:10C26000DB431A40019BC3F8002200BF02B07047B5
:10C2700082B001900091019B009AC3F8042300BF93
:10C2800002B0704782B001900091019B009AC3F800
:10C29000082300BF02B0704782B00190019B0622C4
:10C2A000C3F8002500BF02B0704782B00190019B27
:10C2B0000022C3F8002500BF02B0704784B003908D
:10C2C00002910192039B029AC3F80825039B019AED
:10C2D000C3F80C2500BF04B0704782B001900091F4
:10C2E000019B009AC3F8242500BF02B0704784B0B8
:10C2F0000190019BD3F8C4340393019B039AC3F8C4
:10C30000C424039B184604B0704782B001900B46CA
:10C310008DF803309DF80320019BC3F8882500BFEA
:10C3200002B0704784B0039002910192029A039B7D
:10C33000C3F84425039B019AC3F8482500BF04B005
:10C34000704784B0039002910192029A039BC3F854
:10C350003425039B019AC3F8382500BF04B0704709
:10C3600082B001900091019B009AC3F8002200BFA7
:10C3700002B0704782B00190019BD3F84C3518464B
:10C3800002B0704782B00190019BD3F83C3518464B
:10C3900002B0704782B00190019B0122C3F8502582
:10C3A00000BF02B0704782B00190019B0022C3F829
:10C3B000502500BF02B0704782B00190019B01225E
:10C3C000C3F8402500BF02B0704782B00190019BC6
:10C3D0000022C3F8402500BF02B0704700B583B00B
:10C3E0000190019B1B681F2B04D9054940F2CD1019
:10C3F00001F05EFA4FF0A043184603B05DF804FB6D
:10C400007C86030000B585B00190084611461A46A7
:10C4100003468DF803300B468DF8023013468DF835
:10C42000013001AB1846FFF7D9FF03909DF80320B8
:10C430009DF802305B001A439DF801309B001A43BF
:10C440009DF818301B0242EA03019DF81C301B04C2
:10C45000019A1943039B02F5E07243F8221000BFD2
:10C4600005B05DF804FB00B585B00390002301938F
:10C47000002300930023012200210398FFF7C2FF4D
:10C4800000BF05B05DF804FB84B001900323039363
:10C49000019B03F00103002B02D04FF402430393EE
:10C4A000019B03F00203002B02D048F20123039307
:10C4B000019B03F00403002B02D048F202230393F4
:10C4C000039B184604B0704700B585B001900091F9
:10C4D00001238DF80F30009B1B7B032B55D801A245
:10C4E00052F823F05BC5020073C5020033C5020099
:10C4F000F5C40200009B9B68324A934207D1019821
:10C50000FFF738FF0246009B1B699A420DD1009B42
:10C510009B6840F20222934239D10198FFF72AFF2B
:10C520000246009B5B699A4231D000238DF80F30A0
:10C530002DE00198FFF71EFF0246009B1B699A42FF
:10C5400007D10198FFF71EFF0246009B5B699A42E4
:10C550001FD000238DF80F301BE00198FFF70AFF72
:10C560000246009B1B699A4215D000238DF80F30BC
:10C5700011E00198FFF706FF0246009B1B699A42F3
:10C580000BD000238DF80F3007E000BF06E000BF9E
:10C5900004E000BF02E000BF00E000BF9DF80F30E4
:10C5A00083F00103DBB2002B05D00198FFF77DFE7D
:10C5B0000198FFF771FE9DF80F30184605B05DF841
:10C5C00004FB00BF0002040000B58BB0059004918D
:10C5D00003920293049B002B03D14A49E22001F00D
:10C5E00067F9049B1A68049B5B689A4203D145492A
:10C5F000E32001F05DF9059B1B791A46342303FB08
:10C6000002F3414A13440993099B93F82D30002B00
:10C6100003D008230793079B70E0059B1A68059BCE
:10C620001B791946394B53F8213019461046FDF74E
:10C63000C7FB0346002B03D011230793079B5DE044
:10C64000099B039A1A60099B029A5A60099B00226F
:10C650009A60099B002283F83020099B002283F80E
:10C660002F20049B5A7B099B83F83220049B186877
:10C670000023019306230093032300220021FFF7E8
:10C68000C1FE049B586800230193062300930323F3
:10C6900000220021FFF7B6FE059B1B680893049B50
:10C6A0001968049B5B681A460898FFF707FE049B0D
:10C6B0009B6819460898FFF710FE099B1B68002B22
:10C6C00015D0059B1B681846FFF73EFD03461A462A
:10C6D000049B1B7B19461046FFF73EFD059B1B681C
:10C6E0001846FFF731FD03461846FFF761FD099B29
:10C6F000012283F82D2000230793079B18460BB0D7
:10C700005DF804FBB4860300C02D002020870300E1
:10C7100000B585B00190019B1B791A46342303FBB9
:10C7200002F3204A13440393039B93F82D30002B0C
:10C7300004D11D4940F2311001F0BAF8039B1B6887
:10C74000002B08D0019B1B681846FFF7FDFC034631
:10C750001846FFF73BFD019800F050F8019B1B685D
:10C760001846FDF76FFB039B93F8323083F001030B
:10C77000DBB2002B0DD0019B1B68D3F8083518469F
:10C78000FFF771FE019B1B68D3F80C351846FFF7C5
:10C790006AFE039B002283F82D2000BF05B05DF8E0
:10C7A00004FB00BFC02D0020B486030000B585B097
:10C7B0000190019B1B791A46342303FB02F30D4AB7
:10C7C00013440393039B93F82D30012B04D00A49A3
:10C7D0004FF4A57001F06CF8019B1B681846FFF739
:10C7E0005BFD039B022283F82D2000BF05B05DF89E
:10C7F00004FB00BFC02D0020B486030000B585B047
:10C800000190019B1B791A46342303FB02F3134A60
:10C8100013440393039B93F82D30002B04D110494C
:10C8200040F2551001F044F8019B1B680293039BF2
:10C8300000229A600B490298FFF724FD4FF4BC5187
:10C840000298FFF706FD0298FFF72FFD039B0122D8
:10C8500083F82D2000BF05B05DF804FBC02D00203B
:10C86000B486030002029C0100B583B001900091E0
:10C87000009B03F00103002B03D00198FFF78AFD12
:10C8800002E00198FFF78FFD009B03F00203002BED
:10C8900003D00198FFF790FD02E00198FFF795FDA6
:10C8A00000BF03B05DF804FB30B589B0039002917E
:10C8B000019200930023079308238DF81B304FF457
:10C8C0008273ADF81830039B002283F82E20019B61
:10C8D000DB681846FFF72AFC034683F00103DBB24E
:10C8E000002B03D010230793079BAFE1A0490298C8
:10C8F000FFF7C8FC039B93F82F30DBB2002B09D065
:10C90000039B9B6819460298FFF7B2FC112307931B
:10C91000079B9BE1009B03F00403002B06D1009BC7
:10C9200003F01003002B01D1012300E0002303F0EA
:10C930000103DAB2039B83F82F20039B019A03F1D2
:10C940000C0415460FCD0FC42B682360009B1B09F8
:10C9500003F00103002B14BF01230023DAB2039B71
:10C9600083F83020019B5B7819460298FFF7CDFCD5
:10C970004FF482710298FFF745FC4FF492710298D0
:10C98000FFF740FC00990298FFF76EFF019B1B78B0
:10C99000032B00F2F38001A252F823F0E3CA020055
:10C9A0003DCB020089CA0200ADC90200009B03F022
:10C9B0001003002B04D06F4940F2AB1000F078FF59
:10C9C000009B03F00803002B04D06A494FF4D67093
:10C9D00000F06EFF009B03F00403002B04D06549B8
:10C9E00040F2AD1000F064FF019B1B691846FFF791
:10C9F0009DFB034683F00103DBB2002B03D0102321
:10CA00000793079B22E14FF480710298FFF7A8FC7F
:10CA1000019BD968019B5B681A460298FFF782FC6C
:10CA20004FF4A8710298FFF7EDFB4FF4B071029834
:10CA3000FFF7E8FB4FF4A4710298FFF7E3FB202116
:10CA40000298FFF7D1FB08210298FFF7CDFB00BF4A
:10CA50004FF4A8710298FFF7EAFB034683F0010345
:10CA6000DBB2002BF4D14FF4A8710298FFF7CAFB98
:10CA7000019B1969019B9B681A460298FFF752FCBB
:10CA8000039B3D4A9A607CE0019BD968019B5B68EF
:10CA90001A460298FFF746FC019B1B691846FFF7F0
:10CAA00045FB034683F00103DBB2002B03D01023C8
:10CAB0000793079BCAE0019B1969019B9B681A4673
:10CAC0000298FFF73EFC4FF484510298FFF748FCB0
:10CAD000039B40F202229A6020210298FFF784FB18
:10CAE0004FE0019BD968019B5B681A460298FFF7EB
:10CAF00019FC009B03F02003002B11D04FF4807130
:10CB00000298FFF72DFC039B1B4A9A604FF4A47117
:10CB10000298FFF777FB4FF4A473ADF8183008E0E4
:10CB20004FF400710298FFF71BFC039B40F20222B6
:10CB30009A6020210298FFF757FB22E0019BD968F9
:10CB4000019B5B681A460298FFF7FBFB4FF480518C
:10CB50000298FFF705FC039B40F202229A60002333
:10CB60008DF81B3020210298FFF73EFB09E000BF43
:10CB700002029C01B486030000020400072307930D
:10CB800000BF009B03F00803002B09D1019B1B7819
:10CB9000032B05D09DF81B3019460298FFF724FBA4
:10CBA000039B1B68002B28D0009B03F00403002B81
:10CBB00003D0039B4FF400729A60039B9B68194655
:10CBC0000298FFF755FB40E04FF492710298FFF78F
:10CBD0002EFB0346002B10D04FF492710298FFF702
:10CBE00011FB20210298FFF7FFFA14210298FFF7AA
:10CBF000FBFA4FF48273ADF81830BDF818301946BF
:10CC00000298FFF714FB034683F00103DBB2002B0D
:10CC1000DAD10298FFF76BFB0590039B002283F8A3
:10CC20002F20059B002B04D00598FFF72DFC0790C3
:10CC30000BE003990298FFF747FC034683F00103DA
:10CC4000DBB2002B01D003230793079B184609B0E2
:10CC500030BD00BF00B587B0039002910192039BE5
:10CC60001B79002B07D1029B5B68FF2B03D8029B2B
:10CC70009B68FF2B04D91B4940F22F2000F018FEBF
:10CC800000230593039B1B791A46342303FB02F30D
:10CC9000154A13440493049B1B68002B08D1029B84
:10CCA0001B78022B04D10F4940F2372000F000FE20
:10CCB000049B1B68002B08D1029B1B78032B04D11B
:10CCC00008494FF40E7000F0F3FD039B1968019BB7
:10CCD000029A0498FFF7E8FD0590059B184607B0F7
:10CCE0005DF804FBB4860300C02D002000B58BB0B6
:10CCF0000390019200930B468DF80B3000238DF8C2
:10CD000014309DF80B308DF81530009B06930023EE
:10CD10000793019B0893002309939DF83030002B63
:10CD200001D0202200E0002205AB19460398FFF74E
:10CD300091FF034618460BB05DF804FB00B58BB0BD
:10CD40000390019200930B468DF80B3001238DF870
:10CD500014309DF80B308DF81530009B069300239E
:10CD60000793019B08930023099305AB0022194602
:10CD70000398FFF76FFF034618460BB05DF804FBFE
:10CD800030B58BB001900091009B1B68002B04D143
:10CD9000864940F2862000F08BFD4FF49271019895
:10CDA000FFF745FA0346002B2BD04FF49271019800
:10CDB000FFF728FA4FF482710198FFF738FA03461B
:10CDC00083F00103DBB2002B1BD0009B9B6819464C
:10CDD0000198FFF757FA009B02229A60009B9B681C
:10CDE00019460198FFF744FA20210198FFF7FCF952
:10CDF00014210198FFF7F8F9009B012283F82E20F7
:10CE0000D1E04FF482710198FFF711FA0346002B2D
:10CE10004AD04FF482710198FFF7F4F9009B04ACFB
:10CE200003F10C050FCD0FC42B682360009B93F812
:10CE30002E3083F00103DBB2002B12D00099019851
:10CE4000FFF742FB0346002B14BF01230023DBB294
:10CE500083F00103DBB203F00103DAB2009B83F835
:10CE60002E204FF4B0710198FFF7CCF94FF4AE715A
:10CE70000198FFF7C7F9009B93F8303083F0010366
:10CE8000DBB2002B04D1009B93F82E30002B4CD04A
:10CE900000210198FFF764FA009B00229A60444940
:10CEA0000198FFF7EFF940E04FF4A4710198FFF704
:10CEB000A9F9009B1B7B002B1BD1009B04AC03F149
:10CEC0000C050FCD0FC42B682360009B93F8303006
:10CED00083F00103DBB2002B27D000210198FFF77C
:10CEE0003FFA009B00229A6031490198FFF7CAF986
:10CEF0001BE04FF400710198FFF732FA009B40F2FB
:10CF000002229A602A490198FFF7BCF9009B9B68AE
:10CF100019460198FFF7ACF908210198FFF764F969
:10CF200020210198FFF760F93DE00198FFF7DFF954
:10CF30000990099B03F00203002B03D001238DF815
:10CF40000C301DE0099B03F00403002B03D00223E7
:10CF50008DF80C3014E0099B03F00103002B03D083
:10CF600002238DF80C300BE0009B93F82E30002B41
:10CF700003D004238DF80C3002E000238DF80C3030
:10CF8000009B93F8303083F00103DBB2002B03D019
:10CF9000009B002283F82F20009B1B68009A516899
:10CFA00003AA104698470BB030BD00BFB4860300FB
:10CFB00002029C0108B503494FF04020FFF7E0FE54
:10CFC00000BF08BDC02D002082B003468DF8073099
:10CFD0009DF8073003F01F0206499DF907305B09F1
:10CFE000012000FA02F2603341F8232000BF02B0B2
:10CFF000704700BF00E100E0BFF34F8F00BF074B59
:10D00000DB6803F4E0620549054B1343CB60BFF3D3
:10D010004F8F00BF00BF00BFFCE700BF00ED00E086
:10D020000400FA053FDF704700BF184600B585B021
:10D030000190019B002B0CD0084B43F0010303939C
:10D04000019B9B010293054B43F001030298984713
:10D0500000E000BF05B05DF804FB00BF30870300AF
:10D0600000B583B00190019B1B681F2B04D90549B3
:10D0700040F2CD1000F01CFC4FF0A043184603B066
:10D080005DF804FB3887030000B585B001900846C1
:10D0900011461A4603468DF803300B468DF80230D0
:10D0A00013468DF8013001AB1846FFF7D9FF039006
:10D0B0009DF803209DF802305B001A439DF8013073
:10D0C0009B001A439DF818301B0242EA03019DF8A9
:10D0D0001C301B04019A1943039B02F5E07243F8CC
:10D0E000221000BF05B05DF804FB00B585B00390C9
:10D0F00000230193002300930023012201210398C0
:10D10000FFF7C2FF00BF05B05DF804FB00B585B0B6
:10D1100003900B468DF80B309DF80B3000220192E6
:10D1200000220092002200210398FFF7ADFF00BF0C
:10D1300005B05DF804FB00B585B0039000230193B2
:10D14000002300930023012200210398FFF79CFF96
:10D1500000BF05B05DF804FB00B585B0019001ABE0
:10D160001846FFF77DFF0390019B012202FA03F3AB
:10D170001946039800F02FF800BF05B05DF804FBD6
:10D1800000B585B0019001AB1846FFF769FF039029
:10D19000019B012202FA03F31946039800F025F8D7
:10D1A00000BF05B05DF804FB00B585B0019001AB90
:10D1B0001846FFF755FF0390019A039B02F5E072B2
:10D1C00053F822305B08DBB203F00103DBB21846F0
:10D1D00005B05DF804FB82B001900091019B009ABC
:10D1E000C3F8082500BF02B0704782B001900091DB
:10D1F000019B009AC3F80C2500BF02B0704774DF92
:10D20000704700BF184676DF704700BF18467ADFC8
:10D21000704700BF18467CDF704700BF18468ADFA2
:10D22000704700BF18468BDF704700BF18468FDF7E
:10D23000704700BF184600B583B00190019B002BDA
:10D240000FD04FF47A70FFF7F1FE019B013B019381
:10D25000019B002B14BF01230023DBB2002B01D064
:10D26000EFE700BF03B05DF804FB0000014B1B6853
:10D2700018467047B034002082B00190034B1B6801
:10D280000133024A136000BF02B07047B03400207F
:10D2900000B585B003468DF807309DF80730032BA5
:10D2A0001AD801A252F823F0C1D20200B9D202006A
:10D2B000C9D20200D1D20200114802F07FFD0BE07A
:10D2C000104802F07BFD07E00F4802F077FD03E015
:10D2D0000E4802F073FD00BFF9F740FD0390039B79
:10D2E0000293029B002B05D0094A4FF42C7102983F
:10D2F000F9F7C0F80123184605B05DF804FB00BF3C
:10D300007087030090870300B0870300DC87030069
:10D31000FC87030070B58CB0059000230893059B33
:10D320000333784A1360059B9B69774A1360059B1A
:10D330009A8B764B1A80764B1B7883F00103DBB215
:10D34000002B00F0F980704B1B6805331A78714B85
:10D350001B789A4240F09C816B4B1B6806331A780D
:10D360006C4B5B789A4240F09381674B1B680733A4
:10D370001A78694B1B789A4240F08A81624B1B688D
:10D3800008331A78644B5B789A4240F081815F4B96
:10D390001A88624B1B889A4240F07A814FF0FF3323
:10D3A0000893089BB3F1FF3F40F095805C4B00224F
:10D3B0001A70544B1B681B781C46524B1B68013378
:10D3C0001B781D464F4B1B6802331B781E464D4B86
:10D3D0001B6803331B781A464A4B1B6804331B78BF
:10D3E0001946484B1B6805331B781846059B93F973
:10D3F0001330039302900191009233462A4621464E
:10D40000484802F0DBFC05230B930B9B002B15DB3C
:10D410003C4B1A680B9B1344434A12781046197808
:10D42000424A342303FB00F31A440B9B1344483352
:10D430000A461A700B9B013B0B93E6E73A4B1B78AD
:10D44000184602F0DDF9304B1B6809331A78364B69
:10D450001B78184651B2354A342303FB00F31344BA
:10D4600057330A461A70304B1B7819462F4A34231B
:10D4700003FB01F31344573393F9003019462C484A
:10D4800002F09CFC204B1B680A331A78264B1B7851
:10D49000194607EE902AF8EE677A244A342303FBF4
:10D4A00001F313446433C3ED007A1F4B1B78194614
:10D4B0001E4A342303FB01F3134464331B681846EC
:10D4C00008F074FD02460B461A4802F077FC164B32
:10D4D00000221A70DCE0089802F092F9124B1B78D7
:10D4E0000A930A9B002B00F3D380104A0A9B342135
:10D4F00001FB03F31344683300221A800A9B0133B3
:10D500000A93EEE78C3B0020903B0020943B0020E8
:10D51000173600203C2B0020402B00209C2B0020A5
:10D52000422B00204088030010360020983B00204A
:10D530006C88030078880300584B1B6807331A78FF
:10D54000574B1B789A4240F0A380544B1B6808331A
:10D550001A78534B5B789A4240F09A80514B1B6883
:10D560000021184602F090F90346B3F1FF3F0CBFCB
:10D5700001230023DBB2002B00F08A80494B1B689B
:10D580001B781C46474B1B6801331B781D46454BD7
:10D590001B6802331B781E46424B1B6803331B7803
:10D5A0001A46404B1B6804331B7819463D4B1B68D9
:10D5B00005331B781846059B93F9133003930290AB
:10D5C0000191009233462A462146374802F0F6FB85
:10D5D00005230993099B002B15DB324B1A68099B25
:10D5E0001344324A127810461978314A342303FB27
:10D5F00000F31A44099B134448330A461A70099BE6
:10D60000013B0993E6E7294B1B781846059B93F9E4
:10D610001310274A342303FB00F3134457330A46FD
:10D620001A70224B1B781946214A342303FB01F35D
:10D630001344573393F9003019461E4802F0BEFBDD
:10D64000164B1B680A331A78184B1B78194607EEDD
:10D65000902AF8EE677A164A342303FB01F3134449
:10D660006433C3ED007A114B1B781946104A3423FA
:10D6700003FB01F3134464331B68184608F096FC5F
:10D6800002460B460C4802F099FB084B00221A7028
:10D6900000F0D2FA00BF0CB070BD00BF903B00207C
:10D6A000402B00208C3B00204088030010360020D7
:10D6B000983B00206C8803007888030000B585B093
:10D6C00001900091019B04330393019B1B881D2B48
:10D6D00004D1039B04331846FFF71CFE00BF05B0BE
:10D6E0005DF804FB00B583B00023009305F0F8FB60
:10D6F00001906B461946012005F0ECFC01906B4649
:10D70000184605F075FD019000BF03B05DF804FBFD
:10D7100000B583B00190184B01221A60174B1B68AB
:10D72000012B24D1164B1B68002B09DC154B012261
:10D730001A60124B00221A60134B01221A7016E075
:10D74000124B1B684FF47A7202FB03F3184600F089
:10D7500021F80B4B1B68013B094A1360084B1B68FF
:10D7600019460B4802F02AFB074B00221A7000BF33
:10D7700003B05DF804FB00BF883D0020903D002011
:10D78000943D00208C3D0020983D0020A02B0020DF
:10D790008488030030B583B00190154A00211548F4
:10D7A000F9F756FA019B18464FEAE0714FF0000274
:10D7B0004FF00003CB0343EA5043C20312F57A74DF
:10D7C00043F100054FF4FA624FF00003204629466A
:10D7D00009F098F802460B461346002219460648FF
:10D7E000F9F76AFA054B00221A6000BF03B030BD9A
:10D7F00011D70200B494030050340020883D00206B
:10D8000008B5064A01210648F9F722FA002210213C
:10D810000448F9F751FA00BF08BD00BF79D20200F1
:10D82000B89403007034002000B583B00023009347
:10D8300005F056FB01906B461946012005F04AFCA5
:10D840006B46184605F0D4FC019000BF03B05DF8AC
:10D8500004FB08B5FFF746FF00F0EEF900BF08BD76
:10D8600008B5F42200210D4809F05BFA0B4B412268
:10D870001A700A4B43225A70084B4B229A70074B7E
:10D880003122DA70064B1B88064A0449064805F027
:10D8900021F9064802F092FA00BF08BD703A002054
:10D8A000682B0020702B00204C2B00209888030050
:10D8B00000B583B003460091ADF80630064802F08B
:10D8C0007DFABDF80630009A19460448F8F7D2FDF3
:10D8D00000BF03B05DF804FBAC880300EFBEADDE13
:10D8E00000B589B00190019B1B78002B40F092801D
:10D8F000019B9B8A1946494802F060FA002307936E
:10D90000019B9B8A1A46079B93420CD2019B1A6982
:10D91000079B13441B781946414802F04FFA079BB6
:10D9200001330793ECE73F4802F048FA019B1B697B
:10D9300002331B78012B0CD13B4B01221A704FF0A4
:10D940008043B122C3F81C256420FFF774FCFFF765
:10D9500053FB019B1B6904331A78344B1A70019BEB
:10D960001B6905331A78324B1A70019B1B69063309
:10D970001B781A464FF47A7303FB02F32D4A1360A7
:10D98000019B1B6907331B785AB22B4B1A70019B02
:10D990001B6908331B781A464FF47A7303FB02F3B2
:10D9A000264A1360019B1B6909331B781A464FF402
:10D9B0007A7303FB02F3224A1360019B1B690A334B
:10D9C0001A78204B1A70002306930B230593059BAE
:10D9D0000E2B0FDC019B1A69059B1A44069B591CF0
:10D9E0000691127808A90B4403F8102C059B01330B
:10D9F0000593ECE704A903AB0422184609F068F983
:10DA0000DDED037AFDEEE77A17EE902A0E4B1A60F1
:10DA1000FFF726FF00BF09B05DF804FBC4880300D0
:10DA2000F0880300F8880300993D0020B5340020F9
:10DA3000B6340020782B0020382B0020802B0020CB
:10DA40007C2B00209A3D0020A82B002000B585B03B
:10DA50009DF80430012262F303038DF804309DF831
:10DA60000430012262F307138DF80430124809F0E4
:10DA7000D4F903469AB201AB0F491846FFF7CBFB26
:10DA800002AB08220021184609F04BF91023ADF82B
:10DA900008303C23ADF80A300023ADF80C304FF4C9
:10DAA000C873ADF80E3002AB1846FFF7B0FB00BFED
:10DAB00005B05DF804FB00BFFC88030000B583B02F
:10DAC00000230093002300936B461946094804F095
:10DAD00019FD01AB04220021184609F022F9064B7A
:10DAE000019301AB1946054804F04EFF00BF03B097
:10DAF0005DF804FB30360020E1D802004C2B0020FA
:10DB000000B583B00190019B1B78002B05D1054B1C
:10DB10001B883B211846FFF776FB00BF03B05DF87A
:10DB200004FB00BF682B002000B589B001AB1C22AC
:10DB30000021184609F0F5F8002301934FF4A033B3
:10DB400002934FF4F023039303238DF81030002346
:10DB5000ADF8123000238DF81430064B06930023E5
:10DB6000079301AB184603F0F5FC00BF09B05DF860
:10DB700004FB00BF01DB020000B585B001900091FD
:10DB8000019B1B88562B42D0562B47DC3B2B37D0B2
:10DB90003B2B43DC212B25D0212B3FDC102B02D04B
:10DBA000112B0ED03AE0019B9A881F4B1A801E4B16
:10DBB0001B8819461D4804F0C7FC1D4B01221A7032
:10DBC0002DE0194B4FF6FF721A80174B1B883B2133
:10DBD0001846FFF718FB164B00221A70154B01224E
:10DBE0001A601CE000238DF80D3000238DF80C30F6
:10DBF000019B9B8803AA11461846FFF718FB0EE00D
:10DC0000019B9B8813211846FFF7FDFA07E0019B53
:10DC10009B8813211846FFF7F6FA00E000BF00BF0B
:10DC200005B05DF804FB00BF682B002030360020F3
:10DC300016360020883D002008B5FFF7F4FA0349A6
:10DC40000348FFF7ECFA00BF08BD00BF942B00208B
:10DC5000842B002000B585B00023039305F040F924
:10DC6000039003991D4802F0A9F8039B0293029BBD
:10DC7000002B05D01A4A40F24F410298F8F7FAFB00
:10DC80000023019301AB184605F012FA03900399A3
:10DC9000144802F093F8019B1946134802F08EF8DD
:10DCA00001AB1946012005F015FA0346002B14BFFD
:10DCB00001230023DBB2002B02D00C4802F07EF8D7
:10DCC00001AB184605F094FA03900399034802F05B
:10DCD00075F800BF05B05DF804FB00BF08890300BC
:10DCE000FC870300188903002C8903004089030086
:10DCF00000B5ADB001ABAC220021184609F011F817
:10DD000002238DF8043000238DF8063005238DF8AA
:10DD100007300123ADF850300C4B159301238DF8DB
:10DD200080304023239344F25063249300232A93AA
:10DD300001AB1946064803F0ABF80121044803F093
:10DD40009AF800BF2DB05DF804FB00BF6C2B0020DB
:10DD50003C36002000B583B001900091009B5A88AA
:10DD6000124B1B889A4214D1009B1B8840F67722E5
:10DD700093420ED1009B9B88033B9AB20C4B1A80B6
:10DD80000B4B1B8819460A4B1B881A46094802F0A0
:10DD900015F8019B5B881946019B1B881A460648AB
:10DDA00002F00CF800BF03B05DF804FB682B002004
:10DDB0006A2B00204C8903006C89030008B50549D3
:10DDC000054804F0B8FAF721034804F0DFFA00BF71
:10DDD00008BD00BF55DD02001C36002008B5032138
:10DDE000024803F02DF900BF08BD00BF3C360020FB
:10DDF00008B5FFF72FFFFFF729FEFFF7DFFFFFF75B
:10DE00005DFEFFF775FFFFF78FFEFFF7E7FF044B9F
:10DE100000221A70034801F0D1FF00BF08BD00BF07
:10DE200016360020A889030082B00190019B082BC0
:10DE300038D801A252F823F05DDE020065DE020050
:10DE40006DDE020075DE02007DDE020085DE02006E
:10DE50008DDE020095DE02009DDE0200154BD82209
:10DE60001A7023E0134BFF221A701FE0114BEC22B3
:10DE70001A701BE00F4BF0221A7017E00D4BF422C2
:10DE80001A7013E00B4BF8221A700FE0094BFC22BA
:10DE90001A700BE0074B00221A7007E0054B0422B2
:10DEA0001A7003E0034B00221A7000BF00BF02B0DB
:10DEB000704700BFA43E0020124B0022C3F800228E
:10DEC000104B0022C3F810210E4B00221A600D4B9C
:10DED0000122DA600B4B01221A610A4B0122C3F8BE
:10DEE0000C21084BD3F81031002B0CBF0123002369
:10DEF000DBB2002B00D0F4E7024B0022C3F8102164
:10DF000000BF70470010004008B5114B0122C3F854
:10DF1000FC2F0F4B0122C3F800220E4B93F9003067
:10DF20001846FFF781FF0C4B1A78094BC3F80C25F4
:10DF30000A4B1A78064BC3F81025054A084B1B6894
:10DF4000C2F80835024B01221A6000BF08BD00BFAD
:10DF500000100040382B0020A43E0020A42B0020FD
:10DF6000A82B002000B583B0384B04221A70384B20
:10DF7000D3F85036364A23F00103C2F85036344BFA
:10DF8000344AC3F81825324B0022C3F83425304BED
:10DF90000022C3F82C252E4B0122C3F830252C4B30
:10DFA000CC22C3F824252A4B4FF0CC32C3F81C25D1
:10DFB000274B294AC3F81425284BFF221A70002347
:10DFC0008DF807309DF80730FF2B0BD09DF80730F8
:10DFD0000133224ACC21D1549DF8073001338DF80A
:10DFE0000730EFE71A4B1D4AC3F80425184B2122CE
:10DFF000C3F800221A4B93F900301846FFF714FFBC
:10E00000184B1A78124BC3F80C25104B1A78104B8A
:10E01000C3F810250E4A144B1B68C2F808350C4B88
:10E020000022C3F80C210A4B01221A60084BD3F8D6
:10E030000C31002B0CBF01230023DBB2002B00D0DE
:10E04000F4E700BF03B05DF804FB00BFA42B002081
:10E0500000100040FF00040308000001A43D002060
:10E06000382B0020A43E0020A82B002010B584B03F
:10E070000390FFF7FBF80346744A1360734B1B6869
:10E080001946734801F09AFEFFF7B2FE0398FFF7B6
:10E0900081FB704801F092FE6F4B1B68002B03D090
:10E0A0006E4B1B78002B01D0012300E00023002BD6
:10E0B00002D0F9F75DFFEFE7694801F07FFE694B99
:10E0C00093F854301846FFF79AF84FF47A70FFF738
:10E0D000B2F804F059FF4FF47A70FFF7ACF801F092
:10E0E0002DFC614B93F90030082B02DD5E4B0722BB
:10E0F0001A705E4B1B68642B06D95D4B1B78002B96
:10E1000002D15A4B11221A60574B93F900301C462A
:10E11000584B1968584B1A68584B1868584B1B686D
:10E1200000930346204600F0F7FA03465AB2554BD7
:10E130001A704E4B1B6803F5617307EE903AF8EEC8
:10E14000677A514BC3ED007A474B93F900301C4678
:10E150004E4B19684E4B1A684E4B18684E4B1B6855
:10E1600000930346204600F0D7FA03465AB24B4BC1
:10E170001A703D4B93F900301C46494B1968494BC6
:10E180001A68494B1868494B1B68009303462046A0
:10E1900000F0C2FA03465AB2454B1A70454B1B7841
:10E1A0001946454801F00AFE444B1B68194644488D
:10E1B00001F004FE2C4B93F900301946414801F060
:10E1C000FDFD414B1B681946404801F0F7FD404BEF
:10E1D0001B6819463F4801F0F1FD3F4B1B7819467B
:10E1E0003E4801F0EBFD214B1B6819463C4801F00D
:10E1F000E5FD1F4B1B7819463A4801F0DFFD1B4B2C
:10E200001B681946384801F0D9FD244B93F90030BA
:10E210001946364801F0D2FD254B93F900301946D6
:10E22000334801F0CBFD234B1B78002B09D04FF076
:10E230008043B122C3F81C256420FEF7FCFFFEF7E3
:10E24000DBFEFFF7F1FA00BF04B010BD9C3D0020DB
:10E25000948B0300A08B0300883D0020163600201D
:10E26000B88B03003C360020382B0020A82B002060
:10E27000B63400203C340020102B0020142B00204A
:10E28000182B0020403400201C2B00204434002098
:10E29000202B0020242B0020282B0020413400209C
:10E2A0004C3400202C2B0020302B0020342B00205D
:10E2B00048340020993D0020D08B0300782B0020AB
:10E2C000DC8B0300EC8B03007C2B0020008C030014
:10E2D000802B0020108C03009A3D0020248C03002A
:10E2E000308C0300488C03006C8C0300848C03008A
:10E2F000A48C030008B5FAF7C5FA0020FAF720FB52
:10E30000F9F720FE00BF08BD30B587B04FF080534D
:10E31000D3F8A8301B0ADBB263F03F03DBB28DF801
:10E3200010304FF08053D3F8A830DBB28DF81130A5
:10E330004FF08053D3F8A4301B0EDBB28DF81230AF
:10E340004FF08053D3F8A4301B0CDBB28DF81330A0
:10E350004FF08053D3F8A4301B0ADBB28DF8143091
:10E360004FF08053D3F8A430DBB28DF815309DF810
:10E3700010301C469DF811301D469DF812309DF856
:10E3800013209DF814109DF815000390029101923E
:10E3900000932B4622460549054808F0E4FB044952
:10E3A000044801F00BFD00BF07B030BDC48C030072
:10E3B000783D0020E88C030010B584B04FF0805306
:10E3C000D3F80431029302AB03934FF08053D3F898
:10E3D0000011039B03331B781846039B02331B7801
:10E3E0001C46039B01331B781A46039B1B78019341
:10E3F0000092234602460C4801F0E0FC4FF08053A7
:10E40000D3F808311946094801F0D8FC4FF0805381
:10E410001B6E4FF08052526E1946054801F0CEFC3B
:10E4200000BF04B010BD00BF088D0300248D0300A1
:10E43000348D03000000000000B585B04FF0FF33BD
:10E4400003934FF0FF3302934FF0FF3301932C48B7
:10E4500001F0B4FC76222B492B4805F0B1FC2B4986
:10E46000294805F099FD03460393284B1B6818467D
:10E4700007F088FD4FF00002254B07F0EDFB024648
:10E480000B4610461946234BD3E9002307F0E4FB63
:10E4900002460B4643EC172B9FED151BB0EE470AC7
:10E4A000F0EE670A08F010F953EC102B4FF0000063
:10E4B000194907F031FB02460B46104619460EA3D8
:10E4C000D3E9002307F02CFB02460B461349C1E9B0
:10E4D00000230E4B1968114BD3E90023104801F0BB
:10E4E0006DFC4FF4FA70FEF7A6FEB8E7AFF30080BC
:10E4F000245174CC955BC83F0000000040A5E54066
:10E50000B88E0300942E0020F82D0020502E0020FD
:10E5100000005940082B00200000F03F482E00204A
:10E52000DC8E03000000000000B583B07622624953
:10E53000624805F045FC6249604805F02DFD604BDE
:10E540001B68184607F01EFD4FF000025D4B07F0F8
:10E5500083FB02460B46104619465B4BD3E900236A
:10E5600007F07AFB02460B4643EC172B9FED4E1B40
:10E57000B0EE470AF0EE670A08F0A6F853EC102B4D
:10E580004FF00000514907F0C7FA02460B4610460B
:10E59000194647A3D3E9002307F0C2FA02460B4607
:10E5A0004B49C1E90023464B1868494BD3E9002386
:10E5B0004849096800910146474801F0FFFB474B75
:10E5C0001B68184607F0DEFC414BD3E9002307F037
:10E5D00029FC0346002B12D0414B1B68184607F05C
:10E5E000D1FC3B4BD3E9002307F054FC0346002B3E
:10E5F00005D0384B1B680133364A136002E0354BB7
:10E6000000221A60374B1B68184607F0BBFC304BE2
:10E61000D3E9002307F006FC0346002B12D0324B4F
:10E620001B68184607F0AEFC294BD3E9002307F01E
:10E6300031FC0346002B05D02C4B1B6801332B4AC1
:10E64000136002E0294B00221A60224B1B68062B44
:10E6500002D1274B01221A70244B1B68062B02D1D2
:10E66000234B00221A70224B1B78002B0AD0002269
:10E670000321204806F0A4FC00220C211D4806F0CE
:10E680009FFC09E0012203211A4806F099FC0122AF
:10E690000C21184806F094FC42F21070FEF7CBFDF6
:10E6A00049E700BFAFF30080245174CC955BC83FAD
:10E6B0000000000040A5E540942E0020F82D002029
:10E6C000502E002000005940082B00200000F03F91
:10E6D000482E0020402E00201C8F0300002B00201D
:10E6E000042B0020F82A0020FC2A0020442E0020C1
:10E6F000542E0020F432002000B583B001900B4668
:10E700008DF80330034801F059FB00BF03B05DF8FA
:10E7100004FB00BF708F030084B00390029101924C
:10E720000093039A029BD31A0499009A8A1A02FB57
:10E7300003F20199029BCB1A92FBF3F2009B134464
:10E74000184604B07047000082B00190024B0122CD
:10E750001A6000BF02B07047F032002008B50248CE
:10E76000F8F7E0FA00BF08BD9034002030B585B05E
:10E77000019000230393FFF7F1FF164A002116488A
:10E78000F8F766FA019B18464FF000014FF00002BF
:10E790004FF00003CB0343EA5043C20312F57A74EF
:10E7A00043F100054FF4FA624FF00003204629467A
:10E7B00008F0A8F802460B461346002219460748FF
:10E7C000F8F77AFA0390064B00221A6000BF05B0F2
:10E7D00030BD00BF49E70200BC9403009034002024
:10E7E000F032002000B583B00A4801F0E7FA0A4B86
:10E7F00000930A4B06220721094804F01BFF4FF43F
:10E80000FA60FEF718FD064804F08EFF00BF03B063
:10E810005DF804FB988F0300F03200206DE70200E2
:10E82000E82E002008B50220FEF796FC4FF4FA60AF
:10E83000FEF701FDFFF7D6FF0121074805F02CF890
:10E84000054804F071FF044804F0B6FF4FF47A70F5
:10E85000FEF7F1FCF7E700BFE82E002008B5FFF750
:10E8600049FDFFF751FDFFF7A7FD01F062F8FEF744
:10E87000C7FF0120FEF7D6FBFAF7BCFF0346002BCB
:10E8800014BF01230023DBB2002B02D0044801F0A7
:10E8900095FA6420FEF7CFFC0123184608BD00BF9F
:10E8A0000891030000B583B00220FEF71EFC022091
:10E8B000FEF766FC4FF47A70FEF7BDFC1920FEF7F8
:10E8C00014FC00230193019B092B0FDC1920FEF798
:10E8D00057FCC820FEF7AFFC1920FEF73DFCC8200E
:10E8E000FEF7A9FC019B01330193ECE702231846D4
:10E8F00003B05DF804FB000008B504F045FB1F4BB6
:10E9000001221A604FF080430022C3F800214FF02B
:10E91000804301221A604FF08043D3F80031002B6E
:10E920000CBF01230023DBB2002B00D0F3E7144B14
:10E930000022C3F80022124B0022C3F81021104B12
:10E9400000221A600E4B0122DA600D4B01221A617F
:10E950000B4B0122C3F80C21094BD3F81031002BCB
:10E960000CBF01230023DBB2002B00D0F4E7044BE3
:10E970000022C3F8102100BF08BD00BF00D0004036
:10E980000010004008B58C48FFF770FB8B4B1B78DC
:10E99000002B08D00220FEF7DFFB4FF4FA60FEF7F1
:10E9A0004AFCFFF71FFF864B1B78022B11D1834BCC
:10E9B0001B78002B0DD1834B1B68002B09D1824B98
:10E9C0001B68002B05D1814B1B68002B01D1042350
:10E9D00041E17B4B1B78002B11D1784B1B78002B2E
:10E9E0000DD1784B1B68002B09D1774B1B68002B8E
:10E9F00005D1764B1B68002B01D103232BE1704B13
:10EA00001B78032B11D16D4B1B78002B0DD16D4B57
:10EA10001B68002B09D16C4B1B68002B05D16B4B7D
:10EA20001B68002B01D1052315E1654B1B78022BD8
:10EA300011D1624B1B78002B0DD1624B1B68002B50
:10EA400009D1614B1B68002B05DD604B1B68002B57
:10EA500001D10623FFE05A4B1B78022B11D1574BF3
:10EA60001B78002B0DD1574B1B68002B09DD564B33
:10EA70001B68002B05D1554B1B68002B01DD0723BC
:10EA8000E9E04F4B1B78032B11D14C4B1B78002B2B
:10EA90000DD14C4B1B68002B09DD4B4B1B68002B29
:10EAA00005D14A4B1B68002B01DD0823D3E0444B02
:10EAB0001B78022B11D1414B1B78002B0DD1414B00
:10EAC0001B68002B09D1404B1B68002B05DD3F4B19
:10EAD0001B68002B01DD0923BDE0394B1B78022B9D
:10EAE00011D1364B1B78002B0DD1364B1B68002BF8
:10EAF00009DD354B1B68002B05DD344B1B68002BF3
:10EB000001DD0A23A7E02E4B1B78032B11D12B4BE1
:10EB10001B78002B0DD12B4B1B68002B09DD2A4BDA
:10EB20001B68002B05DD294B1B68002B01DD0B2327
:10EB300091E0234B1B78022B11D1204B1B78012B2A
:10EB40000DD1204B1B68002B09D11F4B1B68002BDC
:10EB500005D11E4B1B68002B01D10C237BE0184B09
:10EB60001B78032B11D1154B1B78012B0DD1154BA5
:10EB70001B68002B09D1144B1B68002B05D1134BCC
:10EB80001B68002B01D10D2365E00D4B1B78022B78
:10EB90001ED10A4B1B78022B1AD10A4B1B68002B83
:10EBA00016D1094B1B68002B12D1084B1B68002B98
:10EBB0000ED10E234FE000BFC0D40100B6340020B8
:10EBC0009A3D0020782B0020802B00207C2B0020F9
:10EBD000224B1B78022B11D1214B1B78012B0DD11D
:10EBE000204B1B68002B09DD1F4B1B68002B05D138
:10EBF0001E4B1B68002B01DD0F232CE0174B1B78ED
:10EC0000032B11D1164B1B78012B0DD1154B1B6813
:10EC1000002B09DD144B1B68002B05D1134B1B681F
:10EC2000002B01DD102316E00C4B1B78022B11D1B9
:10EC30000B4B1B78022B0DD10A4B1B68002B09D103
:10EC4000094B1B68002B05DD084B1B68002B01DD01
:10EC5000112300E00323184608BD00BF9A3D0020A1
:10EC6000B6340020782B0020802B00207C2B002045
:10EC700008B5FFF741FEFFF747F90323184608BD23
:10EC800008B5FFF739FEFFF76DF90323184608BDF5
:10EC900008B5044B1B68184600F05EFE06231846B4
:10ECA00008BD00BF802B002008B5FFF725FEFFF749
:10ECB0002BF9144B1B681846FEF76CFD124B1B68B2
:10ECC000002B0CBF01230023DBB2002B02D0F9F78D
:10ECD0004FF9F3E700F032FEFFF7EEF80B4B1B683D
:10ECE0001846FEF757FD084B1B68002B0CBF01238D
:10ECF0000023DBB2002B02D0F9F73AF9F3E700F07A
:10ED00001DFED4E7782B0020883D00207C2B0020BE
:10ED100008B5FFF7F1FDFFF725F9144B1B681846FE
:10ED2000FEF738FD124B1B68002B0CBF012300239C
:10ED3000DBB2002B02D0F9F71BF9F3E700F0FEFD80
:10ED4000FFF7BAF80B4B1B681846FEF723FD084B7C
:10ED50001B68002B0CBF01230023DBB2002B02D069
:10ED6000F9F706F9F3E700F0E9FDD4E7782B002086
:10ED7000883D00207C2B002008B5FFF7BDFD0C4B23
:10ED80001B68184600F0E8FD0A4B1B681846FEF7A2
:10ED900001FD094B1B68002B0CBF01230023DBB2D4
:10EDA000002B02D0F9F7E4F8F3E700F0C7FDE6E73F
:10EDB000802B00207C2B0020883D002008B5FFF729
:10EDC0009BFDFFF7A1F8174B1B681846FEF7E2FC06
:10EDD000154B1B68002B0CBF01230023DBB2002B5B
:10EDE00002D0F9F7C5F8F3E700F0A8FDFFF764F8E3
:10EDF0000E4B1B681846FEF7CDFC0B4B1B68002B17
:10EE00000CBF01230023DBB2002B02D0F9F7B0F8CE
:10EE1000F3E700F093FD064B1B68184600F09CFDDD
:10EE2000CFE700BF782B0020883D00207C2B0020FE
:10EE3000802B002008B5FFF75FFDFFF793F8174B15
:10EE40001B681846FEF7A6FC154B1B68002B0CBF71
:10EE500001230023DBB2002B02D0F9F789F8F3E796
:10EE600000F06CFDFFF728F80E4B1B681846FEF704
:10EE700091FC0B4B1B68002B0CBF01230023DBB262
:10EE8000002B02D0F9F774F8F3E700F057FD064BBA
:10EE90001B68184600F060FDCFE700BF782B00200C
:10EEA000883D00207C2B0020802B002000B583B003
:10EEB000094B1B681946094B93F900301A46002389
:10EEC000019300920B4601220121054804F054FEF3
:10EED000F9F74EF8FCE700BFA82B002041340020D2
:10EEE000E82E002000B583B0094B1B681946094B7A
:10EEF00093F900301A460123019300920B46012238
:10EF00000121054804F038FEF9F732F8FCE700BFAC
:10EF1000A82B002041340020E82E002000B583B04B
:10EF2000094B1B681946094B93F900301A46002318
:10EF3000019300920B4601220021054804F01CFEBB
:10EF4000F9F716F8FCE700BFA82B00204834002092
:10EF5000E82E002000B583B0234B1B681946234BD5
:10EF600093F900301A460023019300920B460122C8
:10EF700001211F4804F000FE1E4B1B681846FEF7D7
:10EF800009FC1D4B1B68002B0CBF01230023DBB2C7
:10EF9000002B02D0F8F7ECFFF3E700F0CFFC124BA8
:10EFA0001B681946114B93F900301A460023019350
:10EFB00000920B46002201210D4804F0DDFD0F4BAD
:10EFC0001B681846FEF7E6FB0B4B1B68002B0CBFBB
:10EFD00001230023DBB2002B02D0F8F7C9FFF3E7CF
:10EFE00000F0ACFCB8E700BFA82B002041340020A3
:10EFF000E82E0020782B0020883D00207C2B00206C
:10F0000000B583B0234B1B681946234B93F900309E
:10F010001A460123019300920B46012201211F4849
:10F0200004F0AAFD1E4B1B681846FEF7B3FB1D4BF0
:10F030001B68002B0CBF01230023DBB2002B02D086
:10F04000F8F796FFF3E700F079FC124B1B681946BE
:10F05000114B93F900301A460123019300920B469D
:10F06000002201210D4804F087FD0F4B1B68184654
:10F07000FEF790FB0B4B1B68002B0CBF01230023FA
:10F08000DBB2002B02D0F8F773FFF3E700F056FC79
:10F09000B8E700BFA82B002041340020E82E002054
:10F0A000782B0020883D00207C2B002000B583B009
:10F0B000234B1B681946234B93F900301A46002353
:10F0C000019300920B46012200211F4804F054FDD9
:10F0D0001E4B1B681846FEF75DFB1D4B1B68002B83
:10F0E0000CBF01230023DBB2002B02D0F8F740FF56
:10F0F000F3E700F023FC124B1B681946114B93F900
:10F1000000301A460023019300920B460022002192
:10F110000D4804F031FD0F4B1B681846FEF73AFB13
:10F120000B4B1B68002B0CBF01230023DBB2002B11
:10F1300002D0F8F71DFFF3E700F000FCB8E700BFCE
:10F14000A82B002041340020E82E0020782B00203E
:10F15000883D00207C2B002000B587B03322192188
:10F160007D4805F09FFF0346002B03D07B4800F04D
:10F1700025FE02E07A4800F021FE0521764806F0DF
:10F1800096F89DF80E306FF300038DF80E309DF861
:10F190000E306FF341038DF80E309DF80E306FF393
:10F1A00082038DF80E3000238DF80D3001238DF889
:10F1B0000C3000211820FDF7A9FF03AB694A19465E
:10F1C0001820FAF769FB0346002B14BF0123002324
:10F1D000DBB2002B03D0644800F0F0FD03E0012116
:10F1E000624800F0EBFD01211820FAF7CFFB5A48E6
:10F1F00006F000F940F6B83305931820FDF7D4FF68
:10F200000346002B04D0059B002B01DD012300E009
:10F210000023002B06D00A20FEF70DF8059B013BCA
:10F220000593EAE7059B002B05D1514800F0C6FD88
:10F23000202006F03DFB484805F068FF464BD3ED23
:10F24000027AF5EEC07AF1EE10FA03DD424B93ED4F
:10F25000027A04E0404BD3ED027AB1EE677A3E4B7E
:10F26000D3ED037AF5EEC07AF1EE10FA03DD3A4BF6
:10F27000D3ED037A04E0384BD3ED037AF1EE677AED
:10F2800037EE277A344BD3ED047AF5EEC07AF1EEFF
:10F2900010FA03DD304BD3ED047A04E02E4BD3EDAE
:10F2A000047AF1EE677A77EE877ACDED047A0498E6
:10F2B00006F07CFE02460B462E49096800912E4856
:10F2C00000F07CFD4FF4FA70FDF7B5FF049806F0EE
:10F2D0006DFE1DA3D3E9002306F0A4FD0346002B19
:10F2E00010D0049806F062FE19A3D3E9002306F0BB
:10F2F000D1FD0346002B05D01E4B1B6801331D4A70
:10F30000136002E01B4B00221A601A4B1B68052B8E
:10F31000CCBF01230023DBB2002B05D0174B012209
:10F320001A70174800F04AFD144B1B78002B82D04E
:10F3300000220321134805F043FE00220C2111484E
:10F3400005F03EFE77E700BF9A9999999999FD3F9C
:10F35000666666666666FA3F5C2E0020349103009E
:10F360004C910300F9E602006491030084910300CC
:10F37000A8910300782E0020CC910300742E002069
:10F38000F0910300F432002008B5084806F090F828
:10F3900000F0A4F84FF4FA70FDF74DFFFFF74CF8BA
:10F3A000024806F0C1F80323184608BD7C2E002051
:10F3B00008B5454B1B78002B06D0C820FDF73BFF56
:10F3C000424804F091F903E0F7F7C4FEF7F758FF5D
:10F3D0002620FDF7F9FD0720FDF7F6FD0C20FDF7CF
:10F3E000F3FD2320FDF7F0FD0420FDF7EDFD0120E6
:10F3F000FDF7EAFD0220FDF7E7FD0820FDF7E4FD3B
:10F400000920FDF7E1FD0A20FDF7DEFD304B022269
:10F410001A600620FDF7D8FDC820FDF70CFF02207A
:10F42000FDF7AEFE0520FDF7ABFE0D20FDF7A8FEB3
:10F430000720FDF780FE0820FDF77DFE0920FDF77F
:10F440007AFE0620FDF777FE0220FDF774FE052008
:10F45000FDF771FE0320FDF76EFE0420FDF76BFE45
:10F460001D20FDF768FE0620FDF765FE0620FDF76E
:10F4700062FE1520FDF75FFE1220FDF75CFE1020F6
:10F48000FDF759FE0F20FDF756FE0E20FDF753FE47
:10F490000A20FDF750FE1420FDF74DFE0D20FDF76C
:10F4A0004AFE0C4B00221A600A4B1B68094B0122D2
:10F4B0001A60094B00221A60074B1B68064B012299
:10F4C0001A60F8F755FDFCE7B6340020E82E00205E
:10F4D00084AC0740FC3F0040FC4F004000B583B0C7
:10F4E00000220C21194805F0FBFC002203211748DB
:10F4F00005F066FD00220C21144805F061FD002393
:10F500000193019B092B1DDC002203210F4805F00C
:10F5100057FD00220C210D4805F052FDC820FDF7D3
:10F520008AFE01220321094805F04AFD01220C212F
:10F53000064805F045FDC820FDF77DFE019B01331F
:10F540000193DEE700BF03B05DF804FBF432002056
:10F5500008B58B4B00221A70894B1B78152B00F2D3
:10F56000078101A252F823F0C1F50200D5F502008F
:10F57000E9F50200FDF5020009F602001DF60200A1
:10F5800031F6020045F6020059F602006DF602005F
:10F5900081F6020095F60200A9F60200BDF602000F
:10F5A000D1F60200E5F60200F9F602000DF70200BE
:10F5B00035F7020049F702005DF7020021F702006B
:10F5C000704800F0FBFBFFF749F903461A466C4B05
:10F5D0001A70D3E06C4800F0F1FBFFF763F90346C3
:10F5E0001A46674B1A70C9E0684800F0E7FBFFF75E
:10F5F000C9F903461A46624B1A70BFE0644800F02E
:10F60000DDFBFFF7D5FEB9E0624800F0D7FBFFF75E
:10F610002FFB03461A465A4B1A70AFE05E4800F0C3
:10F62000CDFBFFF72DFB03461A46554B1A70A5E09C
:10F630005A4800F0C3FBFFF72BFB03461A46504B1A
:10F640001A709BE0564800F0B9FBFFF72DFB03460C
:10F650001A464B4B1A7091E0524800F0AFFBFFF78F
:10F6600057FB03461A46464B1A7087E04E4800F097
:10F67000A5FBFFF781FB03461A46414B1A707DE05C
:10F680004A4800F09BFBFFF799FB03461A463C4BA8
:10F690001A7073E0464800F091FBFFF7CBFB03467E
:10F6A0001A46374B1A7069E0424800F087FBFFF7B3
:10F6B000FDFB03461A46324B1A705FE03E4800F0ED
:10F6C0007DFBFFF70FFC03461A462D4B1A7055E0E1
:10F6D0003A4800F073FBFFF721FC03461A46284B1B
:10F6E0001A704BE0364800F069FBFFF733FC034625
:10F6F0001A46234B1A7041E0324800F05FFBFFF7D7
:10F700007FFC03461A461E4B1A7037E02E4800F065
:10F7100055FBFFF7CBFC03461A46194B1A702DE038
:10F720002A4800F04BFBFFF72FFE03461A46144B06
:10F730001A7023E0264800F041FBFFF70DFD034659
:10F740001A460F4B1A7019E0224800F037FBFEF7FB
:10F75000EBFE03461A460A4B1A700FE01E4800F0F3
:10F760002DFBFFF75FF803461A46054B1A7005E0BC
:10F770001A4800F023FBFFF71BFE00BFECE600BFBA
:10F78000F42D002038920300489203005C9203009D
:10F79000709203008092030098920300B0920300DD
:10F7A000C4920300DC920300F49203000893030068
:10F7B000209303003C930300549303006C930300D5
:10F7C0008093030098930300B0930300C493030055
:10F7D000D4930300F89303001894030034940300B7
:10F7E00082B00190054BB3F8E0301A46019B42FA13
:10F7F00003F303F00103184602B07047983B002062
:10F8000000B583B001900198FFF7EAFF0346002B93
:10F810000CBF01230023DBB2002B22D0174BB3F81F
:10F82000E0301AB20121019B01FA03F31BB213432A
:10F830001BB29AB2114BA3F8E020FDF717FD024668
:10F840000F4B1B68D31A0F4AA2FB03239B0998B2E4
:10F850000A4A019B342101FB03F31344743302462B
:10F860001A80064A019B342101FB03F313446833D9
:10F8700000221A8000BF03B05DF804FB983B002013
:10F880009C3D0020D34D621000B585B001900091E1
:10F8900000230393039B002B20DC039B342202FBF9
:10F8A00003F1009A13461B019B1ADB000B44403303
:10F8B0000D4A1344083306221946019800F016F841
:10F8C0000346002B14BF01230023DBB2002B01D021
:10F8D000039B05E0039B01330393DBE74FF0FF330A
:10F8E000184605B05DF804FB983B002086B00390F5
:10F8F0000291019200230593059A019B9A420FDA27
:10F90000059B039A13441A78059B02990B441B78B4
:10F910009A4201D0002304E0059B01330593EBE7F5
:10F920000123184606B0704708B5FDF77CFC00BF00
:10F9300008BD08B5F7F74EF900BF08BD08B5044883
:10F94000F7F7F0F9034B00221A6000BF08BD00BFB3
:10F9500050340020883D002000B583B001901A4B40
:10F9600000221A70194B00221A70194B00221A70CB
:10F97000174B00221A70174B00221A70164B0022E8
:10F980001A70164B00221A70FDF763FF0198FDF7FD
:10F9900001FF134B1B68002B05D1124B1B78002B6A
:10F9A00001D1012300E00023002B02D0F8F7E0FA98
:10F9B000EFE7FFF7B9FFFFF7C1FF03F0E5FA00BF7C
:10F9C00003B05DF804FB00BF1136002012360020A2
:10F9D000133600201436002015360020A03D0020EC
:10F9E000883D00201036002000B585B003900291BC
:10F9F000039B012B40D1029B4FF6FF7293423BD1F8
:10FA00001F4804F0C9F91F4A1F491D4807F07AF83A
:10FA10001E4804F087F91E4805F03EFB4FF0CC73FA
:10FA200000930223072208211A4805F023FD1948F4
:10FA300005F094FD03461946174805F0CBFD17481D
:10FA400005F0C6F9164803F0BDFC164803F092FC19
:10FA5000154B1B686433154A1360144B1B689AB22C
:10FA6000134B5A80104B1B689AB2114B9A80114B62
:10FA70001B689AB20E4BDA8000BF05B05DF804FB3C
:10FA8000F82D00209C4A0020AB3D0300582E00209A
:10FA90005C2E00207C2E0020942E0020F4320020CA
:10FAA00008330020B8340020742B0020643B002071
:10FAB000842B0020683B002008B54FF6FF71012021
:10FAC000FFF792FF08BD000000B583B01F4B019304
:10FAD000019B02221A61019B02225A61019B1C4A6E
:10FAE0009A61019B1B4ADA61019B4FF400721A6212
:10FAF000019B00229A62019B00225A62019B002214
:10FB0000DA62019B124A9A64019B134ADA64019BF0
:10FB100010221A65019B00229A65019B00225A65FA
:10FB2000019B0022DA65019B07330C49184607F058
:10FB30002BF9019B0A49184607F026F9019B202260
:10FB40009A7100BF03B05DF804FB00BFA83E00201F
:10FB5000C0940300203F002020410020CC940300EB
:10FB6000D094030000B589B0039002910192002364
:10FB70000693039BDB680593039B1B690493049A1C
:10FB8000059B9A4205D9049A059BD31A013B07931A
:10FB900007E0039B9A680499059BCB1A1344013B29
:10FBA0000793039B9A68059BD31A079A934228BF31
:10FBB00013460793079A019B934228BF1346079366
:10FBC000039B5A68059B1344079A0299184607F04D
:10FBD0007FF8069A079B13440693029A079B1344E7
:10FBE0000293019A079BD31A0193059A079B13442A
:10FBF0000593039B9B68059A9A4201D100230593C4
:10FC0000039B059ADA60019B002BB5D1069B184631
:10FC100009B05DF804FB00B589B003900291019230
:10FC2000039BDB680793039B9A68079BD31A069391
:10FC3000069A019B9A420ED9039B5A68079B13446C
:10FC4000019A0299184607F043F8079A019B1A4453
:10FC5000039BDA601AE0069B0593039B5A68079B97
:10FC60001344059A0299184607F032F8019A069B48
:10FC7000D31A0593039B5868029A069B1344059A6E
:10FC8000194607F025F8039B059ADA6000BF09B012
:10FC90005DF804FB86B00190019B1B690493019BF6
:10FCA000DB680393049A039B9A4208D8019B9A68E5
:10FCB000039BD21A049B1344013B059304E0049A6E
:10FCC000039BD31A013B0593059B184606B070476A
:10FCD00000B589B0039002910192029B0693039BA9
:10FCE0005A1C13465B001344DB00204A134405935F
:10FCF000059B5B69022B29D0022B2ED8002B02D04A
:10FD0000012B13D029E00598FFF7C4FF0490049A53
:10FD1000019B9A4202D20023079321E0019B0793A3
:10FD2000019A06990598FFF776FF19E00598FFF705
:10FD3000B1FF0490019A049B934228BF1346079396
:10FD4000079A06990598FFF766FF09E0019A069958
:10FD50000598FFF707FF079002E00023079300BF15
:10FD6000079B184609B05DF804FB00BFA83E0020C1
:10FD700000B587B00390029101920F4B1B78002BC6
:10FD800001D1FFF7A1FE00238DF813300DF113030D
:10FD90001846F7F7F3FA019A02990398FFF798FFCC
:10FDA00005909DF813301846F7F7FEFA059B1846A4
:10FDB00007B05DF804FB00BFA83E00200FB400B5FB
:10FDC000A3B025AB009301A8009B249A802106F0E4
:10FDD00071FF2190219B802B06DD01AB802219460B
:10FDE0000020FFF7C5FF08E0219B002B05DD219ACD
:10FDF00001AB19460020FFF7BBFF219B184623B03B
:10FE00005DF804EB04B070476DDF704700BF184623
:10FE100079DF704700BF18467DDF704700BF184686
:10FE200064DF704700BF184682B003460091ADF80A
:10FE30000630BDF80630DAB2009B1A70BDF8063005
:10FE40001B0A9AB2009B0133D2B21A7002231846E1
:10FE500002B0704700B589B0039002911346ADF827
:10FE60000630029B1B8803F10902BDF806309A4256
:10FE700001D90C2353E004AB1846FFF7C5FF0790E8
:10FE8000079B0693069B002B01D0069B47E0029B35
:10FE90001B881A46039B134408221A70029B1B8876
:10FEA00001339AB2029B1A80029B1B881A46039B5D
:10FEB00013441B221A70029B1B8801339AB2029BC7
:10FEC0001A80029B1B881A46039B981804AB0133C7
:10FED0000622194606F0FCFE029B1B8806339AB2E6
:10FEE000029B1A809DF8103023F00103DBB2002B37
:10FEF00007D1029B1B881A46039B134400221A70E9
:10FF000006E0029B1B881A46039B134401221A70C9
:10FF1000029B1B8801339AB2029B1A800023184669
:10FF200009B05DF804FB00B589B00390029101921D
:10FF3000ADF80230039B1B78012B05D1039B5B7846
:10FF4000002B01D1072392E0019B1B889A1CBDF86E
:10FF500002309A420ED8039B1B78012B0CD1019BD7
:10FF60001B881A46039B5B7813449A1CBDF8023029
:10FF70009A4201D90C237AE0019B1B88BDF802202C
:10FF8000D31A9BB2023BADF81C30BDF81C30ADF863
:10FF90001230019B1B880233029A13440DF11202A6
:10FFA00011461846FFF738FF0690069B0593059B00
:10FFB000002B01D0059B5AE0039B1B78022B06D037
:10FFC000039B5B789AB2BDF812309A4209D3BDF810
:10FFD0001230BDF81C209A4203D309238DF81F303C
:10FFE00017E008238DF81F30039B1B78012B0CD1E1
:10FFF000039B5B789BB2BDF81C209A4205D3039B00
:020000023000CC
:100000005B789BB2ADF8123003E0BDF81C30ADF860
:100010001230BDF81230FE2B01D90C2327E0BDF8B9
:100020001230DAB2019B1B881946029B0B44013245
:10003000D2B21A70019B1B8801339AB2019B1A80BD
:10004000019B1B881A46029B13449DF81F201A70BF
:10005000019B1B8801339AB2019B1A80019B1A886D
:10006000BDF8123013449AB2019B1A80002318463F
:1000700009B05DF804FB00B589B003900291134606
:10008000ADF80630029B1B881A1DBDF806309A4257
:1000900001D90C233BE00DF116031846FFF7B8FE1B
:1000A0000790079B0693069B002B01D0069B2EE032
:1000B000029B1B881A46039B134403221A70029B5F
:1000C0001B8801339AB2029B1A80029B1B881A4636
:1000D000039B134419221A70029B1B8801339AB2A6
:1000E000029B1A80BDF81620029B1B881946039BB1
:1000F0000B4419461046FFF797FE03461946029B2C
:100100001A888BB213449AB2029B1A8000231846B5
:1001100009B05DF804FB84B0029101921A460346CF
:100120008DF80F301346ADF80C30019B1B88DA1C9C
:10013000BDF80C309A4201D90C2328E0019B1B88A2
:100140001A46029B134402221A70019B1B8801333A
:100150009AB2019B1A80019B1B881A46029B13448A
:1001600001221A70019B1B8801339AB2019B1A80ED
:10017000019B1B881A46029B13449DF80F201A709E
:10018000019B1B8801339AB2019B1A8000231846F9
:1001900004B0704784B0029101921A4603468DF86C
:1001A0000F301346ADF80C30019B1B88DA1CBDF8EC
:1001B0000C309A4201D90C2328E0019B1B881A4677
:1001C000029B134402221A70019B1B8801339AB2CE
:1001D000019B1A80019B1B881A46029B13440A222A
:1001E0001A70019B1B8801339AB2019B1A80019BF4
:1001F0001B881A46029B13449DF80F201A70019B1E
:100200001B8801339AB2019B1A800023184604B060
:10021000704700B58FB0039001930B468DF80B30FB
:1002200013468DF80A3000238DF83330109B1B885D
:10023000ADF8303000230D9371E0039B5A680D9B9D
:100240009B001A4405AB106818600DF11B0105AB4B
:1002500000221846FFF7E4FD0A900A9B0993099BC8
:10026000002B01D0099B7CE09DF81B309DF80A20F3
:100270009A4251D19DF83330002B01D0002300E089
:1002800002238DF82330109B1B881A469DF81B30E3
:100290001A449DF823301A44BDF844309A4201DDD7
:1002A0000C235EE09DF8333083F00103DBB2002BBA
:1002B00016D0109B1B8801339AB2109B1A80109B9A
:1002C0001B881A46019B13449DF80B201A70109B43
:1002D0001B8801339AB2109B1A8001238DF83330AA
:1002E000109B1B881A46019B1A440DF11B0105AB9C
:1002F0001846FFF795FD0A900A9B0793079B002B72
:1003000001D0079B2DE0109B1A889DF81B309BB2F3
:1003100013449AB2109B1A800D9B01330D93039BDB
:100320001B881A460D9B934287DB9DF83330002BC8
:1003300016D0109B1A88BDF83030D31A9BB2013BFF
:10034000ADF82E30BDF82E30FF2B01D90C2308E07C
:10035000BDF83030019A1344BDF82E20D2B21A7085
:10036000002318460FB05DF804FB00B58BB0059074
:1003700003930B468DF8133013468DF812309DF819
:100380001310BDF8343001930C9B0093039B0222A1
:100390000598FFF73EFF0990099B0893089B002BE7
:1003A00001D0089B14E09DF81210BDF83430019381
:1003B0000C9B0093039B10220598FFF72AFF0990DE
:1003C000099B0793079B002B01D0079B00E00023AC
:1003D00018460BB05DF804FB82B00190019B1B88AE
:1003E000052B0AD9019B1B88B3F5486F07D9019BE0
:1003F0001B884FF6FF72934201D0072325E0019B33
:100400005B88052B0AD9019B5B88B3F5486F07D938
:10041000019B5B884FF6FF72934201D0072314E0E3
:10042000019B1B884FF6FF7293420DD0019B5B88A6
:100430004FF6FF72934207D0019B1A88019B5B889D
:100440009A4201D9072300E00023184602B0704702
:1004500000B587B0039002910192ADF80230019B84
:100460001B889A1DBDF802309A4201D90C234DE039
:100470000398FFF7B1FF0590059B0493049B002BA5
:1004800001D0049B42E0019B1B881A46029B134447
:1004900005221A70019B1B8801339AB2019B1A80B6
:1004A000019B1B881A46029B134412221A70019B5F
:1004B0001B8801339AB2019B1A80039B1A88019B07
:1004C0001B881946029B0B4419461046FFF7ACFCEB
:1004D00003461946019B1A888BB213449AB2019BBA
:1004E0001A80039B5A88019B1B881946029B0B4468
:1004F00019461046FFF798FC03461946019B1A88D7
:100500008BB213449AB2019B1A800023184607B09D
:100510005DF804FB00B587B0039002910192ADF83D
:100520000230039B9B8802330593019B1B881A466C
:10053000059B13449A1CBDF802309A4201D90C2342
:1005400054E0059BFE2B01D90C234FE0059BDAB24A
:10055000019B1B881946029B0B440132D2B21A70D0
:10056000019B1B8801339AB2019B1A80019B1B8857
:100570001A46029B1344FF221A70019B1B88013309
:100580009AB2019B1A80039B1A88019B1B8819460B
:10059000029B0B4419461046FFF746FC03461946DA
:1005A000019B1A888BB213449AB2019B1A80039B59
:1005B0009B88002B19D0039B9B68002B01D107233C
:1005C00014E0019B1B881A46029B9818039B9968AC
:1005D000039B9B881A4606F07BFB019B1A88039BB2
:1005E0009B8813449AB2019B1A800023184607B0D7
:1005F0005DF804FB00B589B0039002910192ADF85B
:100600000230039B9B6A002B01D1072372E0002379
:100610008DF81F3066E0039B996A9DF81F201346F2
:100620005B0013449B000B440693069B9B8802339C
:100630000593059BFE2B01D90C235BE0059BDAB2E9
:10064000019B1B881946029B0B440132D2B21A70DF
:10065000019B1B8801339AB2019B1A80019B1B8866
:100660001A46029B134416221A70019B1B88013301
:100670009AB2019B1A80069B1A88019B1B88194617
:10068000029B0B4419461046FFF7CEFB0346194662
:10069000019B1A888BB213449AB2019B1A80069B65
:1006A0009B88002B19D0069B9B68002B01D1072348
:1006B00020E0019B1B881A46029B9818069B9968AC
:1006C000069B9B881A4606F003FB019B1A88069B33
:1006D0009B8813449AB2019B1A809DF81F30013306
:1006E0008DF81F30039B93F82C309DF81F209A4201
:1006F00091D30023184609B05DF804FB00B595B00E
:1007000005900491039200231393039B1B88ADF87B
:100710004A30039B00221A80059B93F82D30002B52
:100720000ED0BDF84A301A4603990498FFF792FBA1
:100730001390139B1193119B002B01D0119BD8E0B8
:10074000059B9B78002B0ED0BDF84A301A460399C2
:100750000498FFF790FC1390139B1093109B002BB1
:1007600001D0109BC5E0059BDB78002B10D0059BCA
:10077000DB7858B2BDF84A30039A0499FFF7CBFCF6
:100780001390139B0F930F9B002B01D00F9BB0E096
:10079000059B5B68002B11D0059B5B6893F90000FB
:1007A000BDF84A30039A0499FFF7F4FC1390139BA9
:1007B0000E930E9B002B01D00E9B9AE0059B1B898C
:1007C000002B14D0059B03F10800BDF84A300193BB
:1007D000039B0093049B06220221FFF7C6FD1390A2
:1007E000139B0D930D9B002B01D00D9B81E0059B6E
:1007F0001B8A002B14D0059B03F11000BDF84A3072
:100800000193039B0093049B07220321FFF7ADFD97
:100810001390139B0C930C9B002B01D00C9B68E056
:10082000059B1B8B002B14D0059B03F11800BDF812
:100830004A300193039B0093049B15221421FFF778
:1008400094FD1390139B0B930B9B002B01D00B9BE0
:100850004FE0059B1B6A002B0FD0059B186ABDF863
:100860004A30039A0499FFF7F3FD1390139B0A9300
:100870000A9B002B01D00A9B3BE0059B5B6A002B87
:100880000FD0059B586ABDF84A30039A0499FFF7C8
:1008900041FE1390139B0993099B002B01D0099BE8
:1008A00027E0059B93F82C30002B0ED0BDF84A3082
:1008B000039A04990598FFF79DFE1390139B0893E4
:1008C000089B002B01D0089B13E0059B1B78002B95
:1008D0000ED0BDF84A30039A04990598FFF723FB20
:1008E0001390139B0793079B002B01D0079B00E0FD
:1008F000139B184615B05DF804FB86B00390019277
:100900001A460B46ADF80A3013468DF80930039BA2
:10091000002B02D0019B002B01D100234DE00023CE
:10092000ADF816300CE0BDF81630039A13441B786E
:100930009AB2BDF8163013449BB20133ADF81630AD
:10094000019B1B88BDF816209A4209D3BDF81630CA
:100950000133039A13441B789DF809209A4205D06D
:10096000BDF81620BDF80A309A42DCD3BDF8162037
:10097000BDF80A309A4201D300231EE0BDF81630BC
:100980000233ADF81430BDF81630039A13441B78C7
:100990009BB2013BADF81230BDF81420BDF8123007
:1009A0001A44BDF80A309A4201DD002305E0019B9C
:1009B000BDF814201A80BDF81230184606B07047F2
:1009C00000B585B001900B46ADF8023013468DF8A6
:1009D00001300023ADF80C309DF8013003AABDF8BA
:1009E00002100198FFF789FF0346ADF80E30BDF8FD
:1009F0000E30002B01D1002304E0BDF80C301A4664
:100A0000019B1344184605B05DF804FB72DF704784
:100A100000BF184673DF704700BF184682B00190D0
:100A2000019B93F83034184602B0704784B00190AF
:100A3000002303930AE0019A039B13441B78002BC5
:100A400001D0012306E0039B01330393039B052B95
:100A5000F1D90023184604B07047000082B0034665
:100A60008DF807309DF807305A1C074B83FB0213A3
:100A70005910D317C91A0B469B000B44D11ACBB29D
:100A8000184602B0704700BF6766666682B0019084
:100A90000091009BDB7B012B04D1009B9A88019B7A
:100AA000A3F8242400BF02B0704700B585B00190C0
:100AB0000091019B002283F82E24009B9A88019BC1
:100AC000B3F824349A4216D1019B1B7983F00103B9
:100AD000DBB2002B0FD00121019800F0B1FA039096
:100AE000039B002B07D0019B9B6B002B03D0019B2A
:100AF0009B6B0398984700BF05B05DF804FB00B5F9
:100B000085B001900091009B1B88262B1ED1009B75
:100B10001B7A012B03D0009B1B7A022B17D1019B60
:100B20009B781846FFF79AFF03461946019800F094
:100B300087FA0390039B002B09D0019B9B6B002B32
:100B400005D0019B9B6B0398984700E000BF05B060
:100B50005DF804FB00B585B001900B468DF80330BD
:100B6000019B03F227431846FFF760FF03468DF809
:100B70000F309DF80330013B032B33D801A252F80C
:100B800023F000BF950B0300B90B0300CD0B03004E
:100B9000D90B0300019B9B79002B0DD0019B93F88F
:100BA000243083F00103DBB2002B05D09DF80F3019
:100BB000002B01D0012316E0019BDB79002B05D02F
:100BC0009DF80F30002B01D002230CE0019B1B7A13
:100BD000002B01D0032306E0019B5B7A002B01D0A0
:100BE000042300E00023184605B05DF804FB00BFB5
:100BF00082B001900091019B012283F83120019B7A
:100C00000022C3F82024019B03F22642009B5A6075
:100C1000009B00229A60009B02221A70009B802297
:100C20009A810023184602B0704782B0019000916B
:100C3000019B022283F83120019B93F82430002B82
:100C400003D0009B07221A7002E0009B03221A7057
:100C5000019B1B699AB2009B9A81019B0022C3F8F9
:100C60002024019B03F22642009B5A60019BDA6814
:100C7000009B9A600023184602B0704700B583B00D
:100C80000190019B5B79002B0FD0019B93F82E34D0
:100C900083F00103DBB2002B07D00198FFF7BEFE03
:100CA0000346002B01D0012300E0002303F00103E1
:100CB000DBB2184603B05DF804FB00B585B00190C7
:100CC0000B468DF80330019BD3F81004019BB3F859
:100CD000143401221946FFF773FE0390039B002B87
:100CE00003D0039B9DF803201A70019B03F154006D
:100CF000019B03F58261019B3C331A46FFF786FE98
:100D00000346184605B05DF804FB00B585B00190B8
:100D10000091019B5A69009B9A60019B9B699AB262
:100D2000009B9A81019B93F82430002B04D0019BF7
:100D3000062283F83C2003E0019B012283F83C203B
:100D40000198FFF79BFF0346002B13D0009B022264
:100D50001A7504210198FFF7B0FF0390039B0293DB
:100D6000029B002B01D0029B0FE0019B052283F820
:100D7000312003E0019B032283F83120019B03F51E
:100D80008262019BC3F820240023184605B05DF859
:100D900004FB00B585B001900091019BDA69009BCE
:100DA0009A60019B1B6A9AB2009B9A81019B93F8FF
:100DB0002430002B04D0019B062283F83C2003E062
:100DC000019B012283F83C200198FFF757FF03465F
:100DD000002B13D0009B02221A7504210198FFF703
:100DE0006CFF0390039B0293029B002B01D0029B9C
:100DF0000FE0019B062283F8312003E0019B0422CF
:100E000083F83120019B03F58262019BC3F8202403
:100E10000023184605B05DF804FB82B00190019BE9
:100E20009B78002B06D0019B93F82030002B01D03B
:100E300000230AE0019B9B6A042B03D0019B5B6AA1
:100E4000042B01D1002300E00123184602B07047B3
:100E500084B00190019B93F82430002B03D0EE2343
:100E6000ADF80E3002E01F23ADF80E30BDF80E30A5
:100E7000184604B0704782B001900B468DF80330DD
:100E8000019B9DF8032083F8302000BF02B070471B
:100E900030B587B001900091009B002B02D0019BE0
:100EA000002B01D10E23B8E0009B78331846FFF7E2
:100EB000B4FF034683F00103DBB2002B01D007230C
:100EC000ABE0019B00229A70019A009B141D03F174
:100ED00078050FCD0FC40FCD0FC495E8070084E847
:100EE0000700019B002283F83020009BD3F8A42048
:100EF000019B5A63009BD3F8A820019B9A63019B36
:100F00004FF6FF72A3F82424019B03F58262019B34
:100F1000C3F82024019B03F2264307220021184630
:100F200005F0FFFE019B1B7883F00103DBB2002B71
:100F300003D0019BFF2283F85420019B03F155024B
:100F4000019BC3F810240198FFF782FF03461A465D
:100F5000019BA3F814240098019B03F15501019B08
:100F600003F214431A46FFF7C9FB0590059B04934F
:100F7000049B002B01D0049B4FE0019B03F2312224
:100F8000019BC3F818240198FFF762FF03461A4635
:100F9000019BA3F81C24009B03F13C00019BD3F8A8
:100FA0001814019B03F21C431A46FFF7A7FB059098
:100FB000059B0393039B002B01D0039B2DE0019B1A
:100FC000012283F85120019B9B699AB2019BA3F8EF
:100FD0004820019B012283F83C20019B00221A64D7
:100FE000019B002283F85020019B5A69019B5A649F
:100FF000019B03F15400019B3C331A460021FFF78B
:1010000005FD0590059B0293029B002B01D0029BDE
:1010100003E0019B01221A70059B184607B030BD02
:1010200082B00190019B1B68012B03D0019B1B68C0
:10103000022B01D1012300E00023184602B07047C3
:1010400000B585B001900B468DF80330019B1B78ED
:1010500083F00103DBB2002B01D0082309E1019BDF
:101060009DF803209A70019B03F22643072200217A
:10107000184605F056FE019B9B79002B03D0019B7F
:101080009B78012B0FD0019BDB79002B03D0019BB8
:101090009B78012B07D0019BDB79002B14D0019B9F
:1010A0009B78022B10D1019B5B6B002B08D0019B1E
:1010B000012283F82D24019B5B6B0820984703E0F5
:1010C000019B002283F82D249DF8033019460198D6
:1010D000FFF740FD03461A46019B9A70019B5B6B2C
:1010E000002B20D0019B9B78032B03D0019B9B7886
:1010F000042B18D1019B5B79002B14D0019B93F832
:101100002E3483F00103DBB2002B0CD0019B0022B4
:1011100083F83024019B012283F82F24019B5B6B11
:101120000720984703E0019B002283F82F24019BAE
:101130003C3318220021184605F0F3FD019B0122E3
:1011400083F83C20019B2C331846FFF769FF0346C8
:10115000002B06D0019BDB6ADAB2019B83F8512099
:1011600003E0019B012283F85120019B93F8243076
:10117000002B12D0019B28331846FFF751FF03467E
:10118000002B06D0019B9B6ADAB2019B83F85220A8
:1011900003E0019B012283F85220019B002283F887
:1011A0005020019B9B78042B31D801A252F823F0E8
:1011B00005120300C5110300D5110300E51103005A
:1011C000F5110300019B3C3319460198FFF710FD10
:1011D00003901DE0019B3C3319460198FFF725FD64
:1011E000039015E0019B3C3319460198FFF78DFDF4
:1011F00003900DE0019B3C3319460198FFF7C9FDB0
:10120000039005E0019B002283F8312000E000BF3D
:10121000019B9B78002B20D0019B03F15400019B84
:10122000D3F82014019B3C331A46FFF7EFFB0390E1
:10123000039B002B01D0039B1BE0019B93F85420E0
:10124000019B93F8303019461046FFF7E3FB0390FB
:10125000039B002B01D0039B0BE0019B5B6B002BDE
:1012600006D0019B5B6B019A92F83120104698479B
:101270000023184605B05DF804FB00BF00B585B03B
:1012800001900091009B0393019B1B88262B10D09B
:10129000262B13DC102B02D0112B05D00EE0019968
:1012A0000398FFF7F3FB0AE001990398FFF7FDFBB2
:1012B00005E001990398FFF722FC00E000BF00BFA2
:1012C00005B05DF804FB75DF704700BF184676DF98
:1012D000704700BF18467ADF704700BF18467BDFB3
:1012E000704700BF1846000084B00346ADF80630D2
:1012F0000023039316E00F49039A13469B001344FF
:101300009B000B441B88BDF806209A4207D1039A24
:1013100013469B0013449B00064A134406E0039BBC
:1013200001330393039B002BE5D00023184604B040
:10133000704700BF5041002082B001900B46ADF8CD
:101340000230019BBDF802201A80019B00221A7214
:10135000019B054903F10A020B4603CB1060516063
:1013600000BF02B0704700BF8041002082B00190F2
:10137000019B4FF6FF721A8000BF02B0704788B021
:101380000390029111461A460B46ADF806301346FB
:10139000ADF80430039B9B881A46BDF80630134411
:1013A0000793039B9B881946039B9B88BDF80620E7
:1013B000934228BF13469BB2CB1A0693039BDB884C
:1013C0001A46BDF8043013440593039BDB88194685
:1013D000039BDB88BDF80420934228BF13469BB2D1
:1013E000CB1A0493029B5A88039B1B889A4205D30D
:1013F000029B5A88039B5B889A4201D900231CE018
:10140000029B9B881A46069B934205D8029B9B88A9
:101410001A46079B934201D200230EE0029BDB8811
:101420001A46049B934205D8029BDB881A46059B0B
:10143000934201D2002300E00123184608B0704710
:1014400000B583B00190064B9B69002B03D0044B81
:101450009B690198984700BF03B05DF804FB00BF8B
:101460006441002000B585B003460091ADF8063018
:10147000BDF8063000991846FFF725FF0390039B3F
:10148000002B05D0039B112B02D00398FFF7D8FF48
:10149000039B002B0CBF01230023DBB2184605B0D1
:1014A0005DF804FB00B589B00190019B0793079B91
:1014B0009BB21846FFF718FF0690069B002B42D000
:1014C000069B1A7A224B1B7B9A4215D2079B9AB233
:1014D000069B0A3319461046FFF7C4FF03468DF8F2
:1014E00013309DF81330002B2DD0069B1B7A01334F
:1014F000DAB2069B1A7226E0069B00221A72144B7F
:101500001B7C002B0FD0079B9BB23B211846FFF79B
:10151000DEFE0590059B002B05D0059B082B02D015
:101520000598FFF78DFF0A4B5B69002B0BD000235A
:101530008DF80C30079B9BB2ADF80E30044B5B6905
:1015400003AA1046984700BF09B05DF804FB00BF2E
:101550006441002030B587B00190019B002B01D180
:101560000E2353E02B4A019B14461D460FCD0FC49A
:1015700095E8070084E80700264B274A1A60019B7C
:101580001B68002B11D0019B1B681846FFF7A3FEB8
:101590000490049B002B01D0049B37E0019B1A6848
:1015A0001D4B1068516803C308E01B48FFF797FE06
:1015B0000490049B002B01D0049B27E0002305939B
:1015C00020E0059A13469B0013449B00134A1344E2
:1015D00003930398FFF7CAFE059B5B01104A1A4468
:1015E000039B5A60039B04330E4A00211846F5F70B
:1015F0002FFB0490049B002B01D0032306E0059BE6
:1016000001330593059B002BDBD00023184607B060
:1016100030BD00BF644100208041002050410020C7
:1016200030410020A514030000B587B003460091A7
:10163000ADF80630009B5B7A002B1AD1009B1B7A19
:10164000002B03D1164B5B68059302E0144B9B689B
:101650000593009B5B68BDF8062005991846F5F7D1
:101660002BFB0490049B002B16D00498FFF7E8FE98
:1016700012E0009B00221A72094B5B69002B0BD011
:1016800001238DF80C30BDF80630ADF80E30044B58
:101690005B6903AA1046984700BF07B05DF804FBDA
:1016A0006441002000B585B00190019BDB7B8DF883
:1016B0000F30019B9B88ADF80C309DF80F30012B4B
:1016C0002CD14FF6FF70FFF70FFE0290029B002B0C
:1016D00003D10420FFF7B4FE21E0BDF80C30194619
:1016E0000298FFF729FE029B03F10A00019B03F118
:1016F00010014FF6FF7340F2F312FFF740FE03466E
:101700001A46029B5A72074BDB89002B07D1BDF8A2
:101710000C3002991846FFF787FF00E000BF05B0C4
:101720005DF804FB6441002000B587B00190019B87
:101730009B88ADF81630BDF816301846FFF7D4FD7B
:101740000490049B002B0ED0049B5B681846F5F7B1
:10175000E9FA0390039B002B02D00398FFF770FE79
:101760000498FFF703FE00BF07B05DF804FB00001C
:1017700000B587B00190019B06330593059B1A883D
:10178000194BDB899A422BD1059B5B89022B27D110
:10179000019B9B88ADF81230BDF812301846FFF758
:1017A000A3FD0390039B002B1AD0059B0C33184616
:1017B00000F074FA0346002B06D0BDF812300399EE
:1017C0001846FFF731FF0BE0039B5B681846F5F7FF
:1017D000A9FA0290029B002B02D00298FFF730FE7C
:1017E00000BF07B05DF804FB6441002000B585B080
:1017F0000190019B9B88ADF80E30BDF80E30184665
:10180000FFF772FD0290029B002B15D0029B03F1A3
:101810000A00019B03F108014FF6FF7340F2F31237
:10182000FFF7ADFD03461A46029B5A72BDF80E3013
:1018300002991846FFF7F8FE00BF05B05DF804FBFB
:1018400000B583B001900091019B1B88502B12D0F2
:10185000502B18DC122B12D0122B14DC102B02D0C0
:10186000112B04D00FE00198FFF71CFF0CE001984A
:10187000FFF75AFF08E00198FFF77AFF04E00198AC
:10188000FFF7B4FF00E000BF00BF03B05DF804FB4A
:1018900030B58FB00190009100230293009B002B84
:1018A0001AD000230D9314E06B460D991846F6F7F5
:1018B0009CFA0346002B09D0029B5A1C02920D9AF7
:1018C00092B25B000EA90B4423F82C2C0D9B013324
:1018D0000D930D9B132BE7D9019B1D4602AC0FCC3A
:1018E0000FC50FCC0FC594E8070085E807000198E5
:1018F0000FB030BD00B583B00346ADF80630BDF87B
:101900000630132B01D900230CE0BDF80630194630
:101910000648F6F739FABDF8063019460448F6F7D6
:1019200033FA0123184603B05DF804FB9041002010
:101930008C41002000B585B00346ADF80630002389
:1019400003930DE0039B9B00094A13440433BDF845
:10195000062011461846F6F72FFA039B013303932E
:10196000039B1D2BEED900BF00BF05B05DF804FB43
:101970008841002000B583B00346ADF80630BDF8BD
:10198000063019460348F6F717FA00BF03B05DF8B2
:1019900004FB00BF9041002030B59BB0184B9B6802
:1019A000DB431893164B5A6818AB11461846F6F7E6
:1019B0004CFA189A6B4611461846FFF769FF0DACB2
:1019C0006D460FCD0FC40FCD0FC495E8070084E816
:1019D0000700002319930BE0199B5B001AAA13441C
:1019E00033F8303C1846FFF7A5FF199B01331993D4
:1019F0000D9B199A9A42EFD300BF00BF1BB030BDB8
:101A00008841002000B583B001900B46ADF802304C
:101A100013468DF801309DF80130002B06D0BDF83B
:101A2000023019460198F6F7AFF905E0BDF802302B
:101A300019460198F6F7C0F900BF03B05DF804FB42
:101A400000B585B001900091019B9B88ADF80E30E8
:101A5000019B1B88103B0A2B00F2888001A252F8E0
:101A600023F000BF911A0300CD1A03006D1B030081
:101A70006D1B03006D1B03006D1B03006D1B03003A
:101A80006D1B03006D1B0300371B0300D91A0300F5
:101A9000FFF782FFBDF80E301846FFF72BFF034615
:101AA00083F00103DBB2002B05D0324AF021042081
:101AB000F4F7E0FC57E0019BDB7B012B53D0BDF832
:101AC0000E3019462C48F6F75FF94CE0BDF80E30A1
:101AD0001846FFF74FFF49E0019B1B7AC3F303133E
:101AE000DBB28DF80D309DF80D30032B8CBF012338
:101AF0000023DAB2BDF80E3019462048FFF782FF06
:101B00009DF80D30022B8CBF01230023DAB2BDF803
:101B10000E3019461A48FFF775FF9DF80D30012B5E
:101B20008CBF01230023DAB2BDF80E3019461548E8
:101B3000FFF768FF1AE0019B1B7A002B15D1019B70
:101B40005B7AC3F3C003DBB2002B14BF0123002375
:101B50008DF80C309DF80C20BDF80E301946074862
:101B6000FFF750FF01E000BF00E000BF00BF05B07D
:101B70005DF804FBD894030094410020A0410020AC
:101B80009C4100209841002000B583B00346ADF889
:101B90000630BDF80630132B01D9002306E0BDF84E
:101BA000063019460348F6F720F90346184603B0F5
:101BB0005DF804FB8C41002000B583B00346ADF80E
:101BC0000630BDF806301846FFF7DEFF0346002B4F
:101BD00002D0BDF8063000E01423184603B05DF8CB
:101BE00004FB00B587B003900B460192ADF80A30B4
:101BF000019B002B01D10E2338E0019B00221A60CB
:101C0000039B002B01D10E2330E0039B1B68002BAC
:101C100001D10E232AE0039BDB8803F003039BB270
:101C2000002B01D0072321E0BDF80A301846FFF74A
:101C3000C3FF03468DF817309DF81730142B01D1E0
:101C4000052313E0039B1B799DF817209A4201D3CB
:101C500004230BE0039B1B689DF817200399C98898
:101C600001FB02F21A44019B1A600023184607B0D8
:101C70005DF804FB82B00190019B1B781AB2019BB6
:101C800001331B781B021BB213431BB29BB21846D5
:101C900002B07047AADF704700BF184600B585B094
:101CA00001900198FFF7E6FF0346ADF80E30BDF84E
:101CB0000E3003F00103002B14BF01230023DBB21D
:101CC000184605B05DF804FB82B0034600918DF81C
:101CD0000730009A13786FF303031370009A137898
:101CE0006FF3071313709DF80730052B5BD801A223
:101CF00052F823F00D1D0300231D03003D1D0300BA
:101D0000571D0300711D03008B1D0300009A1378FB
:101D10006FF303031370009A13786FF307131370B4
:101D200040E0009A1378012161F303031370009AD5
:101D30001378012161F30713137033E0009A1378CD
:101D4000012161F303031370009A1378022161F3F8
:101D50000713137026E0009A1378012161F303033F
:101D60001370009A1378032161F30713137019E0BD
:101D7000009A1378022161F303031370009A137819
:101D8000012161F3071313700CE0009A137802210C
:101D900061F303031370009A1378022161F30713B0
:101DA000137000BF00BF00BF02B0704700B595B010
:101DB000034602910192ADF80E30029B9B78002BF6
:101DC00003D101238DF81E3003E0029B9B788DF830
:101DD0001E30029B1B88ADF81C3006AB032200218D
:101DE000184604F09EFF029B5B7C06AA114618462B
:101DF000FFF76AFF029B9A7C06AB01331946104637
:101E0000FFF762FF029BDA7B9DF81A3062F3C3038F
:101E10008DF81A30029B1A7C9DF81A3062F3041375
:101E20008DF81A30029B1A7B9DF81A3062F300037A
:101E30008DF81A30029B1B7D002B01D0022200E09E
:101E400001229DF81A3062F342038DF81A300DAB6F
:101E50001C220021184604F064FF029B5B7B03F008
:101E60001003DBB2002B06D1029B5B7B03F0200347
:101E7000DBB2002B24D004AB03220021184604F06F
:101E800050FF029BDA7C04AB013319461046FFF782
:101E90001BFF9DF81030012262F303038DF8103010
:101EA0009DF81030012262F307138DF810309DF871
:101EB0001230012262F342038DF8123004AB129308
:101EC000029B5B7B8DF83430029B9B7B8DF8353019
:101ED00008AB14220021184604F023FF07AB089337
:101EE00006AB0993029B9B88ADF82C30029B9B6844
:101EF000002B06D0029BDB88ADF82830029B9B6844
:101F00000C93029B9B69002B4FD005AB0322002151
:101F1000184604F006FF029B9B691B88ADF83C3015
:101F2000029B9B695B88ADF83E30029B9B695B68B6
:101F30000E9305AB1193029B9B691B7B05AA11466F
:101F40001846FFF7C1FE029B9B695A7B05AB013324
:101F500019461046FFF7B8FE029B9B699A7A9DF8D6
:101F6000163062F3C3038DF81630029B9B69DA7A50
:101F70009DF8163062F304138DF81630029B9B69AE
:101F80001A7A9DF8163062F300038DF81630029B22
:101F90009B699B7B002B01D0022200E001229DF86F
:101FA000163062F342038DF81630029BDB69002B7A
:101FB00002D0029BDB69109308AA0DA9BDF80E00A0
:101FC000019BFFF767FE0346184615B05DF804FB5A
:101FD00090DF704700BF1846A5DF704700BF184666
:101FE000B5DF704700BF184682B00190019BF72211
:101FF0001A80019B17225A80019B00221A71019BB3
:1020000000225A71019BFB229A71019B1B22DA71FB
:1020100000BF02B0704700B589B003460A46ADF86C
:1020200006301346ADF80430BDF80430ADF8143076
:10203000BDF80430ADF816300023ADF81830002399
:10204000ADF81A3003AB00221A609A8003AA05A9E2
:10205000BDF806301846FFF7BBFF0790079B002B23
:1020600002D0BDF80C30002B079B184609B05DF874
:1020700004FB00B587B001900091009B9B88ADF8F0
:102080001630BDF81630DB00019A13440633049372
:10209000019B1A79049B9A71009BDB7B012B02D078
:1020A000022B05D009E0019B1A88049B1A8004E0EA
:1020B000019B5A88049B1A8000BF049B1A88049BCA
:1020C0005B889A4215D9049B1A88BDF816301146D0
:1020D0001846FFF781FF0390039B002B03D1049B5D
:1020E00001225A7105E0039B112B02D1049B0122AE
:1020F0001A71049B9A79049BDB799A4208D9049B54
:102100009B799AB2BDF8163011461846FFF783FF47
:1021100000BF07B05DF804FB00B583B001900091EB
:10212000009B9B88DB00019A134406331846FFF797
:102130005BFF00BF03B05DF804FB00B587B0019002
:102140000091009B9B88ADF81630009B5B89ADF831
:102150001430BDF81630DB00019A134406330493A3
:10216000049B1B88BDF81420934228BF13469AB2E3
:10217000049B5A80049B5B88172B38BF17239AB2A5
:10218000049B5A80019B1B69002B15D0049B5B7933
:10219000002B11D040F67723ADF80830BDF816308B
:1021A000ADF80A30049B5B88ADF80C30019B1B69CD
:1021B00002AA114601989847049B00225A71049B79
:1021C00000221A7100BF07B05DF804FB00B589B0AA
:1021D00001900091009B9B88ADF81E30009BDB882E
:1021E000ADF81C30BDF81E30DB00019A13440633F5
:1021F0000693BDF81C30172B38BF1723ADF81C30E1
:10220000069B1B88BDF81C20934228BF13469AB238
:10221000069B5A80069B00221A71069B1A88BDF8FD
:102220001E3011461846FFF7DBFE0590069B5B79D2
:10223000002B16D1019B1B69002B13D040F677238E
:10224000ADF80C30BDF81E30ADF80E30069B5B8843
:10225000ADF81030019B1B6903AA114601989847FD
:1022600000E000BF09B05DF804FB30B591B001900B
:102270000091009B04AC1D1D0FCD0FC40FCD0FC4EA
:1022800095E8070084E80700BDF81030ADF83E304F
:10229000BDF81420BDF83E30D1B2019ADB001344E2
:1022A0000A465A73019B1B69002B19D002AB00220E
:1022B0001A609A804DF67A23ADF80830BDF83E30AA
:1022C000ADF80A30BDF83E30019ADB0013445B7B69
:1022D0008DF80C30019B1B6902AA114601989847A2
:1022E00000BF11B030BD00B587B001900091009BD8
:1022F00004330593059B1B88DB00019A13440633C6
:102300000493059B9B888DF80F30049B9B799DF867
:102310000F20934228BF13468DF80E30059B1B8873
:102320009DF80E2092B211461846FFF774FE00BFCA
:1023300007B05DF804FB00B585B001900091019BEA
:10234000002B01D10E231DE0019B009A1A61019B15
:10235000F7221A80019BF7225A80019BFB221A71F7
:10236000002303930AE0039BDB00019A1344063326
:102370001846FFF739FE039B01330393039B002BA1
:10238000F1D00023184605B05DF804FB82B001903F
:102390000B46ADF80230019B002B01D10E230EE05D
:1023A000BDF80230162B03D9BDF80230F72B01D946
:1023B000072304E0019BBDF802201A800023184681
:1023C00002B0704700B587B001900091009B059363
:1023D000019B9B88ADF81230BDF81230002B40F005
:1023E0008480019B1B88552B48D0552B55DC242B12
:1023F00032DC102B51DB103B142B4ED801A252F8CB
:1024000023F000BF5F240300692403009B24030022
:102410009B2403009B2403009B2403009B240300B4
:102420009B2403009B2403009B2403009B240300A4
:102430009B2403009B2403009B2403009B24030094
:102440009B2403009B2403009B2403009B24030084
:1024500091240300872403003A2B0AD01DE0019940
:102460000598FFF706FE19E001990598FFF754FE5D
:1024700014E001990598FFF760FE0FE001990598B7
:10248000FFF7A4FE0AE001990598FFF7EEFE05E0CC
:1024900001990598FFF727FF00E000BFBDF8123053
:1024A000059ADB0013449B7A002B1FD0BDF8123035
:1024B000059ADB001344DA88BDF81230114618463D
:1024C000FFF78AFD0390039B002B0FD1BDF812305C
:1024D000059ADB00134400229A72BDF81230059A67
:1024E000DB0013440122DA7200E000BF07B05DF8A0
:1024F00004FB00BFB0DF704700BF184666DF7047BF
:1025000000BF184682B001900091019B002B01D1C1
:102510000E2316E0009B002B01D10E2311E0019B3E
:102520001B78DE2B01D108230BE0009B1A68019B6E
:102530005A60019BDE221A70019B4FF6FF725A808F
:102540000023184602B0704782B001900B46ADF8E8
:102550000230019B002B01D10E230AE0019B1B7866
:10256000DE2B01D0082304E0019BBDF802205A8035
:102570000023184602B0704700B585B00190019B5A
:102580001B7A002B18D0019B5B8800211846FFF7AF
:10259000B5FF0390039B002B03D1019B00221A720D
:1025A0000AE0039B112B03D1019B01221A7203E065
:1025B000019B5B680398984700BF05B05DF804FB7A
:1025C00000B583B001900091009B1B79012B0BD1CA
:1025D000009B1A88019B5B889A4205D1019B0122CE
:1025E0001A720198FFF7C8FF00BF03B05DF804FB43
:1025F00082B00190009100BF02B0704700B589B071
:1026000001900091009B1A88019B5B889A4236D109
:10261000009B02330793079B1B78022B31D1079B4A
:102620001B7A042B07D0079B1B7A062B03D0079B32
:102630001B7A052B27D102AB00221A605A609A60E0
:10264000DA6002238DF808304FF4C073ADF80C3017
:10265000079B1B7A052B02D10023ADF80C30009BA1
:102660001B8802AA11461846FFF744FF0690069BF6
:10267000002B09D0019B5B680698984704E000BFD7
:1026800002E000BF00E000BF09B05DF804FB00B548
:1026900085B001900091009B002B40D0019B002B46
:1026A0003FD0009B0393039B1B78DE2B3BD1019B08
:1026B0009A88039B5B889A4202D10398FFF75CFFDC
:1026C000019B1B88512B18D0512B2EDC112B1BD0BA
:1026D000112B2ADC012B02D0022B07D025E0019B15
:1026E000043319460398FFF76BFF21E0019B043385
:1026F00019460398FFF77CFF1AE0019B0433194643
:102700000398FFF77BFF13E0019B9A88039B5B888C
:102710009A420CD1039B4FF6FF725A8007E000BF2C
:1027200006E000BF04E000BF02E000BF00E000BF21
:1027300005B05DF804FBA8DF704700BF1846ADDFA9
:10274000704700BF1846AEDF704700BF184662DF13
:10275000704700BF184600B58FB00190009100236C
:102760000393019B5869009B9B8803AA1946FFF7B6
:1027700038FA0D9005AB08220021184604F0D1FA72
:1027800004AB06930223ADF814300023ADF81630E5
:10279000009B9888019B1B8905AA1946FFF7CFFF6C
:1027A0000D900D9B002B26D1019B9B69002B22D005
:1027B000069B1846FFF772FA0346002B1BD0039BBB
:1027C000002B02D0039B01221A7007AB18220021B4
:1027D000184604F0A6FA02238DF81C30019B0893DA
:1027E000009B9B88ADF82430039B0A93019B9B6957
:1027F00007AA1046984700BF0FB05DF804FB00B56C
:102800008DB001900091009B06330B93019B58699A
:10281000009B9B8803AA1946FFF7E3F90A9004ABD3
:1028200018220021184604F07CFA019B0593009BB6
:102830009B88ADF81830039B07930B9B1A88019B6C
:102840001B899A4225D10B9B5B89022B21D1039BCB
:10285000002B38D00B9B0C331846FFF71FFA0346AA
:10286000002B06D0039B01221A7002238DF8103032
:1028700005E0039B00221A7003238DF81030019BA2
:102880009B69002B1FD0019B9B6904AA10469847A7
:1028900019E00B9B1A88019B9B899A4214D1019BDA
:1028A0009B69002B10D000238DF810300B9B0C334C
:1028B00008930B9B5B89ADF82430019B9B6904AAAC
:1028C0001046984700E000BF00BF0DB05DF804FB64
:1028D00000B58BB001900091019B5869009B9B88CB
:1028E00002AA1946FFF77DF90990099B002B1AD11E
:1028F000029B1B78002B17D003AB1822002118462F
:1029000004F00FFA01238DF80C30019B0493009B17
:102910009B88ADF81430029B0693019B9B6903AA28
:102920001046984700E000BF0BB05DF804FB00B50F
:1029300085B001900091009B002B1ED0019B002BC5
:102940001BD0009B0393019B1B88572B10D0572B48
:1029500015DC102B02D0502B05D010E00199039804
:10296000FFF7F9FE0CE001990398FFF748FF07E035
:1029700001990398FFF7ACFF02E000BF00E000BF41
:1029800005B05DF804FB000010B592B00190009115
:102990004F4B0AAC0FCB84E80F00019B002B01D1F9
:1029A0000E2391E0009B002B01D10E238CE0009BB5
:1029B0001A68019B9A61019A0AAB11461846FFF703
:1029C000C6FE1190119B1093109B002B01D0109B01
:1029D0007AE0019B1B788DF83A300123ADF838304E
:1029E000019B9A1C0EAB19460120FFF7A4FE119023
:1029F000119B0F930F9B002B01D00F9B64E002AB48
:102A000020220021184604F08CF90223ADF808308A
:102A1000019B1B788DF80A30F423ADF80C300123AC
:102A2000ADF80E3001238DF814309DF8153043F0C9
:102A300008038DF815309DF8153043F004038DF828
:102A4000153001238DF8193001238DF81A30019BC0
:102A50005888019B03F10C0202AB1946FFF7A6F957
:102A60001190119B002B01D0119B2DE002AB202275
:102A70000021184604F055F90323ADF80830019BF6
:102A80001B788DF80A30F423ADF80C300123ADF833
:102A90000E3001238DF814309DF8153043F01003EB
:102AA0008DF8153001238DF8193001238DF81A3077
:102AB00001238DF81B30019B5888019B1A1D02AB26
:102AC0001946FFF773F90346184612B010BD00BF50
:102AD0004495030000B58DB0039002910192ADF8CA
:102AE0000230039B002B01D10E2342E0039B5B6964
:102AF00005AABDF802101846FFF773F80B900B9B60
:102B00000A930A9B002B01D00A9B32E0BDF80230E9
:102B10004FF6FF72934202D0059B002B01D1052393
:102B200027E0059B1B7883F00103DBB2002B01D06B
:102B300008231EE0019B1B88F42B01D9072318E012
:102B400006AB10220021184604F0EBF8039B9B888B
:102B5000ADF81830029B0993019B089301238DF86F
:102B60001A3006AABDF8023011461846FFF7EBFDF1
:102B7000034618460DB05DF804FB000082B0034622
:102B80008DF807309DF8073003F01F0205499DF9C5
:102B900007305B09012000FA02F241F8232000BF50
:102BA00002B0704700E100E082B003468DF80730C4
:102BB0009DF8073003F01F0206499DF907305B09B5
:102BC000012000FA02F2203341F8232000BF02B0B6
:102BD000704700BF00E100E082B003468DF8073087
:102BE0009DF90730002B0BDA0B4A9DF8073003F0F4
:102BF0000F03043B13441B7EDBB25B09DBB208E02E
:102C0000064A9DF90730134493F80033DBB25B09A1
:102C1000DBB2184602B0704700ED00E000E100E0D2
:102C200000B583B00190019B002B03D10449C4205F
:102C3000FAF73EFE019B5B68184603B05DF804FBA3
:102C40005495030010DF704700BF184611DF70472E
:102C500000BF184682B003468DF807309DF9073053
:102C60001F2B0CDC9DF907300F4A22FA03F303F007
:102C70000103002B14BF01230023DBB210E09DF9F8
:102C800007303F2B0BDC9DF90730203B012202FA75
:102C900003F3002B14BF01230023DBB200E0012368
:102CA000184602B0704700BFFC06FFBD82B001901D
:102CB000019B072B07D8EC22019B42FA03F303F098
:102CC0000103002B01D1002300E00123184602B0CC
:102CD0007047000000B583B003468DF807309DF9BA
:102CE00007301846FFF7B6FF0346002B02D142F229
:102CF00001032EE09DF907301846FFF76DFF0346EC
:102D00001846FFF7D3FF0346002B02D142F202031D
:102D10001FE0124B9B68002B15D09DF907305B0913
:102D20000E4A52F823209DF8073003F01F030121BB
:102D300001FA03F319469DF907305B090A43074975
:102D400041F8232004E09DF907301846FFF716FFED
:102D50000023184603B05DF804FB00BF982C002048
:102D600000B583B003468DF807309DF9073018464B
:102D7000FFF770FF0346002B02D142F201031FE070
:102D8000114B9B68002B15D09DF907305B090E4A4B
:102D900052F823109DF8073003F01F03012202FAB6
:102DA00003F3DA439DF907305B090A40064941F80D
:102DB000232004E09DF907301846FFF7F5FE0023B5
:102DC000184603B05DF804FB982C002000B587B0CE
:102DD00003468DF8073002AB14491846F5F7ECF8B6
:102DE00017E002AB1846FFF71BFF0590059B1B6819
:102DF0000493059B59689DF80720049B104698474B
:102E00000346002B01D111230BE002AB1846F5F766
:102E1000FDF802AB1846FFF703FF0346002BE0D195
:102E20000023184607B05DF804FB00BF209603009E
:102E300000B587B003468DF8073002AB114918463C
:102E4000F5F7BAF812E002AB1846FFF7E9FE059075
:102E5000059B1B680493059B59689DF80720049BFC
:102E60001046984702AB1846F5F7D0F802AB184663
:102E7000FFF7D6FE0346002BE5D100BF00BF07B029
:102E80005DF804FB2C96030000B583B01620FFF715
:102E900021FF0190019B0093009B002B04D0044A6A
:102EA000A1210098F3F7E6FA00BF03B05DF804FB38
:102EB000B095030000B583B01620FFF751FF0190D5
:102EC000019B0093009B002B04D0044AAD21009885
:102ED000F3F7D0FA00BF03B05DF804FBB095030030
:102EE00000B585B0234B1B78002B01D008233CE0B4
:102EF000214B01221A700020FFF768FF0346112BB7
:102F000001D1002331E00020FFF792FF1B4B1B682B
:102F1000029300238DF807300DF107031846F4F7EC
:102F20002DFA02AB16491846FFF78CFE0390039B5F
:102F3000002B0CBF01230023DAB20E4B1A709DF850
:102F400007301846F4F730FA039B002B01D0039B9F
:102F50000BE0094B00221A700A4B00221A70FFF78F
:102F600093FF0120FFF764FF0023184605B05DF8CA
:102F700004FB00BF04420020064200201C96030010
:102F8000916402000542002000B583B01D4B1B7800
:102F900083F00103DBB2002B01D008232EE01A4B93
:102FA00001221A700120FFF711FF0346112B01D1F6
:102FB000002323E00220FFF73BFF00238DF80330BE
:102FC0000DF103031846F4F7D9F9FFF73FFE01901E
:102FD0000C4B00221A709DF803301846F4F7E4F900
:102FE000019B002B01D0019B08E0074B00221A70C7
:102FF000FFF760FF0320FFF71BFF0023184603B015
:103000005DF804FB0442002006420020014B1B78BF
:10301000184670470442002000B585B06B46114940
:103020001846F4F7C9FF10E06B461846FFF7F8FDA5
:103030000390039B1B680293039B5A68029B1046F4
:1030400098476B461846F4F7E1FF6B461846FFF7C2
:10305000E7FD0346002BE7D100BF00BF05B05DF8D8
:1030600004FB00BF3896030008B5FFF7D5FF00BF8B
:1030700008BD60DF704700BF184669DF704700BFBA
:10308000184661DF704700BF1846000000B583B0E6
:103090000190019B002B03D10449C420FAF708FCDE
:1030A000019B5B68184603B05DF804FB449603007F
:1030B00082B00190019B002B01D10E2304E0044B50
:1030C0001A46019B1A600023184602B0704700BFE1
:1030D000D82A002000B587B0034600918DF807304C
:1030E0000098FFF7E5FF0590059B002B01D0059B9D
:1030F0007AE002AB0C220021184603F012FE9DF884
:1031000007308DF8083001238DF80A300623ADF81A
:103110000C30009B1A6802AB19462020FFF7ADFF68
:10312000059002AB0C220021184603F0FAFD0123A2
:103130008DF8093000238DF80A3000238DF80B300C
:10314000009B1A6802AB19464020FFF796FF0590D6
:1031500002AB0C220021184603F0E3FD9DF8073076
:103160008DF80830F723ADF80A30009B1A6802ABDF
:1031700019462320FFF781FF059002AB0C220021A6
:10318000184603F0CEFD01238DF80830009B1A6825
:1031900002AB19460120FFF770FF059002AB0C222D
:1031A0000021184603F0BDFD4FF4B0630293009B6D
:1031B0001A6802AB1946A120FFF75FFF059002AB2A
:1031C0000C220021184603F0ACFD9DF808306FF387
:1031D00000038DF80830009B1A6802AB1946A02046
:1031E000FFF74BFF05900023184607B05DF804FB7E
:1031F00000B585B00190019B1B6803930198FFF710
:1032000038FF0290019B1B68039A9A42029B002B95
:1032100002D1044B01221A70029B184605B05DF8DA
:1032200004FB00BF0742002000B5ADF5077D01ABF0
:103230001860244B1B7883F00103DBB2002B3BD1D9
:103240004FF4FA73ADF806320DF2062202AB1146C6
:103250001846FFF716FF8590859B002B03D0859BB2
:10326000052B22D129E002AB84937FAB1649184687
:10327000F4F7A2FE11E07FAB1846FFF707FF83903B
:10328000839B1B688293839B5A68829B1146849818
:1032900098477FAB1846F4F7B9FE7FAB1846FFF7A7
:1032A000F5FE0346002BE6D1CAE7084A40F2391181
:1032B0008598F3F7DFF800E000BF0DF5077D5DF8B6
:1032C00004FB00BF0742002010970300A0960300F4
:1032D00000B583B00190019B002B03D10449C420A9
:1032E000FAF7E6FA019B5B68184603B05DF804FB49
:1032F0001C9703004BDF704700BF184600B589B02C
:10330000019004AB1846FFF7F5FF0790079B002BD1
:1033100003D0079B052B20D124E002AB13491846AC
:10332000F4F74AFE11E002AB1846FFF7D1FF069012
:10333000069B1B680593049A069B5968059B1046DB
:10334000984702AB1846F4F761FE02AB1846FFF748
:10335000BFFF0346002BE6D1D3E7054A6B21079850
:10336000F3F788F800BF09B05DF804FBE8970300A5
:103370007897030082B00190019B184602B0704715
:1033800000B58FB003900291009313468DF807307B
:1033900000230D93029B09939DF807300A93009B2D
:1033A0000B939DF840300C93039B043309A9002232
:1033B0001846F6F737FF0D900D9B18460FB05DF8D5
:1033C00004FB000082B00190034A019B1A60019B3C
:1033D000184602B0704700BFFC97030082B001900E
:1033E000FB23184602B0704700B583B00190019BE3
:1033F00093F82030DBB2012B14BF01230023DBB292
:10340000002B08D000220121019800F039F8019B1F
:10341000012283F820200123184603B05DF804FB45
:1034200000B583B00190019B93F82030DBB2052BEF
:1034300014BF01230023DBB2002B0DD00722012192
:10344000019800F01DF880224021019800F018F842
:10345000019B052283F82020019B93F82030DBB2EA
:10346000052B0CBF01230023DBB2002B00D0F3E7B8
:10347000019B9B7EDBB2184603B05DF804FB0000A5
:1034800000B589B003900B468DF80B3013468DF8CC
:103490000A309DF80B3063F07F03DBB28DF81830F3
:1034A0009DF80A308DF81930104B00221A70039BDA
:1034B000186905AB06A9022200920222FFF760FFFD
:1034C0000790079B002B01D0079B0BE0074B1B7855
:1034D000DBB2002B0CBF01230023DBB2002B00D09A
:1034E000F4E7079B184609B05DF804FBB4340020EC
:1034F00000B585B00190019B002B0CD0084B43F028
:1035000001030393019B9B010293054B43F00103CD
:103510000298984700E000BF05B05DF804FB00BFCB
:103520001098030000B583B00190019B002B0FD0D1
:103530004FF47A70FFF7DCFF019B013B0193019B85
:10354000002B14BF01230023DBB2002B01D0EFE7D7
:1035500000BF03B05DF804FB00B583B00190F3F742
:1035600085FE0346002B14BF01230023DBB2002B92
:1035700001D0012300E00023184603B05DF804FBEE
:1035800000B585B001900091009803F046FC0290D0
:1035900000230393039B029A9A4213D9039B009A38
:1035A00013441B781846F3F731FE0346002B14BF73
:1035B00001230023DBB2002B00D0EFE7039B013394
:1035C0000393E7E76420FFF7ADFF00BF05B05DF8A8
:1035D00004FB00B585B001900DF10F031846F3F719
:1035E000DBFD0346002B14BF01230023DBB2002BBD
:1035F00000D0F1E79DF80F30184605B05DF804FBE8
:1036000000B583B00190019B1B78022B03D10748C2
:10361000FCF7D4FB06E0019B1B78012B02D1044888
:10362000FCF7CCFB00BF03B05DF804FBE49903009A
:10363000009A030000B585B00390029101920093B7
:10364000019A0299039800F011F8F3F783FD054AF7
:10365000009B1360044A069B136000BF05B05DF831
:1036600004FB00BF0C4200201042002000B58FB0C8
:1036700003900291019208AB00221A605A609A608E
:10368000DA601A615A610A230A930B230B93104BD9
:103690000D93029B0893019B09930E4B04934FF4E7
:1036A000806305930C4B06934FF48063079304A942
:1036B00008A80223094AF3F7BDFC0346DAB2084B17
:1036C0001A700848FCF77AFB00BF0FB05DF804FBE6
:1036D00000E0D70114420020144600200136030008
:1036E000084200201C9A030000B583B001900B48EB
:1036F000FCF764FB002344F620620949019800F0BE
:1037000079F9019B19460748FCF758FBF3F722FDAE
:10371000F3F7B6FD00BF03B05DF804FB409A030069
:10372000549A0300609A030000B583B001901A48D0
:10373000FCF744FB002344F620621849019800F08E
:1037400059F9019B19461648FCF738FB0A20FFF788
:10375000E9FE1448FCF732FB002344F620621249CC
:10376000019800F047F9019B19461048FCF726FB29
:103770000A20FFF7D7FE002344F620620C49019887
:1037800000F038F9019B19460A48FCF717FB00BF07
:1037900003B05DF804FB00BF6C9A0300809A03003D
:1037A000609A03008C9A0300A49A0300B49A030061
:1037B000D09A0300E49A030000B589B001904FF05D
:1037C000FF33069300238DF817302D48FCF7F6FAE7
:1037D000002344F620622B49019800F00BF90346C0
:1037E0008DF81730019B19462748FCF7E7FA9DF83A
:1037F0001730012B08D1019B184603F00EFB03463E
:10380000002B01D0012300E00023002B32D0019BCC
:103810001E49184603F018FA04901C49002003F0D2
:1038200013FA04901949002003F00EFA0490049B47
:10383000002B1FD004991648FCF7C0FA07238DF817
:103840000F30002307939DF80F30079A9A4211DA40
:10385000104A079B52F823301946049803F0B6FA31
:103860000690069B002B01D1069B05E0079B0133C8
:103870000793E8E74FF0FF33184609B05DF804FB03
:10388000689B0300809B0300609A0300909B0300E9
:10389000949B0300AC2B002000B583B001900B4635
:1038A0008DF803309DF8033083F00103DBB2002B69
:1038B0000ED03E48FCF782FA002344F620623C49D1
:1038C000019800F097F8019B19463A48FCF776FA00
:1038D0009DF80330002B11D03748FCF76FFA3748BA
:1038E000FCF76CFA002344F620623549019800F099
:1038F00081F8019B19462F48FCF760FA0A20FFF770
:1039000011FE3048FCF75AFA002344F620622E4993
:10391000019800F06FF8019B19462648FCF74EFA13
:103920000A20FFF7FFFD2948FCF748FA002344F678
:1039300020622749019800F05DF8019B194625484F
:10394000FCF73CFA0A20FFF7EDFD2348FCF736FAB6
:10395000002344F620622149019800F04BF8019BB6
:1039600019461F48FCF72AFA0A20FFF7DBFD00235F
:1039700044F620621B49019800F03CF8019B19466F
:103980001948FCF71BFA0A20FFF7CCFD002344F688
:1039900020621649019800F02DF8019B1946144841
:1039A000FCF70CFA00BF03B05DF804FB109D0300A8
:1039B000309D0300609A03004C9D03006C9D030042
:1039C000789D0300B49B0300C89B0300949D0300F3
:1039D000A89D0300C49D0300D49D0300E89D03003F
:1039E000F49D0300D09A0300E49A0300089E0300AC
:1039F0001C9E030000B587B00390029101920093D2
:103A0000029B002B05D0F3F7A5FB02990398FFF763
:103A1000B7FD039B4FF480620021184603F081F943
:103A2000274B1B6800221A60264B1B680198984799
:103A300000230593224B1B681B68002B0CBF01233E
:103A40000023DBB2002B35D00398FFF785FD03463A
:103A5000002BEFD00398FFF7BCFD03468DF8133021
:103A6000059B40F2FD32934208DD1748FCF7A6F9AA
:103A7000039B002283F8FF2300231CE0059B5A1CB4
:103A80000592039A9DF81310D154039A009B002BC2
:103A900001D0009B00E00D4B1946104603F0B3F82F
:103AA0000346002B14BF01230023DBB2002BC1D03F
:103AB000012300E00023184607B05DF804FB00BFB7
:103AC000104200200C42002090A00300BCA0030084
:103AD00088B001900091114B0693104B0793104B47
:103AE0000593079A059B9A4212D0079A02AB07CA20
:103AF00083E80700029B009A9A4205DD039B009A27
:103B00009A4201DC049B05E0079B0C330793E8E72E
:103B10004FF0FF33184608B0704700BF18980300F5
:103B2000CC98030088B001900091114B0693104B84
:103B30000793104B0593079A059B9A4212D0079A58
:103B400002AB07CA83E80700029B009A9A4205DD90
:103B5000039B009A9A4201DC049B05E0079B0C330F
:103B60000793E8E74FF0FF33184608B0704700BFEF
:103B7000CC9803008099030010B5ADF5046D07AC37
:103B8000206006A8016005A90A6004AA13600DF66A
:103B90003C0106AB0A22186802F0C4FF0DF638019A
:103BA00005AB0A22186802F0BDFF04AB1A68134681
:103BB0009B0013445B00043B0DF62C010A221846BF
:103BC00002F0B0FF0DF624030A221946DDF848087A
:103BD00002F0A8FF06AB1B68012B0CD104AA07ABAF
:103BE00011681868FFF774FF0DF634030A221946AE
:103BF00002F098FF1AE006AB1B68002B16D104AA4E
:103C000007AB11681868FFF78DFF034619463F4858
:103C1000FCF7D4F804AA07AB11681868FFF782FF15
:103C20000DF634030A22194602F07CFF0DF22443FC
:103C30004FF480620021184603F073F809AB4FF48B
:103C400080620021184603F06CF8314803F0E5F873
:103C500002460DF224432E49184603F039F89DF828
:103C60004C38002B15D10DF63C0209A80DF62403A3
:103C700003930DF62C0302930DF6340301930DF616
:103C8000380300931346234A4FF4806102F057FF34
:103C900018E09DF84C38012B14D10DF63C0209A810
:103CA0000DF6240303930DF62C0302930DF6340353
:103CB00001930DF6380300931346174A4FF48061C1
:103CC00002F03DFF09A90DF224434FF4806218462B
:103CD00002F06DFF0DF2244319461048FCF76EF810
:103CE000C820FFF71FFC0DF2244107A8002344F66B
:103CF00020620068FFF77EFE07AB1B681946084884
:103D0000FCF75CF800BF0DF5046D10BDDCA00300EE
:103D1000ECA00300F8A003001CA1030040A10300D5
:103D2000609A030082B00190019B184602B0704770
:103D300000B585B00190019B002B0CD0084B43F0DF
:103D400001030393019B9B010293054B43F0010385
:103D50000298984700E000BF05B05DF804FB00BF83
:103D600060A1030000B583B00190019B002B0FD030
:103D70004FF47A70FFF7DCFF019B013B0193019B3D
:103D8000002B14BF01230023DBB2002B01D0EFE78F
:103D900000BF03B05DF804FB82B00190019B0122DB
:103DA0005A70019B184602B0704700B583B001906D
:103DB000019800F022F8019B184603B05DF804FB5F
:103DC00000B585B00390029113468DF80730039B30
:103DD00000225A70039B012283F83820039B029A29
:103DE000DA63039B9DF8072083F84020039800F0D6
:103DF000E6F900BF05B05DF804FB00B583B00190A3
:103E0000019800F004F800BF03B05DF804FB00B5B2
:103E100087B00390039B5B78002B02D06FF0010307
:103E20002CE00021039800F071FB0346ADF816303A
:103E3000BDF91630002B02D0BDF916301EE001236B
:103E40000093022309220121039800F02BFF03466F
:103E5000ADF81630BDF91630002B02DABDF9163078
:103E60000CE001230093022309220021039800F0B3
:103E700019FF0346ADF81630BDF91630184607B0E5
:103E80005DF804FB00B583B001900091019B5B7964
:103E90001A460099019800F005F80346184603B049
:103EA0005DF804FB00B587B00390029113468DF8CE
:103EB00007309DF807301946039800F035F803469F
:103EC000ADF81630BDF91630002B02D0BDF9163012
:103ED00024E0039B5B799BB21A460021039800F013
:103EE00038FC03461A460F4BA3FB0223DB089BB2A8
:103EF0001846FFF737FF0A20FFF734FF02990398AF
:103F000000F0D4F80346ADF81630BDF91630002B9A
:103F100002D00398FFF77BFFBDF91630184607B0B3
:103F20005DF804FBCDCCCCCC00B583B001900B4642
:103F30008DF80330019B5B78002B02D06FF00103FA
:103F400026E0019B1B78002B02D06FF002031FE0DC
:103F5000019B5B799DF803209A4211D09DF80330B4
:103F60001A460021019800F003FB0346002B14BF02
:103F700001230023DBB2002B02D04FF0FF3307E018
:103F8000002301220021019800F08EFA034600BFB1
:103F9000184603B05DF804FB00B583B001900091B2
:103FA000019BDB791A460099019800F005F8034659
:103FB000184603B05DF804FB00B587B0039002918A
:103FC00013468DF807309DF807301946039800F026
:103FD00035F80346ADF81630BDF91630002B02D087
:103FE000BDF9163024E0039BDB799BB21A46002111
:103FF000039800F0AEFB03461A460F4BA3FB0223C7
:10400000DB089BB21846FFF7ADFE0A20FFF7AAFEB9
:104010000299039800F04AF80346ADF81630BDF94E
:104020001630002B02D00398FFF7F1FEBDF91630D1
:10403000184607B05DF804FBCDCCCCCC00B583B0FE
:1040400001900B468DF80330019B5B78002B02D06A
:104050006FF0010326E0019B1B78002B02D06FF06C
:1040600002031FE0019BDB799DF803209A4211D0E7
:104070009DF803301A460021019800F0F6FA034635
:10408000002B14BF01230023DBB2002B02D04FF022
:10409000FF3307E0012300220021019800F004FA19
:1040A000034600BF184603B05DF804FB00B585B0B9
:1040B00001900091019B5B78002B02D06FF001030F
:1040C0004CE0019B1B78012B0BD0022B13D1052355
:1040D00020220821019800F04BFE0346ADF80E3077
:1040E0000CE0042310220821019800F041FE034651
:1040F000ADF80E3002E06FF002032FE0BDF90E3094
:10410000012B0DD0012B27DCB3F1FF3F02D0002B98
:1041100003D021E04FF0FF3320E06FF003031DE0F8
:10412000019B1B788DF80D30019B00221A709DF8C1
:104130000D30012B07D0022B0BD10099019800F014
:1041400031FB03460AE00099019800F069FB034641
:1041500004E04FF0FF3301E04FF0FF33184605B0A5
:104160005DF804FB00B585B00190019B5B78002BE6
:1041700002D06FF001031EE0A5220E21019800F08D
:104180001BFD96220F21019800F016FD02226221EC
:10419000019800F011FD00220E21019800F00CFDA5
:1041A00000220F21019800F007FD03AB194601988A
:1041B000FFF768FE0023184605B05DF804FB00B564
:1041C00089B0039000230F220D21039800F0D0FD49
:1041D0000346ADF81E30BDF91E30002B03D0039B03
:1041E00001225A7069E0BDF81E30DAB2039B9A7062
:1041F0000423F0220D21039800F0BAFD0346ADF828
:104200001C30BDF91C30002B03DA039B01225A70CD
:1042100053E0BDF81C30DAB2039BDA70072380222A
:104220002821039800F0A4FD0346ADF81A30BDF92B
:104230001A30002B03DA039B01225A703DE0BDF8CF
:104240001A30DAB2039B1A72BDF81A30D9B20723BA
:10425000009380230722039800F024FD03469BB2BD
:10426000DB0BDBB2002B03D0039B01225A7024E04E
:10427000039800F025F803469BB2DB0BDBB2002B62
:1042800003D0039B01225A7017E00398FFF7BFFD8C
:1042900003220221039800F06BF903220221039804
:1042A00000F0E3F905AB19460398FFF7EBFD03981F
:1042B000FFF7ADFD0398FFF755FF09B05DF804FB6C
:1042C00000B589B0019003AB12221021019800F0D3
:1042D0001DFC0346ADF81E30BDF91E30112B02DC6B
:1042E0004FF0FF33DCE09DF80C301B019DF80D20F2
:1042F0001209D2B213431A46019BDA60019BDB68B4
:1043000003F40063002B06D0019BDB68A3F5805308
:104310001A46019BDA60019BDB685B081A46019B29
:10432000DA609DF80D301B0203F470639DF80E20D7
:1043300013431A46019B1A61019B1B6903F4006336
:10434000002B06D0019B1B69A3F580531A46019BE5
:104350001A619DF80F301A039DF810301B011343AA
:104360009DF811201209D2B213431A46019B5A61DB
:10437000019B5B6903F40023002B06D0019B5B6962
:10438000A3F580131A46019B5A619DF811301B0456
:1043900003F470229DF812301B0213439DF8132082
:1043A00013431A46019B9A61019B9B6903F4002306
:1043B000002B06D0019B9B69A3F580131A46019B35
:1043C0009A619DF814301B029DF8152013431A467C
:1043D000019BDA61019BDB6903F40043002B06D0EB
:1043E000019BDB69A3F580331A46019BDA619DF8D6
:1043F00016301B029DF8172013431A46019B1A62C0
:10440000019B1B6A03F40043002B06D0019B1B6A2F
:10441000A3F580331A46019B1A629DF818301B02DF
:104420009DF8192013431A46019B5A62019B5B6A4F
:1044300003F40043002B06D0019B5B6AA3F5803395
:104440001A46019B5A629DF81A301B029DF81B20E8
:1044500013431A46019B9A62019B9B6A03F4004333
:10446000002B06D0019B9B6AA3F580331A46019B63
:104470009A629DF81C301B029DF81D2013431A46BA
:10448000019BDA62019BDB6A03F40043002B06D038
:10449000019BDB6AA3F580331A46019BDA62002395
:1044A000184609B05DF804FB00B585B001900846D8
:1044B00011461A4603468DF803300B468DF802303C
:1044C00013468DF801309DF803309B00DBB203F0FA
:1044D0000403DAB29DF802305B00DBB203F00203A2
:1044E000DBB21343DAB29DF8013003F00103DBB213
:1044F00013438DF80F309DF80F301946019800F0E6
:1045000005F80346184605B05DF804FB00B583B016
:1045100001900B468DF803309DF8033003F007033C
:104520008DF803309DF80330032B03D09DF8033042
:10453000042B02D14FF0FF3316E09DF803301A46EA
:104540000821019800F038FB0346002B14BF01231B
:104550000023DBB2002B02D04FF0FF3304E0019BBD
:104560009DF803201A700023184603B05DF804FB81
:1045700000B587B003900B468DF80B3013468DF8CD
:104580000A309DF80B3003F007038DF80B309DF8CF
:104590000A3003F007038DF80A309DF80B301B0139
:1045A0008DF815309DF815209DF80A3013438DF8CD
:1045B0001530039B1B7ADB01DAB29DF815301343EB
:1045C0008DF815309DF815301A460721039800F034
:1045D000F3FA0346ADF81630BDF91630002B02D0C1
:1045E0004FF0FF333DE09DF80A30032B0BD9032336
:1045F0000093082309220121039800F053FB03468E
:10460000ADF816300AE003230093082309220021A5
:10461000039800F047FB0346ADF81630BDF916309D
:10462000002B08D1039B9DF80B201A71039B9DF86A
:104630000A205A7113E0039B1B799DF80B209A42C4
:1046400005D1039B5B799DF80A209A4207D0039B12
:104650001979039B5B791A460398FFF789FFBDF927
:104660001630184607B05DF804FB00B587B003901C
:104670000B468DF80B3013468DF80A309DF80B3041
:1046800003F007038DF80B309DF80A3003F00703A1
:104690008DF80A309DF80B301B018DF815309DF810
:1046A00015209DF80A3013438DF815309DF815300C
:1046B0001A460621039800F07FFA0346ADF816303B
:1046C000BDF91630002B02D04FF0FF333DE09DF8CE
:1046D0000A30032B0BD90223009304230922012162
:1046E000039800F0DFFA0346ADF816300AE0022323
:1046F0000093042309220021039800F0D3FA034613
:10470000ADF81630BDF91630002B08D1039B9DF88B
:104710000B209A71039B9DF80A20DA7113E0039B2A
:104720009B799DF80B209A4205D1039BDB799DF87C
:104730000A209A4207D0039B9979039BDB791A469A
:104740000398FFF792FFBDF91630184607B05DF8E1
:1047500004FB82B001900B46ADF802301346ADF871
:104760000030BDF8023003F00703ADF80230BDF8A9
:10477000003003F00703ADF80030BDF8023014221A
:1047800002FA03F39AB2BDF80010BDF802300B44F0
:10479000102101FA03F39BB213449BB2184602B0F6
:1047A0007047000000B587B0019000911B4B1B784B
:1047B0008DF80C300DF10D0300221A8003AB03229B
:1047C0000321019800F0A2F90346ADF81230BDF9BB
:1047D0001230032B02D04FF0FF331BE09DF80C305A
:1047E0001A049DF80D301B0213439DF80E2013434D
:1047F0000593059B03F40003002B03D0059B03F1F5
:104800007F4305930599019800F048F80246009B04
:104810001A600023184607B05DF804FB88A1030066
:1048200000B587B0019000911B4B1B788DF80C30C0
:104830000DF10D0300221A8003AB03220021019821
:1048400000F064F90346ADF81230BDF91230032BC5
:1048500002D04FF0FF331BE09DF80C301A049DF896
:104860000D301B0213439DF80E2013430593059B47
:1048700003F40003002B03D0059B03F17F43059352
:104880000599019800F052F80246009B1A60002337
:10489000184607B05DF804FB88A1030030B585B069
:1048A00001900091009801F06DFB02460B46CDE9A6
:1048B0000223019B5B791A461B4B53F822301846A2
:1048C00001F060FB02460B46DDE9020101F0C4F98C
:1048D00002460B46CDE902230199DDE90223C1E935
:1048E0000C23019BDB68184601F04CFB04460D4687
:1048F000019B1B69184601F045FBDDE9022301F02D
:104900000FF902460B462046294600F0E3FF024617
:104910000B46CDE90223DDE9020101F011FB03465C
:10492000184605B030BD00BF68A103002DE9F04F67
:1049300085B001900091009801F024FB02460B46DF
:10494000CDE90223019BDB791A464D4B53F8223007
:10495000184601F017FB02460B46DDE9020101F0A3
:104960007BF902460B46CDE90223019B5B691846A1
:1049700001F008FB04460D46019B9B69184601F0B7
:1049800001FB06460F46019B5B6A184601F0FAFAE6
:1049900080468946019BDB6A184601F0F3FADDE99F
:1049A000022301F0BDF802460B464046494600F09E
:1049B00091FF02460B4610461946DDE9022301F03D
:1049C000AFF802460B463046394600F083FF0246F8
:1049D0000B4610461946DDE9022301F0A1F8024614
:1049E0000B462046294600F075FF02460B469246CC
:1049F0009B46019BD3E90C45019BDB69184601F0FE
:104A0000C1FA06460F46019B1B6A184601F0BAFA26
:104A100080468946019B9B6A184601F0B3FADDE99E
:104A2000022301F07DF802460B464046494600F05D
:104A300051FF02460B4610461946DDE9022301F0FC
:104A40006FF802460B463046394600F043FF0246F7
:104A50000B462046294601F063F802460B465046B5
:104A6000594600F037FF02460B46CDE90223DDE947
:104A7000020101F065FA0346184605B0BDE8F08F63
:104A800068A1030000B583B001900B468DF8033098
:104A9000019BDA6B019B93F840301946104600F0F9
:104AA00035FE019BDB6B9DF803201146184600F094
:104AB000C3FE019BDB6B0021184600F04DFE019BFD
:104AC000D86B019B93F840100123012200F096FD62
:104AD0000346002B14BF01230023DBB2002B07D0B9
:104AE000019BDB6B184600F0CBFE03461BB207E0D0
:104AF0000548FBF763F9402000F0DAFE4FF0FF3382
:104B0000184603B05DF804FB8CA1030000B587B024
:104B1000039001930B468DF80B3013468DF80A3045
:104B2000019B002B01D1002342E0039BDA6B039B26
:104B300093F840301946104600F0E8FD039BDB6B0C
:104B40009DF80B201146184600F076FE039BDB6BA8
:104B50000021184600F000FE039BD86B039B93F8DE
:104B600040109DF80A20012300F048FD0346ADF8EF
:104B700014300023ADF81630BDF91620BDF91430FD
:104B80009A4213DA039BDB6B184600F079FE01466C
:104B9000BDF91630019A1344CAB21A70BDF9163025
:104BA0009BB201339BB2ADF81630E5E7BDF9143086
:104BB000184607B05DF804FB00B583B001900B46C2
:104BC0008DF8033013468DF802309DF802209DF8D1
:104BD00003100023019800F005F80346184603B0BF
:104BE0005DF804FB00B583B00190084611461A46F3
:104BF00003468DF803300B468DF8023013468DF8CE
:104C00000130019BDA6B019B93F840301946104646
:104C100000F07CFD019BDB6B9DF8032011461846DC
:104C200000F00AFE019BDB6B9DF80220114618463E
:104C300000F002FE019BDB6B184600F0F1FD03461D
:104C4000002B0CBF01230023DBB2002B08D014483B
:104C5000FBF7B4F8402000F02BFE4FF0FF331AE0D2
:104C60009DF80130002B01D1002314E09DF80330A2
:104C700019460198FFF706FF03461A469DF80230D1
:104C80009A420CBF01230023DBB2002B01D000238A
:104C900001E04FF0FF33184603B05DF804FB00BF9E
:104CA0008CA1030000B585B00390084611461A4652
:104CB00003468DF80B300B468DF80A3013468DF8FD
:104CC00009309DF809009DF80A209DF80B1000237B
:104CD00001939DF8183000930346039800F005F8FF
:104CE0000346184605B05DF804FB00B585B0019099
:104CF000084611461A4603468DF803300B468DF8D8
:104D0000023013468DF801309DF8023019460198A3
:104D1000FFF7B8FE0346ADF80E30BDF90E30002B9C
:104D200002DABDF90E301FE0BDF80E305AB29DF91F
:104D30000130DB435BB213405AB29DF803109DF87B
:104D4000183001FA03F359B29DF901300B405BB200
:104D500013435BB2DAB29DF81C309DF80210019843
:104D6000FFF740FF034600BF184605B05DF804FB9F
:104D700000B585B00190084611461A4603468DF8E5
:104D800003300B468DF8023013468DF801309DF844
:104D9000033019460198FFF775FE0346ADF80E3053
:104DA000BDF90E30002B02DABDF90E300CE0BDF873
:104DB0000E30DAB29DF802301340DBB21A469DF88D
:104DC000013042FA03F31BB2184605B05DF804FB4C
:104DD00082B00190019B184602B0704700B585B0C3
:104DE00001900B468DF8033013468DF80230019B7D
:104DF0001A68019B1B791946104600F087FC019B3D
:104E00001B689DF803201146184600F015FD019B14
:104E10001B689DF802201146184600F00DFD019B0D
:104E20001B68184600F0FCFC03460393039B002B11
:104E300005D10548FAF7C2FF012000F039FD00BF97
:104E400005B05DF804FB00BFA8A1030000B585B064
:104E500001900B468DF80330019B1A68019B1B796A
:104E60001946104600F052FC019B1B689DF8032078
:104E70001146184600F0E0FC019B1B68184600F044
:104E8000CFFC03460393039B002B05D11348FAF78D
:104E900095FF012000F00CFD019B1868019B1B7918
:104EA0000122194600F01CFC03460393039B002BD0
:104EB00005D10A48FAF782FF012000F0F9FC019BB6
:104EC0001B68184600F0DCFC03468DF80B309DF89B
:104ED0000B30184605B05DF804FB00BFA8A1030025
:104EE00000B585B001900B468DF8033013468DF860
:104EF00002309DF80330072B2ED806210198FFF7CA
:104F0000A5FF03468DF80F309DF80230002B12D11B
:104F10009DF80330012202FA03F35BB2DB435AB27D
:104F20009DF90F3013405BB2DBB21A46062101989F
:104F3000FFF754FF40E09DF80330012202FA03F32B
:104F40005AB29DF90F3013435BB2DBB21A46062109
:104F50000198FFF743FF2FE007210198FFF776FF45
:104F600003468DF80F309DF80230002B13D19DF8C9
:104F70000330083B012202FA03F35BB2DB435AB26F
:104F80009DF90F3013405BB2DBB21A46072101983E
:104F9000FFF724FF10E09DF80330083B012202FADE
:104FA00003F35AB29DF90F3013435BB2DBB21A46DA
:104FB00007210198FFF712FF00BF05B05DF804FB61
:104FC00000B585B001900B468DF8033013468DF87F
:104FD00002309DF80330072B2CD802210198FFF7EF
:104FE00035FF03468DF80F309DF80230012B11D1AB
:104FF0009DF80330012202FA03F3DBB2DB43DAB29D
:105000009DF80F301340DBB21A4602210198FFF7DA
:10501000E5FE3DE09DF80330012202FA03F3DAB227
:105020009DF80F301343DBB21A4602210198FFF7B7
:10503000D5FE2DE003210198FFF708FF03468DF808
:105040000F309DF80230012B12D19DF80330083B40
:10505000012202FA03F3DBB2DB43DAB29DF80F3030
:105060001340DBB21A4603210198FFF7B7FE0FE0A9
:105070009DF80330083B012202FA03F3DAB29DF8EF
:105080000F301343DBB21A4603210198FFF7A6FE47
:1050900000BF05B05DF804FB82B00190019B18468B
:1050A00002B0704700B585B001900B468DF8033013
:1050B00013468DF802309DF90320019B1A750F21CC
:1050C000019800F051F903468DF80F309DF80F203C
:1050D0009DF802309A4207D09DF80F309DF80220CB
:1050E00019460948FAF76AFE2F222021019800F09C
:1050F00007F900222321019800F002F90123184644
:1051000005B05DF804FB00BFC4A1030000B585B085
:105110000190019B93F91430DBB219465A4800F014
:10512000F5FAA821584800F087FB574800F078FBB3
:10513000019B93F91430DBB206221946524800F065
:10514000CFFA514800F09CFB03461AB2019B1A802B
:105150004D4800F095FB03469BB21902019BB3F941
:1051600000200BB213431AB2019B1A80464800F08C
:1051700087FB03461AB2019B5A80434800F080FB2C
:1051800003469BB21902019BB3F902200BB21343F1
:105190001AB2019B5A803C4800F072FB03461AB2D7
:1051A000019B9A80384800F06BFB03469BB21902C2
:1051B000019BB3F904200BB213431AB2019B9A80EE
:1051C000019800F063F803468DF80D300123ADF827
:1051D0000E309DF80D30032B03D140F25553ADF83E
:1051E0000E309DF80D30022B03D14FF48053ADF8F3
:1051F0000E309DF80D30012B03D141F6FE73ADF852
:105200000E309DF80D30002B03D143F6FC73ADF842
:105210000E30019BB3F9003007EE903AF8EEE76AE2
:10522000BDF80E3007EE903AB8EEE77AC6EE877A10
:10523000019BC3ED027A019BB3F9023007EE903A6D
:10524000F8EEE76ABDF80E3007EE903AB8EEE77A6E
:10525000C6EE877A019BC3ED037A019BB3F9043054
:1052600007EE903AF8EEE76ABDF80E3007EE903A96
:10527000B8EEE77AC6EE877A019BC3ED047A00BFE9
:1052800005B05DF804FB00BF942E002000B583B08C
:1052900001902321019800F067F803461B11DBB24F
:1052A00003F00303DBB2184603B05DF804FB00B55E
:1052B00085B001900B468DF803302021019800F055
:1052C00053F803468DF80F309DF80F3003F00F03AD
:1052D0008DF80F309DF803301B015AB29DF90F3045
:1052E00013435BB28DF80F309DF80F301A46202122
:1052F000019800F005F800BF05B05DF804FB000060
:1053000000B585B001900B468DF8033013468DF83B
:105310000230019B93F91430DBB21946104800F0BB
:10532000F5F99DF8033019460D4800F085FA9DF80F
:10533000023019460A4800F07FFA094800F070FA76
:1053400003460393039B002B05D10648FAF736FD6D
:10535000202000F0ADFA00BF05B05DF804FB00BFEF
:10536000942E0020FCA1030000B585B001900B46EF
:105370008DF80330019B93F91430DBB219461B48BA
:1053800000F0C4F99DF803301946184800F054FAAB
:10539000164800F045FA03460393039B002B05D102
:1053A0001348FAF70BFD202000F082FA019B93F9D5
:1053B0001430DBB2012219460C4800F091F9034683
:1053C0000393039B002B05D10948FAF7F7FC202033
:1053D00000F06EFA054800F053FA03468DF80B30E2
:1053E0009DF80B30184605B05DF804FB942E0020A4
:1053F000FCA1030000B585B0019026210198FFF7BC
:10540000B3FF03468DF80F3031210198FFF7ACFF51
:105410000346184605B05DF804FB000000B583B0F4
:1054200001900091019B1B78022B0CD0022B12DC07
:10543000002B0FD0012B0ED10A48FAF7BFFC0A4B04
:1054400001221A7007E00948FAF7B8FC064B01225E
:105450001A7000E000BF064B01221A7000BF03B0B3
:105460005DF804FB3CA20300154A002060A2030083
:10547000144A002084B00390029101928DF8033009
:10548000039B029A1A60039B019A5A60039B9DF842
:1054900003201A72039B049ADA60039B4FF04022A8
:1054A0001A61039B00221A75039B184604B07047CB
:1054B00000B589B00190194B1B78002B29D1019BB5
:1054C0005B680393019B1B680493019B1B7A8DF817
:1054D000183000238DF81930019BDB680593019B80
:1054E00003F1100003A900230D4AF7F76DF80790A8
:1054F000079B002B04D00B4A29210798F0F7BAFF2D
:10550000019B10331846F7F751F9044B01221A702A
:1055100000E000BF09B05DF804FB00BF164A0020A0
:105520001D54030084A2030000B583B001900A4B10
:105530001B7883F00103DBB2002B08D1019B1033F1
:105540001846F7F7E5F8044B00221A7000E000BF98
:1055500003B05DF804FB00BF164A002082B0019042
:10556000019B1033184602B07047000000B585B0AB
:105570000190019B002B0CD0084B43F001030393D7
:10558000019B9B010293054B43F00103029898474E
:1055900000E000BF05B05DF804FB00BF10A30300EE
:1055A00000B583B00190019B002B0FD04FF47A70AF
:1055B000FFF7DCFF019B013B0193019B002B14BF14
:1055C00001230023DBB2002B01D0EFE700BF03B0C3
:1055D0005DF804FB82B001900091019B009A1A6073
:1055E000019B00225A72019B0022DA72019B002269
:1055F0009A71019B184602B07047000000B585B053
:105600000190084611461A4603468DF803300B46B2
:105610008DF8023013468DF80130019B00229A72FA
:10562000019B00225A7247F2305303939DF80230D7
:10563000002B01D1002346E0254B00221A70254B98
:1056400000221A70019B1868019B03F10C029DF85F
:1056500002309DF80310F7F771FB0290029B002BBC
:105660002BD11B4B1B78DBB2002B04D1039B002BEF
:1056700001DD012300E00023002B06D00120FFF70D
:105680008FFF039B013B0393EBE7114B1B78DBB2CE
:10569000012B06D10F4B1B78DBB2002B01D101236C
:1056A00000E00023002B04D0019B9DF802209A7299
:1056B00007E00948FAF782FB03E002990748FAF786
:1056C0007DFB019B9B7A184605B05DF804FB00BF8B
:1056D000144A0020154A002018A3030040A3030029
:1056E00000B583B001900B468DF8033013468DF85A
:1056F00002309DF802209DF8031001230198FFF766
:105700007DFF0346184603B05DF804FB00B583B087
:1057100001900B468DF80330019B9DF803201A720F
:10572000019B0022DA72019B00225A72019B2C33EA
:1057300020220021184601F0F4FA019B0C332022AC
:105740000021184601F0EDFA019B01229A7100BF79
:1057500003B05DF804FB000010B586B003900B4663
:105760008DF80B30039B00229A7147F2305305935A
:10577000274B00221A70274B00221A70039B1868CF
:10578000039B197A039B03F12C02039BDB7A1C46D3
:10579000002300932346F7F7A9FA0490049B002BFB
:1057A00007D004991C48FAF709FB039B0022DA7220
:1057B00028E0184B1B78DBB2002B04D1059B002B93
:1057C00001DD012300E00023002B06D00120FFF7BC
:1057D000E7FE059B013B0593EBE70E4B1B78DBB225
:1057E000002B04D00A4B1B78DBB2012B01D1012323
:1057F00000E00023002B05D0039B0022DA7207484B
:10580000FAF7DCFA039BDB7A184606B010BD00BF3E
:10581000154A0020144A002068A303008CA303004B
:1058200000B583B0019000210198FFF795FF034672
:10583000184603B05DF804FB82B001900B468DF86A
:105840000330019B9B7983F00103DBB2002B03D172
:10585000019BDB7A1F2B01D900230EE0019BDB7A31
:105860005A1CD1B2019AD1721A46019B13449DF879
:10587000032083F82C20019BDB7A184602B0704786
:1058800082B00190019B5A7A019B9B7A9A4201D186
:10589000002309E0019B5B7A5A1CD1B2019A517234
:1058A0001A46019B13441B7B184602B07047000048
:1058B00082B00346ADF80630054B1B889AB2BDF89E
:1058C000063013439AB2024B1A8000BF02B07047F1
:1058D000184A002030B591EA030F00F18480841A41
:1058E00071EB030C05D2121953EB0C03001B71EB87
:1058F0000C0140F2000CCFF6E07C1CEA430F54D0C0
:10590000BCEB410F61D90C0DA4EB135E31EA0C0125
:1059100041F4801133EA0C0343F48013DEF1200CD0
:105920002AD303FA0CF5401941F1000122FA0EF5D1
:10593000401923FA0EF5694112FA0CF2CD0208D390
:1059400049085FEA30005FEA320228BF42F00102F4
:105950000134013C5FEA500C72F1004250F100004A
:1059600051EB04514FF4001313EB410F38BF30BD1E
:10597000090D0905002030BDBEF1200EBEF1200F3B
:105980001ED223FA0EF5401941F10001CEF1200C90
:10599000124218BF012203FA0CF52A43CEE711EA9E
:1059A0005C0F04BF0020002130BD1CEA410F04BF82
:1059B00001F00041002030BD01F00041002030BD69
:1059C00021F4801101EB045130BD004218BF41F0B9
:1059D0000101BCEB410F08BF30BD4FF0FE4141F467
:1059E0007801002030BD83F00043841A71EB030E70
:1059F00007D28EF0004E001B71EB0E01121953EB13
:105A00000E0340F2000CCFF6E07C1CEA430FC6D038
:105A1000BCEB410F72D90C0DA4EB135EC90241EA35
:105A20005051C00241F00041DB0243EA5253D2021E
:105A300043F00043DEF1200C41D312FA0CF522FAB8
:105A40000EF203FA0CF542EA050218BF42F0010219
:105A500023FA0EF3801A9941E30AC4F30A0411F001
:105A6000404F03D418D0013C40004941013C23D4AD
:105A70004205C00A40EA4150C90A51EAC3715FEACF
:105A8000500C72F1004250F1000051EB045130BD56
:105A900001002FD00020203C0029F9D0B1FA81FC70
:105AA000DCF1200E11FA0CF130FA0EF510FA0CF0C0
:105AB0002943A4EB0C04D9E70020D90730BDAEF18F
:105AC000200EBEF1200F0DD2CEF1200C03FA0CF502
:105AD00033FA0EF32A4318BF43F00103C01A61F1F1
:105AE0000001B9E721F00041C00A40EA4150C90A6B
:105AF00001EB045130BD0020002130BD004218BF31
:105B000041F00101BCEB410F7FF467AFBCEB430FE9
:105B10003FF463AF30BD00BF83F00043FFF7DABE50
:105B2000F0B540F2FF7681EA030C16EA115E1EBF63
:105B3000B64516EA1355B5425AD021EA465141F40A
:105B40008011A1FB024723EA465343F48013AE447D
:105B5000A0FB03650CF0004C36197D41A1FB034707
:105B600047F10003A0FB0217F619654153F100034A
:105B7000094218BF46F0010640F2FE74B3F5007FFB
:105B800013D2AEF5806EA6452BD24CEA0331280322
:105B900041EA155140EA16503203450872F10042BD
:105BA00050F1000051EB0E51F0BDAEF2FF3EA645A4
:105BB00017D24CEAC321E80241EA555140EA565057
:105BC000F202450872F1004250F1000051EB0E5113
:105BD000F0BD0CF0004141F0FE4141F470010020A5
:105BE000F0BD1EEA0E0FF4D50CF000410020F0BD10
:105BF00016EA115F04BF01F000410020004218BF07
:105C000041F0010116EA135F04BF03F000430022D4
:105C1000124218BF43F0010306EA1354B44218BFFE
:105C20009EEA060F03D00CF000410020F0BD21F0E9
:105C3000004123F00043B1EB065F06D8B3EB065FEB
:105C400003D8002918BF002BC3D140F20001C7F6CA
:105C5000F8710020F0BD00BF2DE9F04391EA030E7A
:105C60000EF0004E40F20007CFF6E07717EA41054C
:105C70001EBF95EA070F17EA430595EA070F00F0E4
:105C8000A1807F0D17EA135623EA475343F480138C
:105C900017EA115521EA475141F48011AD1B05F275
:105CA000FD354FEAD31C1CF1010C4FF00047B7FB48
:105CB000FCF77F01A2FB079C0024E3FB07C4DCF197
:105CC000000CD9F100097CF1000CA0FB0762002058
:105CD000E1FB072000275FEAC628E0FB0987760D75
:105CE00046EAC226520DF61900277A41E0FB0C6203
:105CF0005FEAC823E2FB09375FEA585848EAC6283A
:105D0000760D18EB070800214E41E2FB0C8602EBF2
:105D1000C020DA02E6FB09215B0D43EAC8235FEAF3
:105D200058585B18002758EB0708E6FB0C38D102DF
:105D3000E8FB0917520D42EAC3225B0DD219002776
:105D40007B41E8FB0C2308EBC6265FEAC128E3FB96
:105D50000987490D41EAC221520DC91942F10002D9
:105D6000E3FB0C12470019EB08095CEB010C72EB2A
:105D7000040453EBC62047EB56530026B3F5000F3F
:105D80007641AD190236D6F1200910FA09F4F04037
:105D900013FA09F21043F340E40F001943F1000332
:105DA000B3F5001F24BF5B08013540F2FE77BD420A
:105DB00004D24EEA05511944BDE8F0832D4224D5A2
:105DC000714626E0004218BF41F00101124218BF9F
:105DD00043F00103B7EB410F2CBFB7EB430F1BE0C0
:105DE000B7EB410F04BFB7EB430F15E017EA410FC4
:105DF00004BF17EA430F0FE017EA410FE0D017EA9C
:105E0000430F02D0B7EB430FDAD04EF0FE4141F41E
:105E100070010020BDE8F08340F20001C7F6F87180
:105E2000F7E700BF4FF4001C1CEB410F98BF1CEBC1
:105E3000430F11D851EA030C50EA4C0C5CEA020CF7
:105E40000CD004D282428B41804101307047904295
:105E50009941804101307047002070470120704710
:105E60004FF4001C1CEB410F98BF1CEB430F0CD8E8
:105E700050EA410C08BF52EA430C08D0904208BFD8
:105E800099420CBF0120002070470020704701207C
:105E9000704700BF4FF4001C1CEB410F98BF1CEB78
:105EA000430F11D851EA030C50EA4C0C5CEA020C87
:105EB0000CD004D290429941804101307047824217
:105EC0008B418041013070470020704701207047AE
:105ED0004FF4001C1CEB410F98BF1CEB430F11D873
:105EE00051EA030C50EA4C0C5CEA020C0AD004D2D2
:105EF00082428B41804140427047904299418041AB
:105F000040427047002070474FF4001C1CEB410FCB
:105F100098BF1CEB430F11D851EA030C50EA4C0C0C
:105F20005CEA020C0AD004D290429941804140427E
:105F3000704782428B418041404270470020704749
:105F4000C1F30A5340F21E42D21A0BDDCB0243EAE0
:105F5000505040F0004030FA02F090EAE170B0EBAF
:105F6000E17070474B00004218BF43F0010313F586
:105F7000001F88BF21F0004111F0004058BF6FF0B2
:105F80000040704780B110F0004248BFD0F10000DF
:105F9000120D02F21D42B0FA80F18840521AC30A73
:105FA000400503EB0251704701007047C0F3C75131
:105FB00091B142004FEA40704FEAD2014FEA3101FD
:105FC00001F16051B2F17F4F38BF704701F160516C
:105FD00018BF41F40021704710F0004100207047C5
:105FE00001F000428B1AA3F16051B1F5801F0ADB6A
:105FF000B1F17F6F09D242EAC102C10071F10041E3
:1060000042EB507070471046704701285B4113F512
:10601000001F04D842F0FE4040F400007047C90061
:1060200041EA507040EA020040F4800040F08040B5
:10603000704700BF10EE100A4FEA4000B0F17F4FEA
:106040000CBF01200020704710EE100A4100002014
:10605000B1F17F4F18BF50EB0000704751EC100BAF
:106060000128494111F5001F8CBF01200020704715
:1060700010EE100A00F00040704700BF51EC100B0A
:1060800021F0004141EC100B704700BFB0EEC00A98
:10609000704700BF00B510EE100A00F003F800EEE4
:1060A000100A00BD4FF07F43B3EB400F22D94100EF
:1060B00008BF704703EA4002120E7F3A14DB172A2A
:1060C000A8BF70474FF6FF73C0F27F03D34018425A
:1060D00020EA030018BF10F0004F08BF70474FF4CC
:1060E0000001D1404018704710F0004F0CBF002055
:1060F0000248704718BF024870470000000080BF88
:106100000000C07F00B5014610EE100A00F003F851
:1061100000EE100A00BD4FF07F43B3EB400F98BF75
:10612000704713EA400207D0120E7E3A0A6020EA56
:10613000530040F07C5070470A6000F00040704708
:1061400000B5014610EE100A00F003F800EE100A48
:1061500000BD4FF07F43B3EB400F98BF704713EA89
:10616000400204BF00F00040704711EB1262DCBF38
:1061700000F000407047FF2A3CBF00EBC150704761
:1061800040004FEA3300704770B555EC104B06469F
:10619000002210EE100A00232946FFF761FE20B10D
:1061A000002345EC104B336070BD25F0FF4121F416
:1061B000E00141F07F53C5F30A51224643F4001336
:1061C000A1F2FE3143EC102B316070BD00000000E5
:1061D0002DE9704355EC104B0646002210EE100AD4
:1061E00000232946FFF73CFEB8B9C5F30A533344F0
:1061F00040F2FE72934214DC002EA04601DB002B1D
:106200000FDB002B09DD25F0FF4222F4E00242EA19
:10621000035949EC108BBDE870839FED070BBDE877
:10622000708300F075FC084B1B6803609FED040B46
:10623000BDE87083AFF300800000000000000000A4
:10624000000000000000F07FDCA30300000000005D
:106250002DE9F84355EC104BFFF700FF002840F004
:10626000A58073A3D3E9002320462946FFF730FE1B
:10627000002840F0A28070A3D3E9002320462946DD
:10628000FFF742FE18B19FED520BBDE8F88345ECD5
:10629000104BFFF7F3FE6AA3D3E9002351EC100B78
:1062A000FFF732FE002840F08580002200232046C0
:1062B0002946FFF7EFFD0026002800F08780584FA1
:1062C00045A3D3E9002320462946FFF729FC32469F
:1062D0003B46FFF7FFFAFFF733FE0646FFF752FE95
:1062E0003FA3D3E9002380468946FFF719FC024605
:1062F0000B4620462946FFF70FFC3BA3D3E90023BA
:1063000004460D4640464946FFF70AFC02460B4646
:1063100020462946FFF7DEFA02460B4680468946AC
:10632000FFF7FEFB32A3D3E9002304460D46FFF737
:10633000F7FB31A3D3E90023FFF7CCFA22462B4623
:10634000FFF7EEFB374B0022FFF7C4FA42464B46FD
:10635000FFF7E6FB2AA3D3E90023804689462046BF
:106360002946FFF7DDFB28A3D3E90023FFF7B2FAA4
:1063700022462B46FFF7D4FB294B0022FFF7AAFA4F
:1063800042464B46FFF7C8FB02460B46404649468D
:10639000FFF762FC224B0022FFF79CFA013641EC2A
:1063A000100B3046FFF714FFBDE8F88345EC104BA7
:1063B000BDE8F8839FED160B67E700F0A9FB1A4BC9
:1063C0001B6803609FED140BBDE8F883174F77E758
:1063D00000000000000000003CF92F9E2C15F73F44
:1063E000000000000030E63FA80C615C10D02B3F9D
:1063F0001CDC586FA452F13EE0F6B36FE4707C3FB2
:106400000938DE6F993F403FB35142718E71AC3F06
:10641000000000000000F03F000000000000F07FDE
:106420000000E03F0000D03FDCA303000000E0BF1D
:10643000EF39FAFE422E8640D2BC7ADD2B2386C08D
:106440002342920CA19CC73B2DE9F04F85B055EC3F
:10645000104BFFF703FE002840F0C180002200230C
:1064600020462946FFF7FCFC002840F0BD800022B2
:10647000002320462946FFF747FD002840F0AF8063
:1064800045EC104B03A8FFF77FFE55EC104B76A3AD
:10649000D3E9002310EE100A2946FFF719FD002862
:1064A00040F0A780039B204629465C1E00226C4BCF
:1064B0000394FFF731FB04460D4645EC104B4FF0BB
:1064C000FF30FFF785FE664B51EC100B0022FFF703
:1064D00001FA02460B4620462946FFF7BDFB02465D
:1064E0000B4606460F46FFF71BFB49A3D3E90023E3
:1064F00004460D46FFF714FB47A3D3E90023FFF73B
:10650000E9F947A3D3E90023804689462046294676
:10651000FFF702FB22462B46FFF702FB42A3D3E91B
:106520000023FFF7D7F9424682468B464B4620466A
:106530002946FFF7F5FA3EA3D3E90023FFF7ECFA6B
:106540005246804689465B4620462946FFF7E8FAD0
:1065500039A3D3E90023FFF7DFFA02460B46404692
:106560004946FFF779FB02460B4620462946FFF7CE
:10657000D7FA32463B46FFF7D3FA02460B4603985A
:10658000CDE90023FFF7FEFCDDE9002304460D46BC
:1065900030463946FFF79EF929A3D3E90023064682
:1065A0000F4620462946FFF7BBFA02460B46304607
:1065B0003946FFF78FF924A3D3E9002306460F4697
:1065C00020462946FFF7ACFA02460B4630463946CC
:1065D000FFF780F941EC100B05B0BDE8F08F9FED9F
:1065E0001C0B05B0BDE8F08F9FED1B0B05B0BDE89F
:1065F000F08F0022204629461A4BFFF78DFA0246FB
:1066000045EC104B4FF0FF3014460D4659E700BFE4
:1066100029BD56B31544E9BFEDAF16204A6230409C
:106620000FCE674B80D541407E2615FA838073409C
:106630009AB5B312FF07504077900D9CFE0B88402F
:10664000A80C615C10D02BBF000000000030E63FBA
:10665000000000000000F87F000000000000F0FFD4
:106660000000E03F0000F03FCD3B7F669EA0E63F8C
:10667000DFED137AB4EE670AF1EE10FA12D010EEE5
:10668000102AC2F3C7537F3B11D4162B12DC0D49DD
:1066900021FA03F322EA030207EE902A026030EEA9
:1066A000670A7047C0ED007AB0EE670A7047C0ED28
:1066B000007A704780ED000AB0EE670A704700BFAD
:1066C00000000000FFFF7F002DE9F04157EC116B47
:1066D00082B011EE100A4A4B3946002255EC104B9D
:1066E000FFF7BEFBC0BB0022002320462946FFF770
:1066F000B7FB58B13046394600220023FFF792FB22
:1067000078BB9FED390B02B0BDE8F08139463046C9
:10671000FFF716FC8046FFF735FC32463B46FFF795
:106720009FFB40BB0022002320462946FFF7ECFBDD
:10673000B8B945EC104BFFF7A1FCFFF785FE3046DA
:1067400053EC102B3946FFF7EBF941EC100BFFF738
:106750007FFD02B0BDE8F08145EC104B02B0BDE812
:10676000F08100F0D5F9274B9FED210B1B680360EA
:1067700002B0BDE8F081B8F1000F24DB2ED09FED10
:106780001E0B18F0010F51EC100B22462B4603D0C4
:10679000FFF7C6F941EC100B5FEA680822462B466A
:1067A00020462946AFD08DED000BFFF7B9F99DEDDE
:1067B000000B04460D4618F0010F51EC100B224659
:1067C0002B46E9D0E4E722462B460D490020FFF78F
:1067D00043FAC8F1000804460D46D0E79FED060BCA
:1067E00091E700BFAFF30080000000000000000050
:1067F000000000000000F0FF000000000000F03F7B
:106800000000F03FD8A3030000B52DED028BF5EE9C
:10681000400AF1EE10FA83B04BD0B0EE608AF0EE91
:10682000408AFFF711FC30B1B0EE680A03B0BDEC4E
:10683000028B5DF804FBB0EE480AFFF705FC002868
:1068400043D1F5EE408AF1EE10FAEDD0B0EE680AD1
:10685000FFF7F0FB00283FD1B0EE480AFFF7EAFB54
:106860000028E1D1B0EE480AFFF710FCB0EE408AF4
:1068700088EE880A01A8FFF7FBFEDDED017AF5EE50
:10688000C08AB0EE680AF1EE10FAA8EE670AB1EE1F
:10689000487A24DDB4EEC08AF1EE10FA98BF30EEEB
:1068A000480AB5EEC00AF1EE10FABFD530EE080A7C
:1068B000BCE700F02DF9114B9FED110A1B68036036
:1068C00003B0BDEC028B5DF804FBB0EE480A03B0E8
:1068D000BDEC028B5DF804FB9FED090AA6E7B4EE60
:1068E000C70AF1EE10FA98BF30EE080AB5EEC00AFA
:1068F000F1EE10FA9ADD30EE480A97E7D8A30300CC
:106900000000C07F53EA020C61D02DE9F04BB3FACE
:1069100083F51E0007BFB2FA82F502FA05F403FA06
:1069200005F41646C5F120051EBF22FA05F73C43C3
:10693000203556EA044C4FEA144418BF0134A346EC
:106940004FF00009C846904271EB030C39D309425D
:1069500007BFB0FA80F700FA07F6B1FA81F701FA3B
:1069600007F6C7F120071EBF20FA07FC46EA0C060F
:106970002037B6FBFBFC7F1B103F07F01F04C4F160
:1069800020060CFA04F42CFA06F644BF344600261E
:10699000202FA4BF2646002454EA060C08BF012479
:1069A00018EB040849EB0609A4FB027CC01B06FB9C
:1069B00002CC04FB03CC71EB0C01904271EB030C95
:1069C000C5D20B46024649464046BDE8F08BB2FBB5
:1069D000F3F20000002816DB002817DD0022B7EED6
:1069E000000A0C4B10F0010F1CBFD3ED007A20EE13
:1069F000270A401004330028F4DC4AB1F7EE007A8D
:106A000087EE800A704740420122E8E7B7EE000AAD
:106A1000704700BFE0A3030038B504460846A268EB
:106A200042B1236861685D1C8D4208BF00208B4223
:106A300008D2D054E3682BB121686268914201D238
:106A40002146984723680133236038BD70B54C1E3A
:106A500009D41646C5B229463046FFF7DDFF013C92
:106A6000B4F1FF3FF7D170BD10F0100F08D108B599
:106A700010F4007F14BF30202020FFF7E7FF08BD8F
:106A80007047F0B40546084633B10E462D2306F88C
:106A9000013B6D42344602E00E46FBE73C46B5FB47
:106AA000F2F702FB175329463D46092B8CBF57339B
:106AB0003033DBB2274607F8013B9142EED2002388
:106AC0003B702378327804F8012906F8013BB44280
:106AD000F7D8F0BC70470028B8BF404270470000AC
:106AE000064B1B681F2B01D901207047044A42F84E
:106AF00023000133014A136000207047A44A00209C
:106B00001C4A002008B50846FFF7EAFF08BD000050
:106B100000B5EFF75DFC024B18445DF804FB00BFC5
:106B20000C00000008B50A2A01D1002803DB00236D
:106B3000FFF7A7FF08BD0123FFF7A3FFFAE70CB497
:106B400000B587B008AA52F8043B059203900020D4
:106B500004900291194601A800F090F907B05DF881
:106B600004EB02B070470EB400B586B007AA52F825
:106B7000041B05920390002304936FF000430293DB
:106B800001A800F07BF906B05DF804EB03B0704794
:106B9000037833B1CAB29A4208D010F8013F002BF3
:106BA000F9D111F0FF0F18BF00207047704710B4E3
:106BB000037883B1044614F8013F002BFBD1234630
:106BC00014441A46A34208D011F8012B03F8012BF4
:106BD000002AF6D103E00446F1E7002313705DF8C4
:106BE000044B7047037853B159B10144034613F87D
:106BF000012F12B18B42FAD10B46181A7047034687
:106C0000FBE70346F9E770B40E78C6B1037833B9F1
:106C1000002014E0237893B110F8013F8BB1037882
:106C2000002BF9D04C1C054632469A42F4D115F897
:106C3000013F002BEED014F8012B002AF5D170BCD7
:106C400070470020FBE7000070B50D46044660B1B8
:106C5000217841B12846FFF79BFF034650B114F855
:106C6000011F0029F6D1002320E0EFF7B1FB104B04
:106C70001C58EDE72178C9B126462846FFF788FF62
:106C800048B916F8011F0029F7D1EFF7A1FB084B0F
:106C90001E5023460AE03378002BF6D0002306F876
:106CA000013BEFF795FB024B1E502346184670BD83
:106CB0000800000010B584B00C4611460290002276
:106CC000039201941A46684600F0D8F804B010BD4B
:106CD000844640EA010313F0030F18D18446202AAA
:106CE0000BD32DE9F007B1E8F807A0E8F807A2F107
:106CF0002002202AF7D2BDE8F007042A07D351F872
:106D0000043B40F8043BA2F10402042AF7D2002A13
:106D100005D011F8013B00F8013B013AF9D160467A
:106D200070478446002A2DD010F0030F04D000F8DD
:106D3000011B013A26D0F7E7C9B241EA012141EA35
:106D40000141202A12D3A2F120022DE9F0030B46C3
:106D50000C460D460E460F4688468946A0E8FA03C3
:106D6000203AFBD2BDE8F00320320BD0042A05D331
:106D700040F8041B043A05D0042AF9D200F8011B9C
:106D8000013AFBD160467047024610F0030F16D15E
:106D900011F0030F13D12DE9F0004FF001374FF040
:106DA000803351F8044BA4EB070525EA04051D4088
:106DB00002D142F8044BF4E7A1F10401F0BC11F850
:106DC000013B02F8013B002BF9D1704710F0030F93
:106DD00019D111F0030F16D12DE970004FF00136D3
:106DE0004FF0803350F8044B51F8045BAC4205D1AE
:106DF000A4EB060525EA04051D40F3D0A0F104002C
:106E0000A1F1040170BC10F8012B11F8013BD21A5A
:106E100001D1002BF7D11046704700F1010110F0AD
:106E2000030F11D010F8012B002A23D010F0030F0C
:106E30000AD010F8012B002A1CD010F0030F03D049
:106E400010F8012B002A15D02DE970004FF0013207
:106E50004FF0803350F8044BA4EB020525EA0405FB
:106E60001D4000D1F6E7A0F1040070BC10F8012B22
:106E7000002AFBD1A0EB0100704700002DE9F04F84
:106E80002DED048B89B083460392002303600D46E9
:106E900015F8011B002900F0BF86DFEDA48A00F081
:106EA000ABBE002607E05E2866D146F4805601E0BE
:106EB00046F0400615462A4612F8010B3028F2D853
:106EC0001F2838D9A0F12003102B34D801A151F884
:106ED00023F000BFB16E0300376F0300376F03006C
:106EE000196F0300376F0300376F0300376F03001C
:106EF0001F6F0300376F0300376F0300376F030006
:106F0000256F0300376F03002B6F0300376F0300FB
:106F1000376F0300316F030046F08006CAE746F47E
:106F20000046C7E746F02006C4E746F01006C1E772
:106F300046F40076BEE72A281ED1039B191D039153
:106F40001F68002FBCBF7F4246F010061078AA1CB5
:106F500027EAE7752E2824D00027742845D07A2800
:106F600043D06C2800F0C2804C2800F0C58068280F
:106F700000F0D38091463BE0A0F13003DBB2092B57
:106F800088BF0027E4D8002707EB8707303800EBDD
:106F9000470712F8010BA0F13003DBB2092BF3D93C
:106FA000D6E710782A280AD1039B191D03911F6880
:106FB00050780232002FD0DB46F48076CDE70132E4
:106FC000A0F13003DBB2092B88BF0027F4D80027DB
:106FD00007EB8707303800EB470712F8010BA0F1E9
:106FE0003003DBB2092BF3D9E4E7914619F8010B22
:106FF000782800F28480DFE810F021068200820009
:107000008200820082008200820082008200820070
:107010008200820082008200820082008200820060
:107020008200820082008200820082008200820050
:107030008200820082008200820082008200820040
:1070400082008200A300820082008200820082000F
:107050008200820082008200820082008200820020
:107060008200820082008200820082008200820010
:107070008200820082008200820082008200820000
:1070800082008200C401E101E601820082008200E8
:1070900082008200820082008200820082008200E0
:1070A000820082008200820082001E018200820033
:1070B00082008200820082008200820082008200C0
:1070C000A9005301C601E301E801820053018200D7
:1070D000820082008200B900410104018200820026
:1070E000CE0082004C01820082002001914619F8F6
:1070F000010B46F001067BE746F0010691460C4B7A
:107100001C68002C00F0748503AB019300972B469C
:1071100032465946A04700F06BBD1078682809D068
:1071200002F1010946F0040662E700BF0000C84210
:10713000A04A002046F0080602F10209507857E7FD
:1071400025215846FFF768FC00F052BD039B1A1D2D
:1071500003921C78013D5A4629463046FFF784FCCD
:1071600021465846FFF758FCB0463AE016F0080FA3
:1071700008D0DBF80020039B191D03911B681A70CF
:1071800000F036BD039B1A1D03921B68DBF800203C
:107190001A6000F02DBD039B1A1D03921C688C4BD6
:1071A000002C08BF1C4626F4007816F4807F23D0FC
:1071B00039462046FFF716FD0646AD1B5A462946BE
:1071C0004046FFF751FC06F1FF3A56B127463444DA
:1071D00017F8011B5846FFF71FFCBC42F8D14FF0CF
:1071E000FF3A18F0100F00F003855A462946202078
:1071F000FFF72CFC00F0FCBC2046FFF70EFE064615
:10720000DBE7039B1A1D03921B6816F0800F0CBF6F
:107210000024232446F4807608271A46002B00F029
:10722000B58404AB4FF0000806F40050DFF8A4C1A9
:10723000A64600F068BC46F4005616F0800F1BD03E
:1072400043F2780443F25803782818BF1C4616F41A
:10725000807F01D026F4007616F4804F32D0039B55
:107260001A1D03921B6816F0040F1FD01BB2002BCF
:1072700020DA5B422D242DE00024E8E716F0800F91
:107280000CBF0024302416F4807FE5D026F400766D
:10729000E2E716F4807F07D026F400760024DBE7CF
:1072A00046F480460024D7E70024D5E716F0080FFF
:1072B000DDD0DBB216F0200F61D116F0400F18BF01
:1072C000202407E0039B1A1D03921B6816F0040F8D
:1072D00050D09BB216F4807F00F0E48326F4007651
:1072E0005838202800F2398401A252F820F000BF5B
:1072F0001B7203005B7B03005B7B03005B7B030073
:107300005B7B03005B7B03005B7B03005B7B030019
:107310005B7B03005B7B03005B7B03005B7B030009
:10732000D17A03005B7B03005B7B03005B7B030084
:107330005B7B0300D17A03005B7B03005B7B030074
:107340005B7B03005B7B03005B7B0300A97A03008C
:107350001B7203005B7B03005B7B03005B7B030012
:107360005B7B0300D17A03005B7B03005B7B030044
:107370001B72030016F0080FACD0DBB2AAE72B2477
:10738000A8E746F4005646F48066039B073323F0D3
:10739000070303F108020392D3E90001FEF720FE80
:1073A00008EE100A16F4807F16D0B7B906F44067CD
:1073B000B7F5406F14BF002701270EE046F40056D2
:1073C00046F40066E1E746F4005646F44066DCE722
:1073D000F8A30300C8A303000627B0EE480AFEF78F
:1073E00029FE002840F0B980B0EE480AFEF72CFED6
:1073F0008046002840F0CA80B0EE480AFEF738FE0A
:10740000002840F0CC8018EE103A08EE103A07A899
:1074100000EE103AFEF776FE079B03EB4303C94AE2
:1074200082FB0312DB17C3EBA2030793B5EE408A7E
:10743000F1EE10FA40F0BD8006F44064B4F5806FC0
:107440000AD0B4F5406F40F06C81079BBB4203DA71
:1074500013F1040F80F2658107984042FFF7BAFAF2
:1074600028EE008A8DED028AB5EE408AF1EE10FA20
:1074700034D0B0EE480AFEF7DDFD002840F0AF80C2
:10748000F2EE047AB4EEE78AF1EE10FA0DDB079B18
:10749000F2EE047A013388EE278AB4EEE78AF1EE41
:1074A00010FAF7DA8DED028A0793DDED027AB7EE76
:1074B000007AF4EEC77AF1EE10FA0FD5079B013B84
:1074C000F2EE046A1A4667EEA67A013BF4EEC77A3A
:1074D000F1EE10FAF6D4CDED027A079227B1B4F5A9
:1074E000406F08BF07F1FF377842FFF773FAF6EEF7
:1074F000007A60EE277A9DED027A77EE877AB2EE17
:10750000047AF4EEC77AF1EE10FA80F28180B0EEE0
:10751000678A002F00F0918006F40863B3F5006FCE
:107520007ED026F4006302937B1DED1A013D16F414
:10753000805F00F0F380079A834B83FB0213A3EB79
:10754000E27303EB4303D31A0233042B00F2E4800B
:10755000DFE803F099DA9699DA00B5EEC08AF1EE29
:1075600010FA0CD416F4005F784C794B08BF1C4617
:1075700016F0200F08BF013426F4807613E616F4C7
:10758000005F744C744B08BF1C46F5E716F4005FAF
:10759000724C734B08BF1C4626F4807603E646F017
:1075A0006006F1EE487A17EE903A2EE7079B01331A
:1075B000079307980130FFF70DFAB4EEC08AF1EE99
:1075C00010FAF3DC02E0079B013B07930798FFF7F3
:1075D00001FAB4EEC08AF1EE10FAF4D42CE7B5EE5D
:1075E000C08AF1EE10FA0CD416F4005F574C584BD9
:1075F00008BF1C4616F0200F08BF013426F4807621
:10760000D1E516F4005F534C534B08BF1C46F5E719
:10761000079B01330793B2EE047A87EE878A78E7F7
:10762000092FA8BF09273846FFF7D4F960EE087A7A
:10763000FCEEE77A17EE903A4BB926F4006302931A
:10764000053D16F080073FF472AF47466EE7454AA6
:10765000A2FB0312D20802EB8202B3EB420F7FF4CB
:1076600060AF4049A1FB0323DB08013FE5D0A1FB4C
:107670000302D20802EB8202B3EB420FF2D050E7D2
:107680004FF0010808E0F2EE047A27EE888A013A0A
:107690000792013D4FF0020827EAE77716F0600FE6
:1076A00018BF05F1FF350798FFF715FA6328C8BF23
:1076B00005F1FF35F0EE487ABCEEC87A17EE104AB5
:1076C000B8EE478A37EEC88A25EAE57A029B13F4BA
:1076D000047F00F0D580029B13F0200F00F0DE80C5
:1076E00013F0400F14BF2D212B215846FFF794F9BA
:1076F000029B13F0100F00F0DB801B4E08F10055C9
:10770000013D06EBC505EAE028EE888A023A0792B9
:10771000023D4FF00308BFE7D046BDE74FF0010838
:10772000BCE716F4806F3ED0079B0E2B3ADC01338A
:10773000FC1A092CA8BF092416F0800F16D0274682
:1077400031E000BF676666665655555510A40300C4
:1077500018A4030000A4030008A4030020A403004D
:1077600024A40300CDCCCCCC28A40300BB426BD016
:10777000F6EE009AB2EE049A2046FFF72BF928EEB7
:10778000000A30EE290AFEF785FCF0EE490AFFF701
:107790003BF8B5EE400AF1EE10FA57D1013CEBD1BF
:1077A000274600E0474626F480630293079B784211
:1077B000A3F108028242C8BFA3F10900FFF70AF94A
:1077C0004FF0FF30FEF7BCFC38EE008AB0EE489A6E
:1077D00007980130FFF7FEF8B4EEC08AF1EE10FA18
:1077E00002DD079B013307930798002840DB092837
:1077F0002EDCFCEEC97A17EE904AB8EE678A39EEB5
:10780000488A0023079320460021092C35D9DFF848
:1078100058C44FF0010808F10108FCE9022399421D
:1078200008BF9042F7D207EB0803079A1344ED1AFA
:1078300006F080033B4318BF05F1FF3516F0600FDB
:1078400018BF05F1FF353FE72746ACE72746AAE713
:10785000A0F109030793C0F10900FFF7BBF829EE77
:10786000009AFCEEC97A17EE904A08EE108ACAE731
:10787000002407944FF00108D5E74FF00108D2E744
:10788000002D7FF728AF20255646013E2946584651
:10789000FFF7C2F8002EF8D1B2461CE7029B13F0A6
:1078A000400F3FF425AF20215846FFF7B5F81FE7FA
:1078B000BAF1000F3FF421AF30255646013E29466C
:1078C0005846FFF7A9F8002EF8D1B24615E74FF059
:1078D000300C61465846FFF79FF8B04515D0D5E902
:1078E0000023A846083D0021994208BF9442EED3E8
:1078F0004FF0300C0CF1010C5FFA8CFCA41A002143
:10790000994208BF9442F5D2E3E7029B13F4006466
:1079100049D1002F55D1029B13F0800F40F0918187
:10792000029B13F4806F2FD013F4005F14BF452126
:1079300065215846FFF770F8079B002BC0F2948032
:107940002B215846FFF768F80799632900F39480C4
:107950000799C14C84FB0132C917C1EBA201303138
:10796000C9B25846FFF758F8079B84FB0324D91780
:10797000C1EBA40101EB8101A3EB410303F1300151
:10798000C9B25846FFF748F8BAF1000F00F030814D
:1079900020245546013D21465846FFF73DF8002D6D
:1079A000F8D1AA4624E1079B002BB2DD3025013B2C
:1079B000079329465846FFF72FF8079B002BF6DC64
:1079C000A7E72E215846FFF727F83D46092FA8BF05
:1079D000092525EAE5757F1B8CB10798281AFEF763
:1079E000F9FF20EE088AFCEEC87A17EE904A7DB3C4
:1079F00005F10055013D994B03EBC50519E02846FB
:107A0000FEF7E8FF20EE088AFCEEC87A17EE904AEF
:107A1000EDE70CF1010C5FFA8CFCA41A00219942ED
:107A200008BF9442F5D261465846FEF7F5FFB045CF
:107A30000ED0D5E90023A846083D0021994208BF91
:107A4000944202D34FF0300CE3E74FF0300CEAE7FA
:107A5000002F3FF465AF3024013F21465846FEF722
:107A6000DBFF002FF8D15BE72D215846FEF7D4FF4E
:107A7000079B5B42079367E7794C84FB0132C91788
:107A8000C1EB62113031C9B25846FEF7C5FF079A03
:107A900084FB0231D317C3EB6113642101FB132371
:107AA000079355E701271BE41A464FF00008002B07
:107AB00055D004A94FF0000803F00703303301F854
:107AC000013B08F10108D2081346002AF4D146E030
:107AD00019464FF00008002B41D04FF0000806F483
:107AE000004E4FF02C0ADFF884C17346A6461C46B0
:107AF00024E002F00F015B4C615C03F8011B08F10C
:107B00000108120906D00028F3D002F00F011CF87A
:107B10000110F2E7744622E008AB03EB0800ACFB6F
:107B20000132D20802EB8203A1EB4303303300F8A9
:107B3000103C08F1010809290DD91146002CEBD0A1
:107B400008F00303032BE7D108AB434403F810AC60
:107B500008F10108E0E7744601E04FF00008A7EBE8
:107B6000080727EAE777ED1BA5EB0805FF2C10D9DE
:107B7000023D16F4007F11D0C4F307215846FEF7EA
:107B80004BFFE1B25846FEF747FF12E04FF0000806
:107B9000E5E7002C5BD116F4007F0AD15A4629464E
:107BA0003046FEF761FFFF2C98BF00252CD8002C33
:107BB000E7D15A4629463046FEF756FF5A4639461F
:107BC0003020FEF743FFB8F1010A0ED404AB54464F
:107BD0001C449846217827465846FEF71DFF444529
:107BE00004F1FF34F6D14FF0FF3A16F0100F0DD12B
:107BF0004D4615F8011B79B125293FF452A9584685
:107C0000FEF70AFFA946F3E70025B5E75A462946DD
:107C10002020FEF71BFFEBE7DBF808303BB1DBF879
:107C20000020DBF804108A423CBF00219954DBF8A5
:107C3000000009B0BDEC048BBDE8F08F4FF0FF30C1
:107C4000F7E72E215846FEF7E7FE3D46C3E6013D25
:107C500016F4007FABD1A1E76766666628A403002F
:107C60001F85EB51B8A3030030A40300CDCCCCCCCE
:087C7000ED8A02000000000093
:107C7800411A030000000000C52303001C36002041
:107C88007D1203003C36002041180300000000006C
:107C98002F2903004C2B00208F26030030360020AC
:107CA800BDD602000000000079DB020000000000E1
:047CB80091D2020063
:087CBC00158B0200000000001E
:107CC4002932030000000000FD3203000000000020
:047CD400B9FA0200F7
:107CD80000000000682C0020D9660200433A5C5579
:107CE800736572735C507572766573685C446F6314
:107CF800756D656E74735C4769744875625C54721F
:107D080061636B46575F4643435C3372645F7061DF
:107D18007274795C6E5246355F53444B5F31365C02
:107D2800636F6D706F6E656E74735C6C696272619F
:107D3800726965735C74696D65725C6170705F749B
:107D4800696D6572322E630001000600FFFFFFFFB8
:107D5800FFFFFFFFFFFFFFFFFFFFFFFF0000000027
:107D6800000000000000D60106010000433A5C55FF
:107D7800736572735C507572766573685C446F6383
:107D8800756D656E74735C4769744875625C54728E
:107D980061636B46575F4643435C3372645F70614F
:107DA8007274795C6E5246355F53444B5F31365C72
:107DB800636F6D706F6E656E74735C6C696272610F
:107DC800726965735C756172745C6170705F75610E
:107DD80072745F6669666F2E63000000433A5C55F3
:107DE800736572735C507572766573685C446F6313
:107DF800756D656E74735C4769744875625C54721E
:107E080061636B46575F4643435C3372645F7061DE
:107E18007274795C6E5246355F53444B5F31365C01
:107E2800636F6D706F6E656E74735C6C696272619E
:107E3800726965735C7574696C5C6170705F757488
:107E4800696C5F706C6174666F726D2E6300000000
:107E58002E2E2F3372645F70617274792F6E5246C2
:107E6800355F53444B5F31362F696E7465677261B5
:107E780074696F6E2F6E7266782F6E7266785F67A0
:107E88006C75652E680000002E2E2F3372645F70AB
:107E9800617274792F6E5246355F53444B5F3136A9
:107EA8002F6D6F64756C65732F6E7266782F6861BD
:107EB8006C2F6E72665F7274632E6800433A5C556D
:107EC800736572735C507572766573685C446F6332
:107ED800756D656E74735C4769744875625C54723D
:107EE80061636B46575F4643435C3372645F7061FE
:107EF8007274795C6E5246355F53444B5F31365C21
:107F0800636F6D706F6E656E74735C6C69627261BD
:107F1800726965735C74696D65725C6472765F72B0
:107F280074632E63000000000338FDD8704700001A
:107F38002E2E2F3372645F70617274792F6E5246E1
:107F4800355F53444B5F31362F636F6D706F6E65CD
:107F58006E74732F6C69627261726965732F6578CC
:107F6800706572696D656E74616C5F736563746961
:107F78006F6E5F766172732F6E72665F736563747E
:107F8800696F6E5F697465722E6800002E2E2F333C
:107F980072645F70617274792F6E5246355F534414
:107FA8004B5F31362F636F6D706F6E656E74732F14
:107FB8006C69627261726965732F6D757465782F6B
:107FC8006E72665F6D74782E68000000433A5C55E7
:107FD800736572735C507572766573685C446F6321
:107FE800756D656E74735C4769744875625C54722C
:107FF80061636B46575F4643435C3372645F7061ED
:108008007274795C6E5246355F53444B5F31365C0F
:10801800636F6D706F6E656E74735C6C69627261AC
:10802800726965735C7077725F6D676D745C6E7290
:10803800665F7077725F6D676D742E630000000075
:10804800B87C0300BC7C030004000000433A5C5584
:10805800736572735C507572766573685C446F63A0
:10806800756D656E74735C4769744875625C5472AB
:1080780061636B46575F4643435C3372645F70616C
:108088007274795C6E5246355F53444B5F31365C8F
:10809800636F6D706F6E656E74735C6C696272612C
:1080A800726965735C6578706572696D656E746117
:1080B8006C5F73656374696F6E5F766172735C6E13
:1080C80072665F73656374696F6E5F697465722E3B
:1080D80063000000433A5C55736572735C507572B7
:1080E800766573685C446F63756D656E74735C4721
:1080F80069744875625C547261636B46575F4643A6
:10810800435C3372645F70617274795C6E52463599
:108118005F53444B5F31365C636F6D706F6E656E95
:1081280074735C6C69627261726965735C736F7297
:10813800746C6973745C6E72665F736F72746C6969
:1081480073742E6300000000433A5C5573657273C4
:108158005C507572766573685C446F63756D656EA7
:1081680074735C4769744875625C547261636B46EA
:10817800575F4643435C3372645F70617274795C25
:108188006E5246355F53444B5F31365C696E746599
:1081980067726174696F6E5C6E7266785C6C656735
:1081A8006163795C6E72665F6472765F636C6F633D
:1081B8006B2E63002E2E2F3372645F706172747998
:1081C8002F6E5246355F53444B5F31362F696E74BC
:1081D8006567726174696F6E2F6E7266782F6E7242
:1081E80066785F676C75652E68000000433A5C55D9
:1081F800736572735C507572766573685C446F63FF
:10820800756D656E74735C4769744875625C547209
:1082180061636B46575F4643435C3372645F7061CA
:108228007274795C6E5246355F53444B5F31365CED
:108238006D6F64756C65735C6E7266785C64726988
:10824800766572735C7372635C6E7266785F636C7A
:108258006F636B2E630000002E2E2F3372645F70E5
:10826800617274792F6E5246355F53444B5F3136D5
:108278002F696E746567726174696F6E2F6E7266AE
:10828800782F6E7266785F676C75652E68000000DF
:108298002E2E2F3372645F70617274792F6E52467E
:1082A800355F53444B5F31362F6D6F64756C657362
:1082B8002F6E7266782F68616C2F6E72665F6770BA
:1082C800696F2E6800000000433A5C55736572734D
:1082D8005C507572766573685C446F63756D656E26
:1082E80074735C4769744875625C547261636B4669
:1082F800575F4643435C3372645F70617274795CA4
:108308006E5246355F53444B5F31365C6D6F647512
:108318006C65735C6E7266785C647269766572739C
:108328005C7372635C6E7266785F6770696F7465A0
:108338002E630000433A5C55736572735C50757226
:10834800766573685C446F63756D656E74735C47BE
:1083580069744875625C547261636B46575F464343
:10836800435C3372645F70617274795C6E52463537
:108378005F53444B5F31365C6D6F64756C65735C3D
:108388006E7266785C647269766572735C73726328
:108398005C7072735C6E7266785F7072732E6300C5
:1083A8002E2E2F3372645F70617274792F6E52466D
:1083B800355F53444B5F31362F696E746567726160
:1083C80074696F6E2F6E7266782F6E7266785F674B
:1083D8006C75652E680000002E2E2F3372645F7056
:1083E800617274792F6E5246355F53444B5F313654
:1083F8002F6D6F64756C65732F6E7266782F686168
:108408006C2F6E72665F6770696F2E6800000000DF
:10841800433A5C55736572735C5075727665736820
:108428005C446F63756D656E74735C4769744875F9
:10843800625C547261636B46575F4643435C3372B8
:10844800645F70617274795C6E5246355F53444B59
:108458005F31365C6D6F64756C65735C6E726678DF
:108468005C647269766572735C7372635C6E726663
:10847800785F7370696D2E63000000002E2E2F3315
:1084880072645F70617274792F6E5246355F53441F
:108498004B5F31362F696E746567726174696F6EF0
:1084A8002F6E7266782F6E7266785F676C75652EB0
:1084B800680000002E2E2F3372645F706172747929
:1084C8002F6E5246355F53444B5F31362F6D6F64C4
:1084D800756C65732F6E7266782F68616C2F6E727B
:1084E800665F6770696F2E6800000000433A5C554C
:1084F800736572735C507572766573685C446F63FC
:10850800756D656E74735C4769744875625C547206
:1085180061636B46575F4643435C3372645F7061C7
:108528007274795C6E5246355F53444B5F31365CEA
:108538006D6F64756C65735C6E7266785C64726985
:10854800766572735C7372635C6E7266785F756170
:1085580072742E6300000000EDB102002E2E2F333E
:1085680072645F70617274792F6E5246355F53443E
:108578004B5F31362F696E746567726174696F6E0F
:108588002F6E7266782F6E7266785F676C75652ECF
:10859800680000002E2E2F3372645F706172747948
:1085A8002F6E5246355F53444B5F31362F6D6F64E3
:1085B800756C65732F6E7266782F68616C2F6E729A
:1085C800665F6770696F2E6800000000433A5C556B
:1085D800736572735C507572766573685C446F631B
:1085E800756D656E74735C4769744875625C547226
:1085F80061636B46575F4643435C3372645F7061E7
:108608007274795C6E5246355F53444B5F31365C09
:108618006D6F64756C65735C6E7266785C647269A4
:10862800766572735C7372635C6E7266785F75618F
:108638007274652E6300000069C002002E2E2F336D
:1086480072645F70617274792F6E5246355F53445D
:108658004B5F31362F696E746567726174696F6E2E
:108668002F6E7266782F6E7266785F676C75652EEE
:10867800680000002E2E2F3372645F706172747967
:108688002F6E5246355F53444B5F31362F6D6F6402
:10869800756C65732F6E7266782F68616C2F6E72B9
:1086A800665F6770696F2E6800000000433A5C558A
:1086B800736572735C507572766573685C446F633A
:1086C800756D656E74735C4769744875625C547245
:1086D80061636B46575F4643435C3372645F706106
:1086E8007274795C6E5246355F53444B5F31365C29
:1086F8006D6F64756C65735C6E7266785C647269C4
:10870800766572735C7372635C6E7266785F747799
:10871800696D2E6300000000B5CF02000000000064
:1087280000000000000000000338FDD8704700007A
:108738002E2E2F3372645F70617274792F6E5246D9
:10874800355F53444B5F31362F6D6F64756C6573BD
:108758002F6E7266782F68616C2F6E72665F677015
:10876800696F2E68000000004E52465F5057525FF6
:108778004D474D545F4556545F5052455041524500
:108788005F5359534F4646004E52465F5057525F0B
:108798004D474D545F4556545F50524550415245E0
:1087A8005F57414B45555000456E746572696E6759
:1087B800204446552C20796F75206D6179206861B9
:1087C800766520746F206669782074686973206301
:1087D8006F6465004E52465F5057525F4D474D5487
:1087E8005F4556545F505245504152455F5245537C
:1087F80045540000433A5C55736572735C5075725A
:10880800766573685C446F63756D656E74735C47F9
:1088180069744875625C547261636B46575F46437E
:10882800435C6663635F6F70616C5F315C6D616947
:108838006E2E6370700000000A46524F4D3A202594
:108848003032783A253032783A253032783A253045
:1088580032783A253032783A253032782025640A41
:1088680000000000527373693A25640A0000000092
:10887800424154543A25660A00000000736B69703F
:108888007065642073656E64696E672025640A00EC
:108898004E6F74696669656420776974682041431E
:1088A8004B0A0000536F66746465766963652061DE
:1088B80073736572746564210A0000000A52656367
:1088C8006569766564206461746120282564206286
:1088D80079746573292066726F6D20424C45204E6D
:1088E80055533A2000000000253032583A00000065
:1088F8000A000000434F4E4649475F445554000064
:108908006572726F7220636F64653A2025640A008D
:1089180072616D206572726F7220636F64653A20B0
:1089280025640A0072616D5F73746172743A203055
:10893800782025780A0000007564206661696C0A51
:108948000000000044617461206C656E206973202A
:1089580073657420746F2030782558282564290A97
:1089680000000000415454204D5455206578636838
:10897800616E676520636F6D706C657465642E2029
:1089880063656E7472616C2030782578207065722A
:108998006970686572616C20307825780A0000007B
:1089A80055445F53746172742E2E2E210A00000004
:1089B8001B5B33346D424C4520526164696F205310
:1089C800656C65637465640A1B5B306D00000000AC
:1089D8001B5B33326D43656C6C20526164696F2098
:1089E80053656C65637465640A1B5B306D00000039
:1089F8001B5B33326D43656C6C20435720526164B6
:108A0800696F205472616E736D69740A1B5B306DF7
:108A1800000000001B5B33346D424C4520526164FA
:108A2800696F205472616E736D69740A1B5B306DD7
:108A3800000000001B5B33336D43656C6C2F424CA8
:108A48004520526164696F20536C6565700A1B5B31
:108A5800306D00001B5B33326D43454C4C20496E32
:108A680074657276616C20526164696F2072656307
:108A7800656976650A1B5B306D0000001B5B33354A
:108A88006D2D2D2D2D2D2D2D7363616E4475726105
:108A980074696F6E3A2025640A1B5B306D00000014
:108AA8001B5B33346D424C4520526164696F20531F
:108AB80063616E0A1B5B306D00000000446F206E1E
:108AC8006F74206D6561737572652074656D70656E
:108AD8007261747572650A001B5B33326D4C6F529C
:108AE8006120526164696F205472616E736D69749C
:108AF8000A1B5B306D0000001B5B33326D43656CF5
:108B08006C20496E74657276616C20526164696F7D
:108B180020726563656976650A1B5B306D0000002D
:108B28001B5B33326D43656C6C204D6F64756C61F3
:108B380074656420526164696F205472616E736D4C
:108B480069740A1B5B306D001B5B33326D43656CC7
:108B58006C204D6F64756C61746564205261646942
:108B68006F20526563656976650A1B5B306D00008E
:108B78005273736954483A253032582C2042617434
:108B880074563A253032580A000000006D696C6C42
:108B980069732025640A0000706F776572206D671D
:108BA8006D742D3E20656E7472696E670A00000050
:108BB800706F776572206D676D742D3E20657869DA
:108BC80074696E670A0000004F54413A2025640A10
:108BD8000000000061647654696D653A2025640AD6
:108BE80000000000626C6574786C6576656C2864BA
:108BF800293A2025640A0000736C65657054696D14
:108C0800653A2025640A00007363616E44757261D9
:108C180074696F6E3A2025640A0000004D4F444580
:108C28003A2025640A0000001B5B33346D636861D9
:108C38006E6E656C3A2025640A1B5B306D0000007F
:108C48001B5B33356D43656C6C20526164696F2022
:108C58005458206F722052583A2025640A1B5B3002
:108C68006D0000001B5B33356D6368616E6E656C6B
:108C78003A2025640A1B5B306D0000001B5B33350E
:108C88006D63656C6C706F7765726C6576656C3A50
:108C98002025640A1B5B306D000000001B5B333528
:108CA8006D63656C6C7278706F7765726C657665EC
:108CB8006C3A2025640A1B5B306D00004D4143204F
:108CC8003D20253032583A253032583A253032582E
:108CD8003A253032583A253032583A253032580041
:108CE80025730A005363616E3A202564094164764E
:108CF8003A20256409536C6565703A2025640A009A
:108D08006E524625782056617269616E743A202544
:108D1800632563256325630A000000007061636BA7
:108D28006167653A2025780A0000000044657649A5
:108D3800443A20257825780A000000001B5B33326E
:108D48006D4C6F52612035207365636F6E642043EC
:108D580057205472616E736D69740A1B5B306D0025
:108D68001B5B33326D4C6F526120436F6E74696EBA
:108D7800756F7573204357205472616E736D6974F3
:108D88000A1B5B306D000000FFFFFFFF02FF0000C1
:108D980000000040000000004C6F526120726164C6
:108DA800696F20696E6974206661696C65640A0080
:108DB800545820706F776572206368616E676564C8
:108DC80020746F3A2025640A000000001B5B3332D0
:108DD8006D4C6F526120436F6E74696E756F757359
:108DE800205472616E736D69740A1B5B306D0000EC
:108DF80069643D25732D2D2D2D2D68656C6C6F00D4
:108E08001B5B33326D4C6F526120496E746572760C
:108E1800616C205472616E736D69740A1B5B306DEE
:108E2800000000001B5B33326D4C6F526120496EAD
:108E380074657276616C205472616E736D697431F9
:108E48000A1B5B306D0000001B5B33326D4C6F52A8
:108E58006120436F6E74696E756F75732052656318
:108E6800656976650A1B5B306D0000001B5B333259
:108E78006D4C6F526120496E74657276616C205238
:108E88006563656976650A1B5B306D002D2D2D2D98
:108E98003E2046696E616C20544D50313137205464
:108EA800656D70203D2025332E32662025430A004B
:108EB800496E736964652070726573737572652095
:108EC80073656E736F722066756E6374696F6E0A70
:108ED80000000000445350333130207072657373C2
:108EE800757265203D20256420506120283130317D
:108EF800333235206B5061292C20416C74697475AC
:108F080064653A20252E326620286D657465727373
:108F1800290A00004453503331302070726573734E
:108F2800757265203D20256420506120283130313C
:108F3800333235206B5061292C20416C746974756B
:108F480064653A20252E326620286D657465727333
:108F5800292C20636F6E73656375746976655F7815
:108F68003A2025640A0000002D2D2D2D2D2D2D2DA4
:108F78002D3E204D6F74696F6E20496E7465727254
:108F8800757074205452494747455245440A0000B9
:108F98001B5B34366D496E697469616C697A696EF8
:108FA80067206D6F64656D0A1B5B306D0000000003
:108FB8001B5B33356D63656C6C20496E7465727626
:108FC800616C20526563656976650A1B5B306D00CC
:108FD80053746F7070696E672068616C6C20656689
:108FE800666563742074696D65720A0048616C6C0B
:108FF800206566666563742074696D6572206576A0
:10900800656E742068616E646C65720A0000000009
:109018004E6F7420656E6F75676820737769706529
:10902800730A00005374617274696E672068616C1A
:109038006C206566666563742074696D6572206668
:109048006F72202564206D696C6C697365636F6E3F
:1090580064730A006170705F74696D65725F637232
:109068006561746520666F722068616C6C20656646
:10907800666563742074696D6572206661696C65E4
:10908800643A2025640A00006170705F74696D6538
:10909800725F737461727420666F722068616C6CA1
:1090A800206566666563742074696D657220666103
:1090B800696C65643A2025640A00000068616C6C7C
:1090C800207472696767657265640A006E726678F3
:1090D8005F6770696F74655F696E5F696E69742038
:1090E8006661696C656420666F722068616C6C20CB
:1090F8006566666563742073656E736F720A000037
:109108002121215741524E3A204E5246206770691C
:109118006F7465206661696C656420746F20696E80
:10912800697469616C697A650A0000004C495333B7
:10913800444820496E697420537563636573730AE4
:10914800000000004C4953334448206E6F74204996
:109158006E697469616C697A65640A004C495333B5
:10916800444820414343454C20494E5420696E6988
:1091780074206661696C6564200A00004C495333A9
:10918800444820414343454C20494E5420696E6968
:1091980074207375636365656465642025640A00DB
:1091A8002121215741524E3A204C495333444820FB
:1091B800496E74657272757074204572726F720AA6
:1091C8000000000074656D705F6163633A20252EAE
:1091D80032662C207375737461696E5F636F756E88
:1091E800743A2025640A0000464C414720697320E0
:1091F8007365740A0000000054434120496E746589
:1092080072727570742064657465637465640A00AD
:109218006770696F746520696E20696E697420666D
:1092280061696C656420666F72205443410A0000CE
:1092380053544154455F534F435F494E49540A00C4
:1092480053544154455F424F4152445F494E49543B
:109258000A00000053544154455F474154545F533A
:1092680045525645520A000053544154455F534CE9
:109278004545500A0000000053544154455F424C94
:10928800455F434F4E545F43575F54580A000000F0
:1092980053544154455F424C455F434F4E545F4DD4
:1092A80043575F54580A000053544154455F424C99
:1092B800455F434F4E545F52580A0000535441547F
:1092C800455F424C455F494E545F43575F54580AC7
:1092D8000000000053544154455F424C455F494EDD
:1092E800545F4D43575F54580A000000535441548B
:1092F800455F424C455F494E545F52580A00000092
:1093080053544154455F424C455F494E545F43575F
:109318005F54585F52580A0053544154455F424CB9
:10932800455F494E545F4D43575F54585F52580A42
:109338000000000053544154455F4C54455F434F6F
:109348004E545F43575F54580A0000005354415429
:10935800455F4C54455F434F4E545F4D43575F54F0
:10936800580A000053544154455F4C54455F434FDD
:109378004E545F52580A000053544154455F4C54B0
:10938800455F494E545F43575F54580A0000000038
:1093980053544154455F4C54455F494E545F4D43C7
:1093A800575F54580A00000053544154455F4C54C9
:1093B800455F494E545F52580A00000053544154C7
:1093C800455F44454255470A000000005354415444
:1093D800455F414343454C45524154494F4E5F41D7
:1093E8004952504C414E455F4D4F44450A000000DC
:1093F80053544154455F50524553535552455F416C
:109408004952504C414E455F4D4F44450A000000BB
:1094180053544154455F4D4F44454D5F4E45545755
:109428004F524B5F434F4E46494700004445464123
:10943800554C543A2053544154455F534C4545507C
:109448000A0000004C6F526120726164696F2069E4
:109458006E697420737563636573730A0000000096
:10946800667265713A2025640A0000007077723AC6
:109478002025640A0000000048656C6C6F20576F57
:10948800726C642C2054686973206973204C6F7265
:1094980061204D6F64756C617465642043617272FC
:1094A80069657220576176650A0D00005034002006
:1094B80070340020903400205465726D696E616CC0
:1094C80000000000525454005345474745520000DD
:1094D800433A5C55736572735C5075727665736850
:1094E8005C446F63756D656E74735C476974487529
:1094F800625C547261636B46575F4643435C3372E8
:10950800645F70617274795C6E5246355F53444B88
:109518005F31365C636F6D706F6E656E74735C621D
:109528006C655C636F6D6D6F6E5C626C655F636FBD
:109538006E6E5F73746174652E6300009ECADC24CE
:109548000EE5A9E093F3A3B50000406E2E2E2F334D
:1095580072645F70617274792F6E5246355F53443E
:109568004B5F31362F636F6D706F6E656E74732F3E
:109578006C69627261726965732F6578706572696A
:109588006D656E74616C5F73656374696F6E5F7629
:109598006172732F6E72665F73656374696F6E5F55
:1095A800697465722E680000433A5C55736572737E
:1095B8005C507572766573685C446F63756D656E33
:1095C80074735C4769744875625C547261636B4676
:1095D800575F4643435C3372645F70617274795CB1
:1095E8006E5246355F53444B5F31365C636F6D7026
:1095F8006F6E656E74735C736F66746465766963A9
:10960800655C636F6D6D6F6E5C6E72665F736468C8
:109618002E63000001000007D47C0300D47C030003
:1096280008000000BC7C0300C47C030008000000A4
:10963800C47C0300D47C0300080000002E2E2F33C6
:1096480072645F70617274792F6E5246355F53444D
:109658004B5F31362F636F6D706F6E656E74732F4D
:109668006C69627261726965732F65787065726979
:109678006D656E74616C5F73656374696F6E5F7638
:109688006172732F6E72665F73656374696F6E5F64
:10969800697465722E680000433A5C55736572738D
:1096A8005C507572766573685C446F63756D656E42
:1096B80074735C4769744875625C547261636B4685
:1096C800575F4643435C3372645F70617274795CC0
:1096D8006E5246355F53444B5F31365C636F6D7035
:1096E8006F6E656E74735C736F66746465766963B8
:1096F800655C636F6D6D6F6E5C6E72665F736468D8
:109708005F626C652E630000787C0300B87C030000
:10971800080000002E2E2F3372645F706172747916
:109728002F6E5246355F53444B5F31362F636F6D52
:10973800706F6E656E74732F6C69627261726965A1
:10974800732F6578706572696D656E74616C5F738F
:10975800656374696F6E5F766172732F6E72665F90
:1097680073656374696F6E5F697465722E68000053
:10977800433A5C55736572735C50757276657368AD
:109788005C446F63756D656E74735C476974487586
:10979800625C547261636B46575F4643435C337245
:1097A800645F70617274795C6E5246355F53444BE6
:1097B8005F31365C636F6D706F6E656E74735C736A
:1097C8006F66746465766963655C636F6D6D6F6EF3
:1097D8005C6E72665F7364685F736F632E6300000C
:1097E800707C0300787C0300080000000000000083
:1097F80000000000DD330300E933030021340300D7
:1098080000000000000000000338FDD87047000089
:1098180080070000BC070000010000003A070000B4
:109828007607000002000000AE060000F9060000FE
:1098380003000000AE060000DB0600000400000084
:109848003803000051030000050000007003000009
:109858009303000008000000BB020000CC020000D7
:109868000C00000009030000130300000D000000B5
:109878002F0300003E030000120000003E0300001A
:109888004D03000013000000400300005E030000C9
:10989800140000003A0700007B07000019000000D0
:1098A8002E030000510300001A000000BF02000050
:1098B800EC0200001C000000AE060000F4060000E8
:1098C800420000003E0800007A0800000100000085
:1098D8008A070000C6070000020000000D0700000C
:1098E80058070000030000003E0800006B08000055
:1098F80004000000650300007E030000050000006E
:109908009D030000C003000008000000D902000009
:10991800EA0200000C000000EA020000F402000065
:109928000D0000006B0300007A0300001200000025
:109938003E0300004D030000130000001703000061
:1099480035030000140000008A070000CB07000060
:10995800190000005B0300007E0300001A000000ED
:10996800F6020000230300001C0000003E0800006F
:10997800980800004200000022676C6F62616C6406
:109988006174612E696F74220000000022696261AF
:109998007369732E696F74220000000022686F6C6F
:1099A8006F6772616D2200002262726F616462618A
:1099B8006E642200226D326D2E74656C75732E698B
:1099C8006F742200227465616C220000226D326D72
:1099D8002E636F6D2E6174747A220000212121207C
:1099E8005741524E3A204E42496F5420436F6D6D95
:1099F800206572726F720A00212121205741524E50
:109A08003A204E42496F54204669666F206572724B
:109A18006F720A004E42496F542053657269616C37
:109A2800206D6F64756C6520696E697469616C6915
:109A38007A65640D0A00000073656E64696E6720BC
:109A480041542B4346554E3D300A000041542B43A8
:109A580046554E3D300D0A005265706C79203D2008
:109A680025730A0073656E64696E672041542B4341
:109A780046554E3F0A00000041542B4346554E3F81
:109A88000D0A000073656E64696E672020415425D5
:109A9800485756455253494F4E0A000041542548ED
:109AA8005756455253494F4E0D0A00004E524639FB
:109AB8003136302048572056657273696F6E2069B9
:109AC80073203D2025730A00415425585359535497
:109AD800454D4D4F44453F0D0A0000004E52463952
:109AE8003136302053595354454D204D4F4445206D
:109AF8006973203D2025730A0000000073656E64B9
:109B0800696E67204154254E43454C4C4D454153A1
:109B18000A0000004154254E43454C4C4D454153E5
:109B28000D0A000073656E64696E672041542358FE
:109B3800544350434F4E4E3F0A00000041542358AF
:109B4800544350434F4E4E3F0D0A00002B58544388
:109B580050434F4E4E3A20310D0A4F4B0D00000036
:109B680073656E64696E672041542B434744434FC5
:109B78004E543F0A0000000041542B434744434FD2
:109B88004E543F0D0A0000002C0000004E42496F61
:109B98005420436F6E6E656374656420746F204E45
:109BA8006574776F726B3A2025730A0073656E646B
:109BB800696E672041542B4346554E3D310A0000DB
:109BC80041542B4346554E3D310D0A0073656E6472
:109BD800696E6720415423584750533D312C330A4E
:109BE80000000000415423584750533D312C330D99
:109BF8000A00000073656E64696E6720415423583B
:109C0800534F434B45543D312C320A00415423589D
:109C1800534F434B45543D312C320D0A0000000090
:109C280073656E64696E672041542358534F434BE4
:109C380045543D312C310A0041542358534F434B6E
:109C480045543D312C310D0A0000000073656E64E7
:109C5800696E672041542358534F434B45543D3058
:109C68000A000000436C6F73696E6720536F636B63
:109C780065740A0041542358534F434B45543D30B3
:109C88000D0A00004154235842494E443D25730DA6
:109C98000A00000073656E64696E67202573000012
:109CA80041542358544350434F4E4E3D222573226E
:109CB8002C25730D0A000000436F756C646E2774C1
:109CC80020636F6E6E65637420746F205443502058
:109CD800536572766572205265706C79203D202537
:109CE800730A0000436F6E6E656374656420746F59
:109CF8002054435020536572766572205265706C0B
:109D080079203D2025730A0073656E64696E6720AB
:109D18004154255853595354454D4D4F44453D31B1
:109D28002C312C302C300A004154255853595354A7
:109D3800454D4D4F44453D312C312C302C300D0ACA
:109D48000000000073656E64696E672041542558F1
:109D580053595354454D4D4F44453D302C312C30CB
:109D68002C320A004E424F4954204F4E4C590A009B
:109D78004154255853595354454D4D4F44453D3052
:109D88002C312C302C320D0A0000000073656E64F3
:109D9800696E672041542B4352534D0A000000005E
:109DA80041542B4352534D3D3137362C31323235E5
:109DB800382C302C302C31300D0A00005265706C74
:109DC80079206973203D2025730A000073656E644D
:109DD800696E67204154255849434349440A0000A5
:109DE8004154255849434349440D0A0053494D20DD
:109DF8004943434944206973203D2025730A0000E4
:109E080041542558444545505345415243483D31F6
:109E18000D0A00004E524639313630205844454527
:109E280050534541524348206973203D2025730A09
:109E3800000000004154235855445053454E4454A3
:109E48004F3D2235302E3131362E392E31393922D7
:109E58002C323434322C222573220D0A00000000E3
:109E68002D2D2D3E204E42496F542073656E646936
:109E78006E672075647020646174613A20257300F0
:109E88004154235855445053454E44544F3D222580
:109E980073222C25732C222573220D0A0000000042
:109EA8004154235854435053454E443D222573256D
:109EB80073220D0A000000002D2D2D3E204E424930
:109EC8006F542073656E64696E67207463702064D4
:109ED800617461203D20257300000000415423581F
:109EE800544350524543563D25732C25730D0A00A3
:109EF8000A00000052656365697665205443502066
:109F080044617461204C656E206973202564205279
:109F180065706C79203D2025730A0A002358544344
:109F280050524543563A2000526563656976696E1A
:109F3800672055445020646174612066726F6D20FB
:109F4800436C6F75640A00004154235855445052BD
:109F580045435646524F4D3D2235302E3131362E2F
:109F6800392E313939222C323434332C3130302CDB
:109F780031300D0A0000000052656365697665643A
:109F8800205265706C79203D2025730A000000007E
:109F9800415423585544505245435646524F4D3D1F
:109FA800222573222C25732C25732C257300000081
:109FB80041542B434553510D0A0000005369676E05
:109FC800616C205175616C697479206973202573FF
:109FD8000A0000004E43454C4C4D454153207265E4
:109FE8007475726E6564203D2025730A00000000B8
:109FF8004552524F5200000041542B43434C4B3FB3
:10A008000D0A000043434C4B2072657475726E65EF
:10A0180064203D2025730A00220000002F00000064
:10A028003A0000002D00000043656C6C20526574F6
:10A0380075726E65642054696D653A2025733A25FA
:10A04800733A25732C20446174653A2025735C2586
:10A05800735C25730A00000041542B434552454761
:10A068003F0D0A0041542B434F50533F0D0A000047
:10A07800434F50532072657475726E6564203D209D
:10A0880025730A00257800004E42496F5420436F1B
:10A098006D6D616E6420526573706F6E73652042DA
:10A0A8007566666572204F766572666C6F770A0A08
:10A0B800000000004F4B0D002D2D2D2D2D2D3E2085
:10A0C800434552454720524553502069730A0000C2
:10A0D80025730A0052582042616E643A2025640AAA
:10A0E80000000000415425585246544553543D0041
:10A0F80025732C25732C25732C25732C25732C3153
:10A108002C342C302C302C302C302C302C300D0AA8
:10A118000000000025732C25732C25732C25732C27
:10A1280025732C312C302C312C312C302C312C3007
:10A138002C300D0A000000002D2D2D3E204E4249E6
:10A148006F542073656E64696E672043572064619D
:10A158007461203D202573000338FDD87047000046
:10A168000000080000001800000038000000780017
:10A1780000E0030000E0070000E00F0000E01F001F
:10A18800000000002121215741524E3A20445053EB
:10A1980033313020493243204572726F720A000011
:10A1A8002121215741524E3A2054434120493243FC
:10A1B800204572726F720A00256400004C495333BF
:10A1C80044482072657475726E65642077726F6E8C
:10A1D80067206465766963652069642C20253032C0
:10A1E800782073686F756C6420626520253032783A
:10A1F8000A0000002121215741524E3A204C495370
:10A2080033444820493243204572726F720A000075
:10A21800416363205468726573686F6C642073656A
:10A228007474696E67204D61736B2069732025789B
:10A238000A0000002121215741524E3A2049324359
:10A2480020577261707065722061646472206E615B
:10A25800636B210A000000002121215741524E3A28
:10A2680020493243205772617070657220646174AE
:10A2780061206E61636B210A00000000433A5C555F
:10A28800736572735C507572766573685C446F634E
:10A29800756D656E74735C4769744875625C547259
:10A2A80061636B46575F4643435C49324346696C7A
:10A2B80065735C6932635F777261707065722E6373
:10A2C80070700000493243206465766963652064D4
:10A2D8006574656374656420617420616464726583
:10A2E800737320307825782E000000004E6F2049C7
:10A2F8003243206465766963652077617320666FF1
:10A30800756E642E000000000338FDD87047000009
:10A318002121214552524F523A2049324320526559
:10A3280071756573742046726F6D2054696D65642C
:10A33800206F75740A0000002121214552524F52A6
:10A348003A2049324320526571756573742046720C
:10A358006F6D204572726F722069732025780A002C
:10A368002121214552524F523A2049324320456E0D
:10A3780064205472616E736D697373696F6E202502
:10A38800780A00002121214552524F523A20493281
:10A398004320456E64205472616E736D69737369EE
:10A3A8006F6E2054696D6564206F75740A00000033
:10A3B8003031323334353637383961626364656633
:10A3C80030313233343536373839414243444546E3
:10A3D8002100000022000000000020410000C842C7
:10A3E80000401C4620BCBE4CCA1B0E5AAEC59D740C
:10A3F800286E756C6C2900002D494E46000000003F
:10A408002D696E66000000002B494E4600000000D2
:10A418002B696E66000000004E414E006E616E00B2
:10A4280001000000000000000A0000000000000019
:10A438006400000000000000E803000000000000C5
:10A448001027000000000000A086010000000000A6
:10A4580040420F00000000008096980000000000B5
:10A4680000E1F5050000000000CA9A3B000000006A
:10A4780000E40B540200000000E8764817000000D2
:10A488000010A5D4E800000000A0724E18090000D2
:10A4980000407A10F35A00000080C6A47E8D0300A5
:10A4A8000000C16FF286230000008A5D78456301D1
:10A4B800000064A7B3B6E00D0000E8890423C78A4A
:10A4C80000100140110004000000000000200040BE
:10A4D8000000000000200040000000000090D003B1
:10A4E800ABFFFFFF8C060000E80B0000883B000074
:10A4F8000000000000AA8F400800000005000000CE
:10A508001400000000C0644408000000CEFFFFFFF4
:10A51800170000000800000081FFFFFFE7FFFFFFB2
:10A5280007000000590000004954010018360020B7
:10A53800010004000000000000000000000000000E
:10A548000000000000000000442B00200000000074
:10A55800FFFF140001000200040000006400000076
:10A56800E803000070170000E80300000001000085
:10A578000000000000000000000000006C3B00200C
:10A588001F0000001F0000003C0000000400000045
:10A59800280000008099030094990300A4990300FF
:10A5A800B0990300BC990300CC990300D499030027
:040000032000635D19
:00000001FF
